year	orth	pron	rank	gender	freq
2008	結愛		1	F	8
2008		みゆ	1	F	10
2008	七海	ななみ	1	F	6
2008	七海		2	F	6
2008		りお	2	F	10
2008	結愛	ゆあ	2	F	6
2008	優奈		3	F	5
2008		ゆあ	3	F	9
2008	さくら	さくら	3	F	3
2008	柚花		4	F	5
2008		ゆい	4	F	9
2008	ひより	ひより	4	F	3
2008	心花		5	F	4
2008		ななみ	5	F	8
2008	優奈	ゆな	5	F	3
2008	さくら		6	F	3
2008		みさき	6	F	8
2008	柚花	ゆずか	6	F	3
2008	ひより		7	F	3
2008		ゆうな	7	F	8
2008	葵	あおい	7	F	3
2008	心愛		8	F	3
2008		あおい	8	F	7
2008	遥	はるか	8	F	3
2008	結菜		9	F	3
2008		みお	9	F	7
2008	雪乃	ゆきの	9	F	3
2008	美羽		10	F	3
2008		ゆな	10	F	7
2008	あかり	あかり	10	F	2
2008	葵		11	F	3
2008		はるか	11	F	6
2008	こころ	こころ	11	F	2
2008	遥		12	F	3
2008		ほのか	12	F	6
2008	來花	らいか	12	F	2
2008	陽菜		13	F	3
2008		りん	13	F	6
2008	優衣	ゆい	13	F	2
2008	雪乃		14	F	3
2008		あかり	14	F	5
2008	優里	ゆり	14	F	2
2008	あかり		15	F	2
2008		かのん	15	F	5
2008	凛	りん	15	F	2
2008	こころ		16	F	2
2008		さくら	16	F	5
2008	凜	りん	16	F	2
2008	來花		17	F	2
2008		ちひろ	17	F	5
2008	和	のどか	17	F	2
2008	優衣		18	F	2
2008		ひな	18	F	5
2008	咲優	さゆ	18	F	2
2008	優里		19	F	2
2008		ひまり	19	F	5
2008	唯花	ゆいか	19	F	2
2008	凛		20	F	2
2008		ひより	20	F	5
2008	実夢	みゆ	20	F	2
2008	凜		21	F	2
2008		めい	21	F	5
2008	帆夏	ほのか	21	F	2
2008	向日葵		22	F	2
2008		ゆう	22	F	5
2008	彩乃	あやの	22	F	2
2008	和		23	F	2
2008		ゆき	23	F	5
2008	彩葉	いろは	23	F	2
2008	咲優		24	F	2
2008		りこ	24	F	5
2008	心咲	みさき	24	F	2
2008	唯花		25	F	2
2008		りな	25	F	5
2008	心愛	ここあ	25	F	2
2008	実夢		26	F	2
2008		あいり	26	F	4
2008	心花	みはな	26	F	2
2008	帆夏		27	F	2
2008		かんな	27	F	4
2008	悠乃	ゆの	27	F	2
2008	彩乃		28	F	2
2008		さき	28	F	4
2008	悠理	ゆり	28	F	2
2008	彩葉		29	F	2
2008		なな	29	F	4
2008	愛奈	あいな	29	F	2
2008	心優		30	F	2
2008		みつき	30	F	4
2008	明日香	あすか	30	F	2
2008	心咲		31	F	2
2008		ゆいか	31	F	4
2008	栞菜	かんな	31	F	2
2008	心結		32	F	2
2008		ゆづき	32	F	4
2008	瑠愛	るい	32	F	2
2008	心美		33	F	2
2008		ゆめ	33	F	4
2008	瑠花	るか	33	F	2
2008	悠乃		34	F	2
2008		ゆり	34	F	4
2008	結月	ゆづき	34	F	2
2008	悠理		35	F	2
2008		るか	35	F	4
2008	結菜	ゆうな	35	F	2
2008	愛奈		36	F	2
2008		あいな	36	F	3
2008	美咲	みさき	36	F	2
2008	愛心		37	F	2
2008		あすか	37	F	3
2008	美桜	みお	37	F	2
2008	愛海		38	F	2
2008		あみ	38	F	3
2008	芽衣	めい	38	F	2
2008	明日香		39	F	2
2008		あやね	39	F	3
2008	莉央	りお	39	F	2
2008	栞菜		40	F	2
2008		あやの	40	F	3
2008	莉子	りこ	40	F	2
2008	瑠愛		41	F	2
2008		いろは	41	F	3
2008	蓮華	れんか	41	F	2
2008	瑠花		42	F	2
2008		かれん	42	F	3
2008	詩音	しおん	42	F	2
2008	結月		43	F	2
2008		くるみ	43	F	3
2008	陽菜	ひな	43	F	2
2008	結生		44	F	2
2008		ここあ	44	F	3
2008	香澄	かすみ	44	F	2
2008	美咲		45	F	2
2008		こころ	45	F	3
2008	あおい	あおい	45	F	1
2008	美桜		46	F	2
2008		こはる	46	F	3
2008	あさみ	あさみ	46	F	1
2008	美海		47	F	2
2008		さやか	47	F	3
2008	あやめ	あやめ	47	F	1
2008	美空		48	F	2
2008		さら	48	F	3
2008	いろは	いろは	48	F	1
2008	舞		49	F	2
2008		しおん	49	F	3
2008	こはる	こはる	49	F	1
2008	芽衣		50	F	2
2008		せな	50	F	3
2008	すず	すず	50	F	1
2008	莉央		51	F	2
2008		なつみ	51	F	3
2008	そら	そら	51	F	1
2008	莉子		52	F	2
2008		のぞみ	52	F	3
2008	ちなさ	ちなさ	52	F	1
2008	蓮華		53	F	2
2008		はるな	53	F	3
2008	ちひろ	ちひろ	53	F	1
2008	詩音		54	F	2
2008		ふうか	54	F	3
2008	なぎさ	なぎさ	54	F	1
2008	陽愛		55	F	2
2008		まなみ	55	F	3
2008	なつ	なつ	55	F	1
2008	香澄		56	F	2
2008		みう	56	F	3
2008	ののは	ののは	56	F	1
2008	あおい		57	F	1
2008		ゆうか	57	F	3
2008	ひかり	ひかり	57	F	1
2008	あさみ		58	F	1
2008		ゆうり	58	F	3
2008	ひびき	ひびき	58	F	1
2008	あやめ		59	F	1
2008		ゆきの	59	F	3
2008	ひらり	ひらり	59	F	1
2008	いろは		60	F	1
2008		ゆずか	60	F	3
2008	ぴあ	ぴあ	60	F	1
2008	こはる		61	F	1
2008		ゆずき	61	F	3
2008	ほの香	ほのか	61	F	1
2008	すず		62	F	1
2008		りさ	62	F	3
2008	みお	みお	62	F	1
2008	そら		63	F	1
2008		るな	63	F	3
2008	みろ	みろ	63	F	1
2008	ちなさ		64	F	1
2008		わかな	64	F	3
2008	めい	めい	64	F	1
2008	ちひろ		65	F	1
2008		あいみ	65	F	2
2008	めいり	めいり	65	F	1
2008	なぎさ		66	F	1
2008		あいら	66	F	2
2008	ゆめ	ゆめ	66	F	1
2008	なつ		67	F	1
2008		あきら	67	F	2
2008	ゆりは	ゆりは	67	F	1
2008	ののは		68	F	1
2008		あずさ	68	F	2
2008	りおな	りおな	68	F	1
2008	ひかり		69	F	1
2008		あやな	69	F	2
2008	りおん	りおん	69	F	1
2008	ひびき		70	F	1
2008		かすみ	70	F	2
2008	りさ	りさ	70	F	1
2008	ひらり		71	F	1
2008		かほ	71	F	2
2008	りずな	りずな	71	F	1
2008	ぴあ		72	F	1
2008		かりん	72	F	2
2008	るな	るな	72	F	1
2008	ほの香		73	F	1
2008		ここ	73	F	2
2008	レイラ	れいら	73	F	1
2008	みお		74	F	1
2008		ここみ	74	F	2
2008	ロナ	ろな	74	F	1
2008	みろ		75	F	1
2008		ことは	75	F	2
2008	一寿	いとし	75	F	1
2008	めい		76	F	1
2008		さあや	76	F	2
2008	一花	いちか	76	F	1
2008	めいり		77	F	1
2008		さつき	77	F	2
2008	七碧	ななみ	77	F	1
2008	ゆめ		78	F	1
2008		さな	78	F	2
2008	七菜	なな	78	F	1
2008	ゆりは		79	F	1
2008		さほ	79	F	2
2008	世夏	せな	79	F	1
2008	りおな		80	F	1
2008		さゆ	80	F	2
2008	世理奈	せりな	80	F	1
2008	りおん		81	F	1
2008		さゆき	81	F	2
2008	久琉美	くるみ	81	F	1
2008	りさ		82	F	1
2008		しずく	82	F	2
2008	亜美	あみ	82	F	1
2008	りずな		83	F	1
2008		しほ	83	F	2
2008	京香	きょうか	83	F	1
2008	るな		84	F	1
2008		つばさ	84	F	2
2008	仁菜	にな	84	F	1
2008	レイラ		85	F	1
2008		なお	85	F	2
2008	似華	にか	85	F	1
2008	ロナ		86	F	1
2008		のあ	86	F	2
2008	佑佐子	うさこ	86	F	1
2008	一寿		87	F	1
2008		のどか	87	F	2
2008	佳乃	かの	87	F	1
2008	一花		88	F	1
2008		ののは	88	F	2
2008	佳代	かよ	88	F	1
2008	七碧		89	F	1
2008		はる	89	F	2
2008	佳凛	かりん	89	F	1
2008	七菜		90	F	1
2008		まい	90	F	2
2008	佳穂	かほ	90	F	1
2008	世夏		91	F	1
2008		まお	91	F	2
2008	侑奈	ゆな	91	F	1
2008	世理奈		92	F	1
2008		まな	92	F	2
2008	侑楽	ゆら	92	F	1
2008	久琉美		93	F	1
2008		みあ	93	F	2
2008	侑紀	ゆき	93	F	1
2008	亜美		94	F	1
2008		みおり	94	F	2
2008	倖	ゆき	94	F	1
2008	京香		95	F	1
2008		みく	95	F	2
2008	倖芽	こうめ	95	F	1
2008	仁菜		96	F	1
2008		みずき	96	F	2
2008	優	ゆう	96	F	1
2008	似華		97	F	1
2008		みづき	97	F	2
2008	優奈	うな	97	F	1
2008	佑佐子		98	F	1
2008		みのり	98	F	2
2008	優奈	ゆうな	98	F	1
2008	佳乃		99	F	1
2008		みはな	99	F	2
2008	優姫	うき	99	F	1
2008	佳代		100	F	1
2008		みほ	100	F	2
2008	優実	ゆみ	100	F	1
2008	佳凛		101	F	1
2008		みゆう	101	F	2
2008	優希	ゆうき	101	F	1
2008	佳穂		102	F	1
2008		ももえ	102	F	2
2008	優心	ゆうひ	102	F	1
2008	侑奈		103	F	1
2008		ももか	103	F	2
2008	優月	ゆづき	103	F	1
2008	侑楽		104	F	1
2008		ゆいな	104	F	2
2008	優梨	ゆうり	104	F	1
2008	侑紀		105	F	1
2008		ゆうき	105	F	2
2008	優海	ゆう	105	F	1
2008	倖		106	F	1
2008		ゆの	106	F	2
2008	優珠	うみ	106	F	1
2008	倖芽		107	F	1
2008		ゆま	107	F	2
2008	優由菜	ゆうな	107	F	1
2008	優		108	F	1
2008		ゆみ	108	F	2
2008	優空	ゆら	108	F	1
2008	優姫		109	F	1
2008		ゆら	109	F	2
2008	優笑	ゆえ	109	F	1
2008	優実		110	F	1
2008		らいか	110	F	2
2008	優羽	ゆう	110	F	1
2008	優希		111	F	1
2008		りあ	111	F	2
2008	優花	ゆうか	111	F	1
2008	優心		112	F	1
2008		りあん	112	F	2
2008	優芽	ゆめ	112	F	1
2008	優月		113	F	1
2008		りおな	113	F	2
2008	優菜	ゆな	113	F	1
2008	優梨		114	F	1
2008		りおん	114	F	2
2008	優那	ゆうな	114	F	1
2008	優海		115	F	1
2008		りの	115	F	2
2008	優音	ゆな	115	F	1
2008	優珠		116	F	1
2008		りんな	116	F	2
2008	優香	ゆうか	116	F	1
2008	優由菜		117	F	1
2008		るい	117	F	2
2008	光咲	みさき	117	F	1
2008	優空		118	F	1
2008		れいか	118	F	2
2008	光希	みつき	118	F	1
2008	優笑		119	F	1
2008		れんか	119	F	2
2008	光華	みっか	119	F	1
2008	優羽		120	F	1
2008		あい	120	F	1
2008	六花	りっか	120	F	1
2008	優花		121	F	1
2008		あいこ	121	F	1
2008	冬華	ふゆか	121	F	1
2008	優芽		122	F	1
2008		あいさ	122	F	1
2008	凛和	ひより	122	F	1
2008	優菜		123	F	1
2008		あおね	123	F	1
2008	凛子	りんこ	123	F	1
2008	優那		124	F	1
2008		あこ	124	F	1
2008	凛愛	りんな	124	F	1
2008	優音		125	F	1
2008		あさき	125	F	1
2008	凛桜	りお	125	F	1
2008	優香		126	F	1
2008		あさひ	126	F	1
2008	凛海	りみ	126	F	1
2008	光咲		127	F	1
2008		あさみ	127	F	1
2008	凛音	りお	127	F	1
2008	光希		128	F	1
2008		あすな	128	F	1
2008	凜夏	りんな	128	F	1
2008	光華		129	F	1
2008		あすみ	129	F	1
2008	凜花	りお	129	F	1
2008	六花		130	F	1
2008		あつき	130	F	1
2008	凪那	なな	130	F	1
2008	冬華		131	F	1
2008		あまね	131	F	1
2008	利雲	りも	131	F	1
2008	凛和		132	F	1
2008		あめい	132	F	1
2008	千博	ちひろ	132	F	1
2008	凛子		133	F	1
2008		あやか	133	F	1
2008	千愛	せな	133	F	1
2008	凛愛		134	F	1
2008		あやみ	134	F	1
2008	千紘	ちひろ	134	F	1
2008	凛桜		135	F	1
2008		あやめ	135	F	1
2008	千綾	ちあ	135	F	1
2008	凛海		136	F	1
2008		あゆ	136	F	1
2008	千裕	ちひろ	136	F	1
2008	凛音		137	F	1
2008		あゆか	137	F	1
2008	友香南	ゆかな	137	F	1
2008	凜夏		138	F	1
2008		あゆさ	138	F	1
2008	叶愛	のあ	138	F	1
2008	凜花		139	F	1
2008		あんじゅ	139	F	1
2008	向日葵	ひまり	139	F	1
2008	凪那		140	F	1
2008		いころ	140	F	1
2008	向日葵	ひまわり	140	F	1
2008	利雲		141	F	1
2008		いちか	141	F	1
2008	和奏	わかな	141	F	1
2008	千博		142	F	1
2008		いちご	142	F	1
2008	和香	ほのか	142	F	1
2008	千愛		143	F	1
2008		いつき	143	F	1
2008	和香奈	わかな	143	F	1
2008	千紘		144	F	1
2008		いとし	144	F	1
2008	和香那	わかな	144	F	1
2008	千綾		145	F	1
2008		うき	145	F	1
2008	咲奈	さきな	145	F	1
2008	千裕		146	F	1
2008		うさこ	146	F	1
2008	咲帆	さほ	146	F	1
2008	友香南		147	F	1
2008		うたの	147	F	1
2008	咲希	さき	147	F	1
2008	叶愛		148	F	1
2008		うな	148	F	1
2008	咲晶	さら	148	F	1
2008	和奏		149	F	1
2008		うみ	149	F	1
2008	咲来	さくら	149	F	1
2008	和香		150	F	1
2008		えな	150	F	1
2008	咲樹	さき	150	F	1
2008	和香奈		151	F	1
2008		えみり	151	F	1
2008	咲歩	さほ	151	F	1
2008	和香那		152	F	1
2008		えみる	152	F	1
2008	咲空	さく	152	F	1
2008	咲奈		153	F	1
2008		えん	153	F	1
2008	咲良	さら	153	F	1
2008	咲帆		154	F	1
2008		かえで	154	F	1
2008	咲那	さな	154	F	1
2008	咲希		155	F	1
2008		かおるこ	155	F	1
2008	唯夏	ゆいな	155	F	1
2008	咲晶		156	F	1
2008		かなで	156	F	1
2008	唯心	いころ	156	F	1
2008	咲来		157	F	1
2008		かの	157	F	1
2008	唯愛	ゆめ	157	F	1
2008	咲樹		158	F	1
2008		かよ	158	F	1
2008	唯生	ゆい	158	F	1
2008	咲歩		159	F	1
2008		かりな	159	F	1
2008	夏夢	なつみ	159	F	1
2008	咲空		160	F	1
2008		きき	160	F	1
2008	夏奈	なな	160	F	1
2008	咲良		161	F	1
2008		きづな	161	F	1
2008	夏帆	なお	161	F	1
2008	咲那		162	F	1
2008		きょうか	162	F	1
2008	夏希	なつき	162	F	1
2008	唯夏		163	F	1
2008		きよか	163	F	1
2008	夏海	なつみ	163	F	1
2008	唯心		164	F	1
2008		くれは	164	F	1
2008	夏音	かのん	164	F	1
2008	唯愛		165	F	1
2008		こうめ	165	F	1
2008	夕葵	ゆずき	165	F	1
2008	唯生		166	F	1
2008		こすず	166	F	1
2008	夢乃	ゆめの	166	F	1
2008	夏夢		167	F	1
2008		こと	167	F	1
2008	夢采	ゆあ	167	F	1
2008	夏奈		168	F	1
2008		このか	168	F	1
2008	大愛	だいあ	168	F	1
2008	夏帆		169	F	1
2008		このみ	169	F	1
2008	大智	たいち	169	F	1
2008	夏希		170	F	1
2008		こはく	170	F	1
2008	天唯	あめい	170	F	1
2008	夏海		171	F	1
2008		こひめ	171	F	1
2008	天音	あまね	171	F	1
2008	夏音		172	F	1
2008		こゆき	172	F	1
2008	奈々	なな	172	F	1
2008	夕葵		173	F	1
2008		さえ	173	F	1
2008	奈緒	なお	173	F	1
2008	夢乃		174	F	1
2008		さきな	174	F	1
2008	奏	かなで	174	F	1
2008	夢采		175	F	1
2008		さく	175	F	1
2008	奏乃	その	175	F	1
2008	大愛		176	F	1
2008		さくや	176	F	1
2008	奏音	かのん	176	F	1
2008	大智		177	F	1
2008		さくらこ	177	F	1
2008	妃夏乃	ひなの	177	F	1
2008	天唯		178	F	1
2008		さやの	178	F	1
2008	妃莉	ひまり	178	F	1
2008	天音		179	F	1
2008		さわ	179	F	1
2008	姫亜奈	てぃあな	179	F	1
2008	奈々		180	F	1
2008		しおり	180	F	1
2008	姫華	ひめか	180	F	1
2008	奈緒		181	F	1
2008		しゅんしん	181	F	1
2008	実乃理	みのり	181	F	1
2008	奏		182	F	1
2008		しょうこ	182	F	1
2008	実咲	みさき	182	F	1
2008	奏乃		183	F	1
2008		じゅり	183	F	1
2008	実咲希	みさき	183	F	1
2008	奏音		184	F	1
2008		じゅりあ	184	F	1
2008	実桜	みお	184	F	1
2008	妃夏乃		185	F	1
2008		すかい	185	F	1
2008	実結	みゆ	185	F	1
2008	妃莉		186	F	1
2008		すず	186	F	1
2008	寧々	ねね	186	F	1
2008	姫亜奈		187	F	1
2008		すずね	187	F	1
2008	寧生	ねお	187	F	1
2008	姫華		188	F	1
2008		せりな	188	F	1
2008	小鈴	こすず	188	F	1
2008	実乃理		189	F	1
2008		その	189	F	1
2008	小雪	こゆき	189	F	1
2008	実咲		190	F	1
2008		そよか	190	F	1
2008	希姫	きき	190	F	1
2008	実咲希		191	F	1
2008		そら	191	F	1
2008	希泉	のぞみ	191	F	1
2008	実桜		192	F	1
2008		そわ	192	F	1
2008	希美	のぞみ	192	F	1
2008	実結		193	F	1
2008		たいち	193	F	1
2008	希羽	のあ	193	F	1
2008	寧々		194	F	1
2008		たかみ	194	F	1
2008	彩也華	さやか	194	F	1
2008	寧生		195	F	1
2008		たまき	195	F	1
2008	彩心	あやみ	195	F	1
2008	小鈴		196	F	1
2008		だいあ	196	F	1
2008	彩結	あゆ	196	F	1
2008	小雪		197	F	1
2008		ちあ	197	F	1
2008	彩葵	さき	197	F	1
2008	希姫		198	F	1
2008		ちあき	198	F	1
2008	彩音	あやね	198	F	1
2008	希泉		199	F	1
2008		ちおり	199	F	1
2008	心	こころ	199	F	1
2008	希美		200	F	1
2008		ちかこ	200	F	1
2008	心優	みゆ	200	F	1
2008	希羽		201	F	1
2008		ちかせ	201	F	1
2008	心優	みゆう	201	F	1
2008	彩也華		202	F	1
2008		ちなさ	202	F	1
2008	心姫	こひめ	202	F	1
2008	彩心		203	F	1
2008		つばき	203	F	1
2008	心実	このみ	203	F	1
2008	彩結		204	F	1
2008		てぃあな	204	F	1
2008	心弧	ここ	204	F	1
2008	彩葵		205	F	1
2008		なぎさ	205	F	1
2008	心愛	みのり	205	F	1
2008	彩音		206	F	1
2008		なつ	206	F	1
2008	心春	こはる	206	F	1
2008	心		207	F	1
2008		なつき	207	F	1
2008	心晴	こはる	207	F	1
2008	心姫		208	F	1
2008		ななか	208	F	1
2008	心結	みゆ	208	F	1
2008	心実		209	F	1
2008		なのは	209	F	1
2008	心結	みゆう	209	F	1
2008	心弧		210	F	1
2008		なるは	210	F	1
2008	心美	ここみ	210	F	1
2008	心春		211	F	1
2008		にか	211	F	1
2008	心美	まなみ	211	F	1
2008	心晴		212	F	1
2008		にな	212	F	1
2008	心花	ここあ	212	F	1
2008	心虹		213	F	1
2008		ねいな	213	F	1
2008	心花	このか	213	F	1
2008	志帆		214	F	1
2008		ねお	214	F	1
2008	心虹	ここ	214	F	1
2008	志歩		215	F	1
2008		ねね	215	F	1
2008	志帆	しほ	215	F	1
2008	怜愛		216	F	1
2008		のん	216	F	1
2008	志歩	しほ	216	F	1
2008	怜楓		217	F	1
2008		はなの	217	F	1
2008	怜愛	れあ	217	F	1
2008	恋実		218	F	1
2008		はるこ	218	F	1
2008	怜楓	れいか	218	F	1
2008	恵奈		219	F	1
2008		はるの	219	F	1
2008	恋実	れみ	219	F	1
2008	悠愛		220	F	1
2008		はるひ	220	F	1
2008	恵奈	えな	220	F	1
2008	悠梨		221	F	1
2008		ひかり	221	F	1
2008	悠愛	ゆあ	221	F	1
2008	悠生		222	F	1
2008		ひなこ	222	F	1
2008	悠梨	ゆうり	222	F	1
2008	悠花		223	F	1
2008		ひなた	223	F	1
2008	悠生	ゆう	223	F	1
2008	悠莉		224	F	1
2008		ひなの	224	F	1
2008	悠花	はるか	224	F	1
2008	愉己		225	F	1
2008		ひびき	225	F	1
2008	悠莉	ゆうり	225	F	1
2008	愛		226	F	1
2008		ひまわり	226	F	1
2008	愉己	ゆみ	226	F	1
2008	愛々		227	F	1
2008		ひめか	227	F	1
2008	愛	あい	227	F	1
2008	愛加里		228	F	1
2008		ひらり	228	F	1
2008	愛々	らら	228	F	1
2008	愛咲季		229	F	1
2008		ぴあ	229	F	1
2008	愛加里	あかり	229	F	1
2008	愛子		230	F	1
2008		ふうあ	230	F	1
2008	愛咲季	あさき	230	F	1
2008	愛実		231	F	1
2008		ふうこ	231	F	1
2008	愛子	あいこ	231	F	1
2008	愛永		232	F	1
2008		ふみの	232	F	1
2008	愛実	まなみ	232	F	1
2008	愛理		233	F	1
2008		ふゆか	233	F	1
2008	愛心	あこ	233	F	1
2008	愛璃		234	F	1
2008		ほなみ	234	F	1
2008	愛心	あみ	234	F	1
2008	愛紗		235	F	1
2008		ほの	235	F	1
2008	愛永	まな	235	F	1
2008	愛美		236	F	1
2008		ほわ	236	F	1
2008	愛海	あいみ	236	F	1
2008	愛良		237	F	1
2008		まいあ	237	F	1
2008	愛海	まなみ	237	F	1
2008	愛花		238	F	1
2008		まいか	238	F	1
2008	愛理	あいり	238	F	1
2008	愛莉		239	F	1
2008		まう	239	F	1
2008	愛璃	あいり	239	F	1
2008	愛菜		240	F	1
2008		まおり	240	F	1
2008	愛紗	あいさ	240	F	1
2008	成葉		241	F	1
2008		まつり	241	F	1
2008	愛美	あいみ	241	F	1
2008	日向		242	F	1
2008		まなか	242	F	1
2008	愛良	あいら	242	F	1
2008	日向子		243	F	1
2008		まひろ	243	F	1
2008	愛花	まなか	243	F	1
2008	日和		244	F	1
2008		みいな	244	F	1
2008	愛莉	あいり	244	F	1
2008	日舞里		245	F	1
2008		みか	245	F	1
2008	愛菜	あいな	245	F	1
2008	明日榎		246	F	1
2008		みき	246	F	1
2008	成葉	なるは	246	F	1
2008	明日美		247	F	1
2008		みすず	247	F	1
2008	日向	ひなた	247	F	1
2008	星奈		248	F	1
2008		みずさ	248	F	1
2008	日向子	ひなこ	248	F	1
2008	星那		249	F	1
2008		みそら	249	F	1
2008	日和	ひより	249	F	1
2008	春椛		250	F	1
2008		みっか	250	F	1
2008	日舞里	ひまり	250	F	1
2008	春欣		251	F	1
2008		みなみ	251	F	1
2008	明日榎	あすか	251	F	1
2008	晃		252	F	1
2008		みはる	252	F	1
2008	明日美	あすみ	252	F	1
2008	晴		253	F	1
2008		みふみ	253	F	1
2008	星奈	あすな	253	F	1
2008	晶		254	F	1
2008		みみ	254	F	1
2008	星那	せな	254	F	1
2008	智佳子		255	F	1
2008		みゅう	255	F	1
2008	春椛	はるか	255	F	1
2008	暖		256	F	1
2008		みゆな	256	F	1
2008	春欣	しゅんしん	256	F	1
2008	暖子		257	F	1
2008		みらい	257	F	1
2008	晃	あきら	257	F	1
2008	有喜		258	F	1
2008		みらん	258	F	1
2008	晴	はる	258	F	1
2008	有紀		259	F	1
2008		みろ	259	F	1
2008	晶	あきら	259	F	1
2008	望実		260	F	1
2008		みわ	260	F	1
2008	智佳子	ちかこ	260	F	1
2008	望羽		261	F	1
2008		めいな	261	F	1
2008	暖	のん	261	F	1
2008	望遥		262	F	1
2008		めいり	262	F	1
2008	暖子	はるこ	262	F	1
2008	朝緋		263	F	1
2008		めぐみ	263	F	1
2008	有喜	ゆき	263	F	1
2008	未優		264	F	1
2008		めりあ	264	F	1
2008	有紀	ゆき	264	F	1
2008	未桜		265	F	1
2008		もえ	265	F	1
2008	望実	のぞみ	265	F	1
2008	未空		266	F	1
2008		もか	266	F	1
2008	望羽	ののは	266	F	1
2008	未羽		267	F	1
2008		もね	267	F	1
2008	望遥	みはる	267	F	1
2008	未花		268	F	1
2008		ももこ	268	F	1
2008	朝緋	あさひ	268	F	1
2008	朱璃		269	F	1
2008		ももは	269	F	1
2008	未優	みゆ	269	F	1
2008	朱里		270	F	1
2008		ゆうひ	270	F	1
2008	未桜	みお	270	F	1
2008	杏樹		271	F	1
2008		ゆえ	271	F	1
2008	未空	みく	271	F	1
2008	来夏		272	F	1
2008		ゆかな	272	F	1
2008	未羽	みう	272	F	1
2008	来実		273	F	1
2008		ゆきこ	273	F	1
2008	未花	みか	273	F	1
2008	来海		274	F	1
2008		ゆきな	274	F	1
2008	朱璃	あかり	274	F	1
2008	果楓		275	F	1
2008		ゆず	275	F	1
2008	朱里	あかり	275	F	1
2008	柑奈		276	F	1
2008		ゆずあ	276	F	1
2008	杏樹	あんじゅ	276	F	1
2008	柚希		277	F	1
2008		ゆのか	277	F	1
2008	来夏	らな	277	F	1
2008	柚愛		278	F	1
2008		ゆめの	278	F	1
2008	来実	くるみ	278	F	1
2008	柚月		279	F	1
2008		ゆりは	279	F	1
2008	来海	くるみ	279	F	1
2008	柚芽		280	F	1
2008		らな	280	F	1
2008	果楓	かえで	280	F	1
2008	柚葵		281	F	1
2008		らむ	281	F	1
2008	柑奈	かんな	281	F	1
2008	柚衣		282	F	1
2008		らら	282	F	1
2008	柚希	ゆずき	282	F	1
2008	栞		283	F	1
2008		りあら	283	F	1
2008	柚愛	ゆずあ	283	F	1
2008	桃子		284	F	1
2008		りい	284	F	1
2008	柚月	ゆづき	284	F	1
2008	桃果		285	F	1
2008		りいあ	285	F	1
2008	柚花	ゆうか	285	F	1
2008	桃香		286	F	1
2008		りいこ	286	F	1
2008	柚花	ゆな	286	F	1
2008	桜		287	F	1
2008		りかこ	287	F	1
2008	柚芽	ゆめ	287	F	1
2008	桜和		288	F	1
2008		りさこ	288	F	1
2008	柚葵	ゆずき	288	F	1
2008	桜子		289	F	1
2008		りさと	289	F	1
2008	柚衣	ゆい	289	F	1
2008	桜耶		290	F	1
2008		りずな	290	F	1
2008	栞	しおり	290	F	1
2008	梓		291	F	1
2008		りっか	291	F	1
2008	桃子	ももこ	291	F	1
2008	梓沙		292	F	1
2008		りづき	292	F	1
2008	桃果	ももか	292	F	1
2008	梨亜		293	F	1
2008		りみ	293	F	1
2008	桃香	ももか	293	F	1
2008	梨咲		294	F	1
2008		りも	294	F	1
2008	桜	さくら	294	F	1
2008	梨花子		295	F	1
2008		りり	295	F	1
2008	桜和	さわ	295	F	1
2008	梨那		296	F	1
2008		りんこ	296	F	1
2008	桜子	さくらこ	296	F	1
2008	梨里		297	F	1
2008		るあ	297	F	1
2008	桜耶	さくや	297	F	1
2008	椿		298	F	1
2008		るあん	298	F	1
2008	梓	あずさ	298	F	1
2008	楓佳		299	F	1
2008		るうな	299	F	1
2008	梓沙	あずさ	299	F	1
2008	楓子		300	F	1
2008		るほな	300	F	1
2008	梨亜	りあ	300	F	1
2008	楓羽香		301	F	1
2008		るり	301	F	1
2008	梨咲	りさ	301	F	1
2008	榎恋		302	F	1
2008		れあ	302	F	1
2008	梨花子	りかこ	302	F	1
2008	樹		303	F	1
2008		れい	303	F	1
2008	梨那	りな	303	F	1
2008	樹里彩		304	F	1
2008		れいな	304	F	1
2008	梨里	りさと	304	F	1
2008	歌恋		305	F	1
2008		れいら	305	F	1
2008	椿	つばき	305	F	1
2008	歩南		306	F	1
2008		れな	306	F	1
2008	楓佳	ふうか	306	F	1
2008	歩咲		307	F	1
2008		れみ	307	F	1
2008	楓子	ふうこ	307	F	1
2008	水月		308	F	1
2008		れん	308	F	1
2008	楓羽香	ふうか	308	F	1
2008	水樹		309	F	1
2008		ろな	309	F	1
2008	榎恋	かれん	309	F	1
2008	汐花		310	F	1
2008	樹	いつき	310	F	1
2008	沙也乃		311	F	1
2008	樹里彩	じゅりあ	311	F	1
2008	沙奈		312	F	1
2008	歌恋	かれん	312	F	1
2008	沙妃		313	F	1
2008	歩南	ほなみ	313	F	1
2008	沙彩		314	F	1
2008	歩咲	あゆさ	314	F	1
2008	沙恵		315	F	1
2008	水月	みづき	315	F	1
2008	沙雪		316	F	1
2008	水樹	みずき	316	F	1
2008	海來		317	F	1
2008	汐花	きよか	317	F	1
2008	海友		318	F	1
2008	沙也乃	さやの	318	F	1
2008	海咲		319	F	1
2008	沙奈	さな	319	F	1
2008	深愛		320	F	1
2008	沙妃	さき	320	F	1
2008	満月		321	F	1
2008	沙彩	さあや	321	F	1
2008	澄海		322	F	1
2008	沙恵	さえ	322	F	1
2008	澪		323	F	1
2008	沙雪	さゆき	323	F	1
2008	爽羽		324	F	1
2008	海來	みらい	324	F	1
2008	爽風		325	F	1
2008	海友	みゆ	325	F	1
2008	玲月		326	F	1
2008	海咲	みさき	326	F	1
2008	玲花		327	F	1
2008	深愛	みあ	327	F	1
2008	珠里		328	F	1
2008	満月	みつき	328	F	1
2008	理名		329	F	1
2008	澄海	すかい	329	F	1
2008	理央		330	F	1
2008	澪	れい	330	F	1
2008	理子		331	F	1
2008	爽羽	そわ	331	F	1
2008	理愛		332	F	1
2008	爽風	そよか	332	F	1
2008	理杏		333	F	1
2008	玲月	れいな	333	F	1
2008	理琴		334	F	1
2008	玲花	れな	334	F	1
2008	琉亜		335	F	1
2008	珠里	じゅり	335	F	1
2008	琉南		336	F	1
2008	理名	りな	336	F	1
2008	琉夏		337	F	1
2008	理央	りお	337	F	1
2008	琉奏		338	F	1
2008	理子	りこ	338	F	1
2008	琉愛		339	F	1
2008	理愛	りいあ	339	F	1
2008	琳		340	F	1
2008	理杏	りあん	340	F	1
2008	琴春		341	F	1
2008	理琴	りこ	341	F	1
2008	琴葉		342	F	1
2008	琉亜	るあ	342	F	1
2008	瑚白		343	F	1
2008	琉南	るうな	343	F	1
2008	瑞稀		344	F	1
2008	琉夏	るか	344	F	1
2008	瑞紗		345	F	1
2008	琉奏	るか	345	F	1
2008	瑠奈		346	F	1
2008	琉愛	るな	346	F	1
2008	瑠帆奈		347	F	1
2008	琳	りん	347	F	1
2008	瑠杏		348	F	1
2008	琴春	ことは	348	F	1
2008	瑠梨		349	F	1
2008	琴葉	ことは	349	F	1
2008	璃乃		350	F	1
2008	瑚白	こはく	350	F	1
2008	璃奈		351	F	1
2008	瑞稀	みずき	351	F	1
2008	璃恋		352	F	1
2008	瑞紗	みずさ	352	F	1
2008	璃音		353	F	1
2008	瑠奈	るな	353	F	1
2008	環		354	F	1
2008	瑠帆奈	るほな	354	F	1
2008	甘菜		355	F	1
2008	瑠杏	るあん	355	F	1
2008	由唯華		356	F	1
2008	瑠梨	るり	356	F	1
2008	由姫		357	F	1
2008	璃乃	りの	357	F	1
2008	由寿		358	F	1
2008	璃奈	りな	358	F	1
2008	由彩		359	F	1
2008	璃恋	りこ	359	F	1
2008	由真		360	F	1
2008	璃音	りの	360	F	1
2008	百愛		361	F	1
2008	環	たまき	361	F	1
2008	百柄		362	F	1
2008	甘菜	かんな	362	F	1
2008	百萌		363	F	1
2008	由唯華	ゆいか	363	F	1
2008	皐		364	F	1
2008	由姫	ゆい	364	F	1
2008	皐生		365	F	1
2008	由寿	ゆず	365	F	1
2008	真央		366	F	1
2008	由彩	ゆい	366	F	1
2008	真宙		367	F	1
2008	由真	ゆま	367	F	1
2008	真愛		368	F	1
2008	百愛	ゆあ	368	F	1
2008	真衣		369	F	1
2008	百柄	ももえ	369	F	1
2008	知優		370	F	1
2008	百萌	ももえ	370	F	1
2008	知翠		371	F	1
2008	皐	さつき	371	F	1
2008	碧		372	F	1
2008	皐生	さつき	372	F	1
2008	碧唯		373	F	1
2008	真央	まお	373	F	1
2008	碧桜		374	F	1
2008	真宙	まひろ	374	F	1
2008	碧音		375	F	1
2008	真愛	まな	375	F	1
2008	祐希子		376	F	1
2008	真衣	まい	376	F	1
2008	祐羽		377	F	1
2008	知優	ちひろ	377	F	1
2008	祐茉		378	F	1
2008	知翠	ちあき	378	F	1
2008	秋優花		379	F	1
2008	碧	あおい	379	F	1
2008	秋桜		380	F	1
2008	碧唯	あおい	380	F	1
2008	稚加世		381	F	1
2008	碧桜	みお	381	F	1
2008	穂乃佳		382	F	1
2008	碧音	あおね	382	F	1
2008	穂和		383	F	1
2008	祐希子	ゆきこ	383	F	1
2008	穂歌		384	F	1
2008	祐羽	ゆう	384	F	1
2008	笑里		385	F	1
2008	祐茉	ゆま	385	F	1
2008	篤姫		386	F	1
2008	秋優花	あゆか	386	F	1
2008	紅葉		387	F	1
2008	秋桜	あみ	387	F	1
2008	紗也佳		388	F	1
2008	稚加世	ちかせ	388	F	1
2008	紗綾		389	F	1
2008	穂乃佳	ほのか	389	F	1
2008	紗羅		390	F	1
2008	穂和	ほわ	390	F	1
2008	紗花		391	F	1
2008	穂歌	ほのか	391	F	1
2008	紗雪		392	F	1
2008	笑里	えみり	392	F	1
2008	絆		393	F	1
2008	篤姫	あつき	393	F	1
2008	結乃香		394	F	1
2008	紅葉	くれは	394	F	1
2008	結夏		395	F	1
2008	紗也佳	さやか	395	F	1
2008	結季菜		396	F	1
2008	紗綾	さあや	396	F	1
2008	結希		397	F	1
2008	紗羅	さら	397	F	1
2008	結華		398	F	1
2008	紗花	さやか	398	F	1
2008	結衣		399	F	1
2008	紗雪	さゆき	399	F	1
2008	結那		400	F	1
2008	絆	きづな	400	F	1
2008	絢花		401	F	1
2008	結乃香	ゆのか	401	F	1
2008	絢菜		402	F	1
2008	結夏	ゆうな	402	F	1
2008	絢音		403	F	1
2008	結季菜	ゆきな	403	F	1
2008	綾乃		404	F	1
2008	結希	ゆき	404	F	1
2008	綾依莉		405	F	1
2008	結愛	ゆい	405	F	1
2008	綾音		406	F	1
2008	結愛	ゆうな	406	F	1
2008	縁		407	F	1
2008	結生	ゆい	407	F	1
2008	羅夢		408	F	1
2008	結生	ゆうき	408	F	1
2008	美優菜		409	F	1
2008	結菜	ゆいな	409	F	1
2008	美友		410	F	1
2008	結華	ゆいか	410	F	1
2008	美夢		411	F	1
2008	結衣	ゆい	411	F	1
2008	美季		412	F	1
2008	結那	ゆうな	412	F	1
2008	美帆		413	F	1
2008	絢花	あやな	413	F	1
2008	美愛		414	F	1
2008	絢菜	あやな	414	F	1
2008	美文		415	F	1
2008	絢音	あやね	415	F	1
2008	美星		416	F	1
2008	綾乃	あやの	416	F	1
2008	美月		417	F	1
2008	綾依莉	あいり	417	F	1
2008	美波		418	F	1
2008	綾音	あやね	418	F	1
2008	美紀		419	F	1
2008	縁	えん	419	F	1
2008	美結		420	F	1
2008	羅夢	らむ	420	F	1
2008	美緒		421	F	1
2008	美優菜	みゆな	421	F	1
2008	美織		422	F	1
2008	美友	みゆ	422	F	1
2008	美蘭		423	F	1
2008	美夢	みゆ	423	F	1
2008	美衣奈		424	F	1
2008	美季	みつき	424	F	1
2008	美鈴		425	F	1
2008	美帆	みほ	425	F	1
2008	美音鈴		426	F	1
2008	美愛	みあ	426	F	1
2008	羽		427	F	1
2008	美文	みふみ	427	F	1
2008	翔子		428	F	1
2008	美星	みほ	428	F	1
2008	翠月		429	F	1
2008	美月	みつき	429	F	1
2008	翼		430	F	1
2008	美波	みなみ	430	F	1
2008	胡々美		431	F	1
2008	美海	みう	431	F	1
2008	舞明		432	F	1
2008	美海	みみ	432	F	1
2008	舞桜		433	F	1
2008	美空	みく	433	F	1
2008	舞花		434	F	1
2008	美空	みそら	434	F	1
2008	芙美乃		435	F	1
2008	美紀	みき	435	F	1
2008	芙采		436	F	1
2008	美結	みゆ	436	F	1
2008	花乃		437	F	1
2008	美緒	みお	437	F	1
2008	花歩		438	F	1
2008	美織	みおり	438	F	1
2008	花音		439	F	1
2008	美羽	みう	439	F	1
2008	芽依		440	F	1
2008	美羽	みゅう	440	F	1
2008	芽璃亜		441	F	1
2008	美羽	みわ	441	F	1
2008	芽生		442	F	1
2008	美蘭	みらん	442	F	1
2008	芽衣菜		443	F	1
2008	美衣奈	みいな	443	F	1
2008	苺花		444	F	1
2008	美鈴	みすず	444	F	1
2008	茅依		445	F	1
2008	美音鈴	みおり	445	F	1
2008	茉莉		446	F	1
2008	羽	つばさ	446	F	1
2008	莉依		447	F	1
2008	翔子	しょうこ	447	F	1
2008	莉奈		448	F	1
2008	翠月	みづき	448	F	1
2008	莉愛		449	F	1
2008	翼	つばさ	449	F	1
2008	莉月		450	F	1
2008	胡々美	ここみ	450	F	1
2008	莉杏		451	F	1
2008	舞	まい	451	F	1
2008	莉桜		452	F	1
2008	舞	まう	452	F	1
2008	莉緒		453	F	1
2008	舞明	まいあ	453	F	1
2008	莉花		454	F	1
2008	舞桜	まお	454	F	1
2008	莉里		455	F	1
2008	舞花	まいか	455	F	1
2008	莉音		456	F	1
2008	芙美乃	ふみの	456	F	1
2008	菜々海		457	F	1
2008	芙采	ふうあ	457	F	1
2008	菜々花		458	F	1
2008	花乃	はなの	458	F	1
2008	菜乃羽		459	F	1
2008	花歩	かほ	459	F	1
2008	菜摘		460	F	1
2008	花音	かのん	460	F	1
2008	華凛		461	F	1
2008	芽依	めい	461	F	1
2008	華音		462	F	1
2008	芽璃亜	めりあ	462	F	1
2008	萌々華		463	F	1
2008	芽生	めい	463	F	1
2008	萌乃		464	F	1
2008	芽衣菜	めいな	464	F	1
2008	萌夏		465	F	1
2008	苺花	いちご	465	F	1
2008	萌愛		466	F	1
2008	茅依	ちおり	466	F	1
2008	萌美		467	F	1
2008	茉莉	まつり	467	F	1
2008	萌音		468	F	1
2008	莉依	りい	468	F	1
2008	葉瑠		469	F	1
2008	莉奈	りな	469	F	1
2008	蒼衣		470	F	1
2008	莉愛	りあ	470	F	1
2008	蓮		471	F	1
2008	莉月	りづき	471	F	1
2008	虹音		472	F	1
2008	莉杏	りあん	472	F	1
2008	衣実		473	F	1
2008	莉桜	りお	473	F	1
2008	詩乃		474	F	1
2008	莉緒	りお	474	F	1
2008	詩温		475	F	1
2008	莉花	れいか	475	F	1
2008	詩雫		476	F	1
2008	莉里	りり	476	F	1
2008	逢良		477	F	1
2008	莉音	りお	477	F	1
2008	遥乃		478	F	1
2008	菜々海	ななみ	478	F	1
2008	遥花		479	F	1
2008	菜々花	ななか	479	F	1
2008	遥陽		480	F	1
2008	菜乃羽	なのは	480	F	1
2008	采佳		481	F	1
2008	菜摘	なつみ	481	F	1
2008	里咲子		482	F	1
2008	華凛	かりん	482	F	1
2008	里奈		483	F	1
2008	華音	かのん	483	F	1
2008	里桜菜		484	F	1
2008	萌々華	ももは	484	F	1
2008	里沙		485	F	1
2008	萌乃	ほの	485	F	1
2008	里維子		486	F	1
2008	萌夏	もか	486	F	1
2008	里音		487	F	1
2008	萌愛	もえ	487	F	1
2008	鈴		488	F	1
2008	萌美	めぐみ	488	F	1
2008	鈴桜		489	F	1
2008	萌音	もね	489	F	1
2008	鈴音		490	F	1
2008	葉瑠	はる	490	F	1
2008	陽南		491	F	1
2008	蒼衣	あおい	491	F	1
2008	陽奈		492	F	1
2008	蓮	れん	492	F	1
2008	陽真		493	F	1
2008	虹音	こと	493	F	1
2008	陽花		494	F	1
2008	衣実	えみる	494	F	1
2008	陽莉		495	F	1
2008	詩乃	うたの	495	F	1
2008	雛		496	F	1
2008	詩温	しおん	496	F	1
2008	雫		497	F	1
2008	詩雫	しずく	497	F	1
2008	音生奈		498	F	1
2008	逢良	あいら	498	F	1
2008	風夏		499	F	1
2008	遥乃	はるの	499	F	1
2008	香恋		500	F	1
2008	遥花	はるか	500	F	1
2008	香理南		501	F	1
2008	遥陽	はるひ	501	F	1
2008	香穏		502	F	1
2008	采佳	あやか	502	F	1
2008	馨子		503	F	1
2008	里咲子	りさこ	503	F	1
2008	麗愛		504	F	1
2008	里奈	りな	504	F	1
2008	麻央利		505	F	1
2008	里桜菜	りおな	505	F	1
2008	里沙	りさ	506	F	1
2008	里維子	りいこ	507	F	1
2008	里音	りおん	508	F	1
2008	鈴	りん	509	F	1
2008	鈴桜	りお	510	F	1
2008	鈴音	すずね	511	F	1
2008	陽南	ひな	512	F	1
2008	陽奈	はるな	513	F	1
2008	陽愛	はるな	514	F	1
2008	陽愛	ひまり	515	F	1
2008	陽真	たかみ	516	F	1
2008	陽花	ひな	517	F	1
2008	陽莉	ひまり	518	F	1
2008	陽菜	はるな	519	F	1
2008	雛	ひな	520	F	1
2008	雫	しずく	521	F	1
2008	音生奈	ねいな	522	F	1
2008	風夏	ふうか	523	F	1
2008	香恋	かれん	524	F	1
2008	香理南	かりな	525	F	1
2008	香穏	かのん	526	F	1
2008	馨子	かおるこ	527	F	1
2008	麗愛	りあら	528	F	1
2008	麻央利	まおり	529	F	1
2008	悠斗		1	M	5
2008		ゆうと	1	M	18
2008	悠斗	ゆうと	1	M	4
2008	翼		2	M	4
2008		はると	2	M	15
2008	翼	つばさ	2	M	4
2008	陸		3	M	4
2008		こうき	3	M	11
2008	陸	りく	3	M	4
2008	陽斗		4	M	4
2008		そうた	4	M	10
2008	陽斗	はると	4	M	4
2008	颯斗		5	M	4
2008		ゆうた	5	M	9
2008	颯斗	はやと	5	M	4
2008	大翔		6	M	3
2008		りく	6	M	9
2008	大翔	ひろと	6	M	3
2008	太一		7	M	3
2008		かいと	7	M	8
2008	太一	たいち	7	M	3
2008	奏太		8	M	3
2008		はやと	8	M	8
2008	海斗	かいと	8	M	3
2008	暖人		9	M	3
2008		かずき	9	M	7
2008	聖也	せいや	9	M	3
2008	海斗		10	M	3
2008		ゆうま	10	M	7
2008	蓮	れん	10	M	3
2008	空翔		11	M	3
2008		そら	11	M	6
2008	颯太	そうた	11	M	3
2008	翔大		12	M	3
2008		はるき	12	M	6
2008	一朗	いちろう	12	M	2
2008	聖也		13	M	3
2008		ゆうき	13	M	6
2008	健斗	けんと	13	M	2
2008	蓮		14	M	3
2008		かいせい	14	M	5
2008	優太	ゆうた	14	M	2
2008	颯太		15	M	3
2008		しょうた	15	M	5
2008	優真	ゆうま	15	M	2
2008	一朗		16	M	2
2008		たいが	16	M	5
2008	凌太朗	りょうたろう	16	M	2
2008	健斗		17	M	2
2008		つばさ	17	M	5
2008	和輝	かずき	17	M	2
2008	優太		18	M	2
2008		ゆいと	18	M	5
2008	唯人	ゆいと	18	M	2
2008	優希		19	M	2
2008		れん	19	M	5
2008	大雅	たいが	19	M	2
2008	優真		20	M	2
2008		あきと	20	M	4
2008	太陽	たいよう	20	M	2
2008	優雅		21	M	2
2008		えいと	21	M	4
2008	奏太	かなた	21	M	2
2008	光人		22	M	2
2008		かなた	22	M	4
2008	宇宙	そら	22	M	2
2008	凌太朗		23	M	2
2008		こうへい	23	M	4
2008	悠希	ゆうき	23	M	2
2008	和輝		24	M	2
2008		たいち	24	M	4
2008	拓真	たくま	24	M	2
2008	唯人		25	M	2
2008		たいよう	25	M	4
2008	暖人	はると	25	M	2
2008	大雅		26	M	2
2008		りゅうせい	26	M	4
2008	海晴	かいせい	26	M	2
2008	太陽		27	M	2
2008		れお	27	M	4
2008	璃空	りく	27	M	2
2008	宇宙		28	M	2
2008		いつき	28	M	3
2008	空雅	くうが	28	M	2
2008	悠希		29	M	2
2008		いぶき	29	M	3
2008	翔大	しょうた	29	M	2
2008	拓真		30	M	2
2008		かい	30	M	3
2008	聖人	まさと	30	M	2
2008	明翔		31	M	2
2008		かずま	31	M	3
2008	航平	こうへい	31	M	2
2008	樹生		32	M	2
2008		けいご	32	M	3
2008	莉空	りく	32	M	2
2008	海		33	M	2
2008		けんしん	33	M	3
2008	蒼太	そうた	33	M	2
2008	海大		34	M	2
2008		けんと	34	M	3
2008	蒼空	そら	34	M	2
2008	海晴		35	M	2
2008		こうが	35	M	3
2008	鉄将	てっしょう	35	M	2
2008	琉真		36	M	2
2008		こうた	36	M	3
2008	陽希	はるき	36	M	2
2008	瑠音		37	M	2
2008		こうたろう	37	M	3
2008	雄太	ゆうた	37	M	2
2008	璃空		38	M	2
2008		しゅん	38	M	3
2008	颯人	はやと	38	M	2
2008	空雅		39	M	2
2008		しょう	39	M	3
2008	颯大	そうた	39	M	2
2008	結翔		40	M	2
2008		せいや	40	M	3
2008	龍之介	りゅうのすけ	40	M	2
2008	翔		41	M	2
2008		たくま	41	M	3
2008	龍汰	りゅうた	41	M	2
2008	聖人		42	M	2
2008		たくみ	42	M	3
2008	だいご	だいご	42	M	1
2008	航平		43	M	2
2008		だいご	43	M	3
2008	ロン	ろん	43	M	1
2008	莉空		44	M	2
2008		てっしょう	44	M	3
2008	一冴	いっさ	44	M	1
2008	蒼太		45	M	2
2008		とうま	45	M	3
2008	一希	かずき	45	M	1
2008	蒼空		46	M	2
2008		なおと	46	M	3
2008	一樹	かずき	46	M	1
2008	輝		47	M	2
2008		はるひと	47	M	3
2008	一清	いっせ	47	M	1
2008	鉄将		48	M	2
2008		ひなた	48	M	3
2008	一真	かずま	48	M	1
2008	陽		49	M	2
2008		ひろと	49	M	3
2008	一絆	いつき	49	M	1
2008	陽希		50	M	2
2008		まさと	50	M	3
2008	一翔	かずと	50	M	1
2008	雄太		51	M	2
2008		ゆうが	51	M	3
2008	一誠	いっせい	51	M	1
2008	雅樹		52	M	2
2008		ゆうすけ	52	M	3
2008	一護	いちご	52	M	1
2008	颯人		53	M	2
2008		ゆうせい	53	M	3
2008	一路	いちろ	53	M	1
2008	颯大		54	M	2
2008		らいと	54	M	3
2008	一輝	かずき	54	M	1
2008	龍之介		55	M	2
2008		りき	55	M	3
2008	一隼	いちたか	55	M	1
2008	龍汰		56	M	2
2008		りゅうた	56	M	3
2008	一颯	いぶき	56	M	1
2008	だいご		57	M	1
2008		りゅうと	57	M	3
2008	三太	さんた	57	M	1
2008	ロン		58	M	1
2008		りゅうのすけ	58	M	3
2008	中哉	なかや	58	M	1
2008	一冴		59	M	1
2008		りょう	59	M	3
2008	亜瑠	ある	59	M	1
2008	一希		60	M	1
2008		るい	60	M	3
2008	亜蓮	あれん	60	M	1
2008	一樹		61	M	1
2008		れいと	61	M	3
2008	亮心	りこ	61	M	1
2008	一清		62	M	1
2008		れんと	62	M	3
2008	仁	じん	62	M	1
2008	一真		63	M	1
2008		あおい	63	M	2
2008	仁葵	にあ	63	M	1
2008	一絆		64	M	1
2008		あきら	64	M	2
2008	伊吹己	いぶき	64	M	1
2008	一翔		65	M	1
2008		いちろう	65	M	2
2008	伊織	いおり	65	M	1
2008	一誠		66	M	1
2008		うた	66	M	2
2008	伶音	れお	66	M	1
2008	一護		67	M	1
2008		えいた	67	M	2
2008	佑太	ゆうた	67	M	1
2008	一路		68	M	1
2008		おうすけ	68	M	2
2008	佑記	ゆうき	68	M	1
2008	一輝		69	M	1
2008		くうが	69	M	2
2008	佑都	ゆうと	69	M	1
2008	一隼		70	M	1
2008		けいと	70	M	2
2008	佳樹	よしき	70	M	1
2008	一颯		71	M	1
2008		こうしろう	71	M	2
2008	侑晏	ゆあん	71	M	1
2008	三太		72	M	1
2008		こたろう	72	M	2
2008	侑陽	ゆうひ	72	M	1
2008	中哉		73	M	1
2008		しゅう	73	M	2
2008	侶人	ともひと	73	M	1
2008	亜瑠		74	M	1
2008		しゅうと	74	M	2
2008	俊祐	しゅんすけ	74	M	1
2008	亜蓮		75	M	1
2008		しょうま	75	M	2
2008	保暁	やすあき	75	M	1
2008	亮心		76	M	1
2008		しんたろう	76	M	2
2008	修名	しゅうめい	76	M	1
2008	仁		77	M	1
2008		じん	77	M	2
2008	倖也	こうや	77	M	1
2008	仁葵		78	M	1
2008		すばる	78	M	2
2008	倫生	もとき	78	M	1
2008	伊吹己		79	M	1
2008		そうし	79	M	2
2008	健人	けんと	79	M	1
2008	伊織		80	M	1
2008		たける	80	M	2
2008	優	ゆう	80	M	1
2008	伶音		81	M	1
2008		とあ	81	M	2
2008	優仁	ゆうと	81	M	1
2008	佑太		82	M	1
2008		ともき	82	M	2
2008	優介	ゆうすけ	82	M	1
2008	佑記		83	M	1
2008		とわ	83	M	2
2008	優士	ゆうと	83	M	1
2008	佑都		84	M	1
2008		なおき	84	M	2
2008	優大	ゆうだい	84	M	1
2008	佳樹		85	M	1
2008		はる	85	M	2
2008	優宝	ゆうと	85	M	1
2008	侑晏		86	M	1
2008		ひろき	86	M	2
2008	優希	まさき	86	M	1
2008	侑陽		87	M	1
2008		まさき	87	M	2
2008	優希	ゆうき	87	M	1
2008	侶人		88	M	1
2008		まなと	88	M	2
2008	優心	ゆうしん	88	M	1
2008	俊祐		89	M	1
2008		まひろ	89	M	2
2008	優斗	ゆうと	89	M	1
2008	保暁		90	M	1
2008		みつき	90	M	2
2008	優明	ひろあき	90	M	1
2008	修名		91	M	1
2008		みなと	91	M	2
2008	優汰	ゆうた	91	M	1
2008	倖也		92	M	1
2008		ゆう	92	M	2
2008	優海	ゆうが	92	M	1
2008	倫生		93	M	1
2008		ゆうご	93	M	2
2008	優磨	ゆうま	93	M	1
2008	健人		94	M	1
2008		ゆうだい	94	M	2
2008	優賀	ゆうが	94	M	1
2008	優		95	M	1
2008		ゆうひ	95	M	2
2008	優輔	ゆうすけ	95	M	1
2008	優仁		96	M	1
2008		ゆづき	96	M	2
2008	優輝	ゆうき	96	M	1
2008	優介		97	M	1
2008		りゅうが	97	M	2
2008	優雅	まさか	97	M	1
2008	優士		98	M	1
2008		りゅうき	98	M	2
2008	優雅	ゆうが	98	M	1
2008	優大		99	M	1
2008		りゅうしん	99	M	2
2008	光人	こうと	99	M	1
2008	優宝		100	M	1
2008		りょうたろう	100	M	2
2008	光人	らいと	100	M	1
2008	優心		101	M	1
2008		るか	101	M	2
2008	光優樹	こうき	101	M	1
2008	優斗		102	M	1
2008		あいる	102	M	1
2008	光希	みつき	102	M	1
2008	優明		103	M	1
2008		あかし	103	M	1
2008	光樹	こうき	103	M	1
2008	優汰		104	M	1
2008		あさひ	104	M	1
2008	光葵	みつき	104	M	1
2008	優海		105	M	1
2008		あそら	105	M	1
2008	光音	あきと	105	M	1
2008	優磨		106	M	1
2008		あつし	106	M	1
2008	克洋	よしひろ	106	M	1
2008	優賀		107	M	1
2008		あまね	107	M	1
2008	兜真	とうま	107	M	1
2008	優輔		108	M	1
2008		あゆ	108	M	1
2008	兼正	けんせい	108	M	1
2008	優輝		109	M	1
2008		あゆむ	109	M	1
2008	冬馬	とうま	109	M	1
2008	光優樹		110	M	1
2008		ある	110	M	1
2008	凌	りょう	110	M	1
2008	光希		111	M	1
2008		あると	111	M	1
2008	凌空	りく	111	M	1
2008	光樹		112	M	1
2008		あれん	112	M	1
2008	凌雅	りょうが	112	M	1
2008	光葵		113	M	1
2008		いおり	113	M	1
2008	凌青	りょうせい	113	M	1
2008	光音		114	M	1
2008		いちご	114	M	1
2008	凛太	りんた	114	M	1
2008	克洋		115	M	1
2008		いちたか	115	M	1
2008	凛太郎	りんたろう	115	M	1
2008	兜真		116	M	1
2008		いちと	116	M	1
2008	凛輝	りき	116	M	1
2008	兼正		117	M	1
2008		いちろ	117	M	1
2008	凪真	なぎまさ	117	M	1
2008	冬馬		118	M	1
2008		いっさ	118	M	1
2008	刀真	とうま	118	M	1
2008	凌		119	M	1
2008		いっせ	119	M	1
2008	創史	そうし	119	M	1
2008	凌空		120	M	1
2008		いっせい	120	M	1
2008	創太	そうた	120	M	1
2008	凌雅		121	M	1
2008		うみ	121	M	1
2008	創希	そうき	121	M	1
2008	凌青		122	M	1
2008		えいし	122	M	1
2008	力輝	りき	122	M	1
2008	凛太		123	M	1
2008		えいすけ	123	M	1
2008	勇成	ゆうせい	123	M	1
2008	凛太郎		124	M	1
2008		えつ	124	M	1
2008	勇斗	ゆうと	124	M	1
2008	凛輝		125	M	1
2008		おうみ	125	M	1
2008	勇真	ゆうま	125	M	1
2008	凪真		126	M	1
2008		かえで	126	M	1
2008	匠	たくみ	126	M	1
2008	刀真		127	M	1
2008		かける	127	M	1
2008	千輝	かずき	127	M	1
2008	創史		128	M	1
2008		かずと	128	M	1
2008	千里	せんり	128	M	1
2008	創太		129	M	1
2008		かなと	129	M	1
2008	友翔	ゆうと	129	M	1
2008	創希		130	M	1
2008		かむい	130	M	1
2008	友聖	ゆうせい	130	M	1
2008	力輝		131	M	1
2008		きょうか	131	M	1
2008	叶人	かなと	131	M	1
2008	勇成		132	M	1
2008		きょうご	132	M	1
2008	向陽	ひなた	132	M	1
2008	勇斗		133	M	1
2008		きりゅう	133	M	1
2008	和	なごむ	133	M	1
2008	勇真		134	M	1
2008		くうと	134	M	1
2008	和希	かずき	134	M	1
2008	匠		135	M	1
2008		けいいち	135	M	1
2008	和慎	かずま	135	M	1
2008	千輝		136	M	1
2008		けいし	136	M	1
2008	和真	かずま	136	M	1
2008	千里		137	M	1
2008		けいじろう	137	M	1
2008	哉多	かなた	137	M	1
2008	友翔		138	M	1
2008		けいすけ	138	M	1
2008	哲平	てっぺい	138	M	1
2008	友聖		139	M	1
2008		けいた	139	M	1
2008	唯羽	ゆうは	139	M	1
2008	叶人		140	M	1
2008		けんせい	140	M	1
2008	啓斗	けいと	140	M	1
2008	向陽		141	M	1
2008		けんりゅう	141	M	1
2008	圭佑	けいすけ	141	M	1
2008	和		142	M	1
2008		こう	142	M	1
2008	圭太	けいた	142	M	1
2008	和希		143	M	1
2008		こうすけ	143	M	1
2008	圭悟	けいご	143	M	1
2008	和慎		144	M	1
2008		こうと	144	M	1
2008	塔亜	とあ	144	M	1
2008	和真		145	M	1
2008		こうのすけ	145	M	1
2008	壮汰	そうた	145	M	1
2008	哉多		146	M	1
2008		こうや	146	M	1
2008	壮琉	たける	146	M	1
2008	哲平		147	M	1
2008		こやた	147	M	1
2008	壱仁	いちと	147	M	1
2008	唯羽		148	M	1
2008		さいち	148	M	1
2008	夏向	かなた	148	M	1
2008	啓斗		149	M	1
2008		さくま	149	M	1
2008	夏唯	かい	149	M	1
2008	圭佑		150	M	1
2008		さとる	150	M	1
2008	夏維	かい	150	M	1
2008	圭太		151	M	1
2008		さんた	151	M	1
2008	夢斗	ゆめと	151	M	1
2008	圭悟		152	M	1
2008		しおん	152	M	1
2008	夢絃	ゆいと	152	M	1
2008	塔亜		153	M	1
2008		しづき	153	M	1
2008	夢響	ゆうひ	153	M	1
2008	壮汰		154	M	1
2008		しゅういちろう	154	M	1
2008	大凱	たいが	154	M	1
2008	壮琉		155	M	1
2008		しゅうご	155	M	1
2008	大剛	だいご	155	M	1
2008	壱仁		156	M	1
2008		しゅうすけ	156	M	1
2008	大和	やまと	156	M	1
2008	夏向		157	M	1
2008		しゅうま	157	M	1
2008	大宙	たいち	157	M	1
2008	夏唯		158	M	1
2008		しゅうめい	158	M	1
2008	大悟	だいご	158	M	1
2008	夏維		159	M	1
2008		しゅんじ	159	M	1
2008	大樹	ひろき	159	M	1
2008	夢斗		160	M	1
2008		しゅんすけ	160	M	1
2008	大珠	たいじゅ	160	M	1
2008	夢絃		161	M	1
2008		しょうたろう	161	M	1
2008	大空	そら	161	M	1
2008	夢響		162	M	1
2008		しょうや	162	M	1
2008	大翼	だいすけ	162	M	1
2008	大凱		163	M	1
2008		しん	163	M	1
2008	大軌	ひろき	163	M	1
2008	大剛		164	M	1
2008		しんざぶろう	164	M	1
2008	大輝	はるき	164	M	1
2008	大和		165	M	1
2008		しんせい	165	M	1
2008	大遥	たいよう	165	M	1
2008	大宙		166	M	1
2008		しんた	166	M	1
2008	大陽	たいよう	166	M	1
2008	大悟		167	M	1
2008		じゅうすけ	167	M	1
2008	天音	あまね	167	M	1
2008	大樹		168	M	1
2008		じゅんせい	168	M	1
2008	奏士	そうし	168	M	1
2008	大珠		169	M	1
2008		じゅんぺい	169	M	1
2008	奏太	そうた	169	M	1
2008	大空		170	M	1
2008		じょい	170	M	1
2008	奏空	そら	170	M	1
2008	大翼		171	M	1
2008		じょう	171	M	1
2008	奨太	しょうた	171	M	1
2008	大軌		172	M	1
2008		せいが	172	M	1
2008	孝太郎	こうたろう	172	M	1
2008	大輝		173	M	1
2008		せいたろう	173	M	1
2008	孝樹	こうき	173	M	1
2008	大遥		174	M	1
2008		せいのすけ	174	M	1
2008	宗佑	しゅうすけ	174	M	1
2008	大陽		175	M	1
2008		せいは	175	M	1
2008	宗賢	そうけん	175	M	1
2008	天音		176	M	1
2008		せな	176	M	1
2008	実生	みお	176	M	1
2008	奏士		177	M	1
2008		せんと	177	M	1
2008	宣翔	せんと	177	M	1
2008	奏空		178	M	1
2008		せんり	178	M	1
2008	将大	まさひろ	178	M	1
2008	奨太		179	M	1
2008		そう	179	M	1
2008	小太郎	こたろう	179	M	1
2008	孝太郎		180	M	1
2008		そういちろう	180	M	1
2008	峰慶	みねちか	180	M	1
2008	孝樹		181	M	1
2008		そうき	181	M	1
2008	崚	りょう	181	M	1
2008	宗佑		182	M	1
2008		そうけん	182	M	1
2008	巧光	こうが	182	M	1
2008	宗賢		183	M	1
2008		そらと	183	M	1
2008	巧登	たくと	183	M	1
2008	実生		184	M	1
2008		たいじゅ	184	M	1
2008	希隆	きりゅう	184	M	1
2008	宣翔		185	M	1
2008		たいと	185	M	1
2008	幸平	こうへい	185	M	1
2008	将大		186	M	1
2008		たかと	186	M	1
2008	幸弥	ゆきや	186	M	1
2008	小太郎		187	M	1
2008		たくと	187	M	1
2008	幸志朗	こうしろう	187	M	1
2008	峰慶		188	M	1
2008		たつや	188	M	1
2008	幸志郎	こうしろう	188	M	1
2008	崚		189	M	1
2008		たまき	189	M	1
2008	幸杜	ゆきと	189	M	1
2008	巧光		190	M	1
2008		だいすけ	190	M	1
2008	幸浩	ゆきひろ	190	M	1
2008	巧登		191	M	1
2008		ちあき	191	M	1
2008	幸起	こうき	191	M	1
2008	希隆		192	M	1
2008		ちひろ	192	M	1
2008	康介	こうすけ	192	M	1
2008	幸平		193	M	1
2008		つかさ	193	M	1
2008	廉	れん	193	M	1
2008	幸弥		194	M	1
2008		てっぺい	194	M	1
2008	建龍	けんりゅう	194	M	1
2008	幸志朗		195	M	1
2008		てるやす	195	M	1
2008	弘樹	こうき	195	M	1
2008	幸志郎		196	M	1
2008		とおる	196	M	1
2008	弘隆	ひろたか	196	M	1
2008	幸杜		197	M	1
2008		としたろう	197	M	1
2008	彩智	さいち	197	M	1
2008	幸浩		198	M	1
2008		ともしげ	198	M	1
2008	心	しん	198	M	1
2008	幸起		199	M	1
2008		ともひと	199	M	1
2008	心太郎	しんたろう	199	M	1
2008	康介		200	M	1
2008		ともや	200	M	1
2008	心惺	しんせい	200	M	1
2008	廉		201	M	1
2008		ともろう	201	M	1
2008	志尚	むねたか	201	M	1
2008	建龍		202	M	1
2008		とりで	202	M	1
2008	快翔	かいと	202	M	1
2008	弘樹		203	M	1
2008		なおい	203	M	1
2008	怜勇	れお	203	M	1
2008	弘隆		204	M	1
2008		なおふみ	204	M	1
2008	怜士	れいじ	204	M	1
2008	彩智		205	M	1
2008		なかや	205	M	1
2008	怜央	れお	205	M	1
2008	心		206	M	1
2008		なぎまさ	206	M	1
2008	怜欧	れお	206	M	1
2008	心太郎		207	M	1
2008		なごむ	207	M	1
2008	怜虎	れいと	207	M	1
2008	心惺		208	M	1
2008		なつき	208	M	1
2008	恭嘉	きょうか	208	M	1
2008	志尚		209	M	1
2008		なる	209	M	1
2008	恵伍	けいご	209	M	1
2008	快翔		210	M	1
2008		にあ	210	M	1
2008	悠与	ゆうと	210	M	1
2008	怜勇		211	M	1
2008		のぞむ	211	M	1
2008	悠人	ゆうと	211	M	1
2008	怜士		212	M	1
2008		はく	212	M	1
2008	悠仁	ゆうと	212	M	1
2008	怜央		213	M	1
2008		はるお	213	M	1
2008	悠介	ゆうすけ	213	M	1
2008	怜欧		214	M	1
2008		はるた	214	M	1
2008	悠伍	ゆうご	214	M	1
2008	怜虎		215	M	1
2008		はるま	215	M	1
2008	悠太	ゆうた	215	M	1
2008	恭嘉		216	M	1
2008		ひかる	216	M	1
2008	悠悟	ゆうご	216	M	1
2008	恵伍		217	M	1
2008		ひじり	217	M	1
2008	悠斗	はると	217	M	1
2008	悠与		218	M	1
2008		ひたち	218	M	1
2008	悠月	ゆづき	218	M	1
2008	悠人		219	M	1
2008		ひだか	219	M	1
2008	悠永	ゆうと	219	M	1
2008	悠仁		220	M	1
2008		ひづき	220	M	1
2008	悠灯	ゆうと	220	M	1
2008	悠介		221	M	1
2008		ひびき	221	M	1
2008	悠生	ゆうせい	221	M	1
2008	悠伍		222	M	1
2008		ひろあき	222	M	1
2008	悠羽	ゆうわ	222	M	1
2008	悠太		223	M	1
2008		ひろたか	223	M	1
2008	情我	せいが	223	M	1
2008	悠悟		224	M	1
2008		ひろむ	224	M	1
2008	惺	さとる	224	M	1
2008	悠月		225	M	1
2008		ふうき	225	M	1
2008	愛優	あゆ	225	M	1
2008	悠永		226	M	1
2008		ふうた	226	M	1
2008	愛琉	あいる	226	M	1
2008	悠灯		227	M	1
2008		ふうま	227	M	1
2008	慎三郎	しんざぶろう	227	M	1
2008	悠生		228	M	1
2008		ふみとし	228	M	1
2008	慎太郎	しんたろう	228	M	1
2008	悠羽		229	M	1
2008		ふらんと	229	M	1
2008	慧士	けいし	229	M	1
2008	情我		230	M	1
2008		ほうが	230	M	1
2008	慶一	けいいち	230	M	1
2008	惺		231	M	1
2008		まお	231	M	1
2008	慶人	けいと	231	M	1
2008	愛優		232	M	1
2008		まきと	232	M	1
2008	慶悟	けいご	232	M	1
2008	愛琉		233	M	1
2008		まさか	233	M	1
2008	慶次郎	けいじろう	233	M	1
2008	慎三郎		234	M	1
2008		まさちよ	234	M	1
2008	憲伸	けんしん	234	M	1
2008	慎太郎		235	M	1
2008		まさひろ	235	M	1
2008	成琉	なる	235	M	1
2008	慧士		236	M	1
2008		まさむね	236	M	1
2008	拓未	たくみ	236	M	1
2008	慶一		237	M	1
2008		まさゆき	237	M	1
2008	捺稀	なつき	237	M	1
2008	慶人		238	M	1
2008		まつり	238	M	1
2008	敦士	あつし	238	M	1
2008	慶悟		239	M	1
2008		みお	239	M	1
2008	文俊	ふみとし	239	M	1
2008	慶次郎		240	M	1
2008		みきお	240	M	1
2008	旺	あきら	240	M	1
2008	憲伸		241	M	1
2008		みきと	241	M	1
2008	昂大	こうき	241	M	1
2008	成琉		242	M	1
2008		みくと	242	M	1
2008	昊	こう	242	M	1
2008	拓未		243	M	1
2008		みずき	243	M	1
2008	昊大	こうた	243	M	1
2008	捺稀		244	M	1
2008		みだい	244	M	1
2008	昊平	こうへい	244	M	1
2008	敦士		245	M	1
2008		みねちか	245	M	1
2008	明次郎	めいじろう	245	M	1
2008	文俊		246	M	1
2008		みひろ	246	M	1
2008	明翔	あきと	246	M	1
2008	旺		247	M	1
2008		みやび	247	M	1
2008	明翔	めいと	247	M	1
2008	昂大		248	M	1
2008		みんじゅ	248	M	1
2008	星	しょう	248	M	1
2008	昊		249	M	1
2008		むつき	249	M	1
2008	春良	はるお	249	M	1
2008	昊大		250	M	1
2008		むねたか	250	M	1
2008	昴	すばる	250	M	1
2008	昊平		251	M	1
2008		めいじろう	251	M	1
2008	晃紀	こうき	251	M	1
2008	明次郎		252	M	1
2008		めいと	252	M	1
2008	晄泰	てるやす	252	M	1
2008	星		253	M	1
2008		もとき	253	M	1
2008	晟羽	せいは	253	M	1
2008	春良		254	M	1
2008		もりと	254	M	1
2008	景吾	きょうご	254	M	1
2008	昴		255	M	1
2008		やすあき	255	M	1
2008	晴	はる	255	M	1
2008	晃紀		256	M	1
2008		やまと	256	M	1
2008	晴之介	せいのすけ	256	M	1
2008	晄泰		257	M	1
2008		ゆあん	257	M	1
2008	晴人	はると	257	M	1
2008	晟羽		258	M	1
2008		ゆいは	258	M	1
2008	晴太	はるた	258	M	1
2008	景吾		259	M	1
2008		ゆうし	259	M	1
2008	晴翔	はると	259	M	1
2008	晴		260	M	1
2008		ゆうしん	260	M	1
2008	晶人	あきと	260	M	1
2008	晴之介		261	M	1
2008		ゆうは	261	M	1
2008	晶斗	まさと	261	M	1
2008	晴人		262	M	1
2008		ゆうわ	262	M	1
2008	智優	ちひろ	262	M	1
2008	晴太		263	M	1
2008		ゆきと	263	M	1
2008	智哉	ともや	263	M	1
2008	晴翔		264	M	1
2008		ゆきひろ	264	M	1
2008	智瑛	ちあき	264	M	1
2008	晶人		265	M	1
2008		ゆきや	265	M	1
2008	暖人	はるひと	265	M	1
2008	晶斗		266	M	1
2008		ゆずき	266	M	1
2008	暖翔	はると	266	M	1
2008	智優		267	M	1
2008		ゆめと	267	M	1
2008	月翔	るいと	267	M	1
2008	智哉		268	M	1
2008		ゆら	268	M	1
2008	有翔	あると	268	M	1
2008	智瑛		269	M	1
2008		よう	269	M	1
2008	朔磨	さくま	269	M	1
2008	暖翔		270	M	1
2008		ようすけ	270	M	1
2008	望夢	のぞむ	270	M	1
2008	月翔		271	M	1
2008		よしき	271	M	1
2008	朝朗	ともろう	271	M	1
2008	有翔		272	M	1
2008		よしひろ	272	M	1
2008	朝葵	ともき	272	M	1
2008	朔磨		273	M	1
2008		らいく	273	M	1
2008	朝陽	あさひ	273	M	1
2008	望夢		274	M	1
2008		らいる	274	M	1
2008	未来斗	みくと	274	M	1
2008	朝朗		275	M	1
2008		らく	275	M	1
2008	杜一	もりと	275	M	1
2008	朝葵		276	M	1
2008		りくと	276	M	1
2008	来琉	らいる	276	M	1
2008	朝陽		277	M	1
2008		りこ	277	M	1
2008	来翔	らいと	277	M	1
2008	未来斗		278	M	1
2008		りず	278	M	1
2008	柊	しゅう	278	M	1
2008	杜一		279	M	1
2008		りゅうく	279	M	1
2008	柊人	しゅうと	279	M	1
2008	来琉		280	M	1
2008		りゅうすけ	280	M	1
2008	柊羽	しゅう	280	M	1
2008	来翔		281	M	1
2008		りゅうへい	281	M	1
2008	柘嵩	つかさ	281	M	1
2008	柊		282	M	1
2008		りゅうま	282	M	1
2008	柚稀	ゆずき	282	M	1
2008	柊人		283	M	1
2008		りょうえい	283	M	1
2008	桜亮	おうすけ	283	M	1
2008	柊羽		284	M	1
2008		りょうが	284	M	1
2008	桜助	おうすけ	284	M	1
2008	柘嵩		285	M	1
2008		りょうせい	285	M	1
2008	楓	かえで	285	M	1
2008	柚稀		286	M	1
2008		りょうた	286	M	1
2008	楓太	ふうた	286	M	1
2008	桜亮		287	M	1
2008		りょうま	287	M	1
2008	楓馬	ふうま	287	M	1
2008	桜助		288	M	1
2008		りょうや	288	M	1
2008	楽久	らく	288	M	1
2008	楓		289	M	1
2008		りんた	289	M	1
2008	槙人	まきと	289	M	1
2008	楓太		290	M	1
2008		りんたろう	290	M	1
2008	樂	うた	290	M	1
2008	楓馬		291	M	1
2008		るいと	291	M	1
2008	樹	いつき	291	M	1
2008	楽久		292	M	1
2008		るう	292	M	1
2008	樹斗	みきと	292	M	1
2008	槙人		293	M	1
2008		るき	293	M	1
2008	樹生	いつき	293	M	1
2008	樂		294	M	1
2008		るしん	294	M	1
2008	樹生	みきお	294	M	1
2008	樹		295	M	1
2008		ると	295	M	1
2008	櫂翔	かいと	295	M	1
2008	樹斗		296	M	1
2008		るね	296	M	1
2008	歓太	ゆうだい	296	M	1
2008	櫂翔		297	M	1
2008		れい	297	M	1
2008	正千代	まさちよ	297	M	1
2008	歓太		298	M	1
2008		れいじ	298	M	1
2008	武	たける	298	M	1
2008	正千代		299	M	1
2008		れおん	299	M	1
2008	武蘭斗	ふらんと	299	M	1
2008	武		300	M	1
2008		れご	300	M	1
2008	歩希	いぶき	300	M	1
2008	武蘭斗		301	M	1
2008		れんや	301	M	1
2008	歩海	あゆむ	301	M	1
2008	歩希		302	M	1
2008		ろん	302	M	1
2008	民樹	みんじゅ	302	M	1
2008	歩海		303	M	1
2008	永遠	とわ	303	M	1
2008	民樹		304	M	1
2008	汰樺	たいが	304	M	1
2008	永遠		305	M	1
2008	治斗	はると	305	M	1
2008	汰樺		306	M	1
2008	治稀	はるき	306	M	1
2008	治斗		307	M	1
2008	波音	なおと	307	M	1
2008	治稀		308	M	1
2008	泰斗	たいと	308	M	1
2008	波音		309	M	1
2008	泰雅	たいが	309	M	1
2008	泰斗		310	M	1
2008	洸嘉	こうが	310	M	1
2008	泰雅		311	M	1
2008	洸揮	こうき	311	M	1
2008	洸嘉		312	M	1
2008	海	うみ	312	M	1
2008	洸揮		313	M	1
2008	海	かい	313	M	1
2008	海人		314	M	1
2008	海人	かいと	314	M	1
2008	海勢		315	M	1
2008	海勢	かいせい	315	M	1
2008	海晟		316	M	1
2008	海大	みだい	316	M	1
2008	海翔		317	M	1
2008	海大	みひろ	317	M	1
2008	涼馬		318	M	1
2008	海晟	かいせい	318	M	1
2008	清太朗		319	M	1
2008	海翔	かいと	319	M	1
2008	渋奨		320	M	1
2008	涼馬	りょうま	320	M	1
2008	温斗		321	M	1
2008	清太朗	せいたろう	321	M	1
2008	湊人		322	M	1
2008	渋奨	じゅうすけ	322	M	1
2008	湊伍		323	M	1
2008	温斗	はると	323	M	1
2008	湊都		324	M	1
2008	湊人	みなと	324	M	1
2008	漣		325	M	1
2008	湊伍	しゅうご	325	M	1
2008	澄晴		326	M	1
2008	湊都	みなと	326	M	1
2008	煌太		327	M	1
2008	漣	れん	327	M	1
2008	煌太郎		328	M	1
2008	澄晴	すばる	328	M	1
2008	煌己		329	M	1
2008	煌太	こうた	329	M	1
2008	煌海		330	M	1
2008	煌太郎	こうたろう	330	M	1
2008	煌雅		331	M	1
2008	煌己	こうき	331	M	1
2008	玲唯		332	M	1
2008	煌海	おうみ	332	M	1
2008	珀		333	M	1
2008	煌雅	こうが	333	M	1
2008	琉偉		334	M	1
2008	玲唯	れい	334	M	1
2008	琉夏		335	M	1
2008	珀	はく	335	M	1
2008	琉心		336	M	1
2008	琉偉	るい	336	M	1
2008	琉晴		337	M	1
2008	琉夏	るか	337	M	1
2008	琉汰		338	M	1
2008	琉心	りゅうしん	338	M	1
2008	琉海		339	M	1
2008	琉晴	りゅうせい	339	M	1
2008	琉生		340	M	1
2008	琉汰	りゅうた	340	M	1
2008	琉翔		341	M	1
2008	琉海	るか	341	M	1
2008	琉聖		342	M	1
2008	琉生	りゅうせい	342	M	1
2008	琉雅		343	M	1
2008	琉真	りゅうしん	343	M	1
2008	琉音		344	M	1
2008	琉真	りゅうま	344	M	1
2008	琥太郎		345	M	1
2008	琉翔	りゅうと	345	M	1
2008	瑛人		346	M	1
2008	琉聖	りゅうせい	346	M	1
2008	瑛介		347	M	1
2008	琉雅	りゅうが	347	M	1
2008	瑛士		348	M	1
2008	琉音	りゅうと	348	M	1
2008	瑛大		349	M	1
2008	琥太郎	こたろう	349	M	1
2008	瑛太		350	M	1
2008	瑛人	えいと	350	M	1
2008	瑛斗		351	M	1
2008	瑛介	えいすけ	351	M	1
2008	瑛都		352	M	1
2008	瑛士	えいと	352	M	1
2008	瑞葵		353	M	1
2008	瑛大	えいた	353	M	1
2008	瑠依		354	M	1
2008	瑛太	えいた	354	M	1
2008	瑠宇		355	M	1
2008	瑛斗	あきと	355	M	1
2008	瑠希		356	M	1
2008	瑛都	えいと	356	M	1
2008	瑠心		357	M	1
2008	瑞葵	みずき	357	M	1
2008	璃水		358	M	1
2008	瑠依	るい	358	M	1
2008	環		359	M	1
2008	瑠宇	るう	359	M	1
2008	生汰		360	M	1
2008	瑠希	るき	360	M	1
2008	由大		361	M	1
2008	瑠心	るしん	361	M	1
2008	由規		362	M	1
2008	瑠音	ると	362	M	1
2008	皇希		363	M	1
2008	瑠音	るね	363	M	1
2008	直士		364	M	1
2008	璃水	りず	364	M	1
2008	直希		365	M	1
2008	環	たまき	365	M	1
2008	直文		366	M	1
2008	生汰	うた	366	M	1
2008	直李		367	M	1
2008	由大	ゆうた	367	M	1
2008	直生		368	M	1
2008	由規	ゆうき	368	M	1
2008	直翔		369	M	1
2008	皇希	こうき	369	M	1
2008	真夏人		370	M	1
2008	直士	なおと	370	M	1
2008	真太		371	M	1
2008	直希	なおき	371	M	1
2008	真宗		372	M	1
2008	直文	なおふみ	372	M	1
2008	真紘		373	M	1
2008	直李	なおい	373	M	1
2008	真緒		374	M	1
2008	直生	なおき	374	M	1
2008	真翔		375	M	1
2008	直翔	なおと	375	M	1
2008	睦樹		376	M	1
2008	真夏人	まなと	376	M	1
2008	瞬		377	M	1
2008	真太	しんた	377	M	1
2008	知希		378	M	1
2008	真宗	まさむね	378	M	1
2008	知重		379	M	1
2008	真紘	まひろ	379	M	1
2008	砦		380	M	1
2008	真緒	まお	380	M	1
2008	碧泉		381	M	1
2008	真翔	まなと	381	M	1
2008	祐		382	M	1
2008	睦樹	むつき	382	M	1
2008	祐真		383	M	1
2008	瞬	しゅん	383	M	1
2008	祐至		384	M	1
2008	知希	ともき	384	M	1
2008	祥太		385	M	1
2008	知重	ともしげ	385	M	1
2008	祭		386	M	1
2008	砦	とりで	386	M	1
2008	秀一郎		387	M	1
2008	碧泉	あおい	387	M	1
2008	秀磨		388	M	1
2008	祐	じょう	388	M	1
2008	秀翔		389	M	1
2008	祐真	ゆうま	389	M	1
2008	稔太郎		390	M	1
2008	祐至	ゆうし	390	M	1
2008	稜堆		391	M	1
2008	祥太	しょうた	391	M	1
2008	竜之介		392	M	1
2008	祭	まつり	392	M	1
2008	竜暉		393	M	1
2008	秀一郎	しゅういちろう	393	M	1
2008	竣		394	M	1
2008	秀磨	しゅうま	394	M	1
2008	純成		395	M	1
2008	秀翔	しゅうと	395	M	1
2008	紫陽		396	M	1
2008	稔太郎	としたろう	396	M	1
2008	紫音		397	M	1
2008	稜堆	りょうた	397	M	1
2008	結太		398	M	1
2008	空翔	かいと	398	M	1
2008	結斗		399	M	1
2008	空翔	くうと	399	M	1
2008	結月		400	M	1
2008	空翔	そらと	400	M	1
2008	結空		401	M	1
2008	竜之介	りゅうのすけ	401	M	1
2008	結絆		402	M	1
2008	竜暉	りゅうき	402	M	1
2008	結誠		403	M	1
2008	竣	しゅん	403	M	1
2008	翔和		404	M	1
2008	純成	じゅんせい	404	M	1
2008	翔太		405	M	1
2008	紫陽	しょう	405	M	1
2008	翔太郎		406	M	1
2008	紫音	しおん	406	M	1
2008	翔生		407	M	1
2008	結太	ゆうた	407	M	1
2008	翔矢		408	M	1
2008	結斗	ゆいと	408	M	1
2008	翔舞		409	M	1
2008	結月	ゆづき	409	M	1
2008	翔蒼		410	M	1
2008	結空	ゆら	410	M	1
2008	翔要		411	M	1
2008	結絆	ゆいは	411	M	1
2008	聖		412	M	1
2008	結翔	ゆいと	412	M	1
2008	聖真		413	M	1
2008	結翔	ゆうと	413	M	1
2008	聖那		414	M	1
2008	結誠	ゆうま	414	M	1
2008	舜司		415	M	1
2008	翔	かける	415	M	1
2008	航希		416	M	1
2008	翔	しょう	416	M	1
2008	航汰		417	M	1
2008	翔和	とわ	417	M	1
2008	良哉		418	M	1
2008	翔大	つばさ	418	M	1
2008	良瑛		419	M	1
2008	翔太	しょうた	419	M	1
2008	英志		420	M	1
2008	翔太郎	しょうたろう	420	M	1
2008	蒼一朗		421	M	1
2008	翔生	じょい	421	M	1
2008	蒼宙		422	M	1
2008	翔矢	しょうや	422	M	1
2008	蓮人		423	M	1
2008	翔舞	しょうま	423	M	1
2008	蓮弥		424	M	1
2008	翔蒼	とあ	424	M	1
2008	蓮斗		425	M	1
2008	翔要	かむい	425	M	1
2008	蓮梧		426	M	1
2008	聖	ひじり	426	M	1
2008	蓮翔		427	M	1
2008	聖真	しょうま	427	M	1
2008	蕾来		428	M	1
2008	聖那	せな	428	M	1
2008	虎弥大		429	M	1
2008	舜司	しゅんじ	429	M	1
2008	行斗		430	M	1
2008	航希	こうき	430	M	1
2008	裕生		431	M	1
2008	航汰	こうた	431	M	1
2008	裕真		432	M	1
2008	良哉	りょうや	432	M	1
2008	裕陸		433	M	1
2008	良瑛	りょうえい	433	M	1
2008	証		434	M	1
2008	英志	えいし	434	M	1
2008	詞月		435	M	1
2008	蒼一朗	そういちろう	435	M	1
2008	詠斗		436	M	1
2008	蒼宙	あそら	436	M	1
2008	詢平		437	M	1
2008	蓮人	れんと	437	M	1
2008	諒		438	M	1
2008	蓮弥	れんや	438	M	1
2008	謙信		439	M	1
2008	蓮斗	れんと	439	M	1
2008	謙心		440	M	1
2008	蓮梧	れご	440	M	1
2008	貴翔		441	M	1
2008	蓮翔	れんと	441	M	1
2008	賢幸		442	M	1
2008	蕾来	らいく	442	M	1
2008	越		443	M	1
2008	虎弥大	こやた	443	M	1
2008	輝大郎		444	M	1
2008	行斗	ゆうと	444	M	1
2008	迅		445	M	1
2008	裕生	ゆう	445	M	1
2008	透		446	M	1
2008	裕真	ゆうま	446	M	1
2008	逞心		447	M	1
2008	裕陸	ひろむ	447	M	1
2008	逞真		448	M	1
2008	証	あかし	448	M	1
2008	遥仁		449	M	1
2008	詞月	しづき	449	M	1
2008	遥介		450	M	1
2008	詠斗	えいと	450	M	1
2008	遥翔		451	M	1
2008	詢平	じゅんぺい	451	M	1
2008	遥麻		452	M	1
2008	諒	りょう	452	M	1
2008	里樹		453	M	1
2008	謙信	けんしん	453	M	1
2008	鉄生		454	M	1
2008	謙心	けんしん	454	M	1
2008	開世		455	M	1
2008	貴翔	たかと	455	M	1
2008	陸叶		456	M	1
2008	賢幸	まさゆき	456	M	1
2008	陽仁		457	M	1
2008	越	えつ	457	M	1
2008	陽俊		458	M	1
2008	輝	あきら	458	M	1
2008	陽向		459	M	1
2008	輝	ひかる	459	M	1
2008	陽太		460	M	1
2008	輝大郎	こうたろう	460	M	1
2008	陽暉		461	M	1
2008	迅	じん	461	M	1
2008	陽樹		462	M	1
2008	透	とおる	462	M	1
2008	陽永		463	M	1
2008	逞心	たくみ	463	M	1
2008	陽貴		464	M	1
2008	逞真	たくま	464	M	1
2008	陽陸		465	M	1
2008	遥仁	はるひと	465	M	1
2008	隆介		466	M	1
2008	遥介	ようすけ	466	M	1
2008	隆輝		467	M	1
2008	遥翔	はると	467	M	1
2008	隼人		468	M	1
2008	遥麻	はるま	468	M	1
2008	雅拓		469	M	1
2008	里樹	りき	469	M	1
2008	零人		470	M	1
2008	鉄生	てっしょう	470	M	1
2008	青已		471	M	1
2008	開世	かいせい	471	M	1
2008	響		472	M	1
2008	陸叶	りくと	472	M	1
2008	頼仁		473	M	1
2008	陽	はる	473	M	1
2008	類		474	M	1
2008	陽	よう	474	M	1
2008	風希		475	M	1
2008	陽仁	はるひと	475	M	1
2008	颯		476	M	1
2008	陽俊	はると	476	M	1
2008	飛月		477	M	1
2008	陽向	ひなた	477	M	1
2008	駿		478	M	1
2008	陽太	ひなた	478	M	1
2008	駿斗		479	M	1
2008	陽暉	はるき	479	M	1
2008	鴻之介		480	M	1
2008	陽樹	はるき	480	M	1
2008	鵬雅		481	M	1
2008	陽永	はると	481	M	1
2008	麗音		482	M	1
2008	陽貴	ひだか	482	M	1
2008	黎人		483	M	1
2008	陽陸	ひたち	483	M	1
2008	龍平		484	M	1
2008	隆介	りゅうすけ	484	M	1
2008	龍弥		485	M	1
2008	隆輝	りゅうき	485	M	1
2008	龍正		486	M	1
2008	隼人	はやと	486	M	1
2008	龍琥		487	M	1
2008	雅拓	まひろ	487	M	1
2008	龍登		488	M	1
2008	雅樹	まさき	488	M	1
2008	龍雅		489	M	1
2008	雅樹	みやび	489	M	1
2008	零人	れいと	490	M	1
2008	青已	あおい	491	M	1
2008	響	ひびき	492	M	1
2008	頼仁	らいと	493	M	1
2008	類	るい	494	M	1
2008	風希	ふうき	495	M	1
2008	颯	そう	496	M	1
2008	飛月	ひづき	497	M	1
2008	駿	しゅん	498	M	1
2008	駿斗	はやと	499	M	1
2008	鴻之介	こうのすけ	500	M	1
2008	鵬雅	ほうが	501	M	1
2008	麗音	れおん	502	M	1
2008	黎人	れいと	503	M	1
2008	龍平	りゅうへい	504	M	1
2008	龍弥	たつや	505	M	1
2008	龍正	りゅうせい	506	M	1
2008	龍琥	りゅうく	507	M	1
2008	龍登	りゅうと	508	M	1
2008	龍雅	りゅうが	509	M	1
2009	優月		1	F	4
2009		ゆい	1	F	13
2009	優月	ゆづき	1	F	4
2009	優衣		2	F	4
2009		りこ	2	F	11
2009	莉子	りこ	2	F	4
2009	璃音		3	F	4
2009		めい	3	F	8
2009	さくら	さくら	3	F	3
2009	莉子		4	F	4
2009		りお	4	F	8
2009	ひより	ひより	4	F	3
2009	さくら		5	F	3
2009		みゆ	5	F	7
2009	七海	ななみ	5	F	3
2009	ひより		6	F	3
2009		りおん	6	F	7
2009	優衣	ゆい	6	F	3
2009	七海		7	F	3
2009		あいり	7	F	6
2009	和奏	わかな	7	F	3
2009	和奏		8	F	3
2009		こころ	8	F	6
2009	奈々	なな	8	F	3
2009	奈々		9	F	3
2009		なな	9	F	6
2009	心	こころ	9	F	3
2009	心		10	F	3
2009		はな	10	F	6
2009	柚希	ゆずき	10	F	3
2009	柚希		11	F	3
2009		ほのか	11	F	6
2009	椿	つばき	11	F	3
2009	椿		12	F	3
2009		ゆう	12	F	6
2009	楓	かえで	12	F	3
2009	楓		13	F	3
2009		いちか	13	F	5
2009	結	ゆい	13	F	3
2009	結		14	F	3
2009		さき	14	F	5
2009	莉緒	りお	14	F	3
2009	美優		15	F	3
2009		ななみ	15	F	5
2009	あかり	あかり	15	F	2
2009	莉緒		16	F	3
2009		ひな	16	F	5
2009	一花	いちか	16	F	2
2009	あかり		17	F	2
2009		ひより	17	F	5
2009	乃々華	ののか	17	F	2
2009	一花		18	F	2
2009		みう	18	F	5
2009	乃愛	のあ	18	F	2
2009	乃々華		19	F	2
2009		みお	19	F	5
2009	優明	ゆうあ	19	F	2
2009	乃愛		20	F	2
2009		ゆうあ	20	F	5
2009	凛子	りこ	20	F	2
2009	優明		21	F	2
2009		りあ	21	F	5
2009	凜	りん	21	F	2
2009	凛子		22	F	2
2009		あかり	22	F	4
2009	千鶴	ちづる	22	F	2
2009	凜		23	F	2
2009		さら	23	F	4
2009	奈美	なみ	23	F	2
2009	千愛		24	F	2
2009		しおり	24	F	4
2009	寧々	ねね	24	F	2
2009	千鶴		25	F	2
2009		はるか	25	F	4
2009	帆夏	ほのか	25	F	2
2009	友音		26	F	2
2009		まな	26	F	4
2009	彩希	さき	26	F	2
2009	和花		27	F	2
2009		ゆうか	27	F	4
2009	彩心	あやみ	27	F	2
2009	夏音		28	F	2
2009		ゆうな	28	F	4
2009	志帆	しほ	28	F	2
2009	奈美		29	F	2
2009		ゆずき	29	F	4
2009	恋羽	こはね	29	F	2
2009	寧々		30	F	2
2009		ゆづき	30	F	4
2009	愛梨	あいり	30	F	2
2009	帆夏		31	F	2
2009		りな	31	F	4
2009	愛莉	あいり	31	F	2
2009	彩希		32	F	2
2009		りん	32	F	4
2009	椛	もみじ	32	F	2
2009	彩心		33	F	2
2009		るな	33	F	4
2009	樹奈	じゅな	33	F	2
2009	心愛		34	F	2
2009		わかな	34	F	4
2009	琴葉	ことは	34	F	2
2009	志帆		35	F	2
2009		あおい	35	F	3
2009	璃音	りおん	35	F	2
2009	恋羽		36	F	2
2009		あやね	36	F	3
2009	璃音	りのん	36	F	2
2009	悠愛		37	F	2
2009		あんな	37	F	3
2009	真愛	まな	37	F	2
2009	愛心		38	F	2
2009		かえで	38	F	3
2009	絆	きずな	38	F	2
2009	愛梨		39	F	2
2009		かのん	39	F	3
2009	結花	ゆうか	39	F	2
2009	愛美		40	F	2
2009		さくら	40	F	3
2009	絢音	あやね	40	F	2
2009	愛莉		41	F	2
2009		しほ	41	F	3
2009	綾愛	りおん	41	F	2
2009	梨愛		42	F	2
2009		つばき	42	F	3
2009	美優	みゆ	42	F	2
2009	椛		43	F	2
2009		のあ	43	F	3
2009	美波	みなみ	43	F	2
2009	樹奈		44	F	2
2009		ののか	44	F	3
2009	美羽	みう	44	F	2
2009	琴葉		45	F	2
2009		みく	45	F	3
2009	芽依	めい	45	F	2
2009	瑠愛		46	F	2
2009		みつき	46	F	3
2009	芽生	めい	46	F	2
2009	真愛		47	F	2
2009		みなみ	47	F	3
2009	茉那	まな	47	F	2
2009	絆		48	F	2
2009		ももか	48	F	3
2009	莉亜	りあ	48	F	2
2009	結花		49	F	2
2009		りのん	49	F	3
2009	あおい	あおい	49	F	1
2009	絢音		50	F	2
2009		りほ	50	F	3
2009	あずさ	あずさ	50	F	1
2009	綾愛		51	F	2
2009		あいか	51	F	2
2009	あやめ	あやめ	51	F	1
2009	美波		52	F	2
2009		あこ	52	F	2
2009	いちか	いちか	52	F	1
2009	美羽		53	F	2
2009		あみ	53	F	2
2009	きらら	きらら	53	F	1
2009	芽依		54	F	2
2009		あやな	54	F	2
2009	けいと	けいと	54	F	1
2009	芽生		55	F	2
2009		あやみ	55	F	2
2009	こあ	こあ	55	F	1
2009	茉那		56	F	2
2009		あんり	56	F	2
2009	こまち	こまち	56	F	1
2009	莉亜		57	F	2
2009		かな	57	F	2
2009	さつき	さつき	57	F	1
2009	莉音		58	F	2
2009		かりん	58	F	2
2009	すみれ	すみれ	58	F	1
2009	あおい		59	F	1
2009		きずな	59	F	2
2009	ちぐさ	ちぐさ	59	F	1
2009	あずさ		60	F	1
2009		きらら	60	F	2
2009	ちひろ	ちひろ	60	F	1
2009	あやめ		61	F	1
2009		くるみ	61	F	2
2009	なごみ	なごみ	61	F	1
2009	いちか		62	F	1
2009		こあ	62	F	2
2009	にこ	にこ	62	F	1
2009	きらら		63	F	1
2009		ここな	63	F	2
2009	のぞみ	のぞみ	63	F	1
2009	けいと		64	F	1
2009		ここね	64	F	2
2009	のばら	のばら	64	F	1
2009	こあ		65	F	1
2009		ことは	65	F	2
2009	はな	はな	65	F	1
2009	こまち		66	F	1
2009		こはね	66	F	2
2009	ひなた	ひなた	66	F	1
2009	さつき		67	F	1
2009		さな	67	F	2
2009	まなか	まなか	67	F	1
2009	すみれ		68	F	1
2009		さや	68	F	2
2009	みみ	みみ	68	F	1
2009	ちぐさ		69	F	1
2009		さゆき	69	F	2
2009	みやび	みやび	69	F	1
2009	ちひろ		70	F	1
2009		さわ	70	F	2
2009	もも	もも	70	F	1
2009	なごみ		71	F	1
2009		じゅな	71	F	2
2009	りさ	りさ	71	F	1
2009	にこ		72	F	1
2009		すみれ	72	F	2
2009	るな	るな	72	F	1
2009	のぞみ		73	F	1
2009		そあ	73	F	2
2009	レオナ	れおな	73	F	1
2009	のばら		74	F	1
2009		ちづる	74	F	2
2009	一椛	いちか	74	F	1
2009	はな		75	F	1
2009		なごみ	75	F	2
2009	一翠	ひすい	75	F	1
2009	ひなた		76	F	1
2009		なつき	76	F	2
2009	一菜	いちな	76	F	1
2009	まなか		77	F	1
2009		なみ	77	F	2
2009	七枝	なえ	77	F	1
2009	みみ		78	F	1
2009		にこ	78	F	2
2009	七碧	ななみ	78	F	1
2009	みやび		79	F	1
2009		ねね	79	F	2
2009	七結	なゆ	79	F	1
2009	もも		80	F	1
2009		のぞみ	80	F	2
2009	七菜	なな	80	F	1
2009	りさ		81	F	1
2009		のどか	81	F	2
2009	乃彩	のあ	81	F	1
2009	るな		82	F	1
2009		のの	82	F	2
2009	久琉美	くるみ	82	F	1
2009	レオナ		83	F	1
2009		はづき	83	F	2
2009	二瑚	にこ	83	F	1
2009	一椛		84	F	1
2009		ひなた	84	F	2
2009	亜依莉	あいり	84	F	1
2009	一翠		85	F	1
2009		まなか	85	F	2
2009	亜実	つぐみ	85	F	1
2009	一菜		86	F	1
2009		まなみ	86	F	2
2009	京珠	みやび	86	F	1
2009	七枝		87	F	1
2009		まほ	87	F	2
2009	佐和	さわ	87	F	1
2009	七碧		88	F	1
2009		まゆ	88	F	2
2009	佑子	ゆうこ	88	F	1
2009	七結		89	F	1
2009		みか	89	F	2
2009	佑菜	ゆな	89	F	1
2009	七菜		90	F	1
2009		みさき	90	F	2
2009	佑香	ゆうか	90	F	1
2009	乃彩		91	F	1
2009		みさと	91	F	2
2009	佳音	かのん	91	F	1
2009	久琉美		92	F	1
2009		みやび	92	F	2
2009	俐安	りあん	92	F	1
2009	二瑚		93	F	1
2009		みゆう	93	F	2
2009	優希	ゆうき	93	F	1
2009	亜依莉		94	F	1
2009		めいな	94	F	2
2009	優杏	ゆうあ	94	F	1
2009	亜実		95	F	1
2009		もみじ	95	F	2
2009	優沙	ゆずな	95	F	1
2009	京珠		96	F	1
2009		ゆあ	96	F	2
2009	優羽菜	ゆうな	96	F	1
2009	佐和		97	F	1
2009		ゆいな	97	F	2
2009	優芽	ゆめ	97	F	1
2009	佑子		98	F	1
2009		ゆき	98	F	2
2009	優菜	ゆうな	98	F	1
2009	佑菜		99	F	1
2009		るか	99	F	2
2009	優葵	ゆき	99	F	1
2009	佑香		100	F	1
2009		れあん	100	F	2
2009	優衣	ゆう	100	F	1
2009	佳音		101	F	1
2009		あいこ	101	F	1
2009	優那	ゆうな	101	F	1
2009	俐安		102	F	1
2009		あいの	102	F	1
2009	優里	ゆうり	102	F	1
2009	優希		103	F	1
2009		あいみ	103	F	1
2009	優音	ゆね	103	F	1
2009	優杏		104	F	1
2009		あいら	104	F	1
2009	光	ひかり	104	F	1
2009	優沙		105	F	1
2009		あお	105	F	1
2009	光希	みつき	105	F	1
2009	優羽菜		106	F	1
2009		あきえ	106	F	1
2009	光音	ひろの	106	F	1
2009	優芽		107	F	1
2009		あきほ	107	F	1
2009	冴空	さら	107	F	1
2009	優菜		108	F	1
2009		あさひ	108	F	1
2009	凌	りょう	108	F	1
2009	優葵		109	F	1
2009		あずさ	109	F	1
2009	凛	りん	109	F	1
2009	優那		110	F	1
2009		あやか	110	F	1
2009	凜恋	りこ	110	F	1
2009	優里		111	F	1
2009		あやの	111	F	1
2009	凜美	りん	111	F	1
2009	優音		112	F	1
2009		あやめ	112	F	1
2009	凜音	りおん	112	F	1
2009	光		113	F	1
2009		あゆ	113	F	1
2009	千愛	ちあ	113	F	1
2009	光希		114	F	1
2009		あゆな	114	F	1
2009	千愛	ちえ	114	F	1
2009	光音		115	F	1
2009		あゆみ	115	F	1
2009	千晴	ちはる	115	F	1
2009	冴空		116	F	1
2009		あんず	116	F	1
2009	友唯	ゆい	116	F	1
2009	凌		117	F	1
2009		あんる	117	F	1
2009	友里	ゆり	117	F	1
2009	凛		118	F	1
2009		いおり	118	F	1
2009	友音	ともね	118	F	1
2009	凜恋		119	F	1
2009		いちな	119	F	1
2009	友音	ゆう	119	F	1
2009	凜美		120	F	1
2009		いぶき	120	F	1
2009	叶々	のの	120	F	1
2009	凜音		121	F	1
2009		うた	121	F	1
2009	叶華	きょうか	121	F	1
2009	千晴		122	F	1
2009		うたこ	122	F	1
2009	名都	なつ	122	F	1
2009	友唯		123	F	1
2009		うらら	123	F	1
2009	和夏	のどか	123	F	1
2009	友里		124	F	1
2009		えいみ	124	F	1
2009	和愛	なごみ	124	F	1
2009	叶々		125	F	1
2009		える	125	F	1
2009	和紗	かずさ	125	F	1
2009	叶華		126	F	1
2009		えるな	126	F	1
2009	和花	あいか	126	F	1
2009	名都		127	F	1
2009		えれな	127	F	1
2009	和花	のどか	127	F	1
2009	和夏		128	F	1
2009		えれん	128	F	1
2009	咲友	さゆ	128	F	1
2009	和愛		129	F	1
2009		おとは	129	F	1
2009	咲来	さら	129	F	1
2009	和紗		130	F	1
2009		かえ	130	F	1
2009	咲蘭	さら	130	F	1
2009	咲友		131	F	1
2009		かえら	131	F	1
2009	咲陽	さや	131	F	1
2009	咲来		132	F	1
2009		かおり	132	F	1
2009	咲音	さきね	132	F	1
2009	咲蘭		133	F	1
2009		かこ	133	F	1
2009	唯	ゆい	133	F	1
2009	咲陽		134	F	1
2009		かすみ	134	F	1
2009	唯七	ゆいな	134	F	1
2009	咲音		135	F	1
2009		かずさ	135	F	1
2009	夏希	なつき	135	F	1
2009	唯		136	F	1
2009		かずな	136	F	1
2009	夏海	なつみ	136	F	1
2009	唯七		137	F	1
2009		かなで	137	F	1
2009	夏鈴	かりん	137	F	1
2009	夏希		138	F	1
2009		かほ	138	F	1
2009	夏音	かのん	138	F	1
2009	夏海		139	F	1
2009		かんな	139	F	1
2009	夏音	なな	139	F	1
2009	夏鈴		140	F	1
2009		きいな	140	F	1
2009	夢々	むむ	140	F	1
2009	夢々		141	F	1
2009		きさ	141	F	1
2009	夢來	ゆら	141	F	1
2009	夢來		142	F	1
2009		きみ	142	F	1
2009	奏	かなで	142	F	1
2009	奏		143	F	1
2009		きゆ	143	F	1
2009	奏碧	そあ	143	F	1
2009	奏碧		144	F	1
2009		きょうか	144	F	1
2009	妃宵	ひよい	144	F	1
2009	妃宵		145	F	1
2009		きらり	145	F	1
2009	妃紗	きさ	145	F	1
2009	妃紗		146	F	1
2009		くう	146	F	1
2009	姫奈	ひな	146	F	1
2009	姫奈		147	F	1
2009		くれな	147	F	1
2009	姫愛	ひより	147	F	1
2009	姫愛		148	F	1
2009		けいと	148	F	1
2009	媛乃	ひめの	148	F	1
2009	媛乃		149	F	1
2009		こい	149	F	1
2009	子杏	こあ	149	F	1
2009	子杏		150	F	1
2009		こう	150	F	1
2009	安菜	あんな	150	F	1
2009	安菜		151	F	1
2009		こうき	151	F	1
2009	実咲	みさき	151	F	1
2009	実咲		152	F	1
2009		ここみ	152	F	1
2009	実夏	みか	152	F	1
2009	実夏		153	F	1
2009		ことみ	153	F	1
2009	実瑠来	みるく	153	F	1
2009	実瑠来		154	F	1
2009		このか	154	F	1
2009	実生	みつき	154	F	1
2009	実生		155	F	1
2009		こはる	155	F	1
2009	実花	みか	155	F	1
2009	実花		156	F	1
2009		こまち	156	F	1
2009	帆奈	はんな	156	F	1
2009	帆奈		157	F	1
2009		さあや	157	F	1
2009	希依奈	きいな	157	F	1
2009	希依奈		158	F	1
2009		さえ	158	F	1
2009	希星	きらら	158	F	1
2009	希星		159	F	1
2009		さえり	159	F	1
2009	希未	きみ	159	F	1
2009	希未		160	F	1
2009		さおう	160	F	1
2009	希美	のぞみ	160	F	1
2009	希美		161	F	1
2009		さきね	161	F	1
2009	希音	のの	161	F	1
2009	希音		162	F	1
2009		さくらこ	162	F	1
2009	弥々	やや	162	F	1
2009	弥々		163	F	1
2009		さつき	163	F	1
2009	弥吹	みぶき	163	F	1
2009	弥吹		164	F	1
2009		さとみ	164	F	1
2009	彌優	みゆう	164	F	1
2009	彌優		165	F	1
2009		さやか	165	F	1
2009	彩乃	あやの	165	F	1
2009	彩乃		166	F	1
2009		さゆ	166	F	1
2009	彩奏	あやな	166	F	1
2009	彩奏		167	F	1
2009		しえる	167	F	1
2009	彩実	あみ	167	F	1
2009	彩実		168	F	1
2009		しずく	168	F	1
2009	彩花	あやか	168	F	1
2009	彩花		169	F	1
2009		しづき	169	F	1
2009	彩里	さえり	169	F	1
2009	彩里		170	F	1
2009		しゅおん	170	F	1
2009	彩音	あやね	170	F	1
2009	彩音		171	F	1
2009		しゅな	171	F	1
2009	徠夢	らいむ	171	F	1
2009	徠夢		172	F	1
2009		しょうた	172	F	1
2009	心優	みゆ	172	F	1
2009	心優		173	F	1
2009		じゅき	173	F	1
2009	心寧	ここね	173	F	1
2009	心寧		174	F	1
2009		すずか	174	F	1
2009	心愛	ここな	174	F	1
2009	心春		175	F	1
2009		すみか	175	F	1
2009	心愛	こころ	175	F	1
2009	心桜		176	F	1
2009		せいか	176	F	1
2009	心春	こはる	176	F	1
2009	心海		177	F	1
2009		せな	177	F	1
2009	心桜	みお	177	F	1
2009	心菜		178	F	1
2009		その	178	F	1
2009	心海	ここみ	178	F	1
2009	心音		179	F	1
2009		たかこ	179	F	1
2009	心菜	ここな	179	F	1
2009	心響		180	F	1
2009		たまお	180	F	1
2009	心音	ここね	180	F	1
2009	志保		181	F	1
2009		たまき	181	F	1
2009	心響	こころ	181	F	1
2009	怜奈		182	F	1
2009		ちあ	182	F	1
2009	志保	しほ	182	F	1
2009	怜花		183	F	1
2009		ちえ	183	F	1
2009	怜奈	れな	183	F	1
2009	悠		184	F	1
2009		ちぐさ	184	F	1
2009	怜花	れいか	184	F	1
2009	悠菜		185	F	1
2009		ちはる	185	F	1
2009	悠	ゆう	185	F	1
2009	悠衣		186	F	1
2009		ちひろ	186	F	1
2009	悠愛	ゆあ	186	F	1
2009	惠琉菜		187	F	1
2009		つきは	187	F	1
2009	悠愛	ゆうあ	187	F	1
2009	想乃		188	F	1
2009		つぐみ	188	F	1
2009	悠菜	ゆうな	188	F	1
2009	愛乃		189	F	1
2009		つむぎ	189	F	1
2009	悠衣	ゆい	189	F	1
2009	愛佳		190	F	1
2009		とうこ	190	F	1
2009	惠琉菜	えるな	190	F	1
2009	愛依		191	F	1
2009		ともか	191	F	1
2009	想乃	その	191	F	1
2009	愛子		192	F	1
2009		ともね	192	F	1
2009	愛乃	あいの	192	F	1
2009	愛海		193	F	1
2009		なえ	193	F	1
2009	愛佳	まなか	193	F	1
2009	愛璃		194	F	1
2009		なつ	194	F	1
2009	愛依	めい	194	F	1
2009	愛祐		195	F	1
2009		なつか	195	F	1
2009	愛子	あいこ	195	F	1
2009	愛結		196	F	1
2009		なつみ	196	F	1
2009	愛心	あこ	196	F	1
2009	愛良		197	F	1
2009		なつめ	197	F	1
2009	愛心	まなみ	197	F	1
2009	愛華		198	F	1
2009		なゆ	198	F	1
2009	愛海	まなみ	198	F	1
2009	愛音		199	F	1
2009		のばら	199	F	1
2009	愛璃	あいり	199	F	1
2009	成香		200	F	1
2009		はぐみ	200	F	1
2009	愛祐	まう	200	F	1
2009	才櫻		201	F	1
2009		はやと	201	F	1
2009	愛結	あゆ	201	F	1
2009	捺夏		202	F	1
2009		はるあ	202	F	1
2009	愛美	あいみ	202	F	1
2009	捺愛		203	F	1
2009		はるね	203	F	1
2009	愛美	あみ	203	F	1
2009	日咲希		204	F	1
2009		はるの	204	F	1
2009	愛良	あいら	204	F	1
2009	日葉里		205	F	1
2009		はんな	205	F	1
2009	愛華	あいか	205	F	1
2009	早菫		206	F	1
2009		ひかり	206	F	1
2009	愛音	りずむ	206	F	1
2009	明		207	F	1
2009		ひさき	207	F	1
2009	成香	せいか	207	F	1
2009	明子		208	F	1
2009		ひすい	208	F	1
2009	才櫻	さおう	208	F	1
2009	明愛		209	F	1
2009		ひめの	209	F	1
2009	捺夏	なつか	209	F	1
2009	明笑		210	F	1
2009		ひよい	210	F	1
2009	捺愛	なつめ	210	F	1
2009	明衣		211	F	1
2009		ひろの	211	F	1
2009	日咲希	ひさき	211	F	1
2009	明香		212	F	1
2009		ふあり	212	F	1
2009	日葉里	ひより	212	F	1
2009	星多流		213	F	1
2009		ふうか	213	F	1
2009	早菫	すみれ	213	F	1
2009	星夢		214	F	1
2009		ふわら	214	F	1
2009	明	あかり	214	F	1
2009	星璃		215	F	1
2009		ほたる	215	F	1
2009	明子	あこ	215	F	1
2009	春音		216	F	1
2009		ほなみ	216	F	1
2009	明愛	めい	216	F	1
2009	春香		217	F	1
2009		まい	217	F	1
2009	明笑	あきえ	217	F	1
2009	晏李		218	F	1
2009		まいこ	218	F	1
2009	明衣	めい	218	F	1
2009	晶帆		219	F	1
2009		まいさ	219	F	1
2009	明香	めいか	219	F	1
2009	智美		220	F	1
2009		まいん	220	F	1
2009	星多流	ほたる	220	F	1
2009	月映		221	F	1
2009		まう	221	F	1
2009	星夢	らむ	221	F	1
2009	有香		222	F	1
2009		まうな	222	F	1
2009	星璃	きらり	222	F	1
2009	朋花		223	F	1
2009		まお	223	F	1
2009	春音	はるね	223	F	1
2009	朝陽		224	F	1
2009		まはろ	224	F	1
2009	春香	はるか	224	F	1
2009	未來		225	F	1
2009		まや	225	F	1
2009	晏李	あんり	225	F	1
2009	未優		226	F	1
2009		まりあ	226	F	1
2009	晶帆	あきほ	226	F	1
2009	未夢		227	F	1
2009		まりな	227	F	1
2009	智美	さとみ	227	F	1
2009	未央		228	F	1
2009		まる	228	F	1
2009	月映	つきは	228	F	1
2009	未来		229	F	1
2009		みあ	229	F	1
2009	有香	ゆうか	229	F	1
2009	未桜		230	F	1
2009		みあい	230	F	1
2009	朋花	ともか	230	F	1
2009	未歩		231	F	1
2009		みくる	231	F	1
2009	朝陽	あさひ	231	F	1
2009	未結		232	F	1
2009		みこと	232	F	1
2009	未來	みくる	232	F	1
2009	未虹依		233	F	1
2009		みすず	233	F	1
2009	未優	みゆ	233	F	1
2009	未采		234	F	1
2009		みずは	234	F	1
2009	未夢	みゆ	234	F	1
2009	朱穏		235	F	1
2009		みそら	235	F	1
2009	未央	みお	235	F	1
2009	杏		236	F	1
2009		みちか	236	F	1
2009	未来	みらい	236	F	1
2009	杏奈		237	F	1
2009		みつこ	237	F	1
2009	未桜	みお	237	F	1
2009	杏梨		238	F	1
2009		みと	238	F	1
2009	未歩	みほ	238	F	1
2009	杏瑠		239	F	1
2009		みな	239	F	1
2009	未結	みゆ	239	F	1
2009	杏菜		240	F	1
2009		みなぎ	240	F	1
2009	未虹依	みにい	240	F	1
2009	来実		241	F	1
2009		みにい	241	F	1
2009	未采	みこと	241	F	1
2009	柚愛		242	F	1
2009		みぶき	242	F	1
2009	朱穏	しゅおん	242	F	1
2009	柚月菜		243	F	1
2009		みほ	243	F	1
2009	杏	あんず	243	F	1
2009	柚璃乃		244	F	1
2009		みみ	244	F	1
2009	杏奈	あんな	244	F	1
2009	柚稀		245	F	1
2009		みよん	245	F	1
2009	杏梨	あんり	245	F	1
2009	柚花		246	F	1
2009		みらい	246	F	1
2009	杏瑠	あんる	246	F	1
2009	栞奈		247	F	1
2009		みるく	247	F	1
2009	杏菜	あんな	247	F	1
2009	栞瑠		248	F	1
2009		みれい	248	F	1
2009	来実	くるみ	248	F	1
2009	栞織		249	F	1
2009		むむ	249	F	1
2009	柚愛	ゆあ	249	F	1
2009	桃果		250	F	1
2009		めいあ	250	F	1
2009	柚月菜	ゆきな	250	F	1
2009	桜乃亜		251	F	1
2009		めいか	251	F	1
2009	柚璃乃	ゆりの	251	F	1
2009	桜子		252	F	1
2009		めいり	252	F	1
2009	柚稀	ゆずき	252	F	1
2009	桜羽		253	F	1
2009		めぐ	253	F	1
2009	柚花	ゆずは	253	F	1
2009	梨々華		254	F	1
2009		もあ	254	F	1
2009	栞奈	かんな	254	F	1
2009	梨瑠亜		255	F	1
2009		もね	255	F	1
2009	栞瑠	しえる	255	F	1
2009	梨音		256	F	1
2009		もも	256	F	1
2009	栞織	しおり	256	F	1
2009	椛心		257	F	1
2009		やや	257	F	1
2009	桃果	ももか	257	F	1
2009	楓良		258	F	1
2009		ゆいこ	258	F	1
2009	桜乃亜	りのあ	258	F	1
2009	楓菜		259	F	1
2009		ゆいね	259	F	1
2009	桜子	さくらこ	259	F	1
2009	樹希		260	F	1
2009		ゆうき	260	F	1
2009	桜羽	みう	260	F	1
2009	歩奈		261	F	1
2009		ゆうこ	261	F	1
2009	梨々華	りりか	261	F	1
2009	歩良		262	F	1
2009		ゆうり	262	F	1
2009	梨愛	りあ	262	F	1
2009	汎禾		263	F	1
2009		ゆきな	263	F	1
2009	梨愛	りな	263	F	1
2009	汐織		264	F	1
2009		ゆきの	264	F	1
2009	梨瑠亜	りるあ	264	F	1
2009	沙南		265	F	1
2009		ゆずな	265	F	1
2009	梨音	りおん	265	F	1
2009	沙樹		266	F	1
2009		ゆずは	266	F	1
2009	椛心	かこ	266	F	1
2009	沙羅		267	F	1
2009		ゆな	267	F	1
2009	楓良	かえら	267	F	1
2009	海空		268	F	1
2009		ゆね	268	F	1
2009	楓菜	かな	268	F	1
2009	涼花		269	F	1
2009		ゆの	269	F	1
2009	樹希	じゅき	269	F	1
2009	涼香		270	F	1
2009		ゆまり	270	F	1
2009	歩奈	あゆな	270	F	1
2009	清夏		271	F	1
2009		ゆめ	271	F	1
2009	歩良	あゆみ	271	F	1
2009	澄香		272	F	1
2009		ゆら	272	F	1
2009	汎禾	ふうか	272	F	1
2009	玲		273	F	1
2009		ゆり	273	F	1
2009	汐織	しおり	273	F	1
2009	玲杏		274	F	1
2009		ゆりな	274	F	1
2009	沙南	さな	274	F	1
2009	珠生		275	F	1
2009		ゆりの	275	F	1
2009	沙樹	さき	275	F	1
2009	理桜		276	F	1
2009		よりほ	276	F	1
2009	沙羅	さら	276	F	1
2009	理緒		277	F	1
2009		らいむ	277	F	1
2009	海空	みそら	277	F	1
2009	琉夏		278	F	1
2009		らむ	278	F	1
2009	涼花	すずか	278	F	1
2009	琉愛		279	F	1
2009		りあら	279	F	1
2009	涼香	りょうか	279	F	1
2009	琉華		280	F	1
2009		りあん	280	F	1
2009	清夏	さやか	280	F	1
2009	琉那		281	F	1
2009		りか	281	F	1
2009	澄香	すみか	281	F	1
2009	琴海		282	F	1
2009		りさ	282	F	1
2009	玲	れい	282	F	1
2009	瑚依		283	F	1
2009		りずむ	283	F	1
2009	玲杏	れあん	283	F	1
2009	瑛恋		284	F	1
2009		りの	284	F	1
2009	珠生	たまお	284	F	1
2009	瑛美		285	F	1
2009		りのあ	285	F	1
2009	理桜	りお	285	F	1
2009	瑞葉		286	F	1
2009		りょう	286	F	1
2009	理緒	りお	286	F	1
2009	瑠璃		287	F	1
2009		りょうか	287	F	1
2009	琉夏	るか	287	F	1
2009	瑠菜		288	F	1
2009		りりか	288	F	1
2009	琉愛	りあ	288	F	1
2009	璃子		289	F	1
2009		りるあ	289	F	1
2009	琉華	るか	289	F	1
2009	璃心		290	F	1
2009		るり	290	F	1
2009	琉那	るな	290	F	1
2009	環		291	F	1
2009		るるあ	291	F	1
2009	琴海	ことみ	291	F	1
2009	由		292	F	1
2009		れい	292	F	1
2009	瑚依	こい	292	F	1
2009	由奈		293	F	1
2009		れいか	293	F	1
2009	瑛恋	えれん	293	F	1
2009	由羽		294	F	1
2009		れおな	294	F	1
2009	瑛美	えいみ	294	F	1
2009	百々花		295	F	1
2009		れな	295	F	1
2009	瑞葉	みずは	295	F	1
2009	百花		296	F	1
2009		れね	296	F	1
2009	瑠愛	るな	296	F	1
2009	皆美		297	F	1
2009		ろみ	297	F	1
2009	瑠愛	るるあ	297	F	1
2009	眞生		298	F	1
2009	瑠璃	るり	298	F	1
2009	真優		299	F	1
2009	瑠菜	るな	299	F	1
2009	真央		300	F	1
2009	璃子	りこ	300	F	1
2009	真弥		301	F	1
2009	璃心	りこ	301	F	1
2009	真心		302	F	1
2009	環	たまき	302	F	1
2009	真瑠		303	F	1
2009	由	ゆい	303	F	1
2009	碧海		304	F	1
2009	由奈	ゆいな	304	F	1
2009	碧音		305	F	1
2009	由羽	ゆう	305	F	1
2009	祐依		306	F	1
2009	百々花	ももか	306	F	1
2009	祐衣		307	F	1
2009	百花	ももか	307	F	1
2009	祐里		308	F	1
2009	皆美	みなみ	308	F	1
2009	種夏		309	F	1
2009	眞生	まい	309	F	1
2009	穂乃花		310	F	1
2009	真優	まゆ	310	F	1
2009	穂奈美		311	F	1
2009	真央	まお	311	F	1
2009	穂華		312	F	1
2009	真弥	まや	312	F	1
2009	穂香		313	F	1
2009	真心	こころ	313	F	1
2009	空愛		314	F	1
2009	真瑠	まる	314	F	1
2009	空羽		315	F	1
2009	碧海	みう	315	F	1
2009	笑春		316	F	1
2009	碧音	みお	316	F	1
2009	紅		317	F	1
2009	祐依	ゆい	317	F	1
2009	紅姫		318	F	1
2009	祐衣	ゆい	318	F	1
2009	紗也		319	F	1
2009	祐里	ゆの	319	F	1
2009	紗希		320	F	1
2009	種夏	しゅな	320	F	1
2009	紗幸		321	F	1
2009	穂乃花	ほのか	321	F	1
2009	紗彩		322	F	1
2009	穂奈美	ほなみ	322	F	1
2009	紗羽		323	F	1
2009	穂華	ほのか	323	F	1
2009	紗英		324	F	1
2009	穂香	ほのか	324	F	1
2009	紗輝		325	F	1
2009	空愛	そあ	325	F	1
2009	紗那		326	F	1
2009	空羽	くう	326	F	1
2009	紗雪		327	F	1
2009	笑春	える	327	F	1
2009	紘羽		328	F	1
2009	紅	くれな	328	F	1
2009	紫緒里		329	F	1
2009	紅姫	こうき	329	F	1
2009	紬葵		330	F	1
2009	紗也	さや	330	F	1
2009	絆希		331	F	1
2009	紗希	さき	331	F	1
2009	絆結		332	F	1
2009	紗幸	さゆき	332	F	1
2009	結亜		333	F	1
2009	紗彩	さあや	333	F	1
2009	結子		334	F	1
2009	紗羽	さわ	334	F	1
2009	結宇		335	F	1
2009	紗英	さえ	335	F	1
2009	結理奈		336	F	1
2009	紗輝	さき	336	F	1
2009	結衣		337	F	1
2009	紗那	さな	337	F	1
2009	結音		338	F	1
2009	紗雪	さゆき	338	F	1
2009	絢絆		339	F	1
2009	紘羽	こう	339	F	1
2009	美凪		340	F	1
2009	紫緒里	しおり	340	F	1
2009	美咲		341	F	1
2009	紬葵	つむぎ	341	F	1
2009	美奈		342	F	1
2009	絆希	ゆき	342	F	1
2009	美怜		343	F	1
2009	絆結	きゆ	343	F	1
2009	美愛		344	F	1
2009	結亜	ゆうあ	344	F	1
2009	美月		345	F	1
2009	結子	ゆいこ	345	F	1
2009	美来		346	F	1
2009	結宇	ゆう	346	F	1
2009	美津子		347	F	1
2009	結理奈	ゆりな	347	F	1
2009	美海		348	F	1
2009	結衣	ゆい	348	F	1
2009	美玖		349	F	1
2009	結音	ゆいね	349	F	1
2009	美玲		350	F	1
2009	絢絆	あやな	350	F	1
2009	美空		351	F	1
2009	美優	みゆう	351	F	1
2009	美竣		352	F	1
2009	美凪	みなぎ	352	F	1
2009	美結		353	F	1
2009	美咲	みさき	353	F	1
2009	美緒		354	F	1
2009	美奈	みな	354	F	1
2009	美聡		355	F	1
2009	美怜	みさと	355	F	1
2009	美英		356	F	1
2009	美愛	みあい	356	F	1
2009	美衣莉		357	F	1
2009	美月	みつき	357	F	1
2009	美都		358	F	1
2009	美来	みく	358	F	1
2009	美鈴		359	F	1
2009	美津子	みつこ	359	F	1
2009	羽夏		360	F	1
2009	美海	みう	360	F	1
2009	羽菜		361	F	1
2009	美玖	みく	361	F	1
2009	翔太		362	F	1
2009	美玲	みれい	362	F	1
2009	育美		363	F	1
2009	美空	みく	363	F	1
2009	自穂		364	F	1
2009	美竣	みちか	364	F	1
2009	舞音		365	F	1
2009	美結	みゆ	365	F	1
2009	花		366	F	1
2009	美緒	みお	366	F	1
2009	花南		367	F	1
2009	美聡	みさと	367	F	1
2009	花菜		368	F	1
2009	美英	みよん	368	F	1
2009	花音		369	F	1
2009	美衣莉	めいり	369	F	1
2009	芽		370	F	1
2009	美都	みと	370	F	1
2009	芽久		371	F	1
2009	美鈴	みすず	371	F	1
2009	芽寿		372	F	1
2009	羽夏	はな	372	F	1
2009	芽愛		373	F	1
2009	羽菜	はな	373	F	1
2009	芽衣奈		374	F	1
2009	翔太	しょうた	374	F	1
2009	若菜		375	F	1
2009	育美	はぐみ	375	F	1
2009	英玲奈		376	F	1
2009	自穂	よりほ	376	F	1
2009	苺奈		377	F	1
2009	舞音	まいん	377	F	1
2009	苺子		378	F	1
2009	花	はな	378	F	1
2009	苺紗		379	F	1
2009	花南	はな	379	F	1
2009	茉優		380	F	1
2009	花菜	かな	380	F	1
2009	茉歩		381	F	1
2009	花音	かのん	381	F	1
2009	茉莉亜		382	F	1
2009	芽	めい	382	F	1
2009	茉莉奈		383	F	1
2009	芽久	めぐ	383	F	1
2009	莉乃		384	F	1
2009	芽寿	いぶき	384	F	1
2009	莉央		385	F	1
2009	芽愛	めいあ	385	F	1
2009	莉奈		386	F	1
2009	芽衣奈	めいな	386	F	1
2009	莉帆		387	F	1
2009	若菜	わかな	387	F	1
2009	莉愛		388	F	1
2009	英玲奈	えれな	388	F	1
2009	莉湖		389	F	1
2009	苺奈	めいな	389	F	1
2009	莉穂		390	F	1
2009	苺子	まいこ	390	F	1
2009	莉花		391	F	1
2009	苺紗	まいさ	391	F	1
2009	莉菜		392	F	1
2009	茉優	まゆ	392	F	1
2009	菜々		393	F	1
2009	茉歩	まほ	393	F	1
2009	菜々美		394	F	1
2009	茉莉亜	まりあ	394	F	1
2009	菜月		395	F	1
2009	茉莉奈	まりな	395	F	1
2009	華		396	F	1
2009	莉乃	りの	396	F	1
2009	華純菜		397	F	1
2009	莉央	りお	397	F	1
2009	萌杏		398	F	1
2009	莉奈	りな	398	F	1
2009	萌花		399	F	1
2009	莉帆	りほ	399	F	1
2009	萌音		400	F	1
2009	莉愛	りあ	400	F	1
2009	葉月		401	F	1
2009	莉湖	りこ	401	F	1
2009	葵		402	F	1
2009	莉穂	りほ	402	F	1
2009	葵佳里		403	F	1
2009	莉花	りな	403	F	1
2009	蒼		404	F	1
2009	莉菜	りな	404	F	1
2009	蒼彩		405	F	1
2009	莉音	りおん	405	F	1
2009	虹花		406	F	1
2009	莉音	りのん	406	F	1
2009	衣千香		407	F	1
2009	菜々	なな	407	F	1
2009	衣栞		408	F	1
2009	菜々美	ななみ	408	F	1
2009	詠		409	F	1
2009	菜月	なつき	409	F	1
2009	詩呼		410	F	1
2009	華	はな	410	F	1
2009	詩月		411	F	1
2009	華純菜	かずな	411	F	1
2009	詩織		412	F	1
2009	萌杏	もあ	412	F	1
2009	貴子		413	F	1
2009	萌花	ほのか	413	F	1
2009	路実		414	F	1
2009	萌音	もね	414	F	1
2009	迅人		415	F	1
2009	葉月	はづき	415	F	1
2009	透子		416	F	1
2009	葵	あおい	416	F	1
2009	遥月		417	F	1
2009	葵佳里	あかり	417	F	1
2009	遥花		418	F	1
2009	蒼	あお	418	F	1
2009	釉憂		419	F	1
2009	蒼彩	あおい	419	F	1
2009	釉毬		420	F	1
2009	虹花	このか	420	F	1
2009	里娃蘭		421	F	1
2009	衣千香	いちか	421	F	1
2009	里帆		422	F	1
2009	衣栞	いおり	422	F	1
2009	里桜		423	F	1
2009	詠	うた	423	F	1
2009	里琴		424	F	1
2009	詩呼	うたこ	424	F	1
2009	里緒		425	F	1
2009	詩月	しづき	425	F	1
2009	里香		426	F	1
2009	詩織	しおり	426	F	1
2009	野々花		427	F	1
2009	貴子	たかこ	427	F	1
2009	陽		428	F	1
2009	路実	ろみ	428	F	1
2009	陽乃		429	F	1
2009	迅人	はやと	429	F	1
2009	陽佳		430	F	1
2009	透子	とうこ	430	F	1
2009	陽凪		431	F	1
2009	遥月	はづき	431	F	1
2009	陽南		432	F	1
2009	遥花	はるか	432	F	1
2009	陽愛		433	F	1
2009	釉憂	ゆう	433	F	1
2009	陽空		434	F	1
2009	釉毬	ゆまり	434	F	1
2009	陽花		435	F	1
2009	里娃蘭	りあら	435	F	1
2009	陽菜		436	F	1
2009	里帆	りほ	436	F	1
2009	雪乃		437	F	1
2009	里桜	りお	437	F	1
2009	雫		438	F	1
2009	里琴	りこ	438	F	1
2009	静渚		439	F	1
2009	里緒	りお	439	F	1
2009	音葉		440	F	1
2009	里香	りか	440	F	1
2009	風愛梨		441	F	1
2009	野々花	ののか	441	F	1
2009	風笑		442	F	1
2009	陽	ひなた	442	F	1
2009	香凛		443	F	1
2009	陽乃	はるの	443	F	1
2009	香帆		444	F	1
2009	陽佳	はるか	444	F	1
2009	香恵		445	F	1
2009	陽凪	ひな	445	F	1
2009	香純		446	F	1
2009	陽南	ひな	446	F	1
2009	香里		447	F	1
2009	陽愛	ひな	447	F	1
2009	魅亜		448	F	1
2009	陽空	はるあ	448	F	1
2009	麗		449	F	1
2009	陽花	はるか	449	F	1
2009	麗杏		450	F	1
2009	陽菜	ひな	450	F	1
2009	麗音		451	F	1
2009	雪乃	ゆきの	451	F	1
2009	麻歩		452	F	1
2009	雫	しずく	452	F	1
2009	麻海		453	F	1
2009	静渚	せな	453	F	1
2009	麻羽		454	F	1
2009	音葉	おとは	454	F	1
2009	風愛梨	ふあり	455	F	1
2009	風笑	ふわら	456	F	1
2009	香凛	かりん	457	F	1
2009	香帆	かほ	458	F	1
2009	香恵	かえ	459	F	1
2009	香純	かすみ	460	F	1
2009	香里	かおり	461	F	1
2009	魅亜	みあ	462	F	1
2009	麗	うらら	463	F	1
2009	麗杏	れあん	464	F	1
2009	麗音	れね	465	F	1
2009	麻歩	まほ	466	F	1
2009	麻海	まうな	467	F	1
2009	麻羽	まはろ	468	F	1
2009	拓実		1	M	4
2009		はると	1	M	16
2009	拓実	たくみ	1	M	4
2009	樹		2	M	4
2009		ゆうと	2	M	12
2009	瑛太	えいた	2	M	4
2009	瑛太		3	M	4
2009		かいと	3	M	8
2009	蓮	れん	3	M	4
2009	蓮		4	M	4
2009		ゆうき	4	M	8
2009	陸斗	りくと	4	M	4
2009	陸斗		5	M	4
2009		こうき	5	M	7
2009	海翔	かいと	5	M	3
2009	陽翔		6	M	4
2009		しょうた	6	M	7
2009	翔太	しょうた	6	M	3
2009	大輝		7	M	3
2009		そうすけ	7	M	7
2009	虎太郎	こたろう	7	M	3
2009	晴		8	M	3
2009		ひろと	8	M	7
2009	遼人	はると	8	M	3
2009	海翔		9	M	3
2009		そうた	9	M	6
2009	陽翔	はると	9	M	3
2009	翔太		10	M	3
2009		たいが	10	M	6
2009	一真	かずま	10	M	2
2009	虎太郎		11	M	3
2009		はる	11	M	6
2009	伊織	いおり	11	M	2
2009	遼人		12	M	3
2009		ひなた	12	M	6
2009	大和	やまと	12	M	2
2009	陽太		13	M	3
2009		ゆうま	13	M	6
2009	大智	だいち	13	M	2
2009	一真		14	M	2
2009		りく	14	M	6
2009	大翔	ひろと	14	M	2
2009	伊織		15	M	2
2009		りくと	15	M	6
2009	大輝	だいき	15	M	2
2009	健人		16	M	2
2009		りゅうせい	16	M	6
2009	寛人	ひろと	16	M	2
2009	大也		17	M	2
2009		れん	17	M	6
2009	昌大	まさひろ	17	M	2
2009	大和		18	M	2
2009		こたろう	18	M	5
2009	晃太	こうた	18	M	2
2009	大智		19	M	2
2009		たくと	19	M	5
2009	晴	はる	19	M	2
2009	大翔		20	M	2
2009		たくみ	20	M	5
2009	樹	いつき	20	M	2
2009	寛人		21	M	2
2009		はるま	21	M	5
2009	樹	たつき	21	M	2
2009	弥仁		22	M	2
2009		いぶき	22	M	4
2009	泰河	たいが	22	M	2
2009	昌大		23	M	2
2009		えいた	23	M	4
2009	漣	れん	23	M	2
2009	晃太		24	M	2
2009		かなた	24	M	4
2009	煌雅	こうが	24	M	2
2009	泰河		25	M	2
2009		けんしん	25	M	4
2009	翔大	しょうた	25	M	2
2009	漣		26	M	2
2009		こうが	26	M	4
2009	虹輝	こうき	26	M	2
2009	煌雅		27	M	2
2009		こうた	27	M	4
2009	誠	まこと	27	M	2
2009	玲央		28	M	2
2009		しゅんき	28	M	4
2009	誠也	せいや	28	M	2
2009	空		29	M	2
2009		そら	29	M	4
2009	遥斗	はると	29	M	2
2009	翔		30	M	2
2009		だいち	30	M	4
2009	陸	りく	30	M	2
2009	翔大		31	M	2
2009		はやと	31	M	4
2009	陸人	りくと	31	M	2
2009	蒼		32	M	2
2009		はるき	32	M	4
2009	陽向	ひなた	32	M	2
2009	蒼大		33	M	2
2009		やまと	33	M	4
2009	陽太	ようた	33	M	2
2009	虹輝		34	M	2
2009		ゆいと	34	M	4
2009	陽真	はるま	34	M	2
2009	誠		35	M	2
2009		ゆう	35	M	4
2009	颯太	そうた	35	M	2
2009	誠也		36	M	2
2009		ようた	36	M	4
2009	颯斗	はやと	36	M	2
2009	遥斗		37	M	2
2009		りゅうき	37	M	4
2009	龍輝	りゅうき	37	M	2
2009	陸		38	M	2
2009		りょうた	38	M	4
2009	うい	うい	38	M	1
2009	陸人		39	M	2
2009		かいせい	39	M	3
2009	うた	うた	39	M	1
2009	陽		40	M	2
2009		かなと	40	M	3
2009	ひら	ひら	40	M	1
2009	陽向		41	M	2
2009		けんと	41	M	3
2009	レオナ	れおな	41	M	1
2009	陽真		42	M	2
2009		こうすけ	42	M	3
2009	一匠	いっしょう	42	M	1
2009	颯太		43	M	2
2009		せいや	43	M	3
2009	一咲	いっさ	43	M	1
2009	颯斗		44	M	2
2009		そうま	44	M	3
2009	一補	かずほ	44	M	1
2009	龍輝		45	M	2
2009		たける	45	M	3
2009	一路	いちろ	45	M	1
2009	うい		46	M	1
2009		たつき	46	M	3
2009	一輝	かずき	46	M	1
2009	うた		47	M	1
2009		とうま	47	M	3
2009	一颯	いぶき	47	M	1
2009	ひら		48	M	1
2009		なおと	48	M	3
2009	世亜	せあ	48	M	1
2009	レオナ		49	M	1
2009		ひかる	49	M	3
2009	亮多	りょうた	49	M	1
2009	一匠		50	M	1
2009		まこと	50	M	3
2009	仁	じん	50	M	1
2009	一咲		51	M	1
2009		まさと	51	M	3
2009	伊吹	いぶき	51	M	1
2009	一補		52	M	1
2009		まさひろ	52	M	3
2009	佑真	ゆうま	52	M	1
2009	一路		53	M	1
2009		ゆうし	53	M	3
2009	佑磨	ゆうま	53	M	1
2009	一輝		54	M	1
2009		ゆうすけ	54	M	3
2009	佑里	ゆうり	54	M	1
2009	一颯		55	M	1
2009		りおん	55	M	3
2009	來人	らいと	55	M	1
2009	世亜		56	M	1
2009		りゅうのすけ	56	M	3
2009	侑斗	ゆうと	56	M	1
2009	亮多		57	M	1
2009		あおい	57	M	2
2009	侑樹	ゆうき	57	M	1
2009	仁		58	M	1
2009		あきと	58	M	2
2009	侑真	ゆうま	58	M	1
2009	伊吹		59	M	1
2009		いおり	59	M	2
2009	俊希	しゅんき	59	M	1
2009	佑真		60	M	1
2009		いつき	60	M	2
2009	俊輝	としき	60	M	1
2009	佑磨		61	M	1
2009		おうすけ	61	M	2
2009	俐空	りく	61	M	1
2009	佑里		62	M	1
2009		かずし	62	M	2
2009	修平	しゅうへい	62	M	1
2009	來人		63	M	1
2009		かずま	63	M	2
2009	修斗	しゅうと	63	M	1
2009	侑斗		64	M	1
2009		こうせい	64	M	2
2009	倖成	ゆきなり	64	M	1
2009	侑樹		65	M	1
2009		こうたろう	65	M	2
2009	倭	やまと	65	M	1
2009	侑真		66	M	1
2009		さくや	66	M	2
2009	健	たける	66	M	1
2009	俊希		67	M	1
2009		しおん	67	M	2
2009	健人	けんと	67	M	1
2009	俊輝		68	M	1
2009		しゅうと	68	M	2
2009	健人	たけと	68	M	1
2009	俐空		69	M	1
2009		しゅん	69	M	2
2009	健太	けんた	69	M	1
2009	修平		70	M	1
2009		しゅんや	70	M	2
2009	健心	けんしん	70	M	1
2009	修斗		71	M	1
2009		しょう	71	M	2
2009	健斗	けんと	71	M	1
2009	倖成		72	M	1
2009		しょうご	72	M	2
2009	健新	けんしん	72	M	1
2009	倭		73	M	1
2009		しょうま	73	M	2
2009	健琉	たける	73	M	1
2009	健		74	M	1
2009		せな	74	M	2
2009	健翔	たける	74	M	1
2009	健太		75	M	1
2009		ぜん	75	M	2
2009	健迅	けんしん	75	M	1
2009	健心		76	M	1
2009		そう	76	M	2
2009	優	ゆう	76	M	1
2009	健斗		77	M	1
2009		そうし	77	M	2
2009	優志	ゆうし	77	M	1
2009	健新		78	M	1
2009		そうと	78	M	2
2009	優斗	ゆうと	78	M	1
2009	健琉		79	M	1
2009		たいせい	79	M	2
2009	優王	ゆお	79	M	1
2009	健翔		80	M	1
2009		たいよう	80	M	2
2009	優真	ゆうま	80	M	1
2009	健迅		81	M	1
2009		たくま	81	M	2
2009	優翔	ゆうと	81	M	1
2009	優		82	M	1
2009		たくや	82	M	2
2009	優輝	ゆうき	82	M	1
2009	優志		83	M	1
2009		だいき	83	M	2
2009	充喜	みつき	83	M	1
2009	優斗		84	M	1
2009		つかさ	84	M	2
2009	光希	てるき	84	M	1
2009	優王		85	M	1
2009		つばき	85	M	2
2009	光来	みらい	85	M	1
2009	優真		86	M	1
2009		としき	86	M	2
2009	光雅	こうが	86	M	1
2009	優翔		87	M	1
2009		ともき	87	M	2
2009	光騎	みつき	87	M	1
2009	優輝		88	M	1
2009		はるか	88	M	2
2009	克将	かつまさ	88	M	1
2009	充喜		89	M	1
2009		はるや	89	M	2
2009	克希	かつき	89	M	1
2009	光希		90	M	1
2009		ひびき	90	M	2
2009	克磨	かつま	90	M	1
2009	光来		91	M	1
2009		ふうが	91	M	2
2009	冴太朗	こたろう	91	M	1
2009	光雅		92	M	1
2009		みつき	92	M	2
2009	凌	りょう	92	M	1
2009	光騎		93	M	1
2009		みらい	93	M	2
2009	凌志	りょうじ	93	M	1
2009	克将		94	M	1
2009		りょう	94	M	2
2009	凌梧	りょうご	94	M	1
2009	克希		95	M	1
2009		りょうが	95	M	2
2009	凜	りん	95	M	1
2009	克磨		96	M	1
2009		りょうご	96	M	2
2009	凪	なぎ	96	M	1
2009	冴太朗		97	M	1
2009		るい	97	M	2
2009	凰将	こうすけ	97	M	1
2009	凌		98	M	1
2009		るいと	98	M	2
2009	凰輝	おうき	98	M	1
2009	凌志		99	M	1
2009		れお	99	M	2
2009	凱士	かいと	99	M	1
2009	凌梧		100	M	1
2009		あいけい	100	M	1
2009	剛己	ごうき	100	M	1
2009	凜		101	M	1
2009		あお	101	M	1
2009	創史	そうし	101	M	1
2009	凪		102	M	1
2009		あおし	102	M	1
2009	創司	そうじ	102	M	1
2009	凰将		103	M	1
2009		あおば	103	M	1
2009	力斗	りきと	103	M	1
2009	凰輝		104	M	1
2009		あきつぐ	104	M	1
2009	功哉	こうや	104	M	1
2009	凱士		105	M	1
2009		あきひろ	105	M	1
2009	勝弘	かつひろ	105	M	1
2009	剛己		106	M	1
2009		あきほ	106	M	1
2009	勝斗	まさと	106	M	1
2009	創史		107	M	1
2009		あきら	107	M	1
2009	匠人	たくと	107	M	1
2009	創司		108	M	1
2009		あすは	108	M	1
2009	匠太郎	しょうたろう	108	M	1
2009	力斗		109	M	1
2009		あやと	109	M	1
2009	匠弥	たくや	109	M	1
2009	功哉		110	M	1
2009		あゆむ	110	M	1
2009	匠悟	しょうご	110	M	1
2009	勝弘		111	M	1
2009		いお	111	M	1
2009	千宙	ちひろ	111	M	1
2009	勝斗		112	M	1
2009		いくと	112	M	1
2009	千斗星	ちとせ	112	M	1
2009	匠人		113	M	1
2009		いちろ	113	M	1
2009	千明	ちあき	113	M	1
2009	匠太郎		114	M	1
2009		いっさ	114	M	1
2009	卓	すぐる	114	M	1
2009	匠弥		115	M	1
2009		いっしょう	115	M	1
2009	卓弥	たくや	115	M	1
2009	匠悟		116	M	1
2009		いなせ	116	M	1
2009	博人	はくと	116	M	1
2009	千宙		117	M	1
2009		うい	117	M	1
2009	友翔	ゆゆと	117	M	1
2009	千斗星		118	M	1
2009		うた	118	M	1
2009	友詩	ゆうし	118	M	1
2009	千明		119	M	1
2009		うらん	119	M	1
2009	友輝	ともき	119	M	1
2009	卓		120	M	1
2009		えいしん	120	M	1
2009	史穏	しおん	120	M	1
2009	卓弥		121	M	1
2009		えいすけ	121	M	1
2009	叶弥	きょうや	121	M	1
2009	博人		122	M	1
2009		おうき	122	M	1
2009	叶登	かなと	122	M	1
2009	友翔		123	M	1
2009		おうた	123	M	1
2009	司	つかさ	123	M	1
2009	友詩		124	M	1
2009		おうたろう	124	M	1
2009	吉晴	よしはる	124	M	1
2009	友輝		125	M	1
2009		かあと	125	M	1
2009	吏佑	りう	125	M	1
2009	史穏		126	M	1
2009		かぐら	126	M	1
2009	周大	しゅうだい	126	M	1
2009	叶弥		127	M	1
2009		かける	127	M	1
2009	和	やまと	127	M	1
2009	叶登		128	M	1
2009		かずき	128	M	1
2009	和哉	かずや	128	M	1
2009	司		129	M	1
2009		かずほ	129	M	1
2009	和士	かずし	129	M	1
2009	吉晴		130	M	1
2009		かずや	130	M	1
2009	和志	かずし	130	M	1
2009	吏佑		131	M	1
2009		かつき	131	M	1
2009	哉太	かなた	131	M	1
2009	周大		132	M	1
2009		かつひろ	132	M	1
2009	唯人	ゆいと	132	M	1
2009	和		133	M	1
2009		かつま	133	M	1
2009	唯仁	ゆいと	133	M	1
2009	和哉		134	M	1
2009		かつまさ	134	M	1
2009	啓人	けいと	134	M	1
2009	和士		135	M	1
2009		かんじ	135	M	1
2009	喜仁	きびと	135	M	1
2009	和志		136	M	1
2009		かんた	136	M	1
2009	喜哉	よしや	136	M	1
2009	哉太		137	M	1
2009		きびと	137	M	1
2009	四葉	ひろは	137	M	1
2009	唯人		138	M	1
2009		きょうや	138	M	1
2009	圭	けい	138	M	1
2009	唯仁		139	M	1
2009		きらと	139	M	1
2009	塁翔	るいと	139	M	1
2009	啓人		140	M	1
2009		ぎんが	140	M	1
2009	士月	しづき	140	M	1
2009	喜仁		141	M	1
2009		けい	141	M	1
2009	壮介	そうすけ	141	M	1
2009	喜哉		142	M	1
2009		けいたろう	142	M	1
2009	壮太	そうた	142	M	1
2009	四葉		143	M	1
2009		けいと	143	M	1
2009	夏輝	なつき	143	M	1
2009	圭		144	M	1
2009		けんた	144	M	1
2009	夢人	ゆうと	144	M	1
2009	塁翔		145	M	1
2009		こうし	145	M	1
2009	夢大	ゆめと	145	M	1
2009	士月		146	M	1
2009		こうだい	146	M	1
2009	夢真	ゆま	146	M	1
2009	壮介		147	M	1
2009		こうま	147	M	1
2009	大也	だいや	147	M	1
2009	壮太		148	M	1
2009		こうめい	148	M	1
2009	大也	はるや	148	M	1
2009	夏輝		149	M	1
2009		こうや	149	M	1
2009	大地	だいち	149	M	1
2009	夢人		150	M	1
2009		こはく	150	M	1
2009	大夏	だいな	150	M	1
2009	夢大		151	M	1
2009		ごうき	151	M	1
2009	大成	たいせい	151	M	1
2009	夢真		152	M	1
2009		さら	152	M	1
2009	大晴	たいせい	152	M	1
2009	大地		153	M	1
2009		しえる	153	M	1
2009	大桜	たいよう	153	M	1
2009	大夏		154	M	1
2009		しき	154	M	1
2009	大楓	たいが	154	M	1
2009	大成		155	M	1
2009		しげた	155	M	1
2009	大樹	たいき	155	M	1
2009	大晴		156	M	1
2009		しづき	156	M	1
2009	大河	たいが	156	M	1
2009	大桜		157	M	1
2009		しどう	157	M	1
2009	大海	たいが	157	M	1
2009	大楓		158	M	1
2009		しゅうご	158	M	1
2009	大湖	だいご	158	M	1
2009	大樹		159	M	1
2009		しゅうた	159	M	1
2009	大登	まさと	159	M	1
2009	大河		160	M	1
2009		しゅうだい	160	M	1
2009	大空	そら	160	M	1
2009	大海		161	M	1
2009		しゅうへい	161	M	1
2009	大羽	ひろと	161	M	1
2009	大湖		162	M	1
2009		しゅんと	162	M	1
2009	大輝	ひろき	162	M	1
2009	大登		163	M	1
2009		しょうたろう	163	M	1
2009	太一	たいち	163	M	1
2009	大空		164	M	1
2009		しょうと	164	M	1
2009	太陽	たいよう	164	M	1
2009	大羽		165	M	1
2009		しん	165	M	1
2009	央輔	おうすけ	165	M	1
2009	太一		166	M	1
2009		しんのすけ	166	M	1
2009	奈都	なつ	166	M	1
2009	太陽		167	M	1
2009		しんぺい	167	M	1
2009	奏人	かなと	167	M	1
2009	央輔		168	M	1
2009		じゅき	168	M	1
2009	奏汰	かなた	168	M	1
2009	奈都		169	M	1
2009		じょうえい	169	M	1
2009	奏真	そうま	169	M	1
2009	奏人		170	M	1
2009		じん	170	M	1
2009	奏空	そら	170	M	1
2009	奏汰		171	M	1
2009		じんのすけ	171	M	1
2009	奏翔	そうと	171	M	1
2009	奏真		172	M	1
2009		すぐる	172	M	1
2009	奏音	かなと	172	M	1
2009	奏空		173	M	1
2009		せあ	173	M	1
2009	奏風	かなた	173	M	1
2009	奏翔		174	M	1
2009		せい	174	M	1
2009	奨真	しょうま	174	M	1
2009	奏音		175	M	1
2009		せいた	175	M	1
2009	孝佑	こうすけ	175	M	1
2009	奏風		176	M	1
2009		そうじ	176	M	1
2009	孝太朗	こうたろう	176	M	1
2009	奨真		177	M	1
2009		そうたろう	177	M	1
2009	宙穏	ひろとし	177	M	1
2009	孝佑		178	M	1
2009		そうだい	178	M	1
2009	将凱	たいが	178	M	1
2009	孝太朗		179	M	1
2009		そうや	179	M	1
2009	将太	しょうた	179	M	1
2009	宙穏		180	M	1
2009		そうわ	180	M	1
2009	尊一	とうい	180	M	1
2009	将凱		181	M	1
2009		そらと	181	M	1
2009	峰輝	みねき	181	M	1
2009	将太		182	M	1
2009		たいき	182	M	1
2009	崇獅	そうし	182	M	1
2009	尊一		183	M	1
2009		たいち	183	M	1
2009	巧稀	こうき	183	M	1
2009	峰輝		184	M	1
2009		たかと	184	M	1
2009	巧都	たくと	184	M	1
2009	崇獅		185	M	1
2009		たくおみ	185	M	1
2009	幸司	こうし	185	M	1
2009	巧稀		186	M	1
2009		たくき	186	M	1
2009	幸大	こうだい	186	M	1
2009	巧都		187	M	1
2009		たけし	187	M	1
2009	幸輝	こうき	187	M	1
2009	幸司		188	M	1
2009		たけと	188	M	1
2009	幹貞	みきさだ	188	M	1
2009	幸大		189	M	1
2009		たすき	189	M	1
2009	広夢	ひろむ	189	M	1
2009	幸輝		190	M	1
2009		たつみ	190	M	1
2009	康介	こうすけ	190	M	1
2009	幹貞		191	M	1
2009		だいご	191	M	1
2009	弥仁	やひと	191	M	1
2009	広夢		192	M	1
2009		だいな	192	M	1
2009	弥仁	わたる	192	M	1
2009	康介		193	M	1
2009		だいや	193	M	1
2009	彩人	あやと	193	M	1
2009	彩人		194	M	1
2009		ちあき	194	M	1
2009	心之介	しんのすけ	194	M	1
2009	心之介		195	M	1
2009		ちとせ	195	M	1
2009	志和	ゆきかず	195	M	1
2009	志和		196	M	1
2009		ちひろ	196	M	1
2009	志晄	ゆきみつ	196	M	1
2009	志晄		197	M	1
2009		つばさ	197	M	1
2009	志貴	しき	197	M	1
2009	志貴		198	M	1
2009		てるき	198	M	1
2009	志遥	しおん	198	M	1
2009	志遥		199	M	1
2009		てるま	199	M	1
2009	快士	かいと	199	M	1
2009	快士		200	M	1
2009		てるみ	200	M	1
2009	快斗	かいと	200	M	1
2009	快斗		201	M	1
2009		てんせい	201	M	1
2009	悠叶	ゆうと	201	M	1
2009	悠叶		202	M	1
2009		とうい	202	M	1
2009	悠吾	ゆうご	202	M	1
2009	悠吾		203	M	1
2009		とうご	203	M	1
2009	悠央	ゆうと	203	M	1
2009	悠央		204	M	1
2009		とうせい	204	M	1
2009	悠希	ゆうき	204	M	1
2009	悠希		205	M	1
2009		とうは	205	M	1
2009	悠平	ゆうへい	205	M	1
2009	悠平		206	M	1
2009		とうわ	206	M	1
2009	悠斗	ゆうと	206	M	1
2009	悠斗		207	M	1
2009		ともや	207	M	1
2009	悠晟	ゆうせい	207	M	1
2009	悠晟		208	M	1
2009		とよき	208	M	1
2009	悠海	ゆう	208	M	1
2009	悠海		209	M	1
2009		なぎ	209	M	1
2009	悠生	はるき	209	M	1
2009	悠生		210	M	1
2009		なつ	210	M	1
2009	悠登	ゆうと	210	M	1
2009	悠登		211	M	1
2009		なつき	211	M	1
2009	悠真	ゆうま	211	M	1
2009	悠真		212	M	1
2009		なる	212	M	1
2009	悠維	はるい	212	M	1
2009	悠維		213	M	1
2009		なるみ	213	M	1
2009	悠翔	ゆうと	213	M	1
2009	悠翔		214	M	1
2009		にと	214	M	1
2009	悠輔	ゆうすけ	214	M	1
2009	悠輔		215	M	1
2009		のあ	215	M	1
2009	惟吹	いぶき	215	M	1
2009	惟吹		216	M	1
2009		はく	216	M	1
2009	惠太良	けいたろう	216	M	1
2009	惠太良		217	M	1
2009		はくと	217	M	1
2009	想人	そうと	217	M	1
2009	想人		218	M	1
2009		はづき	218	M	1
2009	想太	そうた	218	M	1
2009	想太		219	M	1
2009		はやて	219	M	1
2009	惺大	るお	219	M	1
2009	惺大		220	M	1
2009		はるい	220	M	1
2009	愛敬	あいけい	220	M	1
2009	愛敬		221	M	1
2009		はるく	221	M	1
2009	愛翔	まなと	221	M	1
2009	愛翔		222	M	1
2009		はるし	222	M	1
2009	慎平	しんぺい	222	M	1
2009	慎平		223	M	1
2009		はるひ	223	M	1
2009	成邦	せな	223	M	1
2009	成邦		224	M	1
2009		はるひと	224	M	1
2009	拓人	たくと	224	M	1
2009	拓人		225	M	1
2009		ばん	225	M	1
2009	拓斗	たくと	225	M	1
2009	拓斗		226	M	1
2009		ひげん	226	M	1
2009	拓未	たくみ	226	M	1
2009	拓未		227	M	1
2009		ひでただ	227	M	1
2009	拓生	たくき	227	M	1
2009	拓生		228	M	1
2009		ひでとし	228	M	1
2009	拓臣	たくおみ	228	M	1
2009	拓臣		229	M	1
2009		ひでみつ	229	M	1
2009	捷永	じょうえい	229	M	1
2009	捷永		230	M	1
2009		ひゆう	230	M	1
2009	斗磨	とうま	230	M	1
2009	斗磨		231	M	1
2009		ひより	231	M	1
2009	新來	さら	231	M	1
2009	新來		232	M	1
2009		ひら	232	M	1
2009	日向	ひなた	232	M	1
2009	日向		233	M	1
2009		ひろき	233	M	1
2009	旺介	おうすけ	233	M	1
2009	旺介		234	M	1
2009		ひろとし	234	M	1
2009	昊真	こうま	234	M	1
2009	昊真		235	M	1
2009		ひろは	235	M	1
2009	明峰	あきほ	235	M	1
2009	明峰		236	M	1
2009		ひろむ	236	M	1
2009	星汰	しょうた	236	M	1
2009	星汰		237	M	1
2009		ふう	237	M	1
2009	春斗	はると	237	M	1
2009	春斗		238	M	1
2009		ふうた	238	M	1
2009	春樹	しゅんき	238	M	1
2009	春樹		239	M	1
2009		まお	239	M	1
2009	春陽	はるひ	239	M	1
2009	春陽		240	M	1
2009		まさちか	240	M	1
2009	春馬	はるま	240	M	1
2009	春馬		241	M	1
2009		まさむね	241	M	1
2009	晃士	あきと	241	M	1
2009	晃士		242	M	1
2009		まなと	242	M	1
2009	晃太郎	こうたろう	242	M	1
2009	晃太郎		243	M	1
2009		みきさだ	243	M	1
2009	晃海	てるみ	243	M	1
2009	晃海		244	M	1
2009		みなと	244	M	1
2009	晟生	なるみ	244	M	1
2009	晟生		245	M	1
2009		みねき	245	M	1
2009	晴	せい	245	M	1
2009	晴凪		246	M	1
2009		みやび	246	M	1
2009	晴凪	せな	246	M	1
2009	晴天		247	M	1
2009		むつき	247	M	1
2009	晴天	はるま	247	M	1
2009	晴太		248	M	1
2009		やひと	248	M	1
2009	晴太	せいた	248	M	1
2009	晴樹		249	M	1
2009		ゆうが	249	M	1
2009	晴樹	はるき	249	M	1
2009	晴琉		250	M	1
2009		ゆうご	250	M	1
2009	晴琉	はる	250	M	1
2009	晴空		251	M	1
2009		ゆうじん	251	M	1
2009	晴空	はるく	251	M	1
2009	晴輝		252	M	1
2009		ゆうせい	252	M	1
2009	晴輝	はるき	252	M	1
2009	晴飛		253	M	1
2009		ゆうだい	253	M	1
2009	晴飛	はると	253	M	1
2009	晶大		254	M	1
2009		ゆうへい	254	M	1
2009	晶大	まさひろ	254	M	1
2009	智也		255	M	1
2009		ゆうり	255	M	1
2009	智也	ともや	255	M	1
2009	智樹		256	M	1
2009		ゆお	256	M	1
2009	智樹	ともき	256	M	1
2009	暖		257	M	1
2009		ゆきかず	257	M	1
2009	暖	はる	257	M	1
2009	暖支		258	M	1
2009		ゆきなり	258	M	1
2009	暖支	はるし	258	M	1
2009	暖斗		259	M	1
2009		ゆきみつ	259	M	1
2009	暖斗	はると	259	M	1
2009	月華		260	M	1
2009		ゆずき	260	M	1
2009	月華	るな	260	M	1
2009	有介		261	M	1
2009		ゆま	261	M	1
2009	有介	ゆうすけ	261	M	1
2009	有喜		262	M	1
2009		ゆめと	262	M	1
2009	有喜	ゆうき	262	M	1
2009	有我		263	M	1
2009		ゆゆと	263	M	1
2009	有我	ゆうが	263	M	1
2009	有真		264	M	1
2009		よう	264	M	1
2009	有真	ゆうま	264	M	1
2009	有輝		265	M	1
2009		よしき	265	M	1
2009	有輝	ゆうき	265	M	1
2009	朔也		266	M	1
2009		よしたか	266	M	1
2009	朔也	さくや	266	M	1
2009	朔弥		267	M	1
2009		よしはる	267	M	1
2009	朔弥	さくや	267	M	1
2009	未来		268	M	1
2009		よしや	268	M	1
2009	未来	みらい	268	M	1
2009	来輝		269	M	1
2009		よしやす	269	M	1
2009	来輝	らいき	269	M	1
2009	架樂		270	M	1
2009		らいき	270	M	1
2009	架樂	かぐら	270	M	1
2009	柊磨		271	M	1
2009		らいと	271	M	1
2009	柊磨	とうま	271	M	1
2009	柚優志		272	M	1
2009		らき	272	M	1
2009	柚優志	ゆうし	272	M	1
2009	柚希		273	M	1
2009		りう	273	M	1
2009	柚希	ゆずき	273	M	1
2009	栄佑		274	M	1
2009		りお	274	M	1
2009	栄佑	えいすけ	274	M	1
2009	栞汰		275	M	1
2009		りきと	275	M	1
2009	栞汰	かんた	275	M	1
2009	桐葉		276	M	1
2009		りくた	276	M	1
2009	桐葉	とうは	276	M	1
2009	桜太郎		277	M	1
2009		りと	277	M	1
2009	桜太郎	おうたろう	277	M	1
2009	桜汰		278	M	1
2009		りひと	278	M	1
2009	桜汰	おうた	278	M	1
2009	椋大		279	M	1
2009		りゅうえい	279	M	1
2009	椋大	りょうた	279	M	1
2009	椿		280	M	1
2009		りゅうさ	280	M	1
2009	椿	つばき	280	M	1
2009	椿揮		281	M	1
2009		りゅうしん	281	M	1
2009	椿揮	つばき	281	M	1
2009	楓		282	M	1
2009		りゅうと	282	M	1
2009	楓	ふう	282	M	1
2009	楓大		283	M	1
2009		りょうじ	283	M	1
2009	楓大	ふうた	283	M	1
2009	楓穏		284	M	1
2009		りょうま	284	M	1
2009	楓穏	りおん	284	M	1
2009	楓芽		285	M	1
2009		りん	285	M	1
2009	楓芽	ふうが	285	M	1
2009	楽喜		286	M	1
2009		るお	286	M	1
2009	楽喜	らき	286	M	1
2009	樹吹希		287	M	1
2009		るおん	287	M	1
2009	樹吹希	いぶき	287	M	1
2009	橙一		288	M	1
2009		るな	288	M	1
2009	橙一	だいち	288	M	1
2009	武史		289	M	1
2009		れい	289	M	1
2009	武史	たけし	289	M	1
2009	歩夢		290	M	1
2009		れいと	290	M	1
2009	歩夢	あゆむ	290	M	1
2009	沓誠		291	M	1
2009		れおな	291	M	1
2009	沓誠	とうせい	291	M	1
2009	波空		292	M	1
2009		れおん	292	M	1
2009	波空	はく	292	M	1
2009	波音		293	M	1
2009		れんと	293	M	1
2009	波音	なおと	293	M	1
2009	流斗		294	M	1
2009		ろはん	294	M	1
2009	流斗	るいと	294	M	1
2009	流生		295	M	1
2009		わたる	295	M	1
2009	流生	るい	295	M	1
2009	海人		296	M	1
2009	海人	かいと	296	M	1
2009	海勢		297	M	1
2009	海勢	かいせい	297	M	1
2009	海清		298	M	1
2009	海清	かいせい	298	M	1
2009	海空		299	M	1
2009	海空	のあ	299	M	1
2009	渉		300	M	1
2009	渉	しょう	300	M	1
2009	温人		301	M	1
2009	温人	はると	301	M	1
2009	湊和		302	M	1
2009	湊和	そうわ	302	M	1
2009	湊斗		303	M	1
2009	湊斗	みなと	303	M	1
2009	然		304	M	1
2009	然	ぜん	304	M	1
2009	煌		305	M	1
2009	煌	ひかる	305	M	1
2009	煌人		306	M	1
2009	煌人	きらと	306	M	1
2009	煌太		307	M	1
2009	煌太	こうた	307	M	1
2009	煌斗		308	M	1
2009	煌斗	かいと	308	M	1
2009	煌明		309	M	1
2009	煌明	こうめい	309	M	1
2009	煌樹		310	M	1
2009	煌樹	こうき	310	M	1
2009	煌貴		311	M	1
2009	煌貴	こうき	311	M	1
2009	獅道		312	M	1
2009	獅道	しどう	312	M	1
2009	玲翔		313	M	1
2009	玲央	れお	313	M	1
2009	珈亜人		314	M	1
2009	玲央	れおん	314	M	1
2009	珠輝		315	M	1
2009	玲翔	れいと	315	M	1
2009	理仁		316	M	1
2009	珈亜人	かあと	316	M	1
2009	理葵		317	M	1
2009	珠輝	じゅき	317	M	1
2009	理音		318	M	1
2009	理仁	りひと	318	M	1
2009	琉之介		319	M	1
2009	理葵	としき	319	M	1
2009	琉斗		320	M	1
2009	理音	りおん	320	M	1
2009	琉星		321	M	1
2009	琉之介	りゅうのすけ	321	M	1
2009	琉林		322	M	1
2009	琉斗	りゅうと	322	M	1
2009	琉煌		323	M	1
2009	琉星	りゅうせい	323	M	1
2009	琉生		324	M	1
2009	琉林	りゅうき	324	M	1
2009	琉紗		325	M	1
2009	琉煌	りゅうき	325	M	1
2009	琢真		326	M	1
2009	琉生	るい	326	M	1
2009	琥珀		327	M	1
2009	琉紗	りゅうさ	327	M	1
2009	瑛		328	M	1
2009	琢真	たくま	328	M	1
2009	瑛嗣		329	M	1
2009	琥珀	こはく	329	M	1
2009	瑛心		330	M	1
2009	瑛	あきら	330	M	1
2009	瑠星		331	M	1
2009	瑛嗣	あきつぐ	331	M	1
2009	瑠音		332	M	1
2009	瑛心	えいしん	332	M	1
2009	璃		333	M	1
2009	瑠星	りゅうせい	333	M	1
2009	璃久		334	M	1
2009	瑠音	るおん	334	M	1
2009	璃音		335	M	1
2009	璃	りお	335	M	1
2009	甚之介		336	M	1
2009	璃久	りく	336	M	1
2009	由康		337	M	1
2009	璃音	りおん	337	M	1
2009	皇輝		338	M	1
2009	甚之介	じんのすけ	338	M	1
2009	皐聖		339	M	1
2009	由康	よしやす	339	M	1
2009	盛弥		340	M	1
2009	皇輝	こうき	340	M	1
2009	直史		341	M	1
2009	皐聖	こうせい	341	M	1
2009	直登		342	M	1
2009	盛弥	せいや	342	M	1
2009	真人		343	M	1
2009	直史	なおと	343	M	1
2009	真葵		344	M	1
2009	直登	なおと	344	M	1
2009	睦樹		345	M	1
2009	真人	まさと	345	M	1
2009	瞬希		346	M	1
2009	真葵	まお	346	M	1
2009	瞳真		347	M	1
2009	睦樹	むつき	347	M	1
2009	硯叶		348	M	1
2009	瞬希	しゅんき	348	M	1
2009	礼		349	M	1
2009	瞳真	とうま	349	M	1
2009	祐		350	M	1
2009	硯叶	けんと	350	M	1
2009	祐介		351	M	1
2009	礼	れい	351	M	1
2009	祐希		352	M	1
2009	祐	ゆう	352	M	1
2009	祐毅		353	M	1
2009	祐介	ゆうすけ	353	M	1
2009	祐葵		354	M	1
2009	祐希	ゆうき	354	M	1
2009	禅		355	M	1
2009	祐毅	ゆうき	355	M	1
2009	禮熙		356	M	1
2009	祐葵	ゆうき	356	M	1
2009	秀充		357	M	1
2009	禅	ぜん	357	M	1
2009	秀忠		358	M	1
2009	禮熙	あきひろ	358	M	1
2009	秀梧		359	M	1
2009	秀充	ひでみつ	359	M	1
2009	秋音		360	M	1
2009	秀忠	ひでただ	360	M	1
2009	空和		361	M	1
2009	秀梧	しゅうご	361	M	1
2009	空翔		362	M	1
2009	秋音	あきと	362	M	1
2009	粋		363	M	1
2009	空	しえる	363	M	1
2009	絆心		364	M	1
2009	空	そら	364	M	1
2009	結仁		365	M	1
2009	空和	かなた	365	M	1
2009	結生		366	M	1
2009	空翔	そらと	366	M	1
2009	結翔		367	M	1
2009	粋	いなせ	367	M	1
2009	統國		368	M	1
2009	絆心	ばん	368	M	1
2009	統士		369	M	1
2009	結仁	ゆいと	369	M	1
2009	羚皇		370	M	1
2009	結生	ゆう	370	M	1
2009	義鷹		371	M	1
2009	結翔	ゆいと	371	M	1
2009	羽月樹		372	M	1
2009	統國	とうご	372	M	1
2009	翔伍		373	M	1
2009	統士	つかさ	373	M	1
2009	翔斗		374	M	1
2009	羚皇	れお	374	M	1
2009	翔真		375	M	1
2009	義鷹	よしたか	375	M	1
2009	翔聖		376	M	1
2009	羽月樹	はづき	376	M	1
2009	翔飛		377	M	1
2009	翔	かける	377	M	1
2009	翼		378	M	1
2009	翔	しょう	378	M	1
2009	翼宿		379	M	1
2009	翔伍	しょうご	379	M	1
2009	耀太		380	M	1
2009	翔斗	しょうと	380	M	1
2009	聡介		381	M	1
2009	翔真	しょうま	381	M	1
2009	聡真		382	M	1
2009	翔聖	てんせい	382	M	1
2009	育斗		383	M	1
2009	翔飛	しゅうと	383	M	1
2009	舜		384	M	1
2009	翼	つばさ	384	M	1
2009	舜仁		385	M	1
2009	翼宿	たすき	385	M	1
2009	航芽		386	M	1
2009	耀太	ようた	386	M	1
2009	良希		387	M	1
2009	聡介	そうすけ	387	M	1
2009	英寿		388	M	1
2009	聡真	そうま	388	M	1
2009	莉澄		389	M	1
2009	育斗	いくと	389	M	1
2009	莉玖		390	M	1
2009	舜	しゅん	390	M	1
2009	葉流		391	M	1
2009	舜仁	しゅんと	391	M	1
2009	葵		392	M	1
2009	航芽	こうが	392	M	1
2009	蒼介		393	M	1
2009	良希	よしき	393	M	1
2009	蒼助		394	M	1
2009	英寿	ひでとし	394	M	1
2009	蒼太		395	M	1
2009	莉澄	りと	395	M	1
2009	蒼志		396	M	1
2009	莉玖	りく	396	M	1
2009	蒼生		397	M	1
2009	葉流	はる	397	M	1
2009	蒼甫		398	M	1
2009	葵	あおい	398	M	1
2009	蒼羽		399	M	1
2009	蒼	あお	399	M	1
2009	蓮斗		400	M	1
2009	蒼	そう	400	M	1
2009	虎太朗		401	M	1
2009	蒼介	そうすけ	401	M	1
2009	虎星		402	M	1
2009	蒼助	そうすけ	402	M	1
2009	虹汰		403	M	1
2009	蒼大	そうた	403	M	1
2009	虹翔		404	M	1
2009	蒼大	そうだい	404	M	1
2009	衣央		405	M	1
2009	蒼太	そうた	405	M	1
2009	裕人		406	M	1
2009	蒼志	あおし	406	M	1
2009	裕仁		407	M	1
2009	蒼生	あおい	407	M	1
2009	裕大		408	M	1
2009	蒼甫	そうすけ	408	M	1
2009	裕翔		409	M	1
2009	蒼羽	あおば	409	M	1
2009	諒人		410	M	1
2009	蓮斗	れんと	410	M	1
2009	諒大		411	M	1
2009	虎太朗	こたろう	411	M	1
2009	諒梧		412	M	1
2009	虎星	こうせい	412	M	1
2009	諒河		413	M	1
2009	虹汰	こうた	413	M	1
2009	諒真		414	M	1
2009	虹翔	にと	414	M	1
2009	諒知		415	M	1
2009	衣央	いお	415	M	1
2009	謙信		416	M	1
2009	裕人	ゆうじん	416	M	1
2009	謠太		417	M	1
2009	裕仁	ひろと	417	M	1
2009	豊貴		418	M	1
2009	裕大	ゆうだい	418	M	1
2009	賢宗		419	M	1
2009	裕翔	ゆうと	419	M	1
2009	賢志		420	M	1
2009	諒人	まこと	420	M	1
2009	蹴太		421	M	1
2009	諒大	りょうた	421	M	1
2009	輝琉		422	M	1
2009	諒梧	りょうご	422	M	1
2009	輝真		423	M	1
2009	諒河	りょうが	423	M	1
2009	透輪		424	M	1
2009	諒真	りょうま	424	M	1
2009	逞		425	M	1
2009	諒知	まさちか	425	M	1
2009	逞斗		426	M	1
2009	謙信	けんしん	426	M	1
2009	進		427	M	1
2009	謠太	ようた	427	M	1
2009	遙哉		428	M	1
2009	豊貴	とよき	428	M	1
2009	遥		429	M	1
2009	賢宗	まさむね	429	M	1
2009	遥仁		430	M	1
2009	賢志	かんじ	430	M	1
2009	遥大		431	M	1
2009	蹴太	しゅうた	431	M	1
2009	遥希		432	M	1
2009	輝琉	ひかる	432	M	1
2009	遥弥		433	M	1
2009	輝真	てるま	433	M	1
2009	遥篤		434	M	1
2009	透輪	とうわ	434	M	1
2009	遼雅		435	M	1
2009	逞	たくま	435	M	1
2009	那瑠		436	M	1
2009	逞斗	たくと	436	M	1
2009	重太		437	M	1
2009	進	しん	437	M	1
2009	銀雅		438	M	1
2009	遙哉	はるか	438	M	1
2009	開惺		439	M	1
2009	遥	はるか	439	M	1
2009	陵		440	M	1
2009	遥仁	はるひと	440	M	1
2009	陵太		441	M	1
2009	遥大	はると	441	M	1
2009	陸太		442	M	1
2009	遥希	はるき	442	M	1
2009	陸来		443	M	1
2009	遥弥	はるや	443	M	1
2009	陽人		444	M	1
2009	遥篤	はるま	444	M	1
2009	陽仁		445	M	1
2009	遼雅	りょうが	445	M	1
2009	陽南太		446	M	1
2009	那瑠	なる	446	M	1
2009	陽向大		447	M	1
2009	重太	しげた	447	M	1
2009	陽和		448	M	1
2009	銀雅	ぎんが	448	M	1
2009	陽斗		449	M	1
2009	開惺	かいせい	449	M	1
2009	陽源		450	M	1
2009	陵	りょう	450	M	1
2009	隆世		451	M	1
2009	陵太	りょうた	451	M	1
2009	隆之介		452	M	1
2009	陸太	りくた	452	M	1
2009	隆晴		453	M	1
2009	陸来	りく	453	M	1
2009	隼		454	M	1
2009	陽	はる	454	M	1
2009	隼也		455	M	1
2009	陽	よう	455	M	1
2009	隼矢		456	M	1
2009	陽人	はると	456	M	1
2009	隼騎		457	M	1
2009	陽仁	はると	457	M	1
2009	雄仁		458	M	1
2009	陽南太	ひなた	458	M	1
2009	雄登		459	M	1
2009	陽向大	ひなた	459	M	1
2009	雅		460	M	1
2009	陽和	ひより	460	M	1
2009	露範		461	M	1
2009	陽太	ひろと	461	M	1
2009	響		462	M	1
2009	陽斗	はると	462	M	1
2009	響己		463	M	1
2009	陽源	ひげん	463	M	1
2009	風雅		464	M	1
2009	陽翔	ひかる	464	M	1
2009	颯		465	M	1
2009	隆世	りゅうせい	465	M	1
2009	颯介		466	M	1
2009	隆之介	りゅうのすけ	466	M	1
2009	颯佑		467	M	1
2009	隆晴	りゅうせい	467	M	1
2009	颯大		468	M	1
2009	隼	はやと	468	M	1
2009	颯天		469	M	1
2009	隼也	しゅんや	469	M	1
2009	颯太郎		470	M	1
2009	隼矢	しゅんや	470	M	1
2009	颯樂		471	M	1
2009	隼騎	しゅんき	471	M	1
2009	颯真		472	M	1
2009	雄仁	ゆうと	472	M	1
2009	颯矢		473	M	1
2009	雄登	ゆうと	473	M	1
2009	飛勇		474	M	1
2009	雅	みやび	474	M	1
2009	飛羽		475	M	1
2009	露範	ろはん	475	M	1
2009	飛那汰		476	M	1
2009	響	ひびき	476	M	1
2009	馬楽		477	M	1
2009	響己	ひびき	477	M	1
2009	駿		478	M	1
2009	風雅	ふうが	478	M	1
2009	鷹斗		479	M	1
2009	颯	そう	479	M	1
2009	龍之介		480	M	1
2009	颯介	そうすけ	480	M	1
2009	龍己		481	M	1
2009	颯佑	そうすけ	481	M	1
2009	龍希		482	M	1
2009	颯大	はやと	482	M	1
2009	龍心		483	M	1
2009	颯天	はやて	483	M	1
2009	龍星		484	M	1
2009	颯太郎	そうたろう	484	M	1
2009	龍生		485	M	1
2009	颯樂	そら	485	M	1
2009	龍英		486	M	1
2009	颯真	そうま	486	M	1
2009	颯矢	そうや	487	M	1
2009	飛勇	ひゆう	488	M	1
2009	飛羽	あすは	489	M	1
2009	飛那汰	ひなた	490	M	1
2009	馬楽	うらん	491	M	1
2009	駿	しゅん	492	M	1
2009	鷹斗	たかと	493	M	1
2009	龍之介	りゅうのすけ	494	M	1
2009	龍己	たつみ	495	M	1
2009	龍希	たつき	496	M	1
2009	龍心	りゅうしん	497	M	1
2009	龍星	りゅうせい	498	M	1
2009	龍生	りゅうせい	499	M	1
2009	龍英	りゅうえい	500	M	1
2010	結愛		1	F	10
2010		みゆ	1	F	16
2010	咲希	さき	1	F	8
2010	咲希		2	F	8
2010		りお	2	F	15
2010	結愛	ゆあ	2	F	8
2010	心愛		3	F	6
2010		はるか	3	F	14
2010	莉緒	りお	3	F	5
2010	陽菜		4	F	6
2010		さき	4	F	12
2010	凛	りん	4	F	4
2010	心音		5	F	5
2010		ゆい	5	F	12
2010	凜	りん	5	F	4
2010	莉緒		6	F	5
2010		ゆあ	6	F	11
2010	心音	ここね	6	F	4
2010	優衣		7	F	4
2010		ほのか	7	F	10
2010	柚希	ゆずき	7	F	4
2010	凛		8	F	4
2010		あやか	8	F	9
2010	花音	かのん	8	F	4
2010	凜		9	F	4
2010		ここな	9	F	9
2010	里桜	りお	9	F	4
2010	咲良		10	F	4
2010		ひな	10	F	9
2010	陽菜	ひな	10	F	4
2010	心結		11	F	4
2010		りん	11	F	9
2010	ひなの	ひなの	11	F	3
2010	柚希		12	F	4
2010		こはる	12	F	8
2010	七海	ななみ	12	F	3
2010	柚月		13	F	4
2010		さな	13	F	8
2010	優衣	ゆい	13	F	3
2010	紗菜		14	F	4
2010		ななみ	14	F	8
2010	咲月	さつき	14	F	3
2010	結菜		15	F	4
2010		のぞみ	15	F	8
2010	彩乃	あやの	15	F	3
2010	美桜		16	F	4
2010		みさき	16	F	8
2010	心優	みゆ	16	F	3
2010	花音		17	F	4
2010		めい	17	F	8
2010	心咲	みさき	17	F	3
2010	里桜		18	F	4
2010		ゆな	18	F	8
2010	心愛	ここあ	18	F	3
2010	ひなの		19	F	3
2010		りこ	19	F	8
2010	心結	みゆ	19	F	3
2010	七海		20	F	3
2010		るか	20	F	8
2010	心美	ここみ	20	F	3
2010	咲月		21	F	3
2010		かのん	21	F	7
2010	望愛	のあ	21	F	3
2010	帆花		22	F	3
2010		さあや	22	F	7
2010	朱里	あかり	22	F	3
2010	彩乃		23	F	3
2010		のあ	23	F	7
2010	柚月	ゆずき	23	F	3
2010	彩花		24	F	3
2010		ひまり	24	F	7
2010	楓	かえで	24	F	3
2010	心優		25	F	3
2010		ももか	25	F	7
2010	紗菜	さな	25	F	3
2010	心咲		26	F	3
2010		ゆずき	26	F	7
2010	結月	ゆづき	26	F	3
2010	心美		27	F	3
2010		あおい	27	F	6
2010	結衣	ゆい	27	F	3
2010	望愛		28	F	3
2010		あかり	28	F	6
2010	莉子	りこ	28	F	3
2010	朱里		29	F	3
2010		かんな	29	F	6
2010	葉月	はづき	29	F	3
2010	桃花		30	F	3
2010		さくら	30	F	6
2010	遥	はるか	30	F	3
2010	楓		31	F	3
2010		なつき	31	F	6
2010	遥香	はるか	31	F	3
2010	結月		32	F	3
2010		あこ	32	F	5
2010	あかり	あかり	32	F	2
2010	結衣		33	F	3
2010		かほ	33	F	5
2010	あこ	あこ	33	F	2
2010	美空		34	F	3
2010		かれん	34	F	5
2010	なつめ	なつめ	34	F	2
2010	莉子		35	F	3
2010		そら	35	F	5
2010	にこ	にこ	35	F	2
2010	莉愛		36	F	3
2010		ののか	36	F	5
2010	ひかり	ひかり	36	F	2
2010	葉月		37	F	3
2010		ひなの	37	F	5
2010	ひなた	ひなた	37	F	2
2010	遥		38	F	3
2010		みお	38	F	5
2010	ひまり	ひまり	38	F	2
2010	遥香		39	F	3
2010		ゆう	39	F	5
2010	ほのか	ほのか	39	F	2
2010	陽愛		40	F	3
2010		ゆづき	40	F	5
2010	乃愛	のあ	40	F	2
2010	あかり		41	F	2
2010		りあ	41	F	5
2010	京香	きょうか	41	F	2
2010	あこ		42	F	2
2010		るな	42	F	5
2010	來実	くるみ	42	F	2
2010	なつめ		43	F	2
2010		わかな	43	F	5
2010	優羽	ゆう	43	F	2
2010	にこ		44	F	2
2010		あやの	44	F	4
2010	千尋	ちひろ	44	F	2
2010	ひかり		45	F	2
2010		あゆ	45	F	4
2010	吏音	りのん	45	F	2
2010	ひなた		46	F	2
2010		あんじゅ	46	F	4
2010	咲良	さくら	46	F	2
2010	ひまり		47	F	2
2010		いちか	47	F	4
2010	奈々	なな	47	F	2
2010	ほのか		48	F	2
2010		かえで	48	F	4
2010	奈南	ななみ	48	F	2
2010	乃愛		49	F	2
2010		くるみ	49	F	4
2010	寧々	ねね	49	F	2
2010	京香		50	F	2
2010		ここあ	50	F	4
2010	帆花	ほのか	50	F	2
2010	來実		51	F	2
2010		ここね	51	F	4
2010	希実	のぞみ	51	F	2
2010	優羽		52	F	2
2010		ここみ	52	F	4
2010	希美	のぞみ	52	F	2
2010	千尋		53	F	2
2010		こころ	53	F	4
2010	彩夏	あやか	53	F	2
2010	叶愛		54	F	2
2010		さえ	54	F	4
2010	彩花	いろは	54	F	2
2010	吏音		55	F	2
2010		さつき	55	F	4
2010	心	こころ	55	F	2
2010	和奏		56	F	2
2010		さら	56	F	4
2010	心奈	ここな	56	F	2
2010	奈々		57	F	2
2010		しおり	57	F	4
2010	心愛	ここな	57	F	2
2010	奈南		58	F	2
2010		にこ	58	F	4
2010	心春	こはる	58	F	2
2010	実桜		59	F	2
2010		ひより	59	F	4
2010	恋々菜	ここな	59	F	2
2010	寧々		60	F	2
2010		みのり	60	F	4
2010	愛優	あゆ	60	F	2
2010	希実		61	F	2
2010		ゆず	61	F	4
2010	愛梨	あいり	61	F	2
2010	希望		62	F	2
2010		ゆら	62	F	4
2010	明	めい	62	F	2
2010	希美		63	F	2
2010		あいさ	63	F	3
2010	晴香	はるか	63	F	2
2010	彩夏		64	F	2
2010		あいり	64	F	3
2010	杏奈	あんな	64	F	2
2010	彩葉		65	F	2
2010		あみ	65	F	3
2010	杏樹	あんじゅ	65	F	2
2010	心		66	F	2
2010		あゆみ	66	F	3
2010	杏珠	あんじゅ	66	F	2
2010	心奈		67	F	2
2010		あんな	67	F	3
2010	栞	しおり	67	F	2
2010	心彩		68	F	2
2010		いろは	68	F	3
2010	桃花	ももか	68	F	2
2010	心春		69	F	2
2010		うた	69	F	3
2010	桃華	ももか	69	F	2
2010	心花		70	F	2
2010		きょうか	70	F	3
2010	梨愛	りあ	70	F	2
2010	恋々菜		71	F	2
2010		くれあ	71	F	3
2010	歩実	あゆみ	71	F	2
2010	愛優		72	F	2
2010		さや	72	F	3
2010	理紗	りさ	72	F	2
2010	愛奈		73	F	2
2010		じゅり	73	F	3
2010	瑠夏	るか	73	F	2
2010	愛実		74	F	2
2010		ちか	74	F	3
2010	瑠海	るか	74	F	2
2010	愛梨		75	F	2
2010		なお	75	F	3
2010	百花	ももか	75	F	2
2010	明		76	F	2
2010		なつめ	76	F	3
2010	真帆	まほ	76	F	2
2010	晴香		77	F	2
2010		なな	77	F	3
2010	穂香	ほのか	77	F	2
2010	杏奈		78	F	2
2010		ななこ	78	F	3
2010	紗奈	さな	78	F	2
2010	杏樹		79	F	2
2010		はづき	79	F	3
2010	紗彩	さあや	79	F	2
2010	杏珠		80	F	2
2010		はな	80	F	3
2010	紗綾	さあや	80	F	2
2010	栞		81	F	2
2010		ひかり	81	F	3
2010	紗良	さら	81	F	2
2010	桃華		82	F	2
2010		ひなこ	82	F	3
2010	紗衣	さえ	82	F	2
2010	梨愛		83	F	2
2010		ひなた	83	F	3
2010	結乃	ゆいの	83	F	2
2010	歩実		84	F	2
2010		まい	84	F	3
2010	結菜	ゆな	84	F	2
2010	理桜		85	F	2
2010		ましろ	85	F	3
2010	美優	みゆ	85	F	2
2010	理紗		86	F	2
2010		まな	86	F	3
2010	美咲	みさき	86	F	2
2010	瑠夏		87	F	2
2010		まなか	87	F	3
2010	美月	みづき	87	F	2
2010	瑠海		88	F	2
2010		みう	88	F	3
2010	美桜	みお	88	F	2
2010	百花		89	F	2
2010		ゆいな	89	F	3
2010	美波	みなみ	89	F	2
2010	真帆		90	F	2
2010		ゆうか	90	F	3
2010	美羽	みう	90	F	2
2010	穂香		91	F	2
2010		りおん	91	F	3
2010	花穂	かほ	91	F	2
2010	紗奈		92	F	2
2010		りの	92	F	3
2010	芽衣	めい	92	F	2
2010	紗彩		93	F	2
2010		りんか	93	F	3
2010	莉愛	りあ	93	F	2
2010	紗綾		94	F	2
2010		れな	94	F	3
2010	菜月	なつき	94	F	2
2010	紗良		95	F	2
2010		あいこ	95	F	2
2010	華	はな	95	F	2
2010	紗衣		96	F	2
2010		あいな	96	F	2
2010	萌々	もも	96	F	2
2010	結乃		97	F	2
2010		あきほ	97	F	2
2010	葵	あおい	97	F	2
2010	結心		98	F	2
2010		あやね	98	F	2
2010	虹心	にこ	98	F	2
2010	美優		99	F	2
2010		あんり	99	F	2
2010	陽和	ひより	99	F	2
2010	美咲		100	F	2
2010		いおり	100	F	2
2010	陽奈子	ひなこ	100	F	2
2010	美月		101	F	2
2010		いと	101	F	2
2010	陽愛	ひな	101	F	2
2010	美波		102	F	2
2010		いぶき	102	F	2
2010	陽莉	ひまり	102	F	2
2010	美羽		103	F	2
2010		えな	103	F	2
2010	陽菜	はるな	103	F	2
2010	花穂		104	F	2
2010		おとは	104	F	2
2010	麻衣	まい	104	F	2
2010	芽衣		105	F	2
2010		かなは	105	F	2
2010	あさみ	あさみ	105	F	1
2010	菜月		106	F	2
2010		きい	106	F	2
2010	あずき	あずき	106	F	1
2010	華		107	F	2
2010		きよら	107	F	2
2010	ありす	ありす	107	F	1
2010	萌々		108	F	2
2010		ことは	108	F	2
2010	あんず	あんず	108	F	1
2010	葵		109	F	2
2010		ことみ	109	F	2
2010	いちな	いちな	109	F	1
2010	虹心		110	F	2
2010		こなつ	110	F	2
2010	いちほ	いちほ	110	F	1
2010	陽和		111	F	2
2010		さち	111	F	2
2010	きあら	きあら	111	F	1
2010	陽奈子		112	F	2
2010		さゆ	112	F	2
2010	こころ	こころ	112	F	1
2010	陽莉		113	F	2
2010		さわ	113	F	2
2010	ことは	ことは	113	F	1
2010	麻衣		114	F	2
2010		すず	114	F	2
2010	ことみ	ことみ	114	F	1
2010	あさみ		115	F	1
2010		すみれ	115	F	2
2010	このみ	このみ	115	F	1
2010	あずき		116	F	1
2010		せな	116	F	2
2010	さや	さや	116	F	1
2010	ありす		117	F	1
2010		せら	117	F	2
2010	しずく	しずく	117	F	1
2010	あんず		118	F	1
2010		ちさと	118	F	2
2010	すずな	すずな	118	F	1
2010	いちな		119	F	1
2010		ちな	119	F	2
2010	そら	そら	119	F	1
2010	いちほ		120	F	1
2010		ちはる	120	F	2
2010	ちはる	ちはる	120	F	1
2010	きあら		121	F	1
2010		ちひろ	121	F	2
2010	つくし	つくし	121	F	1
2010	こころ		122	F	1
2010		なのは	122	F	2
2010	つばさ	つばさ	122	F	1
2010	ことは		123	F	1
2010		ねね	123	F	2
2010	なのこ	なのこ	123	F	1
2010	ことみ		124	F	1
2010		のどか	124	F	2
2010	はるか	はるか	124	F	1
2010	このみ		125	F	1
2010		のの	125	F	2
2010	はる香	はるか	125	F	1
2010	さや		126	F	1
2010		はる	126	F	2
2010	ひな乃	ひなの	126	F	1
2010	しずく		127	F	1
2010		はるな	127	F	2
2010	ひばり	ひばり	127	F	1
2010	すずな		128	F	1
2010		ふうか	128	F	2
2010	ましろ	ましろ	128	F	1
2010	そら		129	F	1
2010		まお	129	F	2
2010	まどか	まどか	129	F	1
2010	ちはる		130	F	1
2010		まどか	130	F	2
2010	まひろ	まひろ	130	F	1
2010	つくし		131	F	1
2010		まなみ	131	F	2
2010	みちる	みちる	131	F	1
2010	つばさ		132	F	1
2010		まひろ	132	F	2
2010	みゅう	みゅう	132	F	1
2010	なのこ		133	F	1
2010		まほ	133	F	2
2010	みらい	みらい	133	F	1
2010	はるか		134	F	1
2010		まみ	134	F	2
2010	もな	もな	134	F	1
2010	はる香		135	F	1
2010		みあ	135	F	2
2010	ゆりあ	ゆりあ	135	F	1
2010	ひな乃		136	F	1
2010		みずき	136	F	2
2010	りおん	りおん	136	F	1
2010	ひばり		137	F	1
2010		みそら	137	F	2
2010	りこ	りこ	137	F	1
2010	ましろ		138	F	1
2010		みづき	138	F	2
2010	るな	るな	138	F	1
2010	まどか		139	F	1
2010		みなみ	139	F	2
2010	るね	るね	139	F	1
2010	まひろ		140	F	1
2010		みはな	140	F	2
2010	一乃	いちの	140	F	1
2010	みちる		141	F	1
2010		みはる	141	F	2
2010	一歌	いちか	141	F	1
2010	みゅう		142	F	1
2010		もね	142	F	2
2010	一織	いおり	142	F	1
2010	みらい		143	F	1
2010		もも	143	F	2
2010	一花	いちか	143	F	1
2010	もな		144	F	1
2010		ももは	144	F	2
2010	七夏	なのか	144	F	1
2010	ゆりあ		145	F	1
2010		ゆいの	145	F	2
2010	七瑚	ななこ	145	F	1
2010	りおん		146	F	1
2010		ゆきな	146	F	2
2010	七碧	ななみ	146	F	1
2010	りこ		147	F	1
2010		ゆめ	147	F	2
2010	与笑	ともえ	147	F	1
2010	るな		148	F	1
2010		ゆめか	148	F	2
2010	乃々華	ののか	148	F	1
2010	るね		149	F	1
2010		ゆり	149	F	2
2010	乎梅	こうめ	149	F	1
2010	一乃		150	F	1
2010		りさ	150	F	2
2010	亜依里	あいり	150	F	1
2010	一歌		151	F	1
2010		りな	151	F	2
2010	亜子	あこ	151	F	1
2010	一織		152	F	1
2010		りのあ	152	F	2
2010	亜希菜	あきな	152	F	1
2010	一花		153	F	1
2010		りのん	153	F	2
2010	亜弥	あみ	153	F	1
2010	七夏		154	F	1
2010		りら	154	F	2
2010	亜海	あみ	154	F	1
2010	七瑚		155	F	1
2010		りり	155	F	2
2010	仁菜	にな	155	F	1
2010	七碧		156	F	1
2010		りりか	156	F	2
2010	伊織	いおり	156	F	1
2010	与笑		157	F	1
2010		るね	157	F	2
2010	佐智子	さちこ	157	F	1
2010	乃々華		158	F	1
2010		れいな	158	F	2
2010	佑佳	ゆうか	158	F	1
2010	乎梅		159	F	1
2010		れいみ	159	F	2
2010	佑奈	ゆな	159	F	1
2010	亜依里		160	F	1
2010		あい	160	F	1
2010	佳暖	かのん	160	F	1
2010	亜子		161	F	1
2010		あいね	161	F	1
2010	佳純	かすみ	161	F	1
2010	亜希菜		162	F	1
2010		あいみ	162	F	1
2010	來弥	くるみ	162	F	1
2010	亜弥		163	F	1
2010		あいる	163	F	1
2010	來采	くれあ	163	F	1
2010	亜海		164	F	1
2010		あきな	164	F	1
2010	侑良	ゆら	164	F	1
2010	仁菜		165	F	1
2010		あけみ	165	F	1
2010	依吹	いぶき	165	F	1
2010	伊織		166	F	1
2010		あさひ	166	F	1
2010	依和	えな	166	F	1
2010	佐智子		167	F	1
2010		あさみ	167	F	1
2010	依央梨	りおり	167	F	1
2010	佑佳		168	F	1
2010		あすみ	168	F	1
2010	俐子	りこ	168	F	1
2010	佑奈		169	F	1
2010		あずき	169	F	1
2010	倖羽	こう	169	F	1
2010	佳暖		170	F	1
2010		あの	170	F	1
2010	優	ゆう	170	F	1
2010	佳純		171	F	1
2010		あみか	171	F	1
2010	優亜	ゆあ	171	F	1
2010	來弥		172	F	1
2010		あやな	172	F	1
2010	優南	ゆな	172	F	1
2010	來采		173	F	1
2010		あやは	173	F	1
2010	優唯	ゆい	173	F	1
2010	侑良		174	F	1
2010		あやみ	174	F	1
2010	優寿	ゆず	174	F	1
2010	依吹		175	F	1
2010		あゆい	175	F	1
2010	優希菜	ゆきな	175	F	1
2010	依和		176	F	1
2010		ありさ	176	F	1
2010	優愛	ゆうあ	176	F	1
2010	依央梨		177	F	1
2010		ありす	177	F	1
2010	優愛羅	ゆあら	177	F	1
2010	俐子		178	F	1
2010		ありな	178	F	1
2010	優愛花	ゆめか	178	F	1
2010	倖羽		179	F	1
2010		あろま	179	F	1
2010	優月	ゆづき	179	F	1
2010	優		180	F	1
2010		あん	180	F	1
2010	優花	ゆうか	180	F	1
2010	優亜		181	F	1
2010		あんず	181	F	1
2010	優莉	ゆうり	181	F	1
2010	優南		182	F	1
2010		いちな	182	F	1
2010	優菜	ゆな	182	F	1
2010	優唯		183	F	1
2010		いちの	183	F	1
2010	優衣	うい	183	F	1
2010	優寿		184	F	1
2010		いちほ	184	F	1
2010	優衣莉	ゆいり	184	F	1
2010	優希菜		185	F	1
2010		いつき	185	F	1
2010	優里	ゆり	185	F	1
2010	優愛		186	F	1
2010		うい	186	F	1
2010	優里菜	ゆりな	186	F	1
2010	優愛羅		187	F	1
2010		うき	187	F	1
2010	優香	ゆうか	187	F	1
2010	優愛花		188	F	1
2010		うみ	188	F	1
2010	光優	みゆ	188	F	1
2010	優月		189	F	1
2010		うらら	189	F	1
2010	光莉	きらり	189	F	1
2010	優花		190	F	1
2010		えあ	190	F	1
2010	円奏	まどか	190	F	1
2010	優莉		191	F	1
2010		えみ	191	F	1
2010	凌	りょう	191	F	1
2010	優菜		192	F	1
2010		えみな	192	F	1
2010	凛香	りんか	192	F	1
2010	優衣莉		193	F	1
2010		えりか	193	F	1
2010	凜來	りら	193	F	1
2010	優里		194	F	1
2010		えりこ	194	F	1
2010	凜桜	りお	194	F	1
2010	優里菜		195	F	1
2010		えりな	195	F	1
2010	凜歌	りんか	195	F	1
2010	優香		196	F	1
2010		かえな	196	F	1
2010	凜花	りんか	196	F	1
2010	光優		197	F	1
2010		かえみ	197	F	1
2010	凜音	りん	197	F	1
2010	光莉		198	F	1
2010		かすみ	198	F	1
2010	凪沙	なぎさ	198	F	1
2010	円奏		199	F	1
2010		かな	199	F	1
2010	初佳	いちか	199	F	1
2010	凌		200	F	1
2010		かなで	200	F	1
2010	初音	はつね	200	F	1
2010	凛香		201	F	1
2010		かりん	201	F	1
2010	加恋	かれん	201	F	1
2010	凜來		202	F	1
2010		きあら	202	F	1
2010	千佳	ちか	202	F	1
2010	凜桜		203	F	1
2010		きいら	203	F	1
2010	千咲貴	ちさき	203	F	1
2010	凜歌		204	F	1
2010		きこ	204	F	1
2010	千夏	ちな	204	F	1
2010	凜花		205	F	1
2010		きずき	205	F	1
2010	千寿	ちず	205	F	1
2010	凜音		206	F	1
2010		きずな	206	F	1
2010	千愛	ちな	206	F	1
2010	凪沙		207	F	1
2010		きら	207	F	1
2010	千明	ちあき	207	F	1
2010	初佳		208	F	1
2010		きらら	208	F	1
2010	千琴	ちこと	208	F	1
2010	初音		209	F	1
2010		きらり	209	F	1
2010	千聖	ちさと	209	F	1
2010	加恋		210	F	1
2010		けいと	210	F	1
2010	千華	ちはな	210	F	1
2010	千佳		211	F	1
2010		こあ	211	F	1
2010	千遥	ちはる	211	F	1
2010	千咲貴		212	F	1
2010		こいき	212	F	1
2010	友実子	ゆみこ	212	F	1
2010	千夏		213	F	1
2010		こう	213	F	1
2010	友美	ゆみ	213	F	1
2010	千寿		214	F	1
2010		こうめ	214	F	1
2010	友里	ゆり	214	F	1
2010	千愛		215	F	1
2010		ここ	215	F	1
2010	史織	しおり	215	F	1
2010	千明		216	F	1
2010		こすず	216	F	1
2010	叶愛	とあ	216	F	1
2010	千琴		217	F	1
2010		こと	217	F	1
2010	叶愛	のあ	217	F	1
2010	千聖		218	F	1
2010		このみ	218	F	1
2010	叶羽	かなは	218	F	1
2010	千華		219	F	1
2010		こゆき	219	F	1
2010	向日葵	ひなた	219	F	1
2010	千遥		220	F	1
2010		さあら	220	F	1
2010	和	のどか	220	F	1
2010	友実子		221	F	1
2010		さえこ	221	F	1
2010	和々葉	わかば	221	F	1
2010	友美		222	F	1
2010		さえな	222	F	1
2010	和奈	なな	222	F	1
2010	友里		223	F	1
2010		さちこ	223	F	1
2010	和奏	のどか	223	F	1
2010	史織		224	F	1
2010		さとみ	224	F	1
2010	和奏	わかな	224	F	1
2010	叶羽		225	F	1
2010		さほ	225	F	1
2010	和桜	あいさ	225	F	1
2010	向日葵		226	F	1
2010		さやか	226	F	1
2010	和花奈	わかな	226	F	1
2010	和		227	F	1
2010		さゆき	227	F	1
2010	和華	わか	227	F	1
2010	和々葉		228	F	1
2010		さよ	228	F	1
2010	咲夢	さくら	228	F	1
2010	和奈		229	F	1
2010		さらさ	229	F	1
2010	咲姫	さき	229	F	1
2010	和桜		230	F	1
2010		しおん	230	F	1
2010	咲帆	さほ	230	F	1
2010	和花奈		231	F	1
2010		しずく	231	F	1
2010	咲彩	さあや	231	F	1
2010	和華		232	F	1
2010		しづき	232	F	1
2010	咲新	さあら	232	F	1
2010	咲夢		233	F	1
2010		しの	233	F	1
2010	咲来	さら	233	F	1
2010	咲姫		234	F	1
2010		しのは	234	F	1
2010	咲栄	さえ	234	F	1
2010	咲帆		235	F	1
2010		しゃら	235	F	1
2010	咲礼	さくら	235	F	1
2010	咲彩		236	F	1
2010		しゅい	236	F	1
2010	咲結	さゆ	236	F	1
2010	咲新		237	F	1
2010		しゅり	237	F	1
2010	咲絢	さあや	237	F	1
2010	咲来		238	F	1
2010		しゅんか	238	F	1
2010	咲綾	さあや	238	F	1
2010	咲栄		239	F	1
2010		しゆ	239	F	1
2010	咲羽	さわ	239	F	1
2010	咲礼		240	F	1
2010		しょうこ	240	F	1
2010	咲良	さよ	240	F	1
2010	咲結		241	F	1
2010		しんば	241	F	1
2010	咲良	さら	241	F	1
2010	咲絢		242	F	1
2010		すずな	242	F	1
2010	咲花	さくら	242	F	1
2010	咲綾		243	F	1
2010		すずね	243	F	1
2010	咲輝	さき	243	F	1
2010	咲羽		244	F	1
2010		せそら	244	F	1
2010	唯	ゆい	244	F	1
2010	咲花		245	F	1
2010		そのか	245	F	1
2010	唯花	いちか	245	F	1
2010	咲輝		246	F	1
2010		そよか	246	F	1
2010	唯華	ゆいか	246	F	1
2010	唯		247	F	1
2010		ちあき	247	F	1
2010	唯那	ゆいな	247	F	1
2010	唯花		248	F	1
2010		ちこと	248	F	1
2010	夏向花	ひまり	248	F	1
2010	唯華		249	F	1
2010		ちさき	249	F	1
2010	夏姫	なつき	249	F	1
2010	唯那		250	F	1
2010		ちず	250	F	1
2010	夏希	なつき	250	F	1
2010	夏向花		251	F	1
2010		ちはな	251	F	1
2010	夏怜	かれん	251	F	1
2010	夏姫		252	F	1
2010		ちよ	252	F	1
2010	夏月	なつき	252	F	1
2010	夏希		253	F	1
2010		つくし	253	F	1
2010	夏歩	かほ	253	F	1
2010	夏怜		254	F	1
2010		つづみ	254	F	1
2010	夏渚	かな	254	F	1
2010	夏月		255	F	1
2010		つばき	255	F	1
2010	夏生	なつき	255	F	1
2010	夏歩		256	F	1
2010		つばさ	256	F	1
2010	夏羽	なつは	256	F	1
2010	夏渚		257	F	1
2010		てんか	257	F	1
2010	夏芽	なつめ	257	F	1
2010	夏生		258	F	1
2010		てんし	258	F	1
2010	夏音	かのん	258	F	1
2010	夏羽		259	F	1
2010		とあ	259	F	1
2010	夕佑子	ゆうこ	259	F	1
2010	夏芽		260	F	1
2010		とうこ	260	F	1
2010	夢	のぞみ	260	F	1
2010	夏音		261	F	1
2010		とこな	261	F	1
2010	夢來	ゆら	261	F	1
2010	夕佑子		262	F	1
2010		ともえ	262	F	1
2010	夢愛	ゆあ	262	F	1
2010	夢		263	F	1
2010		ともよ	263	F	1
2010	夢菜	ゆな	263	F	1
2010	夢來		264	F	1
2010		なぎさ	264	F	1
2010	天子	てんし	264	F	1
2010	夢愛		265	F	1
2010		なこ	265	F	1
2010	天愛	まな	265	F	1
2010	夢菜		266	F	1
2010		なずな	266	F	1
2010	天香	てんか	266	F	1
2010	天子		267	F	1
2010		なつ	267	F	1
2010	奈々美	ななみ	267	F	1
2010	天愛		268	F	1
2010		なつは	268	F	1
2010	奈乃絆	なのは	268	F	1
2010	天香		269	F	1
2010		なのか	269	F	1
2010	奈央	なお	269	F	1
2010	奈々美		270	F	1
2010		なのこ	270	F	1
2010	奈緒	なお	270	F	1
2010	奈乃絆		271	F	1
2010		なゆ	271	F	1
2010	奈都	なつ	271	F	1
2010	奈央		272	F	1
2010		にいな	272	F	1
2010	奏	かなで	272	F	1
2010	奈緒		273	F	1
2010		にじ	273	F	1
2010	奏来	そら	273	F	1
2010	奈都		274	F	1
2010		にな	274	F	1
2010	奏羽	かなは	274	F	1
2010	奏		275	F	1
2010		ねあい	275	F	1
2010	奏音	かのん	275	F	1
2010	奏来		276	F	1
2010		はうん	276	F	1
2010	奏風	そよか	276	F	1
2010	奏羽		277	F	1
2010		はつね	277	F	1
2010	妃優奈	ひゆな	277	F	1
2010	奏音		278	F	1
2010		はなえ	278	F	1
2010	妃夏	ひなつ	278	F	1
2010	奏風		279	F	1
2010		はなの	279	F	1
2010	妃奈子	ひなこ	279	F	1
2010	妃優奈		280	F	1
2010		はるあ	280	F	1
2010	妃菜	ひな	280	F	1
2010	妃夏		281	F	1
2010		はるね	281	F	1
2010	妃音	ひな	281	F	1
2010	妃奈子		282	F	1
2010		はるの	282	F	1
2010	姫愛	ひめあ	282	F	1
2010	妃菜		283	F	1
2010		はるひ	283	F	1
2010	姫花	ひめか	283	F	1
2010	妃音		284	F	1
2010		はるみ	284	F	1
2010	姫菜乃	ひなの	284	F	1
2010	姫愛		285	F	1
2010		はんな	285	F	1
2010	姫衣	きい	285	F	1
2010	姫花		286	F	1
2010		ひいな	286	F	1
2010	実以	みい	286	F	1
2010	姫菜乃		287	F	1
2010		ひいろ	287	F	1
2010	実佑	みゆ	287	F	1
2010	姫衣		288	F	1
2010		ひでみ	288	F	1
2010	実優	みゆ	288	F	1
2010	実以		289	F	1
2010		ひなつ	289	F	1
2010	実愛	みのり	289	F	1
2010	実佑		290	F	1
2010		ひばり	290	F	1
2010	実桜	みお	290	F	1
2010	実優		291	F	1
2010		ひびき	291	F	1
2010	実桜	みおう	291	F	1
2010	実愛		292	F	1
2010		ひまわり	292	F	1
2010	実緒	みお	292	F	1
2010	実緒		293	F	1
2010		ひめあ	293	F	1
2010	実花	みはな	293	F	1
2010	実花		294	F	1
2010		ひめか	294	F	1
2010	実虹	みこ	294	F	1
2010	実虹		295	F	1
2010		ひゆな	295	F	1
2010	宥和	ゆい	295	F	1
2010	宥和		296	F	1
2010		びび	296	F	1
2010	寛奈	かんな	296	F	1
2010	寛奈		297	F	1
2010		ふうな	297	F	1
2010	寿鈴	じゅり	297	F	1
2010	寿鈴		298	F	1
2010		ふうね	298	F	1
2010	小晴	こはる	298	F	1
2010	小晴		299	F	1
2010		ふうわ	299	F	1
2010	小粋	こいき	299	F	1
2010	小粋		300	F	1
2010		ふみ	300	F	1
2010	小遥	こはる	300	F	1
2010	小遥		301	F	1
2010		べに	301	F	1
2010	小鈴	こすず	301	F	1
2010	小鈴		302	F	1
2010		まあや	302	F	1
2010	小雪	こゆき	302	F	1
2010	小雪		303	F	1
2010		まいな	303	F	1
2010	岬希	みさき	303	F	1
2010	岬希		304	F	1
2010		まかな	304	F	1
2010	帆花	はんな	304	F	1
2010	希		305	F	1
2010		まき	305	F	1
2010	希	のぞみ	305	F	1
2010	希々花		306	F	1
2010		まこ	306	F	1
2010	希々花	ののか	306	F	1
2010	希乃花		307	F	1
2010		まこと	307	F	1
2010	希乃花	ののか	307	F	1
2010	希好		308	F	1
2010		まのん	308	F	1
2010	希好	きこ	308	F	1
2010	希愛		309	F	1
2010		まほろ	309	F	1
2010	希愛	のあ	309	F	1
2010	希海		310	F	1
2010		まや	310	F	1
2010	希望	のぞみ	310	F	1
2010	希衣		311	F	1
2010		まゆ	311	F	1
2010	希望	のの	311	F	1
2010	希風		312	F	1
2010		まりか	312	F	1
2010	希海	のぞみ	312	F	1
2010	幸恵		313	F	1
2010		まりな	313	F	1
2010	希衣	きい	313	F	1
2010	幸春		314	F	1
2010		みい	314	F	1
2010	希風	ののか	314	F	1
2010	幸菜		315	F	1
2010		みおう	315	F	1
2010	幸恵	ゆきえ	315	F	1
2010	弓愛		316	F	1
2010		みおり	316	F	1
2010	幸春	こはる	316	F	1
2010	彩希		317	F	1
2010		みおん	317	F	1
2010	幸菜	ゆきな	317	F	1
2010	彩心		318	F	1
2010		みか	318	F	1
2010	弓愛	ゆあ	318	F	1
2010	彩智		319	F	1
2010		みく	319	F	1
2010	彩希	さき	319	F	1
2010	彩衣		320	F	1
2010		みこ	320	F	1
2010	彩心	あやみ	320	F	1
2010	彩音		321	F	1
2010		みさの	321	F	1
2010	彩智	さち	321	F	1
2010	彩香		322	F	1
2010		みずさ	322	F	1
2010	彩花	あやか	322	F	1
2010	律奏		323	F	1
2010		みずほ	323	F	1
2010	彩葉	あやは	323	F	1
2010	心夏		324	F	1
2010		みちる	324	F	1
2010	彩葉	いろは	324	F	1
2010	心晴		325	F	1
2010		みひろ	325	F	1
2010	彩衣	さえ	325	F	1
2010	心海		326	F	1
2010		みゅう	326	F	1
2010	彩音	あやね	326	F	1
2010	心菜		327	F	1
2010		みゆう	327	F	1
2010	彩香	あやか	327	F	1
2010	心葵		328	F	1
2010		みゆか	328	F	1
2010	律奏	りつか	328	F	1
2010	心那		329	F	1
2010		みゆき	329	F	1
2010	心夏	こなつ	329	F	1
2010	志乃		330	F	1
2010		みらい	330	F	1
2010	心彩	こあ	330	F	1
2010	怜奈		331	F	1
2010		みり	331	F	1
2010	心彩	ここあ	331	F	1
2010	怜那		332	F	1
2010		みりあ	332	F	1
2010	心愛	みのり	332	F	1
2010	恵理子		333	F	1
2010		みる	333	F	1
2010	心晴	こはる	333	F	1
2010	恵衣		334	F	1
2010		めいさ	334	F	1
2010	心海	ここみ	334	F	1
2010	恵都		335	F	1
2010		もえか	335	F	1
2010	心結	ここな	335	F	1
2010	悠乃		336	F	1
2010		もな	336	F	1
2010	心花	こはる	336	F	1
2010	悠未		337	F	1
2010		ももあ	337	F	1
2010	心花	みはな	337	F	1
2010	悠歌		338	F	1
2010		ももこ	338	F	1
2010	心菜	ここな	338	F	1
2010	悠澄		339	F	1
2010		ももな	339	F	1
2010	心葵	みそら	339	F	1
2010	悠良		340	F	1
2010		ももね	340	F	1
2010	心那	ここな	340	F	1
2010	悠華		341	F	1
2010		もゆは	341	F	1
2010	心音	こと	341	F	1
2010	悠衣		342	F	1
2010		ゆあな	342	F	1
2010	志乃	しの	342	F	1
2010	想乃和		343	F	1
2010		ゆあら	343	F	1
2010	怜奈	れな	343	F	1
2010	愛		344	F	1
2010		ゆいか	344	F	1
2010	怜那	れいな	344	F	1
2010	愛乃		345	F	1
2010		ゆいこ	345	F	1
2010	恵理子	えりこ	345	F	1
2010	愛亜也		346	F	1
2010		ゆいり	346	F	1
2010	恵衣	めい	346	F	1
2010	愛咲		347	F	1
2010		ゆうあ	347	F	1
2010	恵都	けいと	347	F	1
2010	愛子		348	F	1
2010		ゆうき	348	F	1
2010	悠乃	はるの	348	F	1
2010	愛希		349	F	1
2010		ゆうこ	349	F	1
2010	悠未	ゆま	349	F	1
2010	愛彩奈		350	F	1
2010		ゆうな	350	F	1
2010	悠歌	はるか	350	F	1
2010	愛心		351	F	1
2010		ゆうの	351	F	1
2010	悠澄	ゆず	351	F	1
2010	愛悠		352	F	1
2010		ゆうり	352	F	1
2010	悠良	ゆら	352	F	1
2010	愛望		353	F	1
2010		ゆき	353	F	1
2010	悠華	はるか	353	F	1
2010	愛未		354	F	1
2010		ゆきえ	354	F	1
2010	悠衣	ゆい	354	F	1
2010	愛果		355	F	1
2010		ゆきね	355	F	1
2010	想乃和	そのか	355	F	1
2010	愛栞		356	F	1
2010		ゆきの	356	F	1
2010	愛	あい	356	F	1
2010	愛理奈		357	F	1
2010		ゆま	357	F	1
2010	愛乃	めい	357	F	1
2010	愛琉		358	F	1
2010		ゆまな	358	F	1
2010	愛亜也	まあや	358	F	1
2010	愛紗		359	F	1
2010		ゆみ	359	F	1
2010	愛咲	あいさ	359	F	1
2010	愛結		360	F	1
2010		ゆみこ	360	F	1
2010	愛奈	あいな	360	F	1
2010	愛結実		361	F	1
2010		ゆりあ	361	F	1
2010	愛奈	まな	361	F	1
2010	愛美花		362	F	1
2010		ゆりな	362	F	1
2010	愛子	あいこ	362	F	1
2010	愛菜		363	F	1
2010		ようこ	363	F	1
2010	愛実	あみ	363	F	1
2010	愛音		364	F	1
2010		りあな	364	F	1
2010	愛実	まなみ	364	F	1
2010	文香		365	F	1
2010		りあん	365	F	1
2010	愛希	あの	365	F	1
2010	新菜		366	F	1
2010		りいさ	366	F	1
2010	愛彩奈	あやな	366	F	1
2010	新葉		367	F	1
2010		りおり	367	F	1
2010	愛心	あこ	367	F	1
2010	日花里		368	F	1
2010		りずな	368	F	1
2010	愛悠	あゆ	368	F	1
2010	日葵		369	F	1
2010		りつか	369	F	1
2010	愛望	あいみ	369	F	1
2010	明咲		370	F	1
2010		りみ	370	F	1
2010	愛未	まなみ	370	F	1
2010	明日美		371	F	1
2010		りょう	371	F	1
2010	愛果	まなか	371	F	1
2010	明香		372	F	1
2010		りょうか	372	F	1
2010	愛栞	まなか	372	F	1
2010	星七		373	F	1
2010		りりい	373	F	1
2010	愛理奈	ありな	373	F	1
2010	星来		374	F	1
2010		りりん	374	F	1
2010	愛琉	あいる	374	F	1
2010	星空		375	F	1
2010		るり	375	F	1
2010	愛紗	あいさ	375	F	1
2010	映恩		376	F	1
2010		るるか	376	F	1
2010	愛結	あゆい	376	F	1
2010	春佳		377	F	1
2010		れい	377	F	1
2010	愛結実	あゆみ	377	F	1
2010	春陽		378	F	1
2010		れいか	378	F	1
2010	愛美花	あみか	378	F	1
2010	春音		379	F	1
2010		れおな	379	F	1
2010	愛菜	あいな	379	F	1
2010	晏琉		380	F	1
2010		わか	380	F	1
2010	愛音	あいね	380	F	1
2010	晶穂		381	F	1
2010		わかば	381	F	1
2010	文香	あやか	381	F	1
2010	智聖		382	F	1
2010	新菜	にいな	382	F	1
2010	智香		383	F	1
2010	新葉	しんば	383	F	1
2010	暖乃		384	F	1
2010	日花里	ひかり	384	F	1
2010	更紗		385	F	1
2010	日葵	ひまり	385	F	1
2010	月		386	F	1
2010	明咲	めいさ	386	F	1
2010	有咲		387	F	1
2010	明日美	あすみ	387	F	1
2010	有来		388	F	1
2010	明香	さやか	388	F	1
2010	望結		389	F	1
2010	星七	せな	389	F	1
2010	朝陽		390	F	1
2010	星来	せら	390	F	1
2010	未乃莉		391	F	1
2010	星空	せそら	391	F	1
2010	朱寿		392	F	1
2010	映恩	はうん	392	F	1
2010	朱海		393	F	1
2010	春佳	はるか	393	F	1
2010	朱莉		394	F	1
2010	春陽	はるひ	394	F	1
2010	杏		395	F	1
2010	春音	はるね	395	F	1
2010	杏捺		396	F	1
2010	晏琉	あんり	396	F	1
2010	杏梨		397	F	1
2010	晶穂	あきほ	397	F	1
2010	杏香		398	F	1
2010	智聖	ちさと	398	F	1
2010	来愛		399	F	1
2010	智香	ちか	399	F	1
2010	果歩		400	F	1
2010	暖乃	のの	400	F	1
2010	果蓮		401	F	1
2010	更紗	さらさ	401	F	1
2010	柊菜		402	F	1
2010	月	るな	402	F	1
2010	柑奈		403	F	1
2010	有咲	ありさ	403	F	1
2010	柚乃		404	F	1
2010	有来	あこ	404	F	1
2010	柚春		405	F	1
2010	望結	みゆ	405	F	1
2010	柚結		406	F	1
2010	朝陽	あさひ	406	F	1
2010	栞優		407	F	1
2010	未乃莉	みのり	407	F	1
2010	栞名		408	F	1
2010	朱寿	すず	408	F	1
2010	栞奈		409	F	1
2010	朱海	あけみ	409	F	1
2010	栞菜		410	F	1
2010	朱莉	あかり	410	F	1
2010	栞那		411	F	1
2010	杏	あん	411	F	1
2010	桃奈		412	F	1
2010	杏捺	あんな	412	F	1
2010	桃子		413	F	1
2010	杏梨	あんり	413	F	1
2010	桃寧		414	F	1
2010	杏香	きょうか	414	F	1
2010	桃愛		415	F	1
2010	来愛	くれあ	415	F	1
2010	桜奈		416	F	1
2010	果歩	かほ	416	F	1
2010	桜結		417	F	1
2010	果蓮	かれん	417	F	1
2010	桜羽		418	F	1
2010	柊菜	ひいな	418	F	1
2010	桜英子		419	F	1
2010	柑奈	かんな	419	F	1
2010	桧麗		420	F	1
2010	柚乃	ゆうの	420	F	1
2010	梨々花		421	F	1
2010	柚春	ゆず	421	F	1
2010	梨央		422	F	1
2010	柚月	ゆづき	422	F	1
2010	梨鈴		423	F	1
2010	柚結	ゆず	423	F	1
2010	椿		424	F	1
2010	栞優	しゆ	424	F	1
2010	楓南		425	F	1
2010	栞名	かんな	425	F	1
2010	楓和		426	F	1
2010	栞奈	かんな	426	F	1
2010	楓夏		427	F	1
2010	栞菜	かんな	427	F	1
2010	楓奈		428	F	1
2010	栞那	かんな	428	F	1
2010	楓音		429	F	1
2010	桃奈	ももな	429	F	1
2010	樹		430	F	1
2010	桃子	ももこ	430	F	1
2010	樹莉		431	F	1
2010	桃寧	ももね	431	F	1
2010	樹里		432	F	1
2010	桃愛	ももあ	432	F	1
2010	歌		433	F	1
2010	桃花	ももは	433	F	1
2010	歩優		434	F	1
2010	桜奈	さな	434	F	1
2010	汐來		435	F	1
2010	桜結	みゆ	435	F	1
2010	汐温		436	F	1
2010	桜羽	おとは	436	F	1
2010	沙弥		437	F	1
2010	桜英子	さえこ	437	F	1
2010	沙良		438	F	1
2010	桧麗	ひより	438	F	1
2010	沙那		439	F	1
2010	梨々花	りりか	439	F	1
2010	洵花		440	F	1
2010	梨央	りお	440	F	1
2010	流佳		441	F	1
2010	梨鈴	りりん	441	F	1
2010	海結		442	F	1
2010	椿	つばき	442	F	1
2010	海羽		443	F	1
2010	楓南	かえな	443	F	1
2010	涼音		444	F	1
2010	楓和	ふうわ	444	F	1
2010	清来		445	F	1
2010	楓夏	ふうか	445	F	1
2010	煌		446	F	1
2010	楓奈	ふうな	446	F	1
2010	爽		447	F	1
2010	楓音	ふうね	447	F	1
2010	玲		448	F	1
2010	樹	いつき	448	F	1
2010	玲名		449	F	1
2010	樹莉	じゅり	449	F	1
2010	玲央奈		450	F	1
2010	樹里	じゅり	450	F	1
2010	玲花		451	F	1
2010	歌	うた	451	F	1
2010	珠愛		452	F	1
2010	歩優	あゆ	452	F	1
2010	珠梨		453	F	1
2010	汐來	きよら	453	F	1
2010	珠衣		454	F	1
2010	汐温	しおん	454	F	1
2010	理央		455	F	1
2010	沙弥	さや	455	F	1
2010	理奈		456	F	1
2010	沙良	しゃら	456	F	1
2010	理子		457	F	1
2010	沙那	さな	457	F	1
2010	理愛		458	F	1
2010	洵花	しゅんか	458	F	1
2010	琉々花		459	F	1
2010	流佳	るか	459	F	1
2010	琉理花		460	F	1
2010	海結	みゆ	460	F	1
2010	琉花		461	F	1
2010	海羽	みう	461	F	1
2010	琴未		462	F	1
2010	涼音	すず	462	F	1
2010	琴葉		463	F	1
2010	清来	きよら	463	F	1
2010	瑚夏		464	F	1
2010	煌	きらら	464	F	1
2010	瑚子		465	F	1
2010	爽	さえな	465	F	1
2010	瑞希		466	F	1
2010	玲	れい	466	F	1
2010	瑞稀		467	F	1
2010	玲名	れな	467	F	1
2010	瑞穂		468	F	1
2010	玲央奈	れおな	468	F	1
2010	瑞紗		469	F	1
2010	玲花	れいか	469	F	1
2010	瑠佳		470	F	1
2010	珠愛	みのり	470	F	1
2010	瑠南		471	F	1
2010	珠梨	しゅり	471	F	1
2010	瑠奈		472	F	1
2010	珠衣	しゅい	472	F	1
2010	瑠愛		473	F	1
2010	理央	りお	473	F	1
2010	瑠栞		474	F	1
2010	理奈	りな	474	F	1
2010	瑠璃		475	F	1
2010	理子	りこ	475	F	1
2010	瑠音		476	F	1
2010	理愛	りら	476	F	1
2010	璃乃		477	F	1
2010	理桜	りお	477	F	1
2010	璃子		478	F	1
2010	理桜	りおん	478	F	1
2010	璃莉		479	F	1
2010	琉々花	るるか	479	F	1
2010	璃音		480	F	1
2010	琉理花	りりか	480	F	1
2010	生稀		481	F	1
2010	琉花	るか	481	F	1
2010	由奈		482	F	1
2010	琴未	ことみ	482	F	1
2010	由萌		483	F	1
2010	琴葉	ことは	483	F	1
2010	由起		484	F	1
2010	瑚夏	こなつ	484	F	1
2010	百華		485	F	1
2010	瑚子	ここ	485	F	1
2010	百音		486	F	1
2010	瑞希	みずき	486	F	1
2010	眞		487	F	1
2010	瑞稀	みずき	487	F	1
2010	眞子		488	F	1
2010	瑞穂	みずほ	488	F	1
2010	真加		489	F	1
2010	瑞紗	みずさ	489	F	1
2010	真叶		490	F	1
2010	瑠佳	るか	490	F	1
2010	真央		491	F	1
2010	瑠南	るな	491	F	1
2010	真奈		492	F	1
2010	瑠奈	るな	492	F	1
2010	真帆呂		493	F	1
2010	瑠愛	るな	493	F	1
2010	真暖		494	F	1
2010	瑠栞	るか	494	F	1
2010	真由		495	F	1
2010	瑠璃	るり	495	F	1
2010	真白		496	F	1
2010	瑠音	るね	496	F	1
2010	真緒		497	F	1
2010	璃乃	りの	497	F	1
2010	真美		498	F	1
2010	璃子	りこ	498	F	1
2010	真耶		499	F	1
2010	璃莉	りり	499	F	1
2010	知世		500	F	1
2010	璃音	りお	500	F	1
2010	知佳		501	F	1
2010	生稀	うき	501	F	1
2010	知花		502	F	1
2010	由奈	ゆな	502	F	1
2010	碧		503	F	1
2010	由萌	ゆめ	503	F	1
2010	碧依		504	F	1
2010	由起	ゆき	504	F	1
2010	碧泉		505	F	1
2010	百華	ももは	505	F	1
2010	礼奈		506	F	1
2010	百音	もね	506	F	1
2010	祐希乃		507	F	1
2010	眞	まこと	507	F	1
2010	祐衣		508	F	1
2010	眞子	まこ	508	F	1
2010	秋穂		509	F	1
2010	真加	まなか	509	F	1
2010	穂佳		510	F	1
2010	真叶	まかな	510	F	1
2010	穂夏		511	F	1
2010	真央	まお	511	F	1
2010	穂花		512	F	1
2010	真奈	まな	512	F	1
2010	穏々花		513	F	1
2010	真帆呂	まほろ	513	F	1
2010	笑歩		514	F	1
2010	真暖	まのん	514	F	1
2010	笑美		515	F	1
2010	真由	まゆ	515	F	1
2010	笑菜		516	F	1
2010	真白	ましろ	516	F	1
2010	紅		517	F	1
2010	真緒	まお	517	F	1
2010	紅愛		518	F	1
2010	真美	まみ	518	F	1
2010	紗優		519	F	1
2010	真耶	まや	519	F	1
2010	紗名		520	F	1
2010	知世	ともよ	520	F	1
2010	紗夜		521	F	1
2010	知佳	ちよ	521	F	1
2010	紗希		522	F	1
2010	知花	ちか	522	F	1
2010	紗幸		523	F	1
2010	碧	あおい	523	F	1
2010	紗月		524	F	1
2010	碧依	あおい	524	F	1
2010	紗玖良		525	F	1
2010	碧泉	あおい	525	F	1
2010	紗羽		526	F	1
2010	礼奈	れな	526	F	1
2010	紗雪		527	F	1
2010	祐希乃	ゆきの	527	F	1
2010	紗音		528	F	1
2010	祐衣	ゆい	528	F	1
2010	紫月		529	F	1
2010	秋穂	あきほ	529	F	1
2010	紫緒里		530	F	1
2010	穂佳	ほのか	530	F	1
2010	絆		531	F	1
2010	穂夏	ほのか	531	F	1
2010	絆貴		532	F	1
2010	穂花	ほのか	532	F	1
2010	結		533	F	1
2010	穏々花	ののか	533	F	1
2010	結友		534	F	1
2010	笑歩	えあ	534	F	1
2010	結希		535	F	1
2010	笑美	えみ	535	F	1
2010	結愛菜		536	F	1
2010	笑菜	えみな	536	F	1
2010	結愛華		537	F	1
2010	紅	べに	537	F	1
2010	結桜		538	F	1
2010	紅愛	くれあ	538	F	1
2010	結瑚		539	F	1
2010	紗優	さゆ	539	F	1
2010	結羽		540	F	1
2010	紗名	さな	540	F	1
2010	結那		541	F	1
2010	紗夜	さや	541	F	1
2010	絢華		542	F	1
2010	紗希	さき	542	F	1
2010	絢郁		543	F	1
2010	紗幸	さち	543	F	1
2010	絢音		544	F	1
2010	紗月	さつき	544	F	1
2010	絵奈		545	F	1
2010	紗玖良	さくら	545	F	1
2010	続未		546	F	1
2010	紗羽	さわ	546	F	1
2010	綸音		547	F	1
2010	紗菜	せな	547	F	1
2010	綾乃		548	F	1
2010	紗雪	さゆき	548	F	1
2010	綾香		549	F	1
2010	紗音	すずね	549	F	1
2010	緑憂		550	F	1
2010	紫月	しづき	550	F	1
2010	美亜		551	F	1
2010	紫緒里	しおり	551	F	1
2010	美優花		552	F	1
2010	絆	きずな	552	F	1
2010	美友		553	F	1
2010	絆貴	きずき	553	F	1
2010	美尋		554	F	1
2010	結	ゆい	554	F	1
2010	美幸		555	F	1
2010	結友	ゆう	555	F	1
2010	美心		556	F	1
2010	結希	ゆうき	556	F	1
2010	美日		557	F	1
2010	結心	こころ	557	F	1
2010	美杏		558	F	1
2010	結心	ゆな	558	F	1
2010	美梨		559	F	1
2010	結愛	ゆまな	559	F	1
2010	美梨愛		560	F	1
2010	結愛	ゆめ	560	F	1
2010	美琉		561	F	1
2010	結愛菜	ゆあな	561	F	1
2010	美生		562	F	1
2010	結愛華	ゆめか	562	F	1
2010	美穏		563	F	1
2010	結桜	ゆら	563	F	1
2010	美紗乃		564	F	1
2010	結瑚	ゆいこ	564	F	1
2010	美結		565	F	1
2010	結羽	ゆう	565	F	1
2010	美織		566	F	1
2010	結菜	ゆいな	566	F	1
2010	美羽瑠		567	F	1
2010	結菜	ゆうな	567	F	1
2010	美華		568	F	1
2010	結那	ゆいな	568	F	1
2010	美詩		569	F	1
2010	絢華	あやか	569	F	1
2010	美陽		570	F	1
2010	絢郁	あやか	570	F	1
2010	羽奏		571	F	1
2010	絢音	あやね	571	F	1
2010	翔子		572	F	1
2010	絵奈	えな	572	F	1
2010	翠咲		573	F	1
2010	続未	つづみ	573	F	1
2010	聖來		574	F	1
2010	綸音	いと	574	F	1
2010	胡桃		575	F	1
2010	綾乃	あやの	575	F	1
2010	舞		576	F	1
2010	綾香	あやか	576	F	1
2010	舞姫		577	F	1
2010	緑憂	みゆ	577	F	1
2010	舞美		578	F	1
2010	美亜	みあ	578	F	1
2010	芙実		579	F	1
2010	美優花	みゆか	579	F	1
2010	芭瑠		580	F	1
2010	美友	みゆ	580	F	1
2010	花希		581	F	1
2010	美尋	みひろ	581	F	1
2010	花恋		582	F	1
2010	美幸	みゆき	582	F	1
2010	花笑		583	F	1
2010	美心	うみ	583	F	1
2010	花菜		584	F	1
2010	美日	びび	584	F	1
2010	芽依		585	F	1
2010	美杏	みあ	585	F	1
2010	芽生		586	F	1
2010	美桜	うらら	586	F	1
2010	若夏		587	F	1
2010	美桜	みさき	587	F	1
2010	若菜		588	F	1
2010	美梨	みり	588	F	1
2010	英美		589	F	1
2010	美梨愛	みりあ	589	F	1
2010	英里奈		590	F	1
2010	美琉	みる	590	F	1
2010	苺那		591	F	1
2010	美生	みお	591	F	1
2010	茉央		592	F	1
2010	美穏	みおん	592	F	1
2010	茉莉那		593	F	1
2010	美空	そら	593	F	1
2010	茉莉香		594	F	1
2010	美空	みく	594	F	1
2010	莉乃		595	F	1
2010	美空	みそら	595	F	1
2010	莉亜		596	F	1
2010	美紗乃	みさの	596	F	1
2010	莉奈		597	F	1
2010	美結	みゆう	597	F	1
2010	莉希		598	F	1
2010	美織	みおり	598	F	1
2010	莉希空		599	F	1
2010	美羽瑠	みはる	599	F	1
2010	莉杏		600	F	1
2010	美華	みか	600	F	1
2010	莉理衣		601	F	1
2010	美詩	うた	601	F	1
2010	莉瑚		602	F	1
2010	美陽	みはる	602	F	1
2010	莉美		603	F	1
2010	羽奏	わかな	603	F	1
2010	莉里		604	F	1
2010	翔子	しょうこ	604	F	1
2010	莉音		605	F	1
2010	翠咲	みさき	605	F	1
2010	菜々子		606	F	1
2010	聖來	せら	606	F	1
2010	菜々美		607	F	1
2010	胡桃	くるみ	607	F	1
2010	菜子		608	F	1
2010	舞	まい	608	F	1
2010	菜沙		609	F	1
2010	舞姫	まき	609	F	1
2010	菜結		610	F	1
2010	舞美	まみ	610	F	1
2010	菜羽		611	F	1
2010	芙実	ふみ	611	F	1
2010	菜那子		612	F	1
2010	芭瑠	はる	612	F	1
2010	菜陽		613	F	1
2010	花希	はなの	613	F	1
2010	菫		614	F	1
2010	花恋	かれん	614	F	1
2010	菫礼		615	F	1
2010	花笑	かえみ	615	F	1
2010	華凜		616	F	1
2010	花菜	はな	616	F	1
2010	華楓		617	F	1
2010	芽依	めい	617	F	1
2010	華舞		618	F	1
2010	芽生	めい	618	F	1
2010	華衣		619	F	1
2010	若夏	わかな	619	F	1
2010	萌々花		620	F	1
2010	若菜	わかな	620	F	1
2010	萌楓		621	F	1
2010	英美	ひでみ	621	F	1
2010	萌花		622	F	1
2010	英里奈	えりな	622	F	1
2010	萌葉		623	F	1
2010	苺那	まいな	623	F	1
2010	葉琉		624	F	1
2010	茉央	まひろ	624	F	1
2010	董瑚		625	F	1
2010	茉莉那	まりな	625	F	1
2010	葵蘭		626	F	1
2010	茉莉香	まりか	626	F	1
2010	蒼依		627	F	1
2010	莉乃	りの	627	F	1
2010	蒼来		628	F	1
2010	莉亜	りあ	628	F	1
2010	蒼空		629	F	1
2010	莉奈	りな	629	F	1
2010	藍子		630	F	1
2010	莉希	りの	630	F	1
2010	虹		631	F	1
2010	莉希空	りのあ	631	F	1
2010	虹花		632	F	1
2010	莉愛	りのあ	632	F	1
2010	衣都		633	F	1
2010	莉杏	りあん	633	F	1
2010	衣里香		634	F	1
2010	莉理衣	りりい	634	F	1
2010	詠多		635	F	1
2010	莉瑚	りこ	635	F	1
2010	詩乃葉		636	F	1
2010	莉美	りみ	636	F	1
2010	輝		637	F	1
2010	莉里	りり	637	F	1
2010	遥未		638	F	1
2010	莉音	りおん	638	F	1
2010	遼花		639	F	1
2010	菜々子	ななこ	639	F	1
2010	郁舞妃		640	F	1
2010	菜々美	ななみ	640	F	1
2010	采夏		641	F	1
2010	菜子	なこ	641	F	1
2010	里依紗		642	F	1
2010	菜沙	なずな	642	F	1
2010	里和		643	F	1
2010	菜結	なゆ	643	F	1
2010	里愛奈		644	F	1
2010	菜羽	なのは	644	F	1
2010	里絆		645	F	1
2010	菜那子	ななこ	645	F	1
2010	里美		646	F	1
2010	菜陽	なお	646	F	1
2010	陽依		647	F	1
2010	菫	すみれ	647	F	1
2010	陽南		648	F	1
2010	菫礼	すみれ	648	F	1
2010	陽彩		649	F	1
2010	華凜	かりん	649	F	1
2010	陽心		650	F	1
2010	華楓	かえで	650	F	1
2010	陽毬		651	F	1
2010	華舞	あろま	651	F	1
2010	陽葵		652	F	1
2010	華衣	はなえ	652	F	1
2010	陽香		653	F	1
2010	萌々花	ももか	653	F	1
2010	雪音		654	F	1
2010	萌楓	ほのか	654	F	1
2010	雲音		655	F	1
2010	萌花	もえか	655	F	1
2010	音恋夏		656	F	1
2010	萌葉	もゆは	656	F	1
2010	音愛		657	F	1
2010	葉琉	はる	657	F	1
2010	音羽		658	F	1
2010	董瑚	とうこ	658	F	1
2010	響		659	F	1
2010	葵蘭	きいら	659	F	1
2010	風華		660	F	1
2010	蒼依	あおい	660	F	1
2010	香玲		661	F	1
2010	蒼来	そら	661	F	1
2010	香穂		662	F	1
2010	蒼空	そら	662	F	1
2010	麗心		663	F	1
2010	藍子	あいこ	663	F	1
2010	麗海		664	F	1
2010	虹	にじ	664	F	1
2010	麗菜		665	F	1
2010	虹花	こはる	665	F	1
2010	麻白		666	F	1
2010	衣都	いと	666	F	1
2010	衣里香	えりか	667	F	1
2010	詠多	うた	668	F	1
2010	詩乃葉	しのは	669	F	1
2010	輝	きら	670	F	1
2010	遥未	はるみ	671	F	1
2010	遼花	りょうか	672	F	1
2010	郁舞妃	いぶき	673	F	1
2010	采夏	あやか	674	F	1
2010	里依紗	りいさ	675	F	1
2010	里和	りお	676	F	1
2010	里愛奈	りあな	677	F	1
2010	里絆	りずな	678	F	1
2010	里美	さとみ	679	F	1
2010	陽依	ひより	680	F	1
2010	陽南	ひな	681	F	1
2010	陽彩	ひいろ	682	F	1
2010	陽心	ようこ	683	F	1
2010	陽愛	はるあ	684	F	1
2010	陽毬	ひまり	685	F	1
2010	陽葵	ひまわり	686	F	1
2010	陽香	はるか	687	F	1
2010	雪音	ゆきね	688	F	1
2010	雲音	もね	689	F	1
2010	音恋夏	とこな	690	F	1
2010	音愛	ねあい	691	F	1
2010	音羽	おとは	692	F	1
2010	響	ひびき	693	F	1
2010	風華	ふうか	694	F	1
2010	香玲	かれん	695	F	1
2010	香穂	かほ	696	F	1
2010	麗心	れいみ	697	F	1
2010	麗海	れいみ	698	F	1
2010	麗菜	れいな	699	F	1
2010	麻白	ましろ	700	F	1
2010	悠真		1	M	6
2010		たいが	1	M	13
2010	大雅	たいが	1	M	5
2010	大雅		2	M	5
2010		はるき	2	M	13
2010	蓮	れん	2	M	5
2010	蓮		3	M	5
2010		こうき	3	M	12
2010	大和	やまと	3	M	4
2010	大和		4	M	4
2010		かいと	4	M	11
2010	悠真	ゆうま	4	M	4
2010	遼		5	M	4
2010		はると	5	M	11
2010	遼	りょう	5	M	4
2010	陸		6	M	4
2010		ゆうせい	6	M	11
2010	陸	りく	6	M	4
2010	陽		7	M	4
2010		ゆうま	7	M	11
2010	陽向	ひなた	7	M	4
2010	陽向		8	M	4
2010		そら	8	M	10
2010	光	ひかる	8	M	3
2010	光		9	M	3
2010		はる	9	M	10
2010	大我	たいが	9	M	3
2010	大我		10	M	3
2010		ゆうと	10	M	10
2010	怜央	れお	10	M	3
2010	大輝		11	M	3
2010		れお	11	M	10
2010	悠太	ゆうた	11	M	3
2010	怜央		12	M	3
2010		かずき	12	M	9
2010	悠生	ゆうせい	12	M	3
2010	悠太		13	M	3
2010		こうた	13	M	9
2010	翔太	しょうた	13	M	3
2010	悠生		14	M	3
2010		ゆうた	14	M	9
2010	虎太郎	こたろう	14	M	3
2010	昊		15	M	3
2010		こたろう	15	M	8
2010	陽	はる	15	M	3
2010	琉希		16	M	3
2010		そうた	16	M	8
2010	雄飛	ゆうひ	16	M	3
2010	瑠海		17	M	3
2010		そうま	17	M	8
2010	一翔	かずと	17	M	2
2010	翔太		18	M	3
2010		りゅうと	18	M	8
2010	一路	いちろ	18	M	2
2010	航大		19	M	3
2010		たくま	19	M	7
2010	亮太	りょうた	19	M	2
2010	蒼天		20	M	3
2010		ゆうき	20	M	7
2010	佑太	ゆうた	20	M	2
2010	虎太郎		21	M	3
2010		りく	21	M	7
2010	俊介	しゅんすけ	21	M	2
2010	雄飛		22	M	3
2010		あおい	22	M	6
2010	優太	ゆうた	22	M	2
2010	一翔		23	M	2
2010		かなと	23	M	6
2010	優輝	ゆうき	23	M	2
2010	一路		24	M	2
2010		こうせい	24	M	6
2010	叶夢	かなと	24	M	2
2010	一輝		25	M	2
2010		とうま	25	M	6
2010	和葵	かずき	25	M	2
2010	亮太		26	M	2
2010		ひなた	26	M	6
2010	大輝	だいき	26	M	2
2010	佑太		27	M	2
2010		りくと	27	M	6
2010	奏太	そうた	27	M	2
2010	俊介		28	M	2
2010		りょう	28	M	6
2010	奏輝	そうき	28	M	2
2010	優太		29	M	2
2010		りょうた	29	M	6
2010	宙	そら	29	M	2
2010	優心		30	M	2
2010		れん	30	M	6
2010	将吾	しょうご	30	M	2
2010	優輝		31	M	2
2010		いつき	31	M	5
2010	幸太郎	こうたろう	31	M	2
2010	勇人		32	M	2
2010		いぶき	32	M	5
2010	幸樹	こうき	32	M	2
2010	叶夢		33	M	2
2010		しおん	33	M	5
2010	志雄	しおん	33	M	2
2010	和葵		34	M	2
2010		しょうご	34	M	5
2010	怜大	れお	34	M	2
2010	奏和		35	M	2
2010		しょうま	35	M	5
2010	悠馬	ゆうま	35	M	2
2010	奏太		36	M	2
2010		はやと	36	M	5
2010	拓眞	たくま	36	M	2
2010	奏輝		37	M	2
2010		ひろと	37	M	5
2010	拓真	たくま	37	M	2
2010	宙		38	M	2
2010		やまと	38	M	5
2010	斗眞	とうま	38	M	2
2010	将吾		39	M	2
2010		ゆいと	39	M	5
2010	昊	そら	39	M	2
2010	幸太郎		40	M	2
2010		ゆうや	40	M	5
2010	昊汰	こうた	40	M	2
2010	幸樹		41	M	2
2010		るい	41	M	5
2010	春樹	かずき	41	M	2
2010	広樹		42	M	2
2010		けいじ	42	M	4
2010	暖人	はると	42	M	2
2010	志雄		43	M	2
2010		けいすけ	43	M	4
2010	楓	かえで	43	M	2
2010	怜大		44	M	2
2010		こうたろう	44	M	4
2010	樹	いつき	44	M	2
2010	悠馬		45	M	2
2010		しゅん	45	M	4
2010	波琉	はる	45	M	2
2010	拓眞		46	M	2
2010		しょうた	46	M	4
2010	海斗	かいと	46	M	2
2010	拓真		47	M	2
2010		そうすけ	47	M	4
2010	海翔	かいと	47	M	2
2010	斗眞		48	M	2
2010		そうたろう	48	M	4
2010	涼雅	りょうが	48	M	2
2010	昊汰		49	M	2
2010		だいき	49	M	4
2010	温斗	はると	49	M	2
2010	春樹		50	M	2
2010		つばさ	50	M	4
2010	湊	みなと	50	M	2
2010	暖人		51	M	2
2010		ひかる	51	M	4
2010	湊祐	そうすけ	51	M	2
2010	楓		52	M	2
2010		ひろき	52	M	4
2010	潤	じゅん	52	M	2
2010	樹		53	M	2
2010		ふうが	53	M	4
2010	煌希	こうき	53	M	2
2010	波琉		54	M	2
2010		りゅうせい	54	M	4
2010	琉希	るき	54	M	2
2010	海斗		55	M	2
2010		れおん	55	M	4
2010	琥太郎	こたろう	55	M	2
2010	海翔		56	M	2
2010		あきと	56	M	3
2010	瑶	よう	56	M	2
2010	涼雅		57	M	2
2010		あさひ	57	M	3
2010	結仁	ゆいと	57	M	2
2010	温斗		58	M	2
2010		かける	58	M	3
2010	翔真	しょうま	58	M	2
2010	湊		59	M	2
2010		かなた	59	M	3
2010	翼	つばさ	59	M	2
2010	湊祐		60	M	2
2010		かんた	60	M	3
2010	航大	こうだい	60	M	2
2010	潤		61	M	2
2010		けいと	61	M	3
2010	蒼史	そうし	61	M	2
2010	煌希		62	M	2
2010		こうすけ	62	M	3
2010	蒼太	そうた	62	M	2
2010	琉聖		63	M	2
2010		しゅんすけ	63	M	3
2010	蒼空	そら	63	M	2
2010	琥太郎		64	M	2
2010		せな	64	M	3
2010	虎太朗	こたろう	64	M	2
2010	瑶		65	M	2
2010		たくみ	65	M	3
2010	遥希	はるき	65	M	2
2010	真幸		66	M	2
2010		とらのすけ	66	M	3
2010	陸人	りくと	66	M	2
2010	結仁		67	M	2
2010		まさき	67	M	3
2010	陽翔	はると	67	M	2
2010	翔真		68	M	2
2010		みずき	68	M	3
2010	陽音	はると	68	M	2
2010	翼		69	M	2
2010		みつき	69	M	3
2010	隆太	りゅうた	69	M	2
2010	葵琉		70	M	2
2010		みなと	70	M	3
2010	雄大	ゆうだい	70	M	2
2010	蒼史		71	M	2
2010		ゆうのすけ	71	M	3
2010	颯真	そうま	71	M	2
2010	蒼太		72	M	2
2010		ゆうひ	72	M	3
2010	駿汰	しゅんた	72	M	2
2010	蒼空		73	M	2
2010		よう	73	M	3
2010	龍希	りゅうき	73	M	2
2010	虎太朗		74	M	2
2010		りゅうき	74	M	3
2010	龍虎	りゅうと	74	M	2
2010	遥希		75	M	2
2010		りゅうた	75	M	3
2010	うぇりゃむ	うぇりゃむ	75	M	1
2010	陸人		76	M	2
2010		りゅうのすけ	76	M	3
2010	一太	いちた	76	M	1
2010	陽翔		77	M	2
2010		りょうすけ	77	M	3
2010	一季	かずき	77	M	1
2010	陽音		78	M	2
2010		るき	78	M	3
2010	一希	かずき	78	M	1
2010	隆太		79	M	2
2010		あおし	79	M	2
2010	一稀	はづき	79	M	1
2010	隼		80	M	2
2010		あゆむ	80	M	2
2010	一虎	いっと	80	M	1
2010	雄大		81	M	2
2010		あらた	81	M	2
2010	一輝	かずき	81	M	1
2010	颯		82	M	2
2010		いちろ	82	M	2
2010	一輝	かずてる	82	M	1
2010	颯真		83	M	2
2010		かい	83	M	2
2010	一陽	かずひ	83	M	1
2010	駿汰		84	M	2
2010		かえで	84	M	2
2010	三太	さんた	84	M	1
2010	龍希		85	M	2
2010		かずと	85	M	2
2010	乃逢	のあ	85	M	1
2010	龍虎		86	M	2
2010		けんせい	86	M	2
2010	久遠	くおん	86	M	1
2010	うぇりゃむ		87	M	1
2010		けんと	87	M	2
2010	乙輝	いつき	87	M	1
2010	一太		88	M	1
2010		こう	88	M	2
2010	亜良多	あらた	88	M	1
2010	一季		89	M	1
2010		こうが	89	M	2
2010	亮多	りょうた	89	M	1
2010	一希		90	M	1
2010		こうしろう	90	M	2
2010	亮裕	りょうすけ	90	M	1
2010	一稀		91	M	1
2010		こうだい	91	M	2
2010	仁希人	にきと	91	M	1
2010	一虎		92	M	1
2010		さいと	92	M	2
2010	仁翔	じんと	92	M	1
2010	一陽		93	M	1
2010		しゅうと	93	M	2
2010	伊織	いおり	93	M	1
2010	三太		94	M	1
2010		しゅうま	94	M	2
2010	伊風	いぶき	94	M	1
2010	乃逢		95	M	1
2010		しゅんた	95	M	2
2010	伶旺	れお	95	M	1
2010	久遠		96	M	1
2010		しんいちろう	96	M	2
2010	伶音	れお	96	M	1
2010	乙輝		97	M	1
2010		じゅん	97	M	2
2010	佑人	ゆうと	97	M	1
2010	亜良多		98	M	1
2010		じゅんのすけ	98	M	2
2010	佑弥	ゆうや	98	M	1
2010	亮多		99	M	1
2010		せいや	99	M	2
2010	佑星	ゆうせい	99	M	1
2010	亮裕		100	M	1
2010		そうき	100	M	2
2010	佑真	ゆうま	100	M	1
2010	仁希人		101	M	1
2010		そうし	101	M	2
2010	佑維	ゆうい	101	M	1
2010	仁翔		102	M	1
2010		そうじ	102	M	2
2010	侑太	ゆうた	102	M	1
2010	伊織		103	M	1
2010		そうじろう	103	M	2
2010	侑希	ゆづき	103	M	1
2010	伊風		104	M	1
2010		たける	104	M	2
2010	依歩樹	いぶき	104	M	1
2010	伶旺		105	M	1
2010		ちひろ	105	M	2
2010	俊	しゅん	105	M	1
2010	伶音		106	M	1
2010		ともき	106	M	2
2010	俊磨	しゅんま	106	M	1
2010	佑人		107	M	1
2010		ともや	107	M	2
2010	俐月	りつき	107	M	1
2010	佑弥		108	M	1
2010		はるひと	108	M	2
2010	信一郎	しんいちろう	108	M	1
2010	佑星		109	M	1
2010		ひゅうが	109	M	2
2010	信太	しんた	109	M	1
2010	佑真		110	M	1
2010		まさと	110	M	2
2010	倖大	こうた	110	M	1
2010	佑維		111	M	1
2010		まさゆき	111	M	2
2010	倖愛	ゆきあ	111	M	1
2010	侑太		112	M	1
2010		ゆうが	112	M	2
2010	健斗	けんと	112	M	1
2010	侑希		113	M	1
2010		ゆうご	113	M	2
2010	健翔	たけと	113	M	1
2010	依歩樹		114	M	1
2010		ゆうしん	114	M	2
2010	健誠	けんせい	114	M	1
2010	俊		115	M	1
2010		ゆうだい	115	M	2
2010	優之介	ゆうのすけ	115	M	1
2010	俊磨		116	M	1
2010		ゆうり	116	M	2
2010	優光	ゆうこう	116	M	1
2010	俐月		117	M	1
2010		りおん	117	M	2
2010	優吏	ゆうり	117	M	1
2010	信一郎		118	M	1
2010		りつき	118	M	2
2010	優和	ゆうわ	118	M	1
2010	信太		119	M	1
2010		りゅうすけ	119	M	2
2010	優哉	ゆうや	119	M	1
2010	倖大		120	M	1
2010		りょうが	120	M	2
2010	優希	ゆうき	120	M	1
2010	倖愛		121	M	1
2010		りょうま	121	M	2
2010	優心	ゆうご	121	M	1
2010	健斗		122	M	1
2010		りんたろう	122	M	2
2010	優心	ゆうし	122	M	1
2010	健翔		123	M	1
2010		るあ	123	M	2
2010	優斗	ゆうと	123	M	1
2010	健誠		124	M	1
2010		あいと	124	M	1
2010	優星	ゆうせい	124	M	1
2010	優之介		125	M	1
2010		あえる	125	M	1
2010	優河	ゆうが	125	M	1
2010	優光		126	M	1
2010		あおと	126	M	1
2010	優琉	まさる	126	M	1
2010	優吏		127	M	1
2010		あきとし	127	M	1
2010	優真	ゆうま	127	M	1
2010	優和		128	M	1
2010		あきひこ	128	M	1
2010	優磨	ゆうま	128	M	1
2010	優哉		129	M	1
2010		あすら	129	M	1
2010	優賀	ゆうが	129	M	1
2010	優希		130	M	1
2010		あつと	130	M	1
2010	優馬	ゆうま	130	M	1
2010	優斗		131	M	1
2010		あつひと	131	M	1
2010	元希	もとき	131	M	1
2010	優星		132	M	1
2010		あつろう	132	M	1
2010	元気	げんき	132	M	1
2010	優河		133	M	1
2010		あゆた	133	M	1
2010	光太	こうた	133	M	1
2010	優琉		134	M	1
2010		あゆと	134	M	1
2010	光稀	こうき	134	M	1
2010	優真		135	M	1
2010		ありひろ	135	M	1
2010	光葵	みつき	135	M	1
2010	優磨		136	M	1
2010		いおり	136	M	1
2010	光騎	みつき	136	M	1
2010	優賀		137	M	1
2010		いくと	137	M	1
2010	冴太郎	こたろう	137	M	1
2010	優馬		138	M	1
2010		いくま	138	M	1
2010	凉	りょう	138	M	1
2010	元希		139	M	1
2010		いたる	139	M	1
2010	凌介	りょうすけ	139	M	1
2010	元気		140	M	1
2010		いちた	140	M	1
2010	凌汰	りょうた	140	M	1
2010	光太		141	M	1
2010		いっけい	141	M	1
2010	凛人	りんと	141	M	1
2010	光稀		142	M	1
2010		いっと	142	M	1
2010	凛太郎	りんたろう	142	M	1
2010	光葵		143	M	1
2010		いっぺい	143	M	1
2010	凛空	りんあ	143	M	1
2010	光騎		144	M	1
2010		うぇりゃむ	144	M	1
2010	凛翔	りくと	144	M	1
2010	冴太郎		145	M	1
2010		えいた	145	M	1
2010	凜太朗	りんたろう	145	M	1
2010	凉		146	M	1
2010		えいと	146	M	1
2010	凜空	りく	146	M	1
2010	凌介		147	M	1
2010		おうき	147	M	1
2010	凪冴	なぎさ	147	M	1
2010	凌汰		148	M	1
2010		おうすけ	148	M	1
2010	凰介	おうすけ	148	M	1
2010	凛人		149	M	1
2010		おうた	149	M	1
2010	剣士	けんじ	149	M	1
2010	凛太郎		150	M	1
2010		かいせい	150	M	1
2010	創士	そうじ	150	M	1
2010	凛空		151	M	1
2010		かいり	151	M	1
2010	勇人	はやと	151	M	1
2010	凛翔		152	M	1
2010		かずてる	152	M	1
2010	勇人	ゆうと	152	M	1
2010	凜太朗		153	M	1
2010		かずひ	153	M	1
2010	勇惺	ゆうせい	153	M	1
2010	凜空		154	M	1
2010		かずま	154	M	1
2010	勇聖	ゆうせい	154	M	1
2010	凪冴		155	M	1
2010		かづゆき	155	M	1
2010	勝	すぐる	155	M	1
2010	凰介		156	M	1
2010		かなで	156	M	1
2010	匠	たくみ	156	M	1
2010	剣士		157	M	1
2010		かなめ	157	M	1
2010	匠平	しょうへい	157	M	1
2010	創士		158	M	1
2010		がく	158	M	1
2010	千尋	ちひろ	158	M	1
2010	勇惺		159	M	1
2010		がくと	159	M	1
2010	千弥	ちひろ	159	M	1
2010	勇聖		160	M	1
2010		きいち	160	M	1
2010	千眞	かずま	160	M	1
2010	勝		161	M	1
2010		きずな	161	M	1
2010	博紀	ひろき	161	M	1
2010	匠		162	M	1
2010		きっぺい	162	M	1
2010	友之助	ゆうのすけ	162	M	1
2010	匠平		163	M	1
2010		きょうや	163	M	1
2010	友哉	ゆうや	163	M	1
2010	千尋		164	M	1
2010		きよし	164	M	1
2010	友惺	ゆうせい	164	M	1
2010	千弥		165	M	1
2010		きよと	165	M	1
2010	友星	ゆうせい	165	M	1
2010	千眞		166	M	1
2010		きらと	166	M	1
2010	友樹	ともき	166	M	1
2010	博紀		167	M	1
2010		くおん	167	M	1
2010	友紀	ともき	167	M	1
2010	友之助		168	M	1
2010		くにみつ	168	M	1
2010	叶汰	かなた	168	M	1
2010	友哉		169	M	1
2010		くりゅう	169	M	1
2010	叶真	とうま	169	M	1
2010	友惺		170	M	1
2010		けい	170	M	1
2010	叶翔	かなと	170	M	1
2010	友星		171	M	1
2010		けいいちろう	171	M	1
2010	司	つかさ	171	M	1
2010	友樹		172	M	1
2010		けいご	172	M	1
2010	向人	こうと	172	M	1
2010	友紀		173	M	1
2010		けいし	173	M	1
2010	周作	しゅうさく	173	M	1
2010	叶汰		174	M	1
2010		けいた	174	M	1
2010	周士	しゅうと	174	M	1
2010	叶真		175	M	1
2010		けんご	175	M	1
2010	和士	なぎと	175	M	1
2010	叶翔		176	M	1
2010		けんしん	176	M	1
2010	和希	かずき	176	M	1
2010	司		177	M	1
2010		けんじ	177	M	1
2010	和志	かづゆき	177	M	1
2010	向人		178	M	1
2010		げんき	178	M	1
2010	和輝	かずき	178	M	1
2010	周作		179	M	1
2010		こあ	179	M	1
2010	咲春	さくはる	179	M	1
2010	周士		180	M	1
2010		こうし	180	M	1
2010	咲都	さくと	180	M	1
2010	和士		181	M	1
2010		こうじ	181	M	1
2010	唯季	いぶき	181	M	1
2010	和希		182	M	1
2010		こうと	182	M	1
2010	唯斗	ゆいと	182	M	1
2010	和志		183	M	1
2010		こうのすけ	183	M	1
2010	唯来	ゆら	183	M	1
2010	和輝		184	M	1
2010		こうめい	184	M	1
2010	啓介	けいすけ	184	M	1
2010	咲春		185	M	1
2010		こうや	185	M	1
2010	啓司	けいじ	185	M	1
2010	咲都		186	M	1
2010		こじろう	186	M	1
2010	啓斗	けいと	186	M	1
2010	唯季		187	M	1
2010		こてつ	187	M	1
2010	嘉惟利	かいり	187	M	1
2010	唯斗		188	M	1
2010		さくと	188	M	1
2010	嘉紀	よしき	188	M	1
2010	唯来		189	M	1
2010		さくはる	189	M	1
2010	國光	くにみつ	189	M	1
2010	啓介		190	M	1
2010		さくや	190	M	1
2010	圭吾	けいご	190	M	1
2010	啓司		191	M	1
2010		さとし	191	M	1
2010	圭恭	けいすけ	191	M	1
2010	啓斗		192	M	1
2010		さんた	192	M	1
2010	士斗	あきと	192	M	1
2010	嘉惟利		193	M	1
2010		しゅう	193	M	1
2010	士温	しおん	193	M	1
2010	嘉紀		194	M	1
2010		しゅうさく	194	M	1
2010	壮馬	そうま	194	M	1
2010	國光		195	M	1
2010		しゅうた	195	M	1
2010	壱敬	いっけい	195	M	1
2010	圭吾		196	M	1
2010		しゅうや	196	M	1
2010	夏向	かなた	196	M	1
2010	圭恭		197	M	1
2010		しゅんき	197	M	1
2010	夕癒	ゆうゆ	197	M	1
2010	士斗		198	M	1
2010		しゅんま	198	M	1
2010	夢斗	ゆうと	198	M	1
2010	士温		199	M	1
2010		しょういち	199	M	1
2010	夢空	ゆめあ	199	M	1
2010	壮馬		200	M	1
2010		しょういちろう	200	M	1
2010	夢翔	ゆめと	200	M	1
2010	壱敬		201	M	1
2010		しょうせい	201	M	1
2010	大喜知	だいきち	201	M	1
2010	夏向		202	M	1
2010		しょうへい	202	M	1
2010	大志	たいし	202	M	1
2010	夕癒		203	M	1
2010		しんさく	203	M	1
2010	大樹	だいき	203	M	1
2010	夢斗		204	M	1
2010		しんた	204	M	1
2010	大河	たいが	204	M	1
2010	夢空		205	M	1
2010		しんたろう	205	M	1
2010	大翔	やまと	205	M	1
2010	夢翔		206	M	1
2010		じゅんだい	206	M	1
2010	大翼	つばさ	206	M	1
2010	大喜知		207	M	1
2010		じょう	207	M	1
2010	大芽	たいが	207	M	1
2010	大志		208	M	1
2010		じん	208	M	1
2010	大貴	だいき	208	M	1
2010	大樹		209	M	1
2010		じんと	209	M	1
2010	大輝	ひろき	209	M	1
2010	大河		210	M	1
2010		すぐる	210	M	1
2010	太一	たいち	210	M	1
2010	大翔		211	M	1
2010		すばる	211	M	1
2010	太克	たいが	211	M	1
2010	大翼		212	M	1
2010		せいが	212	M	1
2010	太惺	たいせい	212	M	1
2010	大芽		213	M	1
2010		せいご	213	M	1
2010	奏	かなで	213	M	1
2010	大貴		214	M	1
2010		せいしろう	214	M	1
2010	奏亜	そうあ	214	M	1
2010	太一		215	M	1
2010		せいじゅうろう	215	M	1
2010	奏和	かなと	215	M	1
2010	太克		216	M	1
2010		せいじろう	216	M	1
2010	奏和	そうわ	216	M	1
2010	太惺		217	M	1
2010		せいま	217	M	1
2010	奏多	そうた	217	M	1
2010	奏		218	M	1
2010		せいりゅう	218	M	1
2010	奏太郎	そうたろう	218	M	1
2010	奏亜		219	M	1
2010		そうあ	219	M	1
2010	奏斗	かなと	219	M	1
2010	奏多		220	M	1
2010		そうが	220	M	1
2010	奏生	そうせい	220	M	1
2010	奏太郎		221	M	1
2010		そうご	221	M	1
2010	奏翔	かなと	221	M	1
2010	奏斗		222	M	1
2010		そうせい	222	M	1
2010	奏良	そら	222	M	1
2010	奏生		223	M	1
2010		そうだい	223	M	1
2010	奏雅	そうが	223	M	1
2010	奏翔		224	M	1
2010		そうる	224	M	1
2010	奨眞	しょうま	224	M	1
2010	奏良		225	M	1
2010		そうわ	225	M	1
2010	威吹	いぶき	225	M	1
2010	奏雅		226	M	1
2010		そらと	226	M	1
2010	孔志	こうし	226	M	1
2010	奨眞		227	M	1
2010		たいし	227	M	1
2010	孔明	こうめい	227	M	1
2010	威吹		228	M	1
2010		たいすけ	228	M	1
2010	孝茂	たかしげ	228	M	1
2010	孔志		229	M	1
2010		たいせい	229	M	1
2010	孝行	たかゆき	229	M	1
2010	孔明		230	M	1
2010		たいち	230	M	1
2010	学	がく	230	M	1
2010	孝茂		231	M	1
2010		たお	231	M	1
2010	宗宙	そうま	231	M	1
2010	孝行		232	M	1
2010		たかあき	232	M	1
2010	宥護	ゆうご	232	M	1
2010	学		233	M	1
2010		たかしげ	233	M	1
2010	寅之丞	とらのすけ	233	M	1
2010	宗宙		234	M	1
2010		たかゆき	234	M	1
2010	寅太	とらた	234	M	1
2010	宥護		235	M	1
2010		たくと	235	M	1
2010	寛人	ひろと	235	M	1
2010	寅之丞		236	M	1
2010		たくむ	236	M	1
2010	寛太	かんた	236	M	1
2010	寅太		237	M	1
2010		たけと	237	M	1
2010	将生	まさき	237	M	1
2010	寛人		238	M	1
2010		たつや	238	M	1
2010	將由	まさよし	238	M	1
2010	寛太		239	M	1
2010		だいきち	239	M	1
2010	將真	しょうま	239	M	1
2010	将生		240	M	1
2010		ちはる	240	M	1
2010	尚也	なおや	240	M	1
2010	將由		241	M	1
2010		つかさ	241	M	1
2010	岬	みさき	241	M	1
2010	將真		242	M	1
2010		てるき	242	M	1
2010	岳琉	たける	242	M	1
2010	尚也		243	M	1
2010		てると	243	M	1
2010	岳虎	がくと	243	M	1
2010	岬		244	M	1
2010		てるまさ	244	M	1
2010	峻輔	しゅんすけ	244	M	1
2010	岳琉		245	M	1
2010		てるゆき	245	M	1
2010	嵐生斗	らおと	245	M	1
2010	岳虎		246	M	1
2010		とあ	246	M	1
2010	巧	たくみ	246	M	1
2010	峻輔		247	M	1
2010		とうや	247	M	1
2010	巧真	たくま	247	M	1
2010	嵐生斗		248	M	1
2010		とくま	248	M	1
2010	巴琉	はる	248	M	1
2010	巧		249	M	1
2010		ともなり	249	M	1
2010	幸希	こうき	249	M	1
2010	巧真		250	M	1
2010		とらじ	250	M	1
2010	幸空	こうすけ	250	M	1
2010	巴琉		251	M	1
2010		とらた	251	M	1
2010	幸翔	ゆきと	251	M	1
2010	幸希		252	M	1
2010		とわ	252	M	1
2010	幸輝	こうき	252	M	1
2010	幸空		253	M	1
2010		なおき	253	M	1
2010	幹太	かんた	253	M	1
2010	幸翔		254	M	1
2010		なおや	254	M	1
2010	広憲	ひろのり	254	M	1
2010	幸輝		255	M	1
2010		なぎさ	255	M	1
2010	広樹	こうき	255	M	1
2010	幹太		256	M	1
2010		なぎと	256	M	1
2010	広樹	ひろき	256	M	1
2010	広憲		257	M	1
2010		なつ	257	M	1
2010	康太	こうた	257	M	1
2010	康太		258	M	1
2010		なゆう	258	M	1
2010	康祐	こうすけ	258	M	1
2010	康祐		259	M	1
2010		にきと	259	M	1
2010	彗斗	けいと	259	M	1
2010	彗斗		260	M	1
2010		のあ	260	M	1
2010	彩仁	さいと	260	M	1
2010	彩仁		261	M	1
2010		はあと	261	M	1
2010	彩翔	さいと	261	M	1
2010	彩翔		262	M	1
2010		はづき	262	M	1
2010	彪	たける	262	M	1
2010	彪		263	M	1
2010		はやた	263	M	1
2010	彪夏	ひゅうが	263	M	1
2010	彪夏		264	M	1
2010		はやて	264	M	1
2010	彰一	しょういち	264	M	1
2010	彰一		265	M	1
2010		はゆま	265	M	1
2010	征也	まさなり	265	M	1
2010	征也		266	M	1
2010		はるく	266	M	1
2010	律	りつ	266	M	1
2010	律		267	M	1
2010		はるせ	267	M	1
2010	律友人	りゅうと	267	M	1
2010	律友人		268	M	1
2010		はるた	268	M	1
2010	律希	りつき	268	M	1
2010	律希		269	M	1
2010		はるたか	269	M	1
2010	徳真	とくま	269	M	1
2010	徳真		270	M	1
2010		はるま	270	M	1
2010	心	じん	270	M	1
2010	心		271	M	1
2010		はるみ	271	M	1
2010	心広	みひろ	271	M	1
2010	心広		272	M	1
2010		はるや	272	M	1
2010	快	かい	272	M	1
2010	快		273	M	1
2010		ひいろ	273	M	1
2010	快人	かいと	273	M	1
2010	快人		274	M	1
2010		ひづき	274	M	1
2010	快士	かいと	274	M	1
2010	快士		275	M	1
2010		ひより	275	M	1
2010	快翔	かいと	275	M	1
2010	快翔		276	M	1
2010		ひろ	276	M	1
2010	怜真	りょうま	276	M	1
2010	怜真		277	M	1
2010		ひろあき	277	M	1
2010	恒史朗	こうしろう	277	M	1
2010	恒史朗		278	M	1
2010		ひろのり	278	M	1
2010	恒太	こうた	278	M	1
2010	恒太		279	M	1
2010		ふぶき	279	M	1
2010	恵介	けいすけ	279	M	1
2010	恵介		280	M	1
2010		ふゆう	280	M	1
2010	悠之介	ゆうのすけ	280	M	1
2010	悠之介		281	M	1
2010		ほずみ	281	M	1
2010	悠人	ゆうと	281	M	1
2010	悠人		282	M	1
2010		ほたか	282	M	1
2010	悠右	ゆう	282	M	1
2010	悠右		283	M	1
2010		ほまれ	283	M	1
2010	悠希	ゆうき	283	M	1
2010	悠希		284	M	1
2010		まさなり	284	M	1
2010	悠斗	ゆうと	284	M	1
2010	悠斗		285	M	1
2010		まさよし	285	M	1
2010	悠汰	ゆうた	285	M	1
2010	悠汰		286	M	1
2010		まさる	286	M	1
2010	悠真	はるま	286	M	1
2010	悠翔		287	M	1
2010		まひろ	287	M	1
2010	悠真	ゆうしん	287	M	1
2010	悠誠		288	M	1
2010		みお	288	M	1
2010	悠翔	ひろと	288	M	1
2010	悠輝		289	M	1
2010		みさき	289	M	1
2010	悠誠	ゆうせい	289	M	1
2010	悠音		290	M	1
2010		みなぎ	290	M	1
2010	悠輝	はるき	290	M	1
2010	惇太		291	M	1
2010		みひろ	291	M	1
2010	悠音	ゆうと	291	M	1
2010	惟浩		292	M	1
2010		めい	292	M	1
2010	惇太	じゅんだい	292	M	1
2010	想太		293	M	1
2010		もとき	293	M	1
2010	惟浩	ありひろ	293	M	1
2010	惺南		294	M	1
2010		もとゆき	294	M	1
2010	想太	そうた	294	M	1
2010	惺真		295	M	1
2010		ゆい	295	M	1
2010	惺南	せな	295	M	1
2010	惺絆		296	M	1
2010		ゆう	296	M	1
2010	惺真	せいま	296	M	1
2010	惺陽		297	M	1
2010		ゆうい	297	M	1
2010	惺絆	せな	297	M	1
2010	慎太郎		298	M	1
2010		ゆうこう	298	M	1
2010	惺陽	せいや	298	M	1
2010	慧		299	M	1
2010		ゆうし	299	M	1
2010	慎太郎	しんたろう	299	M	1
2010	慧人		300	M	1
2010		ゆうゆ	300	M	1
2010	慧	さとし	300	M	1
2010	慶		301	M	1
2010		ゆうわ	301	M	1
2010	慧人	けいと	301	M	1
2010	慶一朗		302	M	1
2010		ゆきあ	302	M	1
2010	慶	けい	302	M	1
2010	慶亮		303	M	1
2010		ゆきと	303	M	1
2010	慶一朗	けいいちろう	303	M	1
2010	慶士		304	M	1
2010		ゆきまさ	304	M	1
2010	慶亮	けいすけ	304	M	1
2010	慶汰		305	M	1
2010		ゆずき	305	M	1
2010	慶士	けいじ	305	M	1
2010	慶詩		306	M	1
2010		ゆずる	306	M	1
2010	慶汰	けいた	306	M	1
2010	拓夢		307	M	1
2010		ゆづき	307	M	1
2010	慶詩	けいし	307	M	1
2010	拓暉		308	M	1
2010		ゆめあ	308	M	1
2010	拓夢	たくむ	308	M	1
2010	拓未		309	M	1
2010		ゆめと	309	M	1
2010	拓暉	ひろき	309	M	1
2010	拓翔		310	M	1
2010		ゆら	310	M	1
2010	拓未	たくみ	310	M	1
2010	拓馬		311	M	1
2010		ようすけ	311	M	1
2010	拓翔	たくと	311	M	1
2010	捺		312	M	1
2010		ようたろう	312	M	1
2010	拓馬	たくま	312	M	1
2010	敦仁		313	M	1
2010		よしあ	313	M	1
2010	捺	なつ	313	M	1
2010	敬慈		314	M	1
2010		よしあき	314	M	1
2010	敦仁	あつひと	314	M	1
2010	斗真		315	M	1
2010		よしき	315	M	1
2010	敬慈	けいじ	315	M	1
2010	新太		316	M	1
2010		よしのぶ	316	M	1
2010	斗真	とうま	316	M	1
2010	日朗		317	M	1
2010		らいあ	317	M	1
2010	新太	あらた	317	M	1
2010	日陽		318	M	1
2010		らいち	318	M	1
2010	日朗	ひろ	318	M	1
2010	旬		319	M	1
2010		らおと	319	M	1
2010	日陽	ひなた	319	M	1
2010	旭		320	M	1
2010		らんま	320	M	1
2010	旬	しゅん	320	M	1
2010	昇悟		321	M	1
2010		らんまる	321	M	1
2010	旭	あさひ	321	M	1
2010	昊士		322	M	1
2010		りお	322	M	1
2010	昇悟	しょうご	322	M	1
2010	昊毅		323	M	1
2010		りおと	323	M	1
2010	昊	こう	323	M	1
2010	昊河		324	M	1
2010		りつ	324	M	1
2010	昊士	こうじ	324	M	1
2010	昊誠		325	M	1
2010		りと	325	M	1
2010	昊毅	こうき	325	M	1
2010	明		326	M	1
2010		りゅうが	326	M	1
2010	昊河	こうが	326	M	1
2010	明日樂		327	M	1
2010		りゅうしん	327	M	1
2010	昊誠	こうせい	327	M	1
2010	星河		328	M	1
2010		りゅうま	328	M	1
2010	明	めい	328	M	1
2010	晃世		329	M	1
2010		りょういちろう	329	M	1
2010	明日樂	あすら	329	M	1
2010	晃佑		330	M	1
2010		りょうき	330	M	1
2010	星河	せいが	330	M	1
2010	晃彦		331	M	1
2010		りょうせい	331	M	1
2010	晃世	こうせい	331	M	1
2010	晄稀		332	M	1
2010		りょうたろう	332	M	1
2010	晃佑	こうすけ	332	M	1
2010	晟		333	M	1
2010		りょうや	333	M	1
2010	晃彦	あきひこ	333	M	1
2010	晟名		334	M	1
2010		りんあ	334	M	1
2010	晄稀	こうき	334	M	1
2010	晴哉		335	M	1
2010		りんじ	335	M	1
2010	晟	じょう	335	M	1
2010	晴喜		336	M	1
2010		りんと	336	M	1
2010	晟名	せな	336	M	1
2010	晴敬		337	M	1
2010		るおん	337	M	1
2010	晴哉	はるや	337	M	1
2010	晴斗		338	M	1
2010		るか	338	M	1
2010	晴喜	はるき	338	M	1
2010	晴琉		339	M	1
2010		るきあ	339	M	1
2010	晴敬	はるたか	339	M	1
2010	晴翔		340	M	1
2010		れい	340	M	1
2010	晴斗	はると	340	M	1
2010	晴輝		341	M	1
2010		れいじろう	341	M	1
2010	晴琉	はる	341	M	1
2010	晶輝斗		342	M	1
2010		れいら	342	M	1
2010	晴翔	はると	342	M	1
2010	智也		343	M	1
2010		わたる	343	M	1
2010	晴輝	はるき	343	M	1
2010	智成		344	M	1
2010	晶輝斗	あきと	344	M	1
2010	智陽		345	M	1
2010	智也	ともや	345	M	1
2010	暖		346	M	1
2010	智成	ともなり	346	M	1
2010	朔弥		347	M	1
2010	智陽	ちはる	347	M	1
2010	朗万		348	M	1
2010	暖	ひより	348	M	1
2010	朝日		349	M	1
2010	朔弥	さくや	349	M	1
2010	柊		350	M	1
2010	朗万	らんま	350	M	1
2010	柊太		351	M	1
2010	朝日	あさひ	351	M	1
2010	柊実		352	M	1
2010	柊	しゅう	352	M	1
2010	柊斗		353	M	1
2010	柊太	しゅうた	353	M	1
2010	柊矢		354	M	1
2010	柊実	しゅうま	354	M	1
2010	柚希		355	M	1
2010	柊斗	しゅうと	355	M	1
2010	柚琉		356	M	1
2010	柊矢	しゅうや	356	M	1
2010	柾行		357	M	1
2010	柚希	ゆずき	357	M	1
2010	桂士		358	M	1
2010	柚琉	ゆずる	358	M	1
2010	桔平		359	M	1
2010	柾行	まさゆき	359	M	1
2010	桜大		360	M	1
2010	桂士	けいじ	360	M	1
2010	梁		361	M	1
2010	桔平	きっぺい	361	M	1
2010	楓芽		362	M	1
2010	桜大	おうた	362	M	1
2010	樹希		363	M	1
2010	梁	りょう	363	M	1
2010	樹稀		364	M	1
2010	楓芽	ふうが	364	M	1
2010	檜		365	M	1
2010	樹希	いつき	365	M	1
2010	櫂斗		366	M	1
2010	樹稀	いつき	366	M	1
2010	櫂生		367	M	1
2010	檜	いぶき	367	M	1
2010	櫻咲		368	M	1
2010	櫂斗	かいと	368	M	1
2010	正悟		369	M	1
2010	櫂生	かい	369	M	1
2010	正磨		370	M	1
2010	櫻咲	はる	370	M	1
2010	歩士		371	M	1
2010	正悟	せいご	371	M	1
2010	歩夢		372	M	1
2010	正磨	しょうま	372	M	1
2010	歩武		373	M	1
2010	歩士	あゆと	373	M	1
2010	歩汰		374	M	1
2010	歩夢	あゆむ	374	M	1
2010	歩純		375	M	1
2010	歩武	あゆむ	375	M	1
2010	歩高		376	M	1
2010	歩汰	あゆた	376	M	1
2010	永遠		377	M	1
2010	歩純	ほずみ	377	M	1
2010	永騎		378	M	1
2010	歩高	ほたか	378	M	1
2010	求幸		379	M	1
2010	永遠	とわ	379	M	1
2010	汰我		380	M	1
2010	永騎	はるき	380	M	1
2010	汰緒		381	M	1
2010	求幸	もとゆき	381	M	1
2010	波流		382	M	1
2010	汰我	たいが	382	M	1
2010	泰介		383	M	1
2010	汰緒	たお	383	M	1
2010	泰凱		384	M	1
2010	波流	はる	384	M	1
2010	洋人		385	M	1
2010	泰介	たいすけ	385	M	1
2010	洸樹		386	M	1
2010	泰凱	たいが	386	M	1
2010	海渚		387	M	1
2010	洋人	ひろと	387	M	1
2010	海虎		388	M	1
2010	洸樹	みつき	388	M	1
2010	海音		389	M	1
2010	海渚	みなぎ	389	M	1
2010	涙愛		390	M	1
2010	海虎	かいと	390	M	1
2010	涼晟		391	M	1
2010	海音	かいと	391	M	1
2010	淳之介		392	M	1
2010	涙愛	るあ	392	M	1
2010	清十朗		393	M	1
2010	涼晟	りょうせい	393	M	1
2010	清志		394	M	1
2010	淳之介	じゅんのすけ	394	M	1
2010	清琉		395	M	1
2010	清十朗	せいじゅうろう	395	M	1
2010	温惺		396	M	1
2010	清志	きよし	396	M	1
2010	湊翔		397	M	1
2010	清琉	せいりゅう	397	M	1
2010	湧斗		398	M	1
2010	温惺	はるせ	398	M	1
2010	漣		399	M	1
2010	湊翔	みなと	399	M	1
2010	煌基		400	M	1
2010	湧斗	ゆうと	400	M	1
2010	煌晟		401	M	1
2010	漣	れん	401	M	1
2010	煌汰		402	M	1
2010	煌基	こうき	402	M	1
2010	煌貴		403	M	1
2010	煌晟	こうせい	403	M	1
2010	照幸		404	M	1
2010	煌汰	こうた	404	M	1
2010	獅恩		405	M	1
2010	煌貴	おうき	405	M	1
2010	獅王		406	M	1
2010	照幸	てるゆき	406	M	1
2010	玲王		407	M	1
2010	獅恩	しおん	407	M	1
2010	玲穏		408	M	1
2010	獅王	れお	408	M	1
2010	琉人		409	M	1
2010	玲王	れお	409	M	1
2010	琉仁		410	M	1
2010	玲穏	れおん	410	M	1
2010	琉威		411	M	1
2010	琉人	りゅうと	411	M	1
2010	琉成		412	M	1
2010	琉仁	りゅうと	412	M	1
2010	琉煌		413	M	1
2010	琉威	るい	413	M	1
2010	琉生		414	M	1
2010	琉希	りゅうき	414	M	1
2010	琉穏		415	M	1
2010	琉成	りゅうせい	415	M	1
2010	琉空		416	M	1
2010	琉煌	りおん	416	M	1
2010	琉翔		417	M	1
2010	琉生	るい	417	M	1
2010	琉葵		418	M	1
2010	琉穏	るおん	418	M	1
2010	琥士郎		419	M	1
2010	琉空	りく	419	M	1
2010	琥羽		420	M	1
2010	琉翔	りゅうと	420	M	1
2010	琳真		421	M	1
2010	琉聖	りゅうせい	421	M	1
2010	瑛太		422	M	1
2010	琉聖	りゅうま	422	M	1
2010	瑛登		423	M	1
2010	琉葵	るき	423	M	1
2010	瑛音		424	M	1
2010	琥士郎	こじろう	424	M	1
2010	瑞央		425	M	1
2010	琥羽	こあ	425	M	1
2010	瑞稀		426	M	1
2010	琳真	りんじ	426	M	1
2010	瑞貴		427	M	1
2010	瑛太	えいた	427	M	1
2010	瑞颯		428	M	1
2010	瑛登	あきと	428	M	1
2010	瑠伊		429	M	1
2010	瑛音	えいと	429	M	1
2010	瑠央		430	M	1
2010	瑞央	みお	430	M	1
2010	瑠惟		431	M	1
2010	瑞稀	みずき	431	M	1
2010	瑠斗		432	M	1
2010	瑞貴	みずき	432	M	1
2010	璃空		433	M	1
2010	瑞颯	みずき	433	M	1
2010	璃音		434	M	1
2010	瑠伊	るい	434	M	1
2010	生磨		435	M	1
2010	瑠央	りお	435	M	1
2010	由紀将		436	M	1
2010	瑠惟	るい	436	M	1
2010	皓太郎		437	M	1
2010	瑠斗	りゅうと	437	M	1
2010	直輝		438	M	1
2010	瑠海	るあ	438	M	1
2010	真嘉		439	M	1
2010	瑠海	るい	439	M	1
2010	真桜		440	M	1
2010	瑠海	るか	440	M	1
2010	真輝		441	M	1
2010	璃空	りと	441	M	1
2010	睦翔		442	M	1
2010	璃音	りおと	442	M	1
2010	知也		443	M	1
2010	生磨	いくま	443	M	1
2010	碧		444	M	1
2010	由紀将	ゆきまさ	444	M	1
2010	礼		445	M	1
2010	皓太郎	こうたろう	445	M	1
2010	礼恩		446	M	1
2010	直輝	なおき	446	M	1
2010	礼空		447	M	1
2010	真嘉	まひろ	447	M	1
2010	祐希		448	M	1
2010	真幸	まさき	448	M	1
2010	祐樹		449	M	1
2010	真幸	まさゆき	449	M	1
2010	祐真		450	M	1
2010	真桜	しんさく	450	M	1
2010	祥一朗		451	M	1
2010	真輝	まさき	451	M	1
2010	祥吾		452	M	1
2010	睦翔	りくと	452	M	1
2010	禮良		453	M	1
2010	知也	ともや	453	M	1
2010	秀篤		454	M	1
2010	碧	あおい	454	M	1
2010	稜真		455	M	1
2010	礼	れい	455	M	1
2010	稜空		456	M	1
2010	礼恩	れおん	456	M	1
2010	稜貴		457	M	1
2010	礼空	らいあ	457	M	1
2010	空翔		458	M	1
2010	祐希	ゆうき	458	M	1
2010	空良		459	M	1
2010	祐樹	ゆうき	459	M	1
2010	空龍		460	M	1
2010	祐真	ゆうま	460	M	1
2010	竜之介		461	M	1
2010	祥一朗	しょういちろう	461	M	1
2010	篤人		462	M	1
2010	祥吾	しょうご	462	M	1
2010	篤郎		463	M	1
2010	禮良	れいら	463	M	1
2010	純之佑		464	M	1
2010	秀篤	しゅうま	464	M	1
2010	紘利		465	M	1
2010	稜真	りょうま	465	M	1
2010	紘惺		466	M	1
2010	稜空	りく	466	M	1
2010	紘明		467	M	1
2010	稜貴	りょうき	467	M	1
2010	紳一郎		468	M	1
2010	空翔	そらと	468	M	1
2010	絆		469	M	1
2010	空良	そら	469	M	1
2010	結也		470	M	1
2010	空龍	くりゅう	470	M	1
2010	結人		471	M	1
2010	竜之介	りゅうのすけ	471	M	1
2010	結吏		472	M	1
2010	篤人	あつと	472	M	1
2010	結智		473	M	1
2010	篤郎	あつろう	473	M	1
2010	結生		474	M	1
2010	純之佑	じゅんのすけ	474	M	1
2010	絢吾		475	M	1
2010	紘利	ひろと	475	M	1
2010	絢斗		476	M	1
2010	紘惺	こうせい	476	M	1
2010	統		477	M	1
2010	紘明	ひろあき	477	M	1
2010	統真		478	M	1
2010	紳一郎	しんいちろう	478	M	1
2010	緯		479	M	1
2010	絆	きずな	479	M	1
2010	羚央		480	M	1
2010	結也	ゆうや	480	M	1
2010	義信		481	M	1
2010	結人	ゆいと	481	M	1
2010	義空		482	M	1
2010	結吏	ゆうり	482	M	1
2010	翔夢		483	M	1
2010	結智	ゆいと	483	M	1
2010	翔大		484	M	1
2010	結生	ゆい	484	M	1
2010	翔奏		485	M	1
2010	絢吾	けんご	485	M	1
2010	翔彩		486	M	1
2010	絢斗	けんと	486	M	1
2010	翔悟		487	M	1
2010	統	すばる	487	M	1
2010	翔斗		488	M	1
2010	統真	とうま	488	M	1
2010	翔流		489	M	1
2010	緯	るきあ	489	M	1
2010	翔琉		490	M	1
2010	羚央	れおん	490	M	1
2010	翔葵		491	M	1
2010	義信	よしのぶ	491	M	1
2010	翔誠		492	M	1
2010	義空	よしあ	492	M	1
2010	翼咲		493	M	1
2010	翔夢	かける	493	M	1
2010	聖翔		494	M	1
2010	翔大	しょうた	494	M	1
2010	聖音		495	M	1
2010	翔奏	かなた	495	M	1
2010	聡介		496	M	1
2010	翔彩	ひいろ	496	M	1
2010	聡司郎		497	M	1
2010	翔悟	しょうご	497	M	1
2010	聡太郎		498	M	1
2010	翔斗	ひろと	498	M	1
2010	聡次郎		499	M	1
2010	翔流	かける	499	M	1
2010	育人		500	M	1
2010	翔琉	かける	500	M	1
2010	興生		501	M	1
2010	翔葵	とあ	501	M	1
2010	航		502	M	1
2010	翔誠	しょうせい	502	M	1
2010	航之介		503	M	1
2010	翼咲	つばさ	503	M	1
2010	航太		504	M	1
2010	聖翔	きよと	504	M	1
2010	航志郎		505	M	1
2010	聖音	しおん	505	M	1
2010	航輝		506	M	1
2010	聡介	そうすけ	506	M	1
2010	良太		507	M	1
2010	聡司郎	そうじろう	507	M	1
2010	芙侑		508	M	1
2010	聡太郎	そうたろう	508	M	1
2010	莉苑		509	M	1
2010	聡次郎	そうじろう	509	M	1
2010	菜優		510	M	1
2010	育人	いくと	510	M	1
2010	蒼		511	M	1
2010	興生	こうせい	511	M	1
2010	蒼司		512	M	1
2010	航	わたる	512	M	1
2010	蒼唯		513	M	1
2010	航之介	こうのすけ	513	M	1
2010	蒼士		514	M	1
2010	航大	こうた	514	M	1
2010	蒼大		515	M	1
2010	航太	こうた	515	M	1
2010	蒼太郎		516	M	1
2010	航志郎	こうしろう	516	M	1
2010	蒼杜		517	M	1
2010	航輝	こうき	517	M	1
2010	蒼梧		518	M	1
2010	良太	りょうた	518	M	1
2010	蒼生		519	M	1
2010	芙侑	ふゆう	519	M	1
2010	蒼真		520	M	1
2010	莉苑	りおん	520	M	1
2010	蒼紫		521	M	1
2010	菜優	なゆう	521	M	1
2010	蓮旺		522	M	1
2010	葵琉	あえる	522	M	1
2010	蓮音		523	M	1
2010	葵琉	あおい	523	M	1
2010	藍丸		524	M	1
2010	蒼	あおい	524	M	1
2010	藍斗		525	M	1
2010	蒼司	そうじ	525	M	1
2010	虎之介		526	M	1
2010	蒼唯	あおい	526	M	1
2010	虎之助		527	M	1
2010	蒼士	あおし	527	M	1
2010	虎冴		528	M	1
2010	蒼大	そうだい	528	M	1
2010	虎志		529	M	1
2010	蒼天	あおい	529	M	1
2010	虎鉄		530	M	1
2010	蒼天	そうま	530	M	1
2010	虹		531	M	1
2010	蒼天	そら	531	M	1
2010	虹星		532	M	1
2010	蒼太郎	そうたろう	532	M	1
2010	裕也		533	M	1
2010	蒼杜	あおと	533	M	1
2010	裕心		534	M	1
2010	蒼梧	そうご	534	M	1
2010	裕惺		535	M	1
2010	蒼生	あおい	535	M	1
2010	裕斗		536	M	1
2010	蒼真	そうま	536	M	1
2010	要		537	M	1
2010	蒼紫	あおし	537	M	1
2010	誉		538	M	1
2010	蓮旺	れお	538	M	1
2010	誠二郎		539	M	1
2010	蓮音	れおん	539	M	1
2010	誠人		540	M	1
2010	藍丸	らんまる	540	M	1
2010	誠哉		541	M	1
2010	藍斗	あいと	541	M	1
2010	誠志郎		542	M	1
2010	虎之介	とらのすけ	542	M	1
2010	諄		543	M	1
2010	虎之助	とらのすけ	543	M	1
2010	諒一郎		544	M	1
2010	虎冴	こうが	544	M	1
2010	謙心		545	M	1
2010	虎志	とらじ	545	M	1
2010	貫太		546	M	1
2010	虎鉄	こてつ	546	M	1
2010	貴哉		547	M	1
2010	虹	こう	547	M	1
2010	輝		548	M	1
2010	虹星	こうせい	548	M	1
2010	輝一		549	M	1
2010	裕也	ゆうや	549	M	1
2010	輝太郎		550	M	1
2010	裕心	ゆうしん	550	M	1
2010	輝己		551	M	1
2010	裕惺	ゆうせい	551	M	1
2010	輝斗		552	M	1
2010	裕斗	ゆうと	552	M	1
2010	輝昌		553	M	1
2010	要	かなめ	553	M	1
2010	輝翔		554	M	1
2010	誉	ほまれ	554	M	1
2010	透弥		555	M	1
2010	誠二郎	せいじろう	555	M	1
2010	逞真		556	M	1
2010	誠人	まさと	556	M	1
2010	逸平		557	M	1
2010	誠哉	せいや	557	M	1
2010	道真		558	M	1
2010	誠志郎	せいしろう	558	M	1
2010	達矢		559	M	1
2010	諄	いたる	559	M	1
2010	遙仁		560	M	1
2010	諒一郎	りょういちろう	560	M	1
2010	遥		561	M	1
2010	謙心	けんしん	561	M	1
2010	遥斗		562	M	1
2010	貫太	かんた	562	M	1
2010	遥海		563	M	1
2010	貴哉	こうや	563	M	1
2010	遥生		564	M	1
2010	輝	ひかる	564	M	1
2010	遥輝		565	M	1
2010	輝一	きいち	565	M	1
2010	遼太		566	M	1
2010	輝太郎	こうたろう	566	M	1
2010	遼太郎		567	M	1
2010	輝己	てるき	567	M	1
2010	遼資		568	M	1
2010	輝斗	きらと	568	M	1
2010	開惺		569	M	1
2010	輝昌	てるまさ	569	M	1
2010	陸叶		570	M	1
2010	輝翔	てると	570	M	1
2010	陸斗		571	M	1
2010	透弥	とうや	571	M	1
2010	陽仁		572	M	1
2010	逞真	たくま	572	M	1
2010	陽介		573	M	1
2010	逸平	いっぺい	573	M	1
2010	陽俊		574	M	1
2010	道真	とうま	574	M	1
2010	陽大		575	M	1
2010	達矢	たつや	575	M	1
2010	陽太朗		576	M	1
2010	遙仁	はるひと	576	M	1
2010	陽奏		577	M	1
2010	遥	はる	577	M	1
2010	陽己		578	M	1
2010	遥斗	はると	578	M	1
2010	陽希		579	M	1
2010	遥海	はるみ	579	M	1
2010	陽斗		580	M	1
2010	遥生	はるき	580	M	1
2010	陽月		581	M	1
2010	遥輝	はるき	581	M	1
2010	陽琉希		582	M	1
2010	遼太	りょうた	582	M	1
2010	陽琥		583	M	1
2010	遼太郎	りょうたろう	583	M	1
2010	陽葵		584	M	1
2010	遼資	りょうすけ	584	M	1
2010	陽輝		585	M	1
2010	開惺	かいせい	585	M	1
2010	隆之介		586	M	1
2010	陸叶	りくと	586	M	1
2010	隆成		587	M	1
2010	陸斗	りくと	587	M	1
2010	隆聖		588	M	1
2010	陽	よう	588	M	1
2010	隆輔		589	M	1
2010	陽仁	はるひと	589	M	1
2010	隆雅		590	M	1
2010	陽介	ようすけ	590	M	1
2010	隼勝		591	M	1
2010	陽俊	あきとし	591	M	1
2010	隼翔		592	M	1
2010	陽大	はるた	592	M	1
2010	雄人		593	M	1
2010	陽太朗	ようたろう	593	M	1
2010	雄行		594	M	1
2010	陽奏	ひなた	594	M	1
2010	雅翔		595	M	1
2010	陽己	はるき	595	M	1
2010	青空		596	M	1
2010	陽希	はるき	596	M	1
2010	静晃		597	M	1
2010	陽斗	はあと	597	M	1
2010	響也		598	M	1
2010	陽月	ひづき	598	M	1
2010	頼一		599	M	1
2010	陽琉希	はるき	599	M	1
2010	顕彰		600	M	1
2010	陽琥	はるく	600	M	1
2010	顕成		601	M	1
2010	陽葵	はるき	601	M	1
2010	風吹		602	M	1
2010	陽輝	はるき	602	M	1
2010	風河		603	M	1
2010	隆之介	りゅうのすけ	603	M	1
2010	風賀		604	M	1
2010	隆成	りゅうせい	604	M	1
2010	風駆		605	M	1
2010	隆聖	りゅうせい	605	M	1
2010	颯人		606	M	1
2010	隆輔	りゅうすけ	606	M	1
2010	颯佑		607	M	1
2010	隆雅	りゅうが	607	M	1
2010	颯大		608	M	1
2010	隼	しゅん	608	M	1
2010	颯太		609	M	1
2010	隼	はやと	609	M	1
2010	颯太朗		610	M	1
2010	隼勝	はゆま	610	M	1
2010	颯汰		611	M	1
2010	隼翔	はやと	611	M	1
2010	颯琉		612	M	1
2010	雄人	ゆうと	612	M	1
2010	颯馬		613	M	1
2010	雄行	ゆうき	613	M	1
2010	飛駕		614	M	1
2010	雅翔	まさと	614	M	1
2010	駿		615	M	1
2010	青空	そら	615	M	1
2010	駿斗		616	M	1
2010	静晃	よしあき	616	M	1
2010	駿生		617	M	1
2010	響也	きょうや	617	M	1
2010	魁斗		618	M	1
2010	頼一	らいち	618	M	1
2010	麻陽		619	M	1
2010	顕彰	たかあき	619	M	1
2010	黎士郎		620	M	1
2010	顕成	けんせい	620	M	1
2010	龍之介		621	M	1
2010	風吹	ふぶき	621	M	1
2010	龍人		622	M	1
2010	風河	ふうが	622	M	1
2010	龍助		623	M	1
2010	風賀	ふうが	623	M	1
2010	龍弥		624	M	1
2010	風駆	ふうが	624	M	1
2010	龍汰		625	M	1
2010	颯	はやた	625	M	1
2010	龍眞		626	M	1
2010	颯	はやて	626	M	1
2010	颯人	はやと	627	M	1
2010	颯佑	そうすけ	628	M	1
2010	颯大	そうま	629	M	1
2010	颯太	そうた	630	M	1
2010	颯太朗	そうたろう	631	M	1
2010	颯汰	そうた	632	M	1
2010	颯琉	そうる	633	M	1
2010	颯馬	そうま	634	M	1
2010	飛駕	ひゅうが	635	M	1
2010	駿	しゅん	636	M	1
2010	駿斗	はやと	637	M	1
2010	駿生	しゅんき	638	M	1
2010	魁斗	かいと	639	M	1
2010	麻陽	あさひ	640	M	1
2010	黎士郎	れいじろう	641	M	1
2010	龍之介	りゅうのすけ	642	M	1
2010	龍人	りゅうと	643	M	1
2010	龍助	りゅうすけ	644	M	1
2010	龍弥	りょうや	645	M	1
2010	龍汰	りゅうた	646	M	1
2010	龍眞	りゅうしん	647	M	1
2011	優奈		1	F	5
2011		さき	1	F	9
2011	優奈	ゆうな	1	F	4
2011	結愛		2	F	5
2011		ひな	2	F	9
2011	優月	ゆづき	2	F	4
2011	結菜		3	F	5
2011		ゆな	3	F	9
2011	美咲	みさき	3	F	4
2011	陽菜		4	F	5
2011		さくら	4	F	7
2011	陽菜	ひな	4	F	4
2011	優月		5	F	4
2011		みさき	5	F	7
2011	あかり	あかり	5	F	3
2011	心愛		6	F	4
2011		みゆ	6	F	7
2011	凛	りん	6	F	3
2011	心結		7	F	4
2011		ゆあ	7	F	7
2011	咲	さき	7	F	3
2011	美咲		8	F	4
2011		ゆい	8	F	7
2011	咲希	さき	8	F	3
2011	あかり		9	F	3
2011		りお	9	F	7
2011	咲良	さくら	9	F	3
2011	優空		10	F	3
2011		りな	10	F	7
2011	彩乃	あやの	10	F	3
2011	凛		11	F	3
2011		あかり	11	F	6
2011	心結	みゆう	11	F	3
2011	和奏		12	F	3
2011		ここな	12	F	6
2011	心菜	ここな	12	F	3
2011	咲		13	F	3
2011		はな	13	F	6
2011	杏菜	あんな	13	F	3
2011	咲希		14	F	3
2011		ほのか	14	F	6
2011	栞	しおり	14	F	3
2011	咲良		15	F	3
2011		みく	15	F	6
2011	結愛	ゆあ	15	F	3
2011	彩乃		16	F	3
2011		ゆづき	16	F	6
2011	美空	みく	16	F	3
2011	心和		17	F	3
2011		るな	17	F	6
2011	莉奈	りな	17	F	3
2011	心菜		18	F	3
2011		さら	18	F	5
2011	菜月	なつき	18	F	3
2011	杏菜		19	F	3
2011		ひなた	19	F	5
2011	さくら	さくら	19	F	2
2011	栞		20	F	3
2011		ゆうな	20	F	5
2011	ひなた	ひなた	20	F	2
2011	美海		21	F	3
2011		あやね	21	F	4
2011	みなみ	みなみ	21	F	2
2011	美空		22	F	3
2011		あんな	22	F	4
2011	優空	ゆら	22	F	2
2011	莉奈		23	F	3
2011		いちか	23	F	4
2011	和奏	わかな	23	F	2
2011	菜月		24	F	3
2011		かのん	24	F	4
2011	実咲	みさき	24	F	2
2011	さくら		25	F	2
2011		こはる	25	F	4
2011	彩寧	あやね	25	F	2
2011	ひなた		26	F	2
2011		さつき	26	F	4
2011	心愛	ここあ	26	F	2
2011	みなみ		27	F	2
2011		さな	27	F	4
2011	心愛	ここな	27	F	2
2011	夢奈		28	F	2
2011		しおり	28	F	4
2011	柚羽	ゆずは	28	F	2
2011	実咲		29	F	2
2011		なつき	29	F	4
2011	栞奈	かんな	29	F	2
2011	彩寧		30	F	2
2011		のあ	30	F	4
2011	桃子	ももこ	30	F	2
2011	彩心		31	F	2
2011		のぞみ	31	F	4
2011	琴音	ことね	31	F	2
2011	心優		32	F	2
2011		はるか	32	F	4
2011	璃子	りこ	32	F	2
2011	心陽		33	F	2
2011		まな	33	F	4
2011	百花	ももか	33	F	2
2011	心音		34	F	2
2011		ゆきな	34	F	4
2011	皐月	さつき	34	F	2
2011	柚羽		35	F	2
2011		ゆら	35	F	4
2011	真緒	まお	35	F	2
2011	栞奈		36	F	2
2011		りこ	36	F	4
2011	紗英	さえ	36	F	2
2011	桃子		37	F	2
2011		りの	37	F	4
2011	結愛	ゆめ	37	F	2
2011	琉愛		38	F	2
2011		あおい	38	F	3
2011	結菜	ゆいな	38	F	2
2011	琴音		39	F	2
2011		あやの	39	F	3
2011	結菜	ゆな	39	F	2
2011	璃子		40	F	2
2011		かな	40	F	3
2011	結衣	ゆい	40	F	2
2011	百花		41	F	2
2011		ここあ	41	F	3
2011	美結	みゆ	41	F	2
2011	皐月		42	F	2
2011		さえ	42	F	3
2011	美羽	みう	42	F	2
2011	真緒		43	F	2
2011		せな	43	F	3
2011	芽生	めい	43	F	2
2011	紗英		44	F	2
2011		そら	44	F	3
2011	茉凜	まりん	44	F	2
2011	結衣		45	F	2
2011		にこ	45	F	3
2011	蒼空	そら	45	F	2
2011	結香		46	F	2
2011		ののか	46	F	3
2011	ありあ	ありあ	46	F	1
2011	美結		47	F	2
2011		ひかり	47	F	3
2011	ありさ	ありさ	47	F	1
2011	美羽		48	F	2
2011		ひなの	48	F	3
2011	いぶき	いぶき	48	F	1
2011	花菜		49	F	2
2011		ひより	49	F	3
2011	かえで	かえで	49	F	1
2011	芽生		50	F	2
2011		まお	50	F	3
2011	かぐら	かぐら	50	F	1
2011	茉凜		51	F	2
2011		みう	51	F	3
2011	こころ	こころ	51	F	1
2011	葵香		52	F	2
2011		みなみ	52	F	3
2011	このみ	このみ	52	F	1
2011	蒼空		53	F	2
2011		みゆう	53	F	3
2011	こはる	こはる	53	F	1
2011	陽愛		54	F	2
2011		めいさ	54	F	3
2011	つくし	つくし	54	F	1
2011	ありあ		55	F	1
2011		ももか	55	F	3
2011	なな	なな	55	F	1
2011	ありさ		56	F	1
2011		ゆいか	56	F	3
2011	なのは	なのは	56	F	1
2011	いぶき		57	F	1
2011		ゆう	57	F	3
2011	にこ	にこ	57	F	1
2011	かえで		58	F	1
2011		ゆうり	58	F	3
2011	はる	はる	58	F	1
2011	かぐら		59	F	1
2011		ゆきね	59	F	3
2011	はんな	はんな	59	F	1
2011	こころ		60	F	1
2011		ゆめ	60	F	3
2011	ひかり	ひかり	60	F	1
2011	このみ		61	F	1
2011		ゆめか	61	F	3
2011	ひより	ひより	61	F	1
2011	こはる		62	F	1
2011		りさ	62	F	3
2011	ひるか	ひるか	62	F	1
2011	つくし		63	F	1
2011		りん	63	F	3
2011	ほの香	ほのか	63	F	1
2011	なな		64	F	1
2011		るか	64	F	3
2011	まひる	まひる	64	F	1
2011	なのは		65	F	1
2011		あいか	65	F	2
2011	みあら	みあら	65	F	1
2011	にこ		66	F	1
2011		あこ	66	F	2
2011	みのり	みのり	66	F	1
2011	はる		67	F	1
2011		あみ	67	F	2
2011	ゆいか	ゆいか	67	F	1
2011	はんな		68	F	1
2011		あむ	68	F	2
2011	ゆきみ	ゆきみ	68	F	1
2011	ひかり		69	F	1
2011		あやみ	69	F	2
2011	アイミー	あいみー	69	F	1
2011	ひより		70	F	1
2011		いろは	70	F	2
2011	サユリ	さゆり	70	F	1
2011	ひるか		71	F	1
2011		うみ	71	F	2
2011	リオ	りお	71	F	1
2011	ほの香		72	F	1
2011		えりな	72	F	2
2011	一嘉	いちか	72	F	1
2011	まひる		73	F	1
2011		おと	73	F	2
2011	一華	いちか	73	F	1
2011	みあら		74	F	1
2011		かほ	74	F	2
2011	七夕	なゆ	74	F	1
2011	みのり		75	F	1
2011		かんな	75	F	2
2011	世愛	せいら	75	F	1
2011	ゆいか		76	F	1
2011		ここは	76	F	2
2011	世玲音	せれね	76	F	1
2011	ゆきみ		77	F	1
2011		こころ	77	F	2
2011	乃々椛	ののか	77	F	1
2011	アイミー		78	F	1
2011		ことね	78	F	2
2011	乃愛	のあ	78	F	1
2011	サユリ		79	F	1
2011		こより	79	F	2
2011	久実	くみ	79	F	1
2011	リオ		80	F	1
2011		しおん	80	F	2
2011	亜夢	あむ	80	F	1
2011	一嘉		81	F	1
2011		しほ	81	F	2
2011	亜子	あこ	81	F	1
2011	一華		82	F	1
2011		つむぎ	82	F	2
2011	亜実	あみ	82	F	1
2011	七夕		83	F	1
2011		なな	83	F	2
2011	仁湖	にこ	83	F	1
2011	世愛		84	F	1
2011		ななこ	84	F	2
2011	伍希	いつき	84	F	1
2011	世玲音		85	F	1
2011		ななみ	85	F	2
2011	佑里	ゆうり	85	F	1
2011	乃々椛		86	F	1
2011		はるこ	86	F	2
2011	佳奈	かな	86	F	1
2011	乃愛		87	F	1
2011		はるひ	87	F	2
2011	來々	らら	87	F	1
2011	久実		88	F	1
2011		ふうか	88	F	2
2011	來愛	くれあ	88	F	1
2011	亜夢		89	F	1
2011		まほ	89	F	2
2011	侑愛	ゆあ	89	F	1
2011	亜子		90	F	1
2011		まりん	90	F	2
2011	侑生	ゆう	90	F	1
2011	亜実		91	F	1
2011		みうな	91	F	2
2011	侑里	ゆうり	91	F	1
2011	仁湖		92	F	1
2011		みつき	92	F	2
2011	依織	いおり	92	F	1
2011	伍希		93	F	1
2011		みづき	93	F	2
2011	優	ゆう	93	F	1
2011	佑里		94	F	1
2011		みのり	94	F	2
2011	優奈	ゆな	94	F	1
2011	佳奈		95	F	1
2011		みはる	95	F	2
2011	優希	ゆき	95	F	1
2011	來々		96	F	1
2011		めい	96	F	2
2011	優希奈	ゆきな	96	F	1
2011	來愛		97	F	1
2011		ももこ	97	F	2
2011	優愛	ゆな	97	F	1
2011	侑愛		98	F	1
2011		ゆいな	98	F	2
2011	優日	ゆうひ	98	F	1
2011	侑生		99	F	1
2011		ゆずは	99	F	2
2011	優樹奈	ゆきな	99	F	1
2011	侑里		100	F	1
2011		ゆずほ	100	F	2
2011	優沙	ゆうさ	100	F	1
2011	依織		101	F	1
2011		りおな	101	F	2
2011	優真	ゆま	101	F	1
2011	優		102	F	1
2011		りのん	102	F	2
2011	優空	ゆうあ	102	F	1
2011	優希		103	F	1
2011		りんか	103	F	2
2011	優菜	ゆな	103	F	1
2011	優希奈		104	F	1
2011		れな	104	F	2
2011	優衣	ゆい	104	F	1
2011	優愛		105	F	1
2011		わかな	105	F	2
2011	優那	ゆな	105	F	1
2011	優日		106	F	1
2011		あい	106	F	1
2011	光希	みつき	106	F	1
2011	優樹奈		107	F	1
2011		あいな	107	F	1
2011	光莉	ひかり	107	F	1
2011	優沙		108	F	1
2011		あいみー	108	F	1
2011	光輝	みつき	108	F	1
2011	優真		109	F	1
2011		あいら	109	F	1
2011	八佳	はちか	109	F	1
2011	優菜		110	F	1
2011		あいり	110	F	1
2011	冴香	さえか	110	F	1
2011	優衣		111	F	1
2011		あかね	111	F	1
2011	凛乃	りの	111	F	1
2011	優那		112	F	1
2011		あき	112	F	1
2011	凛佳	りんか	112	F	1
2011	光希		113	F	1
2011		あきら	113	F	1
2011	凛緒	りお	113	F	1
2011	光莉		114	F	1
2011		あさひ	114	F	1
2011	凛音	りのん	114	F	1
2011	光輝		115	F	1
2011		あさみ	115	F	1
2011	凜愛	りお	115	F	1
2011	八佳		116	F	1
2011		あすか	116	F	1
2011	凜香	りんか	116	F	1
2011	冴香		117	F	1
2011		あずさ	117	F	1
2011	利菜	りな	117	F	1
2011	凛乃		118	F	1
2011		あのん	118	F	1
2011	加奈	かな	118	F	1
2011	凛佳		119	F	1
2011		あまね	119	F	1
2011	千夏	ちなつ	119	F	1
2011	凛緒		120	F	1
2011		あや	120	F	1
2011	千弦	ちづる	120	F	1
2011	凛音		121	F	1
2011		あやか	121	F	1
2011	千愛	ちなり	121	F	1
2011	凜愛		122	F	1
2011		あやめ	122	F	1
2011	千桜	ちさ	122	F	1
2011	凜香		123	F	1
2011		あゆう	123	F	1
2011	千歌子	ちかこ	123	F	1
2011	利菜		124	F	1
2011		ありあ	124	F	1
2011	千聡	ちさと	124	F	1
2011	加奈		125	F	1
2011		ありさ	125	F	1
2011	千陽	ちひろ	125	F	1
2011	千夏		126	F	1
2011		あるえ	126	F	1
2011	卯佳	ういか	126	F	1
2011	千弦		127	F	1
2011		あん	127	F	1
2011	史夏	ふみか	127	F	1
2011	千愛		128	F	1
2011		あんじゅ	128	F	1
2011	史帆	しほ	128	F	1
2011	千桜		129	F	1
2011		いおり	129	F	1
2011	史羽	ふみは	129	F	1
2011	千歌子		130	F	1
2011		いつき	130	F	1
2011	叶愛	のあ	130	F	1
2011	千聡		131	F	1
2011		いぶき	131	F	1
2011	和奏	のどか	131	F	1
2011	千陽		132	F	1
2011		いろり	132	F	1
2011	和笑	わえ	132	F	1
2011	卯佳		133	F	1
2011		ういか	133	F	1
2011	和花	あいか	133	F	1
2011	史夏		134	F	1
2011		うたの	134	F	1
2011	咲優	さゆ	134	F	1
2011	史帆		135	F	1
2011		うるは	135	F	1
2011	咲奈	さな	135	F	1
2011	史羽		136	F	1
2011		えま	136	F	1
2011	咲月	さつき	136	F	1
2011	叶愛		137	F	1
2011		えみり	137	F	1
2011	咲来	さら	137	F	1
2011	和笑		138	F	1
2011		えむ	138	F	1
2011	咲空	さくら	138	F	1
2011	和花		139	F	1
2011		えりか	139	F	1
2011	咲笑	さわ	139	F	1
2011	咲優		140	F	1
2011		おうか	140	F	1
2011	咲紀	さき	140	F	1
2011	咲奈		141	F	1
2011		おとは	141	F	1
2011	咲菜	さな	141	F	1
2011	咲月		142	F	1
2011		かえで	142	F	1
2011	唯	ゆい	142	F	1
2011	咲来		143	F	1
2011		かぐら	143	F	1
2011	唯月	ゆづき	143	F	1
2011	咲空		144	F	1
2011		かりん	144	F	1
2011	唯笑	ゆえ	144	F	1
2011	咲笑		145	F	1
2011		きずな	145	F	1
2011	唯花	いちか	145	F	1
2011	咲紀		146	F	1
2011		きな	146	F	1
2011	四葉	よつは	146	F	1
2011	咲菜		147	F	1
2011		きはね	147	F	1
2011	圭杜	けいと	147	F	1
2011	唯		148	F	1
2011		きはる	148	F	1
2011	夏葵	なつき	148	F	1
2011	唯月		149	F	1
2011		きらら	149	F	1
2011	夢乃	ゆめの	149	F	1
2011	唯笑		150	F	1
2011		くみ	150	F	1
2011	夢叶	ゆめか	150	F	1
2011	唯花		151	F	1
2011		くれあ	151	F	1
2011	夢奈	ゆな	151	F	1
2011	四葉		152	F	1
2011		けいと	152	F	1
2011	夢奈	ゆめな	152	F	1
2011	圭杜		153	F	1
2011		こいと	153	F	1
2011	夢満	ゆみる	153	F	1
2011	夏葵		154	F	1
2011		こお	154	F	1
2011	夢華	ゆめか	154	F	1
2011	夢乃		155	F	1
2011		ここ	155	F	1
2011	夢香	ゆめか	155	F	1
2011	夢叶		156	F	1
2011		ここね	156	F	1
2011	奈々	なな	156	F	1
2011	夢満		157	F	1
2011		ここみ	157	F	1
2011	奈々実	ななみ	157	F	1
2011	夢華		158	F	1
2011		ことな	158	F	1
2011	奏乃	かのん	158	F	1
2011	夢香		159	F	1
2011		ことぶき	159	F	1
2011	奏音	かのん	159	F	1
2011	奈々		160	F	1
2011		このみ	160	F	1
2011	妃夏乃	ひなの	160	F	1
2011	奈々実		161	F	1
2011		こはな	161	F	1
2011	妃奈乃	ひなの	161	F	1
2011	奏乃		162	F	1
2011		こひな	162	F	1
2011	妃那	ひな	162	F	1
2011	奏音		163	F	1
2011		こゆき	163	F	1
2011	姫菜	ひな	163	F	1
2011	妃夏乃		164	F	1
2011		さあや	164	F	1
2011	安佳里	あかり	164	F	1
2011	妃奈乃		165	F	1
2011		さえか	165	F	1
2011	安寿	あんじゅ	165	F	1
2011	妃那		166	F	1
2011		さち	166	F	1
2011	実子	みこ	166	F	1
2011	姫菜		167	F	1
2011		さと	167	F	1
2011	実愛	みあ	167	F	1
2011	安佳里		168	F	1
2011		さなえ	168	F	1
2011	宥和	ゆい	168	F	1
2011	安寿		169	F	1
2011		さゆ	169	F	1
2011	寿	ことぶき	169	F	1
2011	実子		170	F	1
2011		さゆき	170	F	1
2011	小日菜	こひな	170	F	1
2011	実愛		171	F	1
2011		さゆり	171	F	1
2011	小雪	こゆき	171	F	1
2011	宥和		172	F	1
2011		さより	172	F	1
2011	巴	ともえ	172	F	1
2011	寿		173	F	1
2011		さわ	173	F	1
2011	帆乃香	ほのか	173	F	1
2011	小日菜		174	F	1
2011		しえ	174	F	1
2011	帆香	ほのか	174	F	1
2011	小雪		175	F	1
2011		しずく	175	F	1
2011	希	のぞみ	175	F	1
2011	巴		176	F	1
2011		しゅうか	176	F	1
2011	希乃花	ののか	176	F	1
2011	帆乃香		177	F	1
2011		じゅうか	177	F	1
2011	希夏	きな	177	F	1
2011	帆香		178	F	1
2011		すず	178	F	1
2011	希実	のぞみ	178	F	1
2011	希		179	F	1
2011		すずね	179	F	1
2011	希望	のぞみ	179	F	1
2011	希乃花		180	F	1
2011		すみれ	180	F	1
2011	希美	のぞみ	180	F	1
2011	希夏		181	F	1
2011		せいか	181	F	1
2011	希羽	きはね	181	F	1
2011	希実		182	F	1
2011		せいら	182	F	1
2011	希音	きらら	182	F	1
2011	希望		183	F	1
2011		せつか	183	F	1
2011	幸音	ゆきね	183	F	1
2011	希美		184	F	1
2011		せら	184	F	1
2011	彩夏	あやか	184	F	1
2011	希羽		185	F	1
2011		せれね	185	F	1
2011	彩夢	あむ	185	F	1
2011	希音		186	F	1
2011		そよか	186	F	1
2011	彩巴	いろは	186	F	1
2011	幸音		187	F	1
2011		たみ	187	F	1
2011	彩心	あこ	187	F	1
2011	彩夏		188	F	1
2011		ちか	188	F	1
2011	彩心	あみ	188	F	1
2011	彩夢		189	F	1
2011		ちかこ	189	F	1
2011	彩愛	さあや	189	F	1
2011	彩巴		190	F	1
2011		ちさ	190	F	1
2011	彩智	さち	190	F	1
2011	彩愛		191	F	1
2011		ちさと	191	F	1
2011	彩美	あやみ	191	F	1
2011	彩智		192	F	1
2011		ちづる	192	F	1
2011	彩羽	いろは	192	F	1
2011	彩美		193	F	1
2011		ちな	193	F	1
2011	彩良	さら	193	F	1
2011	彩羽		194	F	1
2011		ちなつ	194	F	1
2011	彩里	いろり	194	F	1
2011	彩良		195	F	1
2011		ちなり	195	F	1
2011	彩雪	さゆき	195	F	1
2011	彩里		196	F	1
2011		ちひろ	196	F	1
2011	彩音	あやね	196	F	1
2011	彩雪		197	F	1
2011		ちほ	197	F	1
2011	彬	あき	197	F	1
2011	彩音		198	F	1
2011		つきね	198	F	1
2011	微風	そよか	198	F	1
2011	彬		199	F	1
2011		つくし	199	F	1
2011	心優	こころ	199	F	1
2011	微風		200	F	1
2011		つどい	200	F	1
2011	心優	みゆ	200	F	1
2011	心優花		201	F	1
2011		ともえ	201	F	1
2011	心優花	みゆか	201	F	1
2011	心彩		202	F	1
2011		なぎさ	202	F	1
2011	心和	ここな	202	F	1
2011	心春		203	F	1
2011		なごみ	203	F	1
2011	心和	こより	203	F	1
2011	心月		204	F	1
2011		なのか	204	F	1
2011	心和	なごみ	204	F	1
2011	心絃		205	F	1
2011		なのは	205	F	1
2011	心彩	ここあ	205	F	1
2011	心美		206	F	1
2011		なゆ	206	F	1
2011	心春	こはる	206	F	1
2011	心華		207	F	1
2011		ねお	207	F	1
2011	心月	みづき	207	F	1
2011	心葉		208	F	1
2011		のどか	208	F	1
2011	心絃	こいと	208	F	1
2011	心遥		209	F	1
2011		はおん	209	F	1
2011	心結	みゆ	209	F	1
2011	志南		210	F	1
2011		はぐみ	210	F	1
2011	心美	ここみ	210	F	1
2011	志歩		211	F	1
2011		はす	211	F	1
2011	心華	こはな	211	F	1
2011	志笑		212	F	1
2011		はすき	212	F	1
2011	心葉	ここは	212	F	1
2011	恵海		213	F	1
2011		はちか	213	F	1
2011	心遥	こはる	213	F	1
2011	悠莉		214	F	1
2011		はる	214	F	1
2011	心陽	ここは	214	F	1
2011	愛唯		215	F	1
2011		はるあ	215	F	1
2011	心陽	こはる	215	F	1
2011	愛夕		216	F	1
2011		はるな	216	F	1
2011	心音	すず	216	F	1
2011	愛奈		217	F	1
2011		はんな	217	F	1
2011	心音	みおん	217	F	1
2011	愛心		218	F	1
2011		ひいろ	218	F	1
2011	志南	ゆきな	218	F	1
2011	愛桜		219	F	1
2011		ひまり	219	F	1
2011	志歩	しほ	219	F	1
2011	愛梨		220	F	1
2011		ひるか	220	F	1
2011	志笑	しえ	220	F	1
2011	愛理花		221	F	1
2011		ふうこ	221	F	1
2011	恵海	めぐみ	221	F	1
2011	愛琉		222	F	1
2011		ふうな	222	F	1
2011	悠莉	ゆうり	222	F	1
2011	愛留		223	F	1
2011		ふみか	223	F	1
2011	愛唯	まゆ	223	F	1
2011	愛結		224	F	1
2011		ふみは	224	F	1
2011	愛夕	あゆう	224	F	1
2011	愛美理		225	F	1
2011		ほの	225	F	1
2011	愛奈	あいな	225	F	1
2011	愛菜		226	F	1
2011		まい	226	F	1
2011	愛心	あのん	226	F	1
2011	愛音		227	F	1
2011		まいこ	227	F	1
2011	愛桜	あいら	227	F	1
2011	日彩		228	F	1
2011		まいさ	228	F	1
2011	愛梨	あいり	228	F	1
2011	日恋		229	F	1
2011		まおか	229	F	1
2011	愛理花	えりか	229	F	1
2011	日菜詩		230	F	1
2011		まおみ	230	F	1
2011	愛琉	める	230	F	1
2011	旭		231	F	1
2011		まこ	231	F	1
2011	愛留	めぐる	231	F	1
2011	明佳里		232	F	1
2011		まこと	232	F	1
2011	愛結	みゆ	232	F	1
2011	明日香		233	F	1
2011		ましろこ	233	F	1
2011	愛美理	えみり	233	F	1
2011	明沙		234	F	1
2011		まどか	234	F	1
2011	愛菜	あんな	234	F	1
2011	明紗		235	F	1
2011		まひる	235	F	1
2011	愛音	まな	235	F	1
2011	明莉		236	F	1
2011		まや	236	F	1
2011	日彩	ひいろ	236	F	1
2011	星愛		237	F	1
2011		まゆ	237	F	1
2011	日恋	にこ	237	F	1
2011	星空		238	F	1
2011		まゆこ	238	F	1
2011	日菜詩	ひなた	238	F	1
2011	星花		239	F	1
2011		まゆり	239	F	1
2011	旭	あさひ	239	F	1
2011	晴子		240	F	1
2011		まり	240	F	1
2011	明佳里	あかり	240	F	1
2011	晴空		241	F	1
2011		みあ	241	F	1
2011	明日香	あすか	241	F	1
2011	智香		242	F	1
2011		みあら	242	F	1
2011	明沙	めいさ	242	F	1
2011	暖佳		243	F	1
2011		みい	243	F	1
2011	明紗	めいさ	243	F	1
2011	月優		244	F	1
2011		みお	244	F	1
2011	明莉	あかり	244	F	1
2011	月響		245	F	1
2011		みおん	245	F	1
2011	星愛	せな	245	F	1
2011	有來音		246	F	1
2011		みか	246	F	1
2011	星空	せら	246	F	1
2011	有恵		247	F	1
2011		みこ	247	F	1
2011	星花	せな	247	F	1
2011	望愛		248	F	1
2011		みしお	248	F	1
2011	晴子	はるこ	248	F	1
2011	未緒		249	F	1
2011		みずき	249	F	1
2011	晴空	はるあ	249	F	1
2011	杏		250	F	1
2011		みち	250	F	1
2011	智香	ちか	250	F	1
2011	杏桜		251	F	1
2011		みはな	251	F	1
2011	暖佳	ののか	251	F	1
2011	果歩		252	F	1
2011		みほの	252	F	1
2011	月優	るな	252	F	1
2011	柊花		253	F	1
2011		みみ	253	F	1
2011	月響	つきね	253	F	1
2011	柔嘉		254	F	1
2011		みやび	254	F	1
2011	有來音	ゆきね	254	F	1
2011	柚		255	F	1
2011		みゆか	255	F	1
2011	有恵	あるえ	255	F	1
2011	柚乃		256	F	1
2011		みれい	256	F	1
2011	望愛	のあ	256	F	1
2011	柚亜		257	F	1
2011		みわ	257	F	1
2011	未緒	みお	257	F	1
2011	柚寧		258	F	1
2011		めぐみ	258	F	1
2011	杏	あん	258	F	1
2011	柚帆		259	F	1
2011		めぐる	259	F	1
2011	杏桜	こお	259	F	1
2011	柚希		260	F	1
2011		める	260	F	1
2011	果歩	かほ	260	F	1
2011	柚月		261	F	1
2011		もあ	261	F	1
2011	柊花	しゅうか	261	F	1
2011	柚穂		262	F	1
2011		もか	262	F	1
2011	柔嘉	じゅうか	262	F	1
2011	桃那		263	F	1
2011		もね	263	F	1
2011	柚	ゆず	263	F	1
2011	桜		264	F	1
2011		もも	264	F	1
2011	柚乃	ゆずの	264	F	1
2011	桜叶		265	F	1
2011		ももあ	265	F	1
2011	柚亜	ゆあ	265	F	1
2011	桜姫		266	F	1
2011		ももな	266	F	1
2011	柚寧	ゆね	266	F	1
2011	桜子		267	F	1
2011		ゆあら	267	F	1
2011	柚帆	ゆずほ	267	F	1
2011	桜月		268	F	1
2011		ゆうあ	268	F	1
2011	柚希	ゆずき	268	F	1
2011	桜琉姫		269	F	1
2011		ゆうさ	269	F	1
2011	柚月	ゆづき	269	F	1
2011	桜都		270	F	1
2011		ゆうひ	270	F	1
2011	柚穂	ゆずほ	270	F	1
2011	桜音		271	F	1
2011		ゆえ	271	F	1
2011	桃那	ももな	271	F	1
2011	梓		272	F	1
2011		ゆか	272	F	1
2011	桜	さくら	272	F	1
2011	梨々瑚		273	F	1
2011		ゆき	273	F	1
2011	桜叶	おうか	273	F	1
2011	梨乃		274	F	1
2011		ゆきみ	274	F	1
2011	桜姫	さき	274	F	1
2011	梨夢		275	F	1
2011		ゆず	275	F	1
2011	桜子	はるこ	275	F	1
2011	梨奈		276	F	1
2011		ゆずき	276	F	1
2011	桜月	さつき	276	F	1
2011	梨心		277	F	1
2011		ゆずの	277	F	1
2011	桜琉姫	はるひ	277	F	1
2011	梨緒奈		278	F	1
2011		ゆね	278	F	1
2011	桜都	おと	278	F	1
2011	楓奈		279	F	1
2011		ゆま	279	F	1
2011	桜音	おと	279	F	1
2011	楓子		280	F	1
2011		ゆみる	280	F	1
2011	梓	あずさ	280	F	1
2011	楓花		281	F	1
2011		ゆめな	281	F	1
2011	梨々瑚	りりこ	281	F	1
2011	樺音		282	F	1
2011		ゆめの	282	F	1
2011	梨乃	りの	282	F	1
2011	民		283	F	1
2011		よつは	283	F	1
2011	梨夢	りむ	283	F	1
2011	汐菜		284	F	1
2011		らら	284	F	1
2011	梨奈	りな	284	F	1
2011	汐遥		285	F	1
2011		らん	285	F	1
2011	梨心	りこ	285	F	1
2011	江莉菜		286	F	1
2011		らんじゅ	286	F	1
2011	梨緒奈	りおな	286	F	1
2011	沙羅		287	F	1
2011		りあら	287	F	1
2011	楓奈	ふうな	287	F	1
2011	沙都		288	F	1
2011		りいな	288	F	1
2011	楓子	ふうこ	288	F	1
2011	海		289	F	1
2011		りせ	289	F	1
2011	楓花	ふうか	289	F	1
2011	海伊		290	F	1
2011		りほ	290	F	1
2011	樺音	かのん	290	F	1
2011	海音		291	F	1
2011		りま	291	F	1
2011	民	たみ	291	F	1
2011	涼夢		292	F	1
2011		りむ	292	F	1
2011	汐菜	せな	292	F	1
2011	渚紗		293	F	1
2011		りり	293	F	1
2011	汐遥	しおん	293	F	1
2011	準果		294	F	1
2011		りりあ	294	F	1
2011	江莉菜	えりな	294	F	1
2011	澄玲		295	F	1
2011		りりこ	295	F	1
2011	沙羅	さら	295	F	1
2011	澪		296	F	1
2011		りわ	296	F	1
2011	沙都	さと	296	F	1
2011	玲奈		297	F	1
2011		るりこ	297	F	1
2011	海	うみ	297	F	1
2011	玲那		298	F	1
2011		れい	298	F	1
2011	海伊	みい	298	F	1
2011	珠久		299	F	1
2011		れんな	299	F	1
2011	海音	あまね	299	F	1
2011	珠和		300	F	1
2011		わえ	300	F	1
2011	涼夢	りのん	300	F	1
2011	理		301	F	1
2011	渚紗	なぎさ	301	F	1
2011	理乃		302	F	1
2011	準果	せつか	302	F	1
2011	理央		303	F	1
2011	澄玲	すみれ	303	F	1
2011	理奈		304	F	1
2011	澪	れい	304	F	1
2011	理彩		305	F	1
2011	玲奈	れな	305	F	1
2011	琉夏		306	F	1
2011	玲那	れな	306	F	1
2011	琉花		307	F	1
2011	珠久	みく	307	F	1
2011	琉華		308	F	1
2011	珠和	みわ	308	F	1
2011	琴々音		309	F	1
2011	理	みち	309	F	1
2011	琴七		310	F	1
2011	理乃	りの	310	F	1
2011	瑚々		311	F	1
2011	理央	りお	311	F	1
2011	瑛莉奈		312	F	1
2011	理奈	りな	312	F	1
2011	瑞樹		313	F	1
2011	理彩	りさ	313	F	1
2011	瑠奈		314	F	1
2011	琉夏	るな	314	F	1
2011	瑠璃子		315	F	1
2011	琉愛	りあら	315	F	1
2011	瑠真		316	F	1
2011	琉愛	るな	316	F	1
2011	瑠菜		317	F	1
2011	琉花	るか	317	F	1
2011	瑠華		318	F	1
2011	琉華	るか	318	F	1
2011	由奈		319	F	1
2011	琴々音	ここね	319	F	1
2011	由彩		320	F	1
2011	琴七	ことな	320	F	1
2011	由愛		321	F	1
2011	瑚々	ここ	321	F	1
2011	由稀奈		322	F	1
2011	瑛莉奈	えりな	322	F	1
2011	癒菜		323	F	1
2011	瑞樹	みずき	323	F	1
2011	百叶		324	F	1
2011	瑠奈	るな	324	F	1
2011	百愛		325	F	1
2011	瑠璃子	るりこ	325	F	1
2011	百華		326	F	1
2011	瑠真	るな	326	F	1
2011	眞帆		327	F	1
2011	瑠菜	るな	327	F	1
2011	眞弥		328	F	1
2011	瑠華	るか	328	F	1
2011	眞琴		329	F	1
2011	由奈	ゆな	329	F	1
2011	眞音美		330	F	1
2011	由彩	ゆあ	330	F	1
2011	真帆		331	F	1
2011	由愛	ゆあ	331	F	1
2011	真心		332	F	1
2011	由稀奈	ゆきな	332	F	1
2011	真悠子		333	F	1
2011	癒菜	ゆな	333	F	1
2011	真愛		334	F	1
2011	百叶	ももか	334	F	1
2011	真捺		335	F	1
2011	百愛	ももあ	335	F	1
2011	真理		336	F	1
2011	百華	もか	336	F	1
2011	真由莉		337	F	1
2011	眞帆	まほ	337	F	1
2011	真白子		338	F	1
2011	眞弥	まや	338	F	1
2011	真都香		339	F	1
2011	眞琴	まこと	339	F	1
2011	瞳奈		340	F	1
2011	眞音美	まおみ	340	F	1
2011	知歩		341	F	1
2011	真帆	まほ	341	F	1
2011	知菜		342	F	1
2011	真心	まこ	342	F	1
2011	碧咲		343	F	1
2011	真悠子	まゆこ	343	F	1
2011	稀音		344	F	1
2011	真愛	まな	344	F	1
2011	稟希		345	F	1
2011	真捺	まな	345	F	1
2011	穂乃果		346	F	1
2011	真理	まり	346	F	1
2011	穂乃花		347	F	1
2011	真由莉	まゆり	347	F	1
2011	穂花		348	F	1
2011	真白子	ましろこ	348	F	1
2011	穏空		349	F	1
2011	真都香	まどか	349	F	1
2011	空		350	F	1
2011	瞳奈	ひな	350	F	1
2011	笑夢		351	F	1
2011	知歩	ちほ	351	F	1
2011	紅音		352	F	1
2011	知菜	ちな	352	F	1
2011	紗奈		353	F	1
2011	碧咲	みさき	353	F	1
2011	紗奈依		354	F	1
2011	稀音	まお	354	F	1
2011	紗寧		355	F	1
2011	稟希	りの	355	F	1
2011	紗希		356	F	1
2011	穂乃果	ほのか	356	F	1
2011	紗空		357	F	1
2011	穂乃花	ほのか	357	F	1
2011	紗笑		358	F	1
2011	穂花	ほのか	358	F	1
2011	紗良		359	F	1
2011	穏空	しずく	359	F	1
2011	紗那		360	F	1
2011	空	そら	360	F	1
2011	紗麗		361	F	1
2011	笑夢	えむ	361	F	1
2011	紫音		362	F	1
2011	紅音	あかね	362	F	1
2011	紬		363	F	1
2011	紗奈	さな	363	F	1
2011	紬葵		364	F	1
2011	紗奈依	さなえ	364	F	1
2011	絆愛		365	F	1
2011	紗寧	すずね	365	F	1
2011	結依		366	F	1
2011	紗希	さき	366	F	1
2011	結希音		367	F	1
2011	紗空	さら	367	F	1
2011	結桜		368	F	1
2011	紗笑	さえ	368	F	1
2011	結生		369	F	1
2011	紗良	さら	369	F	1
2011	結空		370	F	1
2011	紗那	さな	370	F	1
2011	結羽		371	F	1
2011	紗麗	さより	371	F	1
2011	結花		372	F	1
2011	紫音	しおん	372	F	1
2011	結芽		373	F	1
2011	紬	つむぎ	373	F	1
2011	結蘭		374	F	1
2011	紬葵	つむぎ	374	F	1
2011	絢女		375	F	1
2011	絆愛	きずな	375	F	1
2011	絢美		376	F	1
2011	結依	ゆい	376	F	1
2011	絢音		377	F	1
2011	結希音	ゆきね	377	F	1
2011	綺春		378	F	1
2011	結桜	ゆら	378	F	1
2011	綾		379	F	1
2011	結生	ゆい	379	F	1
2011	美乃莉		380	F	1
2011	結空	ゆら	380	F	1
2011	美優		381	F	1
2011	結羽	ゆう	381	F	1
2011	美夢		382	F	1
2011	結花	ゆいか	382	F	1
2011	美巴		383	F	1
2011	結芽	ゆめ	383	F	1
2011	美帆乃		384	F	1
2011	結菜	ゆうな	384	F	1
2011	美春		385	F	1
2011	結蘭	ゆあら	385	F	1
2011	美月		386	F	1
2011	結香	ゆいか	386	F	1
2011	美歌		387	F	1
2011	結香	ゆか	387	F	1
2011	美汐		388	F	1
2011	絢女	あやめ	388	F	1
2011	美波		389	F	1
2011	絢美	あやみ	389	F	1
2011	美玖		390	F	1
2011	絢音	あやね	390	F	1
2011	美玲		391	F	1
2011	綺春	きはる	391	F	1
2011	美紅		392	F	1
2011	綾	あや	392	F	1
2011	美絆		393	F	1
2011	美乃莉	みのり	393	F	1
2011	美華		394	F	1
2011	美優	みゆ	394	F	1
2011	美陽		395	F	1
2011	美夢	みゆ	395	F	1
2011	羽柊		396	F	1
2011	美巴	うるは	396	F	1
2011	羽海		397	F	1
2011	美帆乃	みほの	397	F	1
2011	羽菜		398	F	1
2011	美春	みはる	398	F	1
2011	聖花		399	F	1
2011	美月	みづき	399	F	1
2011	胡依		400	F	1
2011	美歌	みか	400	F	1
2011	舞		401	F	1
2011	美汐	みしお	401	F	1
2011	舞依子		402	F	1
2011	美波	みなみ	402	F	1
2011	舞桜		403	F	1
2011	美海	みう	403	F	1
2011	舞桜花		404	F	1
2011	美海	みうな	404	F	1
2011	花帆		405	F	1
2011	美海	みみ	405	F	1
2011	花音		406	F	1
2011	美玖	みく	406	F	1
2011	芽咲		407	F	1
2011	美玲	みれい	407	F	1
2011	英奈		408	F	1
2011	美紅	みく	408	F	1
2011	英真		409	F	1
2011	美絆	みうな	409	F	1
2011	苺花		410	F	1
2011	美華	みはな	410	F	1
2011	茉奈		411	F	1
2011	美陽	みはる	411	F	1
2011	莉々		412	F	1
2011	羽柊	はおん	412	F	1
2011	莉世		413	F	1
2011	羽海	うみ	413	F	1
2011	莉央		414	F	1
2011	羽菜	はな	414	F	1
2011	莉桜		415	F	1
2011	聖花	せいか	415	F	1
2011	莉穂		416	F	1
2011	胡依	こより	416	F	1
2011	莉紗		417	F	1
2011	舞	まい	417	F	1
2011	莉茉		418	F	1
2011	舞依子	まいこ	418	F	1
2011	莉衣奈		419	F	1
2011	舞桜	まいさ	419	F	1
2011	莉里愛		420	F	1
2011	舞桜花	まおか	420	F	1
2011	莉香		421	F	1
2011	花帆	かほ	421	F	1
2011	菜々子		422	F	1
2011	花菜	かな	422	F	1
2011	菜々美		423	F	1
2011	花菜	はな	423	F	1
2011	菜乃花		424	F	1
2011	花音	かのん	424	F	1
2011	華菜		425	F	1
2011	芽咲	めいさ	425	F	1
2011	華那		426	F	1
2011	英奈	はな	426	F	1
2011	萌乃		427	F	1
2011	英真	えま	427	F	1
2011	萌冬		428	F	1
2011	苺花	いちか	428	F	1
2011	萌愛		429	F	1
2011	茉奈	まな	429	F	1
2011	萌音		430	F	1
2011	莉々	りり	430	F	1
2011	葉久実		431	F	1
2011	莉世	りせ	431	F	1
2011	葉奈		432	F	1
2011	莉央	りお	432	F	1
2011	葵海		433	F	1
2011	莉桜	りお	433	F	1
2011	蒼依		434	F	1
2011	莉穂	りほ	434	F	1
2011	蓮		435	F	1
2011	莉紗	りさ	435	F	1
2011	蓮希		436	F	1
2011	莉茉	りま	436	F	1
2011	蓮菜		437	F	1
2011	莉衣奈	りいな	437	F	1
2011	藍		438	F	1
2011	莉里愛	りりあ	438	F	1
2011	蘭		439	F	1
2011	莉香	りこ	439	F	1
2011	蘭珠		440	F	1
2011	菜々子	ななこ	440	F	1
2011	詩乃		441	F	1
2011	菜々美	ななみ	441	F	1
2011	詩織		442	F	1
2011	菜乃花	なのか	442	F	1
2011	遥		443	F	1
2011	華菜	はな	443	F	1
2011	遥陽		444	F	1
2011	華那	はな	444	F	1
2011	遥香		445	F	1
2011	萌乃	ほの	445	F	1
2011	那奈子		446	F	1
2011	萌冬	もも	446	F	1
2011	里和		447	F	1
2011	萌愛	もあ	447	F	1
2011	里咲		448	F	1
2011	萌音	もね	448	F	1
2011	里桜		449	F	1
2011	葉久実	はぐみ	449	F	1
2011	里桜菜		450	F	1
2011	葉奈	はな	450	F	1
2011	陽南		451	F	1
2011	葵海	あおい	451	F	1
2011	陽向		452	F	1
2011	葵香	あいか	452	F	1
2011	陽和		453	F	1
2011	葵香	あおい	453	F	1
2011	陽梨		454	F	1
2011	蒼依	あおい	454	F	1
2011	陽真理		455	F	1
2011	蓮	はす	455	F	1
2011	陽花		456	F	1
2011	蓮希	はすき	456	F	1
2011	陽菜多		457	F	1
2011	蓮菜	れんな	457	F	1
2011	陽菜汰		458	F	1
2011	藍	あい	458	F	1
2011	陽那乃		459	F	1
2011	蘭	らん	459	F	1
2011	陽香		460	F	1
2011	蘭珠	らんじゅ	460	F	1
2011	雅		461	F	1
2011	詩乃	うたの	461	F	1
2011	集衣		462	F	1
2011	詩織	しおり	462	F	1
2011	音亜		463	F	1
2011	遥	はるか	463	F	1
2011	音緒		464	F	1
2011	遥陽	はるひ	464	F	1
2011	音羽		465	F	1
2011	遥香	はるか	465	F	1
2011	風香		466	F	1
2011	那奈子	ななこ	466	F	1
2011	香凛		467	F	1
2011	里和	りわ	467	F	1
2011	麗那		468	F	1
2011	里咲	りさ	468	F	1
2011	麻実		469	F	1
2011	里桜	りお	469	F	1
2011	里桜菜	りおな	470	F	1
2011	陽南	ひな	471	F	1
2011	陽向	あきら	472	F	1
2011	陽和	ひより	473	F	1
2011	陽愛	ひな	474	F	1
2011	陽愛	ひより	475	F	1
2011	陽梨	ひかり	476	F	1
2011	陽真理	ひまり	477	F	1
2011	陽花	はるか	478	F	1
2011	陽菜	はるな	479	F	1
2011	陽菜多	ひなた	480	F	1
2011	陽菜汰	ひなた	481	F	1
2011	陽那乃	ひなの	482	F	1
2011	陽香	はるか	483	F	1
2011	雅	みやび	484	F	1
2011	集衣	つどい	485	F	1
2011	音亜	のあ	486	F	1
2011	音緒	ねお	487	F	1
2011	音羽	おとは	488	F	1
2011	風香	ふうか	489	F	1
2011	香凛	かりん	490	F	1
2011	麗那	りな	491	F	1
2011	麻実	あさみ	492	F	1
2011	尊		1	M	5
2011		はるき	1	M	12
2011	尊	たける	1	M	5
2011	海翔		2	M	5
2011		ゆうと	2	M	12
2011	海翔	かいと	2	M	5
2011	大空		3	M	4
2011		かいと	3	M	10
2011	蒼太	そうた	3	M	4
2011	大翔		4	M	4
2011		ゆうき	4	M	10
2011	伊織	いおり	4	M	3
2011	結人		5	M	4
2011		そうた	5	M	9
2011	優斗	ゆうと	5	M	3
2011	蒼太		6	M	4
2011		そら	6	M	9
2011	大空	そら	6	M	3
2011	伊織		7	M	3
2011		りく	7	M	9
2011	奏	かなで	7	M	3
2011	優斗		8	M	3
2011		たける	8	M	7
2011	奏太	そうた	8	M	3
2011	奏		9	M	3
2011		そうま	9	M	6
2011	晴輝	はるき	9	M	3
2011	奏太		10	M	3
2011		たくみ	10	M	6
2011	結人	ゆうと	10	M	3
2011	晴輝		11	M	3
2011		はると	11	M	6
2011	陸	りく	11	M	3
2011	蒼空		12	M	3
2011		ひなた	12	M	6
2011	陽向	ひなた	12	M	3
2011	陸		13	M	3
2011		おうすけ	13	M	5
2011	駿	しゅん	13	M	3
2011	陽向		14	M	3
2011		しゅん	14	M	5
2011	和真	かずま	14	M	2
2011	陽太		15	M	3
2011		そうすけ	15	M	5
2011	大心	たいしん	15	M	2
2011	駿		16	M	3
2011		たいち	16	M	5
2011	大知	たいち	16	M	2
2011	和真		17	M	2
2011		はやと	17	M	5
2011	大翔	ひろと	17	M	2
2011	大和		18	M	2
2011		はるま	18	M	5
2011	恵介	けいすけ	18	M	2
2011	大心		19	M	2
2011		ひろと	19	M	5
2011	悠希	ゆうき	19	M	2
2011	大樹		20	M	2
2011		ゆいと	20	M	5
2011	拓海	たくみ	20	M	2
2011	大知		21	M	2
2011		けいすけ	21	M	4
2011	朔太郎	さくたろう	21	M	2
2011	恵介		22	M	2
2011		こうた	22	M	4
2011	来希	らいき	22	M	2
2011	悠希		23	M	2
2011		たいが	23	M	4
2011	桜介	おうすけ	23	M	2
2011	拓海		24	M	2
2011		とわ	24	M	4
2011	正義	せいぎ	24	M	2
2011	朔太郎		25	M	2
2011		ひろき	25	M	4
2011	永遠	とわ	25	M	2
2011	来希		26	M	2
2011		まさと	26	M	4
2011	理玖	りく	26	M	2
2011	桜介		27	M	2
2011		ゆうた	27	M	4
2011	由陽	ゆうひ	27	M	2
2011	正義		28	M	2
2011		よしき	28	M	4
2011	翔太	しょうた	28	M	2
2011	永遠		29	M	2
2011		りくと	29	M	4
2011	蒼空	そら	29	M	2
2011	理玖		30	M	2
2011		るい	30	M	4
2011	蓮	れん	30	M	2
2011	由陽		31	M	2
2011		れん	31	M	4
2011	那由多	なゆた	31	M	2
2011	翔		32	M	2
2011		あおい	32	M	3
2011	陽太	ひなた	32	M	2
2011	翔太		33	M	2
2011		あきと	33	M	3
2011	陽希	はるき	33	M	2
2011	翔生		34	M	2
2011		あゆむ	34	M	3
2011	隼矢	しゅんや	34	M	2
2011	蒼		35	M	2
2011		いおり	35	M	3
2011	雷斗	らいと	35	M	2
2011	蓮		36	M	2
2011		いつき	36	M	3
2011	一乃	いちの	36	M	1
2011	蓮音		37	M	2
2011		かずま	37	M	3
2011	一夢	かずむ	37	M	1
2011	輝		38	M	2
2011		かなで	38	M	3
2011	一太	いちた	38	M	1
2011	那由多		39	M	2
2011		けんと	39	M	3
2011	一真	かずま	39	M	1
2011	陽希		40	M	2
2011		しおん	40	M	3
2011	一翔	かける	40	M	1
2011	陽翔		41	M	2
2011		しょうた	41	M	3
2011	一輝	かずき	41	M	1
2011	隼矢		42	M	2
2011		とうま	42	M	3
2011	一進	いっしん	42	M	1
2011	雷斗		43	M	2
2011		ふうと	43	M	3
2011	七輝	ななき	43	M	1
2011	颯大		44	M	2
2011		まなと	44	M	3
2011	七都	ななと	44	M	1
2011	一乃		45	M	1
2011		ようた	45	M	3
2011	丈太郎	じょうたろう	45	M	1
2011	一夢		46	M	1
2011		らいき	46	M	3
2011	世名	せな	46	M	1
2011	一太		47	M	1
2011		らいと	47	M	3
2011	主雅	しゅが	47	M	1
2011	一真		48	M	1
2011		りひと	48	M	3
2011	乙稀	いつき	48	M	1
2011	一翔		49	M	1
2011		れんと	49	M	3
2011	亜佳梨	あかり	49	M	1
2011	一輝		50	M	1
2011		あいる	50	M	2
2011	亜成	あせい	50	M	1
2011	一進		51	M	1
2011		あつき	51	M	2
2011	京杜	けいと	51	M	1
2011	七輝		52	M	1
2011		あつし	52	M	2
2011	人慧	とあ	52	M	1
2011	七都		53	M	1
2011		あやと	53	M	2
2011	伊吹	いぶき	53	M	1
2011	丈太郎		54	M	1
2011		いぶき	54	M	2
2011	佑一郎	ゆういちろう	54	M	1
2011	世名		55	M	1
2011		おうが	55	M	2
2011	佑人	ゆうと	55	M	1
2011	主雅		56	M	1
2011		かえで	56	M	2
2011	佑輝	ゆうき	56	M	1
2011	乙稀		57	M	1
2011		かける	57	M	2
2011	佳希	よしき	57	M	1
2011	亜佳梨		58	M	1
2011		かずき	58	M	2
2011	佳来	かく	58	M	1
2011	亜成		59	M	1
2011		かなた	59	M	2
2011	佳楓	かえで	59	M	1
2011	京杜		60	M	1
2011		かなと	60	M	2
2011	佳樹	よしき	60	M	1
2011	人慧		61	M	1
2011		がくと	61	M	2
2011	佳祐	けいすけ	61	M	1
2011	伊吹		62	M	1
2011		けいご	62	M	2
2011	佳輝	よしき	62	M	1
2011	佑一郎		63	M	1
2011		こうが	63	M	2
2011	來夢	らいむ	63	M	1
2011	佑人		64	M	1
2011		こうき	64	M	2
2011	來希	らいき	64	M	1
2011	佑輝		65	M	1
2011		こうすけ	65	M	2
2011	侑隼	ゆうと	65	M	1
2011	佳希		66	M	1
2011		こうせい	66	M	2
2011	俊	しゅん	66	M	1
2011	佳来		67	M	1
2011		こうたろう	67	M	2
2011	俊希	しゅんき	67	M	1
2011	佳楓		68	M	1
2011		こうへい	68	M	2
2011	俊祐	しゅんすけ	68	M	1
2011	佳樹		69	M	1
2011		こたろう	69	M	2
2011	信一朗	しんいちろう	69	M	1
2011	佳祐		70	M	1
2011		さくたろう	70	M	2
2011	信喜	のぶき	70	M	1
2011	佳輝		71	M	1
2011		さくと	71	M	2
2011	倖人	こうと	71	M	1
2011	來夢		72	M	1
2011		しゅんや	72	M	2
2011	倫太朗	りんたろう	72	M	1
2011	來希		73	M	1
2011		しょうせい	73	M	2
2011	健人	けんと	73	M	1
2011	侑隼		74	M	1
2011		しん	74	M	2
2011	健伸	けんしん	74	M	1
2011	俊		75	M	1
2011		じょうたろう	75	M	2
2011	健太	けんた	75	M	1
2011	俊希		76	M	1
2011		せいぎ	76	M	2
2011	健登	けんと	76	M	1
2011	俊祐		77	M	1
2011		たいしん	77	M	2
2011	健矢	けんや	77	M	1
2011	信一朗		78	M	1
2011		たくま	78	M	2
2011	健磨	けんま	78	M	1
2011	信喜		79	M	1
2011		だいき	79	M	2
2011	優人	ゆうと	79	M	1
2011	倖人		80	M	1
2011		ちから	80	M	2
2011	優友	ゆうすけ	80	M	1
2011	倫太朗		81	M	1
2011		てつや	81	M	2
2011	優叶	ゆうと	81	M	1
2011	健人		82	M	1
2011		とあ	82	M	2
2011	優和	ゆうと	82	M	1
2011	健伸		83	M	1
2011		とうや	83	M	2
2011	優喜	ゆうき	83	M	1
2011	健太		84	M	1
2011		ともき	84	M	2
2011	優大	まひろ	84	M	1
2011	健登		85	M	1
2011		ともや	85	M	2
2011	優太	ゆうた	85	M	1
2011	健矢		86	M	1
2011		なつき	86	M	2
2011	優成	ゆうせい	86	M	1
2011	健磨		87	M	1
2011		なゆた	87	M	2
2011	優槻	ゆづき	87	M	1
2011	優人		88	M	1
2011		のぞむ	88	M	2
2011	優汰	ゆうた	88	M	1
2011	優友		89	M	1
2011		ひかる	89	M	2
2011	優空	ゆうあ	89	M	1
2011	優叶		90	M	1
2011		ふうが	90	M	2
2011	優翔	ゆうと	90	M	1
2011	優和		91	M	1
2011		ふうま	91	M	2
2011	優記	ゆうき	91	M	1
2011	優喜		92	M	1
2011		まこと	92	M	2
2011	元	げん	92	M	1
2011	優大		93	M	1
2011		まひろ	93	M	2
2011	元翔	げんと	93	M	1
2011	優太		94	M	1
2011		みなと	94	M	2
2011	光我	こうが	94	M	1
2011	優成		95	M	1
2011		ももはる	95	M	2
2011	光稀	みつき	95	M	1
2011	優槻		96	M	1
2011		やまと	96	M	2
2011	六三四	むさし	96	M	1
2011	優汰		97	M	1
2011		ゆう	97	M	2
2011	凌翔	りくと	97	M	1
2011	優空		98	M	1
2011		ゆうすけ	98	M	2
2011	凛	りん	98	M	1
2011	優翔		99	M	1
2011		ゆうせい	99	M	2
2011	凛空	りく	99	M	1
2011	優記		100	M	1
2011		ゆうひ	100	M	2
2011	凜哉	りんや	100	M	1
2011	元		101	M	1
2011		ゆら	101	M	2
2011	凪杜	なぎと	101	M	1
2011	元翔		102	M	1
2011		りお	102	M	2
2011	凪紗	なぎさ	102	M	1
2011	光我		103	M	1
2011		りおん	103	M	2
2011	凰介	おうすけ	103	M	1
2011	光稀		104	M	1
2011		りゅうき	104	M	2
2011	剛	つよし	104	M	1
2011	六三四		105	M	1
2011		りょうへい	105	M	2
2011	力	ちから	105	M	1
2011	凌翔		106	M	1
2011		りょうま	106	M	2
2011	力斗	りきと	106	M	1
2011	凛		107	M	1
2011		りんたろう	107	M	2
2011	力空	りく	107	M	1
2011	凛空		108	M	1
2011		るあ	108	M	2
2011	勇希	ゆうき	108	M	1
2011	凜哉		109	M	1
2011		るき	109	M	2
2011	勝星	しょうせい	109	M	1
2011	凪杜		110	M	1
2011		るきあ	110	M	2
2011	千海葵	ちあき	110	M	1
2011	凪紗		111	M	1
2011		あいと	111	M	1
2011	卓弥	たくや	111	M	1
2011	凰介		112	M	1
2011		あおば	112	M	1
2011	南杜	みなと	112	M	1
2011	剛		113	M	1
2011		あかり	113	M	1
2011	厳	いつき	113	M	1
2011	力		114	M	1
2011		あき	114	M	1
2011	友哉	ともや	114	M	1
2011	力斗		115	M	1
2011		あきら	115	M	1
2011	友希	ゆうき	115	M	1
2011	力空		116	M	1
2011		あさひと	116	M	1
2011	史穏	しおん	116	M	1
2011	勇希		117	M	1
2011		あすむ	117	M	1
2011	叶	かなう	117	M	1
2011	勝星		118	M	1
2011		あせい	118	M	1
2011	叶夢	かなと	118	M	1
2011	千海葵		119	M	1
2011		あつと	119	M	1
2011	叶真	とうま	119	M	1
2011	卓弥		120	M	1
2011		あゆき	120	M	1
2011	和也	かずや	120	M	1
2011	南杜		121	M	1
2011		あらし	121	M	1
2011	和希	かずき	121	M	1
2011	厳		122	M	1
2011		あらた	122	M	1
2011	咲翔	さくと	122	M	1
2011	友哉		123	M	1
2011		あらん	123	M	1
2011	哲也	てつや	123	M	1
2011	友希		124	M	1
2011		いく	124	M	1
2011	哲真	てつま	124	M	1
2011	史穏		125	M	1
2011		いちた	125	M	1
2011	哲矢	てつや	125	M	1
2011	叶		126	M	1
2011		いちの	126	M	1
2011	唯了	ゆいと	126	M	1
2011	叶夢		127	M	1
2011		いっしん	127	M	1
2011	唯聖	ゆいと	127	M	1
2011	叶真		128	M	1
2011		いっせい	128	M	1
2011	善大	よしひろ	128	M	1
2011	和也		129	M	1
2011		うきょう	129	M	1
2011	喜誠	はるま	129	M	1
2011	和希		130	M	1
2011		えいぎ	130	M	1
2011	士月	しづき	130	M	1
2011	咲翔		131	M	1
2011		えいじ	131	M	1
2011	士翔	とわ	131	M	1
2011	哲也		132	M	1
2011		えいす	132	M	1
2011	壮真	そうま	132	M	1
2011	哲真		133	M	1
2011		えいすけ	133	M	1
2011	壱成	いっせい	133	M	1
2011	哲矢		134	M	1
2011		えいた	134	M	1
2011	夏樹	なつき	134	M	1
2011	唯了		135	M	1
2011		えいと	135	M	1
2011	夏輝	なつき	135	M	1
2011	唯聖		136	M	1
2011		おうせい	136	M	1
2011	夕揮	ゆうき	136	M	1
2011	善大		137	M	1
2011		おさむ	137	M	1
2011	大和	だいな	137	M	1
2011	喜誠		138	M	1
2011		かい	138	M	1
2011	大和	やまと	138	M	1
2011	士月		139	M	1
2011		かいせい	139	M	1
2011	大地	だいち	139	M	1
2011	士翔		140	M	1
2011		かいた	140	M	1
2011	大悟	だいご	140	M	1
2011	壮真		141	M	1
2011		かいり	141	M	1
2011	大揮	だいき	141	M	1
2011	壱成		142	M	1
2011		かく	142	M	1
2011	大斗	やまと	142	M	1
2011	夏樹		143	M	1
2011		かずむ	143	M	1
2011	大智	たいち	143	M	1
2011	夏輝		144	M	1
2011		かずや	144	M	1
2011	大椰	はるや	144	M	1
2011	夕揮		145	M	1
2011		かなう	145	M	1
2011	大樹	だいき	145	M	1
2011	大地		146	M	1
2011		かなむ	146	M	1
2011	大樹	ひろき	146	M	1
2011	大悟		147	M	1
2011		かのん	147	M	1
2011	大空	だいあ	147	M	1
2011	大揮		148	M	1
2011		がく	148	M	1
2011	大翔	たいが	148	M	1
2011	大斗		149	M	1
2011		きしん	149	M	1
2011	大翔	はると	149	M	1
2011	大智		150	M	1
2011		きゅうた	150	M	1
2011	大耀	たいよう	150	M	1
2011	大椰		151	M	1
2011		きよと	151	M	1
2011	大輝	ひろき	151	M	1
2011	大耀		152	M	1
2011		きよはる	152	M	1
2011	大雅	たいが	152	M	1
2011	大輝		153	M	1
2011		きよまさ	153	M	1
2011	大駕	たいが	153	M	1
2011	大雅		154	M	1
2011		きら	154	M	1
2011	太智	たいち	154	M	1
2011	大駕		155	M	1
2011		きらと	155	M	1
2011	太朗	たろう	155	M	1
2011	太智		156	M	1
2011		きりと	156	M	1
2011	央輔	おうすけ	156	M	1
2011	太朗		157	M	1
2011		くうが	157	M	1
2011	奏人	かなと	157	M	1
2011	央輔		158	M	1
2011		けい	158	M	1
2011	奏夢	かなむ	158	M	1
2011	奏人		159	M	1
2011		けいし	159	M	1
2011	奏真	そうま	159	M	1
2011	奏夢		160	M	1
2011		けいた	160	M	1
2011	奏祐	そうすけ	160	M	1
2011	奏真		161	M	1
2011		けいと	161	M	1
2011	奏翔	かなた	161	M	1
2011	奏祐		162	M	1
2011		けん	162	M	1
2011	奨平	しょうへい	162	M	1
2011	奏翔		163	M	1
2011		けんしん	163	M	1
2011	奨真	しょうま	163	M	1
2011	奨平		164	M	1
2011		けんた	164	M	1
2011	孝太郎	こうたろう	164	M	1
2011	奨真		165	M	1
2011		けんま	165	M	1
2011	宗佑	そうすけ	165	M	1
2011	孝太郎		166	M	1
2011		けんや	166	M	1
2011	宙	そら	166	M	1
2011	宗佑		167	M	1
2011		げん	167	M	1
2011	寛暁	ひろあき	167	M	1
2011	宙		168	M	1
2011		げんと	168	M	1
2011	寛生	ひろき	168	M	1
2011	寛暁		169	M	1
2011		こう	169	M	1
2011	寿晃	としみつ	169	M	1
2011	寛生		170	M	1
2011		こうだい	170	M	1
2011	将心	しょうご	170	M	1
2011	寿晃		171	M	1
2011		こうと	171	M	1
2011	将来	しょうき	171	M	1
2011	将心		172	M	1
2011		こうや	172	M	1
2011	将翔	まさと	172	M	1
2011	将来		173	M	1
2011		こうよう	173	M	1
2011	将隆	まさたか	173	M	1
2011	将翔		174	M	1
2011		こと	174	M	1
2011	尊照	たける	174	M	1
2011	将隆		175	M	1
2011		ことは	175	M	1
2011	尋斗	ひろと	175	M	1
2011	尊照		176	M	1
2011		さく	176	M	1
2011	小太郎	こたろう	176	M	1
2011	尋斗		177	M	1
2011		さちか	177	M	1
2011	尚樹	なおき	177	M	1
2011	小太郎		178	M	1
2011		しづき	178	M	1
2011	岳	がく	178	M	1
2011	尚樹		179	M	1
2011		しゅう	179	M	1
2011	崚晴	りょうせい	179	M	1
2011	岳		180	M	1
2011		しゅうへい	180	M	1
2011	巧	たくみ	180	M	1
2011	崚晴		181	M	1
2011		しゅうや	181	M	1
2011	巽	たつみ	181	M	1
2011	巧		182	M	1
2011		しゅが	182	M	1
2011	希光	のえる	182	M	1
2011	巽		183	M	1
2011		しゅんき	183	M	1
2011	希威	けい	183	M	1
2011	希光		184	M	1
2011		しゅんすけ	184	M	1
2011	希望	のぞむ	184	M	1
2011	希威		185	M	1
2011		しょう	185	M	1
2011	幸輔	こうすけ	185	M	1
2011	希望		186	M	1
2011		しょうき	186	M	1
2011	幸雅	こうが	186	M	1
2011	幸輔		187	M	1
2011		しょうご	187	M	1
2011	広務	ひろむ	187	M	1
2011	幸雅		188	M	1
2011		しょうへい	188	M	1
2011	広翔	ひろと	188	M	1
2011	広務		189	M	1
2011		しょうま	189	M	1
2011	広輝	ひろき	189	M	1
2011	広翔		190	M	1
2011		しんいちろう	190	M	1
2011	康太	こうた	190	M	1
2011	広輝		191	M	1
2011		しんじ	191	M	1
2011	弘太	こうた	191	M	1
2011	康太		192	M	1
2011		しんたろう	192	M	1
2011	彩翔	あやと	192	M	1
2011	弘太		193	M	1
2011		しんぺい	193	M	1
2011	彪斗	ひゅうと	193	M	1
2011	彩翔		194	M	1
2011		じゅん	194	M	1
2011	律喜	りつき	194	M	1
2011	彪斗		195	M	1
2011		じょうすけ	195	M	1
2011	徹郎	てつろう	195	M	1
2011	律喜		196	M	1
2011		じん	196	M	1
2011	心優	しゅう	196	M	1
2011	徹郎		197	M	1
2011		すばる	197	M	1
2011	心平	しんぺい	197	M	1
2011	心優		198	M	1
2011		せいが	198	M	1
2011	心柾	きよまさ	198	M	1
2011	心平		199	M	1
2011		せいだい	199	M	1
2011	志温	しおん	199	M	1
2011	心柾		200	M	1
2011		せいほ	200	M	1
2011	志穏	しおん	200	M	1
2011	志温		201	M	1
2011		せな	201	M	1
2011	快人	かいと	201	M	1
2011	志穏		202	M	1
2011		そう	202	M	1
2011	快太	かいた	202	M	1
2011	快人		203	M	1
2011		そういちろう	203	M	1
2011	快晴	かいせい	203	M	1
2011	快太		204	M	1
2011		そうたろう	204	M	1
2011	快都	かいと	204	M	1
2011	快晴		205	M	1
2011		そうだい	205	M	1
2011	怜央人	れおと	205	M	1
2011	快都		206	M	1
2011		そうめい	206	M	1
2011	怜恭	れんすけ	206	M	1
2011	怜央人		207	M	1
2011		たいき	207	M	1
2011	怜汰	りょうた	207	M	1
2011	怜恭		208	M	1
2011		たいと	208	M	1
2011	恒洋	こうよう	208	M	1
2011	怜汰		209	M	1
2011		たいよう	209	M	1
2011	恵大	けいた	209	M	1
2011	恒洋		210	M	1
2011		たくと	210	M	1
2011	悠	ゆう	210	M	1
2011	恵大		211	M	1
2011		たくまさ	211	M	1
2011	悠史	ひさふみ	211	M	1
2011	悠		212	M	1
2011		たくや	212	M	1
2011	悠吾	ゆうご	212	M	1
2011	悠史		213	M	1
2011		たけし	213	M	1
2011	悠太	ゆうた	213	M	1
2011	悠吾		214	M	1
2011		たつき	214	M	1
2011	悠成	ゆうせい	214	M	1
2011	悠太		215	M	1
2011		たつし	215	M	1
2011	悠斗	はると	215	M	1
2011	悠成		216	M	1
2011		たつみ	216	M	1
2011	悠生	ゆうき	216	M	1
2011	悠斗		217	M	1
2011		たろう	217	M	1
2011	悠真	はるま	217	M	1
2011	悠生		218	M	1
2011		だいあ	218	M	1
2011	悠稀	はるき	218	M	1
2011	悠真		219	M	1
2011		だいご	219	M	1
2011	悠空	ゆら	219	M	1
2011	悠稀		220	M	1
2011		だいち	220	M	1
2011	想真	そうま	220	M	1
2011	悠空		221	M	1
2011		だいな	221	M	1
2011	惺大	せいだい	221	M	1
2011	想真		222	M	1
2011		だん	222	M	1
2011	愛琉	あいる	222	M	1
2011	惺大		223	M	1
2011		ちあき	223	M	1
2011	愛藍	あらん	223	M	1
2011	愛琉		224	M	1
2011		ちょうせい	224	M	1
2011	愛輝	あき	224	M	1
2011	愛藍		225	M	1
2011		つよし	225	M	1
2011	愛騎	よしき	225	M	1
2011	愛輝		226	M	1
2011		てつま	226	M	1
2011	慎	しん	226	M	1
2011	愛騎		227	M	1
2011		てつろう	227	M	1
2011	慎太郎	しんたろう	227	M	1
2011	慎		228	M	1
2011		てるし	228	M	1
2011	慶伍	けいご	228	M	1
2011	慎太郎		229	M	1
2011		てるま	229	M	1
2011	慶悟	けいご	229	M	1
2011	慶伍		230	M	1
2011		とうあ	230	M	1
2011	慶祐	けいすけ	230	M	1
2011	慶悟		231	M	1
2011		とうご	231	M	1
2011	成穂	せいほ	231	M	1
2011	慶祐		232	M	1
2011		とき	232	M	1
2011	承助	じょうすけ	232	M	1
2011	成穂		233	M	1
2011		としみつ	233	M	1
2011	承太郎	じょうたろう	233	M	1
2011	承助		234	M	1
2011		としや	234	M	1
2011	拓夢	たくみ	234	M	1
2011	承太郎		235	M	1
2011		ともあき	235	M	1
2011	拓実	たくみ	235	M	1
2011	拓夢		236	M	1
2011		ともゆき	236	M	1
2011	拓己	たくみ	236	M	1
2011	拓実		237	M	1
2011		なお	237	M	1
2011	拓真	たくま	237	M	1
2011	拓己		238	M	1
2011		なおき	238	M	1
2011	拓磨	たくと	238	M	1
2011	拓真		239	M	1
2011		なぎさ	239	M	1
2011	拓雅	たくまさ	239	M	1
2011	拓磨		240	M	1
2011		なぎと	240	M	1
2011	敦史	あつし	240	M	1
2011	拓雅		241	M	1
2011		ななき	241	M	1
2011	敦生	あつき	241	M	1
2011	敦史		242	M	1
2011		ななと	242	M	1
2011	文武	ふみたけ	242	M	1
2011	敦生		243	M	1
2011		のえる	243	M	1
2011	斗哉	とうや	243	M	1
2011	文武		244	M	1
2011		のぶき	244	M	1
2011	斗聖	とあ	244	M	1
2011	斗哉		245	M	1
2011		はくと	245	M	1
2011	新大	あらた	245	M	1
2011	斗聖		246	M	1
2011		はづき	246	M	1
2011	日向也	ひゅうや	246	M	1
2011	新大		247	M	1
2011		はやた	247	M	1
2011	旺我	おうが	247	M	1
2011	日向也		248	M	1
2011		はやて	248	M	1
2011	昂基	こうき	248	M	1
2011	旺我		249	M	1
2011		はる	249	M	1
2011	昊大	こうた	249	M	1
2011	昂基		250	M	1
2011		はるせ	250	M	1
2011	昌宗	まさむね	250	M	1
2011	昊大		251	M	1
2011		はるたか	251	M	1
2011	星唯雅	せいが	251	M	1
2011	昌宗		252	M	1
2011		はるひろ	252	M	1
2011	春喜	はるき	252	M	1
2011	星唯雅		253	M	1
2011		はるや	253	M	1
2011	晴天	はるたか	253	M	1
2011	春喜		254	M	1
2011		ひいろ	254	M	1
2011	晴星	はるせ	254	M	1
2011	晴天		255	M	1
2011		ひさふみ	255	M	1
2011	晴生	はるき	255	M	1
2011	晴星		256	M	1
2011		ひであき	256	M	1
2011	晴真	はるま	256	M	1
2011	晴生		257	M	1
2011		ひでとし	257	M	1
2011	晴翔	はると	257	M	1
2011	晴真		258	M	1
2011		ひでなり	258	M	1
2011	智之	ともゆき	258	M	1
2011	晴翔		259	M	1
2011		ひびき	259	M	1
2011	智希	ともき	259	M	1
2011	智之		260	M	1
2011		ひゅうと	260	M	1
2011	智弥	ともや	260	M	1
2011	智希		261	M	1
2011		ひゅうや	261	M	1
2011	暁仁	あきと	261	M	1
2011	智弥		262	M	1
2011		ひるま	262	M	1
2011	暉士	てるし	262	M	1
2011	暁仁		263	M	1
2011		ひろあき	263	M	1
2011	暖	だん	263	M	1
2011	暉士		264	M	1
2011		ひろむ	264	M	1
2011	暖万	はるま	264	M	1
2011	暖		265	M	1
2011		ふみたけ	265	M	1
2011	暖琉	はる	265	M	1
2011	暖万		266	M	1
2011		ほくと	266	M	1
2011	有	ゆう	266	M	1
2011	暖琉		267	M	1
2011		まいと	267	M	1
2011	有哉	ゆうや	267	M	1
2011	有		268	M	1
2011		まさき	268	M	1
2011	朔	さく	268	M	1
2011	有哉		269	M	1
2011		まさたか	269	M	1
2011	朔大	さくと	269	M	1
2011	朔		270	M	1
2011		まさはる	270	M	1
2011	望	のぞむ	270	M	1
2011	朔大		271	M	1
2011		まさみち	271	M	1
2011	朝盛	ちょうせい	271	M	1
2011	望		272	M	1
2011		まさむね	272	M	1
2011	朝輝	ともき	272	M	1
2011	朝盛		273	M	1
2011		みずき	273	M	1
2011	杏月	あつき	273	M	1
2011	朝輝		274	M	1
2011		みずほ	274	M	1
2011	杜和	とわ	274	M	1
2011	杏月		275	M	1
2011		みつき	275	M	1
2011	柊哉	しゅうや	275	M	1
2011	杜和		276	M	1
2011		むぎいち	276	M	1
2011	柊馬	とうま	276	M	1
2011	柊哉		277	M	1
2011		むげん	277	M	1
2011	柚絆	ゆずき	277	M	1
2011	柊馬		278	M	1
2011		むさし	278	M	1
2011	桃吾	とうご	278	M	1
2011	柚絆		279	M	1
2011		ゆうあ	279	M	1
2011	桐乙	きりと	279	M	1
2011	桃吾		280	M	1
2011		ゆういちろう	280	M	1
2011	桜佑	おうすけ	280	M	1
2011	桐乙		281	M	1
2011		ゆうが	281	M	1
2011	桜生	おうせい	281	M	1
2011	桜佑		282	M	1
2011		ゆうご	282	M	1
2011	桜雅	おうが	282	M	1
2011	桜生		283	M	1
2011		ゆうや	283	M	1
2011	楓	かえで	283	M	1
2011	桜雅		284	M	1
2011		ゆずき	284	M	1
2011	楓人	ふうと	284	M	1
2011	楓		285	M	1
2011		ゆづき	285	M	1
2011	楓真	ふうま	285	M	1
2011	楓人		286	M	1
2011		ゆめ	286	M	1
2011	楓馬	ふうま	286	M	1
2011	楓真		287	M	1
2011		ようすけ	287	M	1
2011	楽翔	がくと	287	M	1
2011	楓馬		288	M	1
2011		よしひろ	288	M	1
2011	楽音	がくと	288	M	1
2011	楽翔		289	M	1
2011		らいむ	289	M	1
2011	樟汰	しょうた	289	M	1
2011	楽音		290	M	1
2011		らむ	290	M	1
2011	樹	たつき	290	M	1
2011	樟汰		291	M	1
2011		りあ	291	M	1
2011	樹希	いつき	291	M	1
2011	樹		292	M	1
2011		りう	292	M	1
2011	樺音	かのん	292	M	1
2011	樹希		293	M	1
2011		りきと	293	M	1
2011	正晴	まさはる	293	M	1
2011	樺音		294	M	1
2011		りつき	294	M	1
2011	武	たけし	294	M	1
2011	正晴		295	M	1
2011		りゅうあ	295	M	1
2011	武弦	むげん	295	M	1
2011	武		296	M	1
2011		りゅうが	296	M	1
2011	武琉	たける	296	M	1
2011	武弦		297	M	1
2011		りゅうけん	297	M	1
2011	歩	あゆむ	297	M	1
2011	武琉		298	M	1
2011		りゅうせい	298	M	1
2011	歩輝	あゆき	298	M	1
2011	歩		299	M	1
2011		りゅうた	299	M	1
2011	永優	えいす	299	M	1
2011	歩輝		300	M	1
2011		りゅうと	300	M	1
2011	永翔	えいと	300	M	1
2011	永優		301	M	1
2011		りょう	301	M	1
2011	汰一	たいち	301	M	1
2011	永翔		302	M	1
2011		りょうじ	302	M	1
2011	泰人	たいと	302	M	1
2011	汰一		303	M	1
2011		りょうせい	303	M	1
2011	泰嘉	たいが	303	M	1
2011	泰人		304	M	1
2011		りょうた	304	M	1
2011	泰希	たいき	304	M	1
2011	泰嘉		305	M	1
2011		りょうひ	305	M	1
2011	洸	こう	305	M	1
2011	泰希		306	M	1
2011		りん	306	M	1
2011	洸誠	こうせい	306	M	1
2011	洸		307	M	1
2011		りんや	307	M	1
2011	海吏	かいり	307	M	1
2011	洸誠		308	M	1
2011		るいと	308	M	1
2011	海登	かいと	308	M	1
2011	海吏		309	M	1
2011		るしあ	309	M	1
2011	海虎	かいと	309	M	1
2011	海登		310	M	1
2011		れい	310	M	1
2011	涼	りょう	310	M	1
2011	海虎		311	M	1
2011		れおと	311	M	1
2011	涼平	りょうへい	311	M	1
2011	涼		312	M	1
2011		れつや	312	M	1
2011	涼馬	りょうま	312	M	1
2011	涼平		313	M	1
2011		れんすけ	313	M	1
2011	清翔	きよと	313	M	1
2011	涼馬		314	M	1
2011		れんね	314	M	1
2011	渉	わたる	314	M	1
2011	清翔		315	M	1
2011		わたる	315	M	1
2011	渉夢	あゆむ	315	M	1
2011	渉		316	M	1
2011	湊太郎	そうたろう	316	M	1
2011	渉夢		317	M	1
2011	湊斗	みなと	317	M	1
2011	湊太郎		318	M	1
2011	湊馬	そうま	318	M	1
2011	湊斗		319	M	1
2011	湖都	こと	319	M	1
2011	湊馬		320	M	1
2011	潤	じゅん	320	M	1
2011	湖都		321	M	1
2011	烈灼	れつや	321	M	1
2011	潤		322	M	1
2011	煌夜	こうや	322	M	1
2011	烈灼		323	M	1
2011	煌大	こうた	323	M	1
2011	煌夜		324	M	1
2011	煌空	きら	324	M	1
2011	煌大		325	M	1
2011	煌翔	きらと	325	M	1
2011	煌空		326	M	1
2011	煌良	ゆら	326	M	1
2011	煌翔		327	M	1
2011	照馬	てるま	327	M	1
2011	煌良		328	M	1
2011	燈明	ともあき	328	M	1
2011	照馬		329	M	1
2011	燎平	りょうへい	329	M	1
2011	燈明		330	M	1
2011	燿大	あきと	330	M	1
2011	燎平		331	M	1
2011	牧渡	ほくと	331	M	1
2011	燿大		332	M	1
2011	珀都	はくと	332	M	1
2011	牧渡		333	M	1
2011	現士	あらし	333	M	1
2011	珀都		334	M	1
2011	球太	きゅうた	334	M	1
2011	現士		335	M	1
2011	理人	りひと	335	M	1
2011	球太		336	M	1
2011	理仁	りひと	336	M	1
2011	理人		337	M	1
2011	理功	りく	337	M	1
2011	理仁		338	M	1
2011	理登	まさと	338	M	1
2011	理功		339	M	1
2011	琉亜	りゅうあ	339	M	1
2011	理登		340	M	1
2011	琉偉	るい	340	M	1
2011	琉亜		341	M	1
2011	琉愛	るしあ	341	M	1
2011	琉偉		342	M	1
2011	琉生	るい	342	M	1
2011	琉愛		343	M	1
2011	琉稀	るき	343	M	1
2011	琉生		344	M	1
2011	琉綺	りゅうき	344	M	1
2011	琉稀		345	M	1
2011	琉虎	りゅうと	345	M	1
2011	琉綺		346	M	1
2011	琉輝亜	るきあ	346	M	1
2011	琉虎		347	M	1
2011	琉雅	りゅうが	347	M	1
2011	琉輝亜		348	M	1
2011	琢磨	たくま	348	M	1
2011	琉雅		349	M	1
2011	琥翔白	ことは	349	M	1
2011	琢磨		350	M	1
2011	瑛司	えいじ	350	M	1
2011	琥翔白		351	M	1
2011	瑛宜	えいぎ	351	M	1
2011	瑛司		352	M	1
2011	瑞己	みずき	352	M	1
2011	瑛宜		353	M	1
2011	瑞穂	みずほ	353	M	1
2011	瑞己		354	M	1
2011	瑠侑	るあ	354	M	1
2011	瑞穂		355	M	1
2011	瑠依斗	るいと	355	M	1
2011	瑠侑		356	M	1
2011	瑠唯	るい	356	M	1
2011	瑠依斗		357	M	1
2011	瑠希	るき	357	M	1
2011	瑠唯		358	M	1
2011	瑠晟	りゅうせい	358	M	1
2011	瑠希		359	M	1
2011	瑠生	るい	359	M	1
2011	瑠晟		360	M	1
2011	瑠空	るあ	360	M	1
2011	瑠生		361	M	1
2011	璃葵	りあ	361	M	1
2011	瑠空		362	M	1
2011	由夢	ゆめ	362	M	1
2011	璃葵		363	M	1
2011	百喜	ももはる	363	M	1
2011	由夢		364	M	1
2011	百春	ももはる	364	M	1
2011	百喜		365	M	1
2011	皓聖	こうせい	365	M	1
2011	百春		366	M	1
2011	眞翔	まなと	366	M	1
2011	皓聖		367	M	1
2011	真	しん	367	M	1
2011	眞翔		368	M	1
2011	真弘	まひろ	368	M	1
2011	真		369	M	1
2011	真翔	まなと	369	M	1
2011	真弘		370	M	1
2011	睦人	りくと	370	M	1
2011	真翔		371	M	1
2011	睦空	りく	371	M	1
2011	睦人		372	M	1
2011	知空	ちから	372	M	1
2011	睦空		373	M	1
2011	碧	あおい	373	M	1
2011	知空		374	M	1
2011	碧生	あおい	374	M	1
2011	碧		375	M	1
2011	碧葉	あおば	375	M	1
2011	碧生		376	M	1
2011	祐太	ゆうた	376	M	1
2011	碧葉		377	M	1
2011	祐貴	ゆうき	377	M	1
2011	祐太		378	M	1
2011	祥香	さちか	378	M	1
2011	祐貴		379	M	1
2011	秀平	しゅうへい	379	M	1
2011	祥香		380	M	1
2011	秀年	ひでとし	380	M	1
2011	秀平		381	M	1
2011	秀成	ひでなり	381	M	1
2011	秀年		382	M	1
2011	秀晃	ひであき	382	M	1
2011	秀成		383	M	1
2011	稔弥	としや	383	M	1
2011	秀晃		384	M	1
2011	稜士	りょうじ	384	M	1
2011	稔弥		385	M	1
2011	空	そら	385	M	1
2011	稜士		386	M	1
2011	空叶	あきと	386	M	1
2011	空		387	M	1
2011	空夢	らむ	387	M	1
2011	空叶		388	M	1
2011	空河	くうが	388	M	1
2011	空夢		389	M	1
2011	空澄	あすむ	389	M	1
2011	空河		390	M	1
2011	空良	そら	390	M	1
2011	空澄		391	M	1
2011	竣	しゅん	391	M	1
2011	空良		392	M	1
2011	篤人	あつと	392	M	1
2011	竣		393	M	1
2011	篤志	あつし	393	M	1
2011	篤人		394	M	1
2011	紘人	ひろと	394	M	1
2011	篤志		395	M	1
2011	素晴	すばる	395	M	1
2011	紘人		396	M	1
2011	紳慈	しんじ	396	M	1
2011	素晴		397	M	1
2011	絆心	きしん	397	M	1
2011	紳慈		398	M	1
2011	結人	ゆいと	398	M	1
2011	絆心		399	M	1
2011	結翔	ゆいと	399	M	1
2011	結翔		400	M	1
2011	結雅	ゆうが	400	M	1
2011	結雅		401	M	1
2011	結音	ゆいと	401	M	1
2011	結音		402	M	1
2011	絢	けん	402	M	1
2011	絢		403	M	1
2011	統	おさむ	403	M	1
2011	統		404	M	1
2011	統也	とうや	404	M	1
2011	統也		405	M	1
2011	継心	けいし	405	M	1
2011	継心		406	M	1
2011	綺士	あやと	406	M	1
2011	綺士		407	M	1
2011	羽杏	うきょう	407	M	1
2011	羽杏		408	M	1
2011	翔	かける	408	M	1
2011	翔奏		409	M	1
2011	翔	しょう	409	M	1
2011	耀太		410	M	1
2011	翔奏	かなた	410	M	1
2011	耀斗		411	M	1
2011	翔生	かい	411	M	1
2011	考平		412	M	1
2011	翔生	しょうせい	412	M	1
2011	聖陽		413	M	1
2011	耀太	ようた	413	M	1
2011	聡明		414	M	1
2011	耀斗	りひと	414	M	1
2011	舞登		415	M	1
2011	考平	こうへい	415	M	1
2011	航大		416	M	1
2011	聖陽	きよはる	416	M	1
2011	航将		417	M	1
2011	聡明	そうめい	417	M	1
2011	航平		418	M	1
2011	舞登	まいと	418	M	1
2011	航生		419	M	1
2011	航大	こうだい	419	M	1
2011	英汰		420	M	1
2011	航将	こうすけ	420	M	1
2011	莉昊		421	M	1
2011	航平	こうへい	421	M	1
2011	莉雨		422	M	1
2011	航生	こうき	422	M	1
2011	莉音		423	M	1
2011	英汰	えいた	423	M	1
2011	菜生		424	M	1
2011	莉昊	りお	424	M	1
2011	蒼一朗		425	M	1
2011	莉雨	りう	425	M	1
2011	蒼大		426	M	1
2011	莉音	りおん	426	M	1
2011	蒼甫		427	M	1
2011	菜生	なお	427	M	1
2011	蒼眞		428	M	1
2011	蒼	そう	428	M	1
2011	蓮斗		429	M	1
2011	蒼	そら	429	M	1
2011	蓮月		430	M	1
2011	蒼一朗	そういちろう	430	M	1
2011	蓮生		431	M	1
2011	蒼大	そうた	431	M	1
2011	蓮虎		432	M	1
2011	蒼甫	そうすけ	432	M	1
2011	藍琉		433	M	1
2011	蒼眞	そうま	433	M	1
2011	虎太郎		434	M	1
2011	蒼空	あおい	434	M	1
2011	虎輝		435	M	1
2011	蓮斗	れんと	435	M	1
2011	虹太郎		436	M	1
2011	蓮月	はづき	436	M	1
2011	衣吹		437	M	1
2011	蓮生	れん	437	M	1
2011	詠介		438	M	1
2011	蓮虎	れんと	438	M	1
2011	誠		439	M	1
2011	蓮音	れんと	439	M	1
2011	誠士		440	M	1
2011	蓮音	れんね	440	M	1
2011	誠翔		441	M	1
2011	藍琉	あいる	441	M	1
2011	諒		442	M	1
2011	虎太郎	こたろう	442	M	1
2011	諒真		443	M	1
2011	虎輝	とき	443	M	1
2011	謙斗		444	M	1
2011	虹太郎	こうたろう	444	M	1
2011	迅		445	M	1
2011	衣吹	いぶき	445	M	1
2011	透真		446	M	1
2011	詠介	えいすけ	446	M	1
2011	透空		447	M	1
2011	誠	まこと	447	M	1
2011	逢糸		448	M	1
2011	誠士	まさと	448	M	1
2011	連		449	M	1
2011	誠翔	まなと	449	M	1
2011	達士		450	M	1
2011	諒	まこと	450	M	1
2011	遥斗		451	M	1
2011	諒真	りょうま	451	M	1
2011	遥歩		452	M	1
2011	謙斗	けんと	452	M	1
2011	遥汰		453	M	1
2011	輝	あきら	453	M	1
2011	郁		454	M	1
2011	輝	ひかる	454	M	1
2011	里音		455	M	1
2011	迅	じん	455	M	1
2011	陸人		456	M	1
2011	透真	とうま	456	M	1
2011	陸翔		457	M	1
2011	透空	とうあ	457	M	1
2011	陽向大		458	M	1
2011	逢糸	あいと	458	M	1
2011	陽喜		459	M	1
2011	連	れん	459	M	1
2011	陽基		460	M	1
2011	達士	たつし	460	M	1
2011	陽大		461	M	1
2011	遥斗	はると	461	M	1
2011	陽彩		462	M	1
2011	遥歩	あゆむ	462	M	1
2011	陽琉馬		463	M	1
2011	遥汰	ようた	463	M	1
2011	陽生		464	M	1
2011	郁	いく	464	M	1
2011	陽真		465	M	1
2011	里音	りおん	465	M	1
2011	陽裕		466	M	1
2011	陸人	りくと	466	M	1
2011	陽輝		467	M	1
2011	陸翔	りくと	467	M	1
2011	陽飛		468	M	1
2011	陽向大	ひなた	468	M	1
2011	隆宇拳		469	M	1
2011	陽喜	はるき	469	M	1
2011	隼		470	M	1
2011	陽基	はるき	470	M	1
2011	隼士		471	M	1
2011	陽大	はるひろ	471	M	1
2011	雄介		472	M	1
2011	陽太	ようた	472	M	1
2011	雅叶		473	M	1
2011	陽彩	ひいろ	473	M	1
2011	雅理		474	M	1
2011	陽琉馬	ひるま	474	M	1
2011	雅生		475	M	1
2011	陽生	はるき	475	M	1
2011	響絆		476	M	1
2011	陽真	はるま	476	M	1
2011	頼斗		477	M	1
2011	陽翔	はると	477	M	1
2011	風人		478	M	1
2011	陽翔	ひかる	478	M	1
2011	風雅		479	M	1
2011	陽裕	ようすけ	479	M	1
2011	風音		480	M	1
2011	陽輝	はるき	480	M	1
2011	颯		481	M	1
2011	陽飛	はると	481	M	1
2011	颯仁		482	M	1
2011	隆宇拳	りゅうけん	482	M	1
2011	颯介		483	M	1
2011	隼	はやと	483	M	1
2011	颯叶		484	M	1
2011	隼士	はやと	484	M	1
2011	颯太		485	M	1
2011	雄介	ゆうすけ	485	M	1
2011	颯斗		486	M	1
2011	雅叶	まさと	486	M	1
2011	颯眞		487	M	1
2011	雅理	まさみち	487	M	1
2011	颯祐		488	M	1
2011	雅生	まさき	488	M	1
2011	颯芽		489	M	1
2011	響絆	ひびき	489	M	1
2011	魁翔		490	M	1
2011	頼斗	らいと	490	M	1
2011	鯉郎		491	M	1
2011	風人	ふうと	491	M	1
2011	麗		492	M	1
2011	風雅	ふうが	492	M	1
2011	麟太郎		493	M	1
2011	風音	ふうと	493	M	1
2011	麦一		494	M	1
2011	颯	はやて	494	M	1
2011	麻人		495	M	1
2011	颯仁	はやと	495	M	1
2011	龍太		496	M	1
2011	颯介	そうすけ	496	M	1
2011	龍希		497	M	1
2011	颯叶	はやと	497	M	1
2011	龍輝亜		498	M	1
2011	颯大	そうだい	498	M	1
2011	龍飛		499	M	1
2011	颯大	はやた	499	M	1
2011	颯太	そうた	500	M	1
2011	颯斗	はやと	501	M	1
2011	颯眞	そうま	502	M	1
2011	颯祐	そうすけ	503	M	1
2011	颯芽	ふうが	504	M	1
2011	魁翔	かいと	505	M	1
2011	鯉郎	りお	506	M	1
2011	麗	れい	507	M	1
2011	麟太郎	りんたろう	508	M	1
2011	麦一	むぎいち	509	M	1
2011	麻人	あさひと	510	M	1
2011	龍太	りゅうた	511	M	1
2011	龍希	りゅうき	512	M	1
2011	龍輝亜	るきあ	513	M	1
2011	龍飛	りょうひ	514	M	1
2012	優月		1	F	4
2012		みお	1	F	13
2012	優月	ゆづき	1	F	4
2012	結菜		2	F	4
2012		ゆい	2	F	13
2012	結衣	ゆい	2	F	4
2012	結衣		3	F	4
2012		ゆな	3	F	9
2012	愛莉	あいり	3	F	3
2012	愛莉		4	F	3
2012		めい	4	F	8
2012	柚希	ゆずき	4	F	3
2012	柚希		5	F	3
2012		あいり	5	F	7
2012	柚歩	ゆずほ	5	F	3
2012	柚歩		6	F	3
2012		あかり	6	F	7
2012	琴音	ことね	6	F	3
2012	琴音		7	F	3
2012		かりん	7	F	7
2012	葵	あおい	7	F	3
2012	結愛		8	F	3
2012		ほのか	8	F	7
2012	さくら	さくら	8	F	2
2012	葵		9	F	3
2012		みゆ	9	F	7
2012	ひなた	ひなた	9	F	2
2012	陽菜		10	F	3
2012		ゆいな	10	F	7
2012	乃愛	のあ	10	F	2
2012	さくら		11	F	2
2012		れいな	11	F	7
2012	凛	りん	11	F	2
2012	ひなた		12	F	2
2012		あおい	12	F	6
2012	咲菜	さな	12	F	2
2012	乃愛		13	F	2
2012		ここな	13	F	6
2012	多恵	たえ	13	F	2
2012	優奈		14	F	2
2012		しおり	14	F	6
2012	実音	みお	14	F	2
2012	凛		15	F	2
2012		ひなた	15	F	6
2012	希	のぞみ	15	F	2
2012	咲菜		16	F	2
2012		ひまり	16	F	6
2012	希帆	きほ	16	F	2
2012	多恵		17	F	2
2012		ももか	17	F	6
2012	心	こころ	17	F	2
2012	実音		18	F	2
2012		ゆづき	18	F	6
2012	愛乃	あやの	18	F	2
2012	希		19	F	2
2012		ゆめ	19	F	6
2012	愛佳	あいか	19	F	2
2012	希帆		20	F	2
2012		かほ	20	F	5
2012	愛奈	まな	20	F	2
2012	彩葉		21	F	2
2012		さき	21	F	5
2012	愛梨	あいり	21	F	2
2012	心		22	F	2
2012		さくら	22	F	5
2012	愛理	あいり	22	F	2
2012	心愛		23	F	2
2012		なつき	23	F	5
2012	朱莉	あかり	23	F	2
2012	心暖		24	F	2
2012		はな	24	F	5
2012	杏樹	あんじゅ	24	F	2
2012	愛乃		25	F	2
2012		はるか	25	F	5
2012	杏珠	あんじゅ	25	F	2
2012	愛佳		26	F	2
2012		ふうか	26	F	5
2012	果歩	かほ	26	F	2
2012	愛奈		27	F	2
2012		まな	27	F	5
2012	柚羽	ゆずは	27	F	2
2012	愛梨		28	F	2
2012		ゆうな	28	F	5
2012	栞	しおり	28	F	2
2012	愛理		29	F	2
2012		りお	29	F	5
2012	桃香	ももか	29	F	2
2012	愛美		30	F	2
2012		りこ	30	F	5
2012	桜	さくら	30	F	2
2012	春陽		31	F	2
2012		れな	31	F	5
2012	澪	みお	31	F	2
2012	晴菜		32	F	2
2012		あいか	32	F	4
2012	瑞稀	みずき	32	F	2
2012	朱莉		33	F	2
2012		あやな	33	F	4
2012	礼愛	れいら	33	F	2
2012	杏樹		34	F	2
2012		あんじゅ	34	F	4
2012	結	ゆい	34	F	2
2012	杏珠		35	F	2
2012		いちか	35	F	4
2012	結子	ゆいこ	35	F	2
2012	果歩		36	F	2
2012		うらら	36	F	4
2012	結愛	ゆあ	36	F	2
2012	柚羽		37	F	2
2012		ことね	37	F	4
2012	結羽	ゆう	37	F	2
2012	栞		38	F	2
2012		このか	38	F	4
2012	結菜	ゆいな	38	F	2
2012	桃香		39	F	2
2012		さあや	39	F	4
2012	結萌	ゆめ	39	F	2
2012	桜		40	F	2
2012		さえ	40	F	4
2012	絢菜	あやな	40	F	2
2012	澪		41	F	2
2012		さな	41	F	4
2012	美帆	みほ	41	F	2
2012	瑞稀		42	F	2
2012		のあ	42	F	4
2012	美桜	みお	42	F	2
2012	百華		43	F	2
2012		のぞみ	43	F	4
2012	美結	みゆ	43	F	2
2012	真琴		44	F	2
2012		ひな	44	F	4
2012	花凛	かりん	44	F	2
2012	礼愛		45	F	2
2012		ひより	45	F	4
2012	花梨	かりん	45	F	2
2012	結		46	F	2
2012		まなみ	46	F	4
2012	芽衣	めい	46	F	2
2012	結奏		47	F	2
2012		ゆあ	47	F	4
2012	菜月	なつき	47	F	2
2012	結子		48	F	2
2012		ゆいか	48	F	4
2012	陽向	ひなた	48	F	2
2012	結心		49	F	2
2012		ゆずき	49	F	4
2012	陽菜	ひな	49	F	2
2012	結羽		50	F	2
2012		りん	50	F	4
2012	陽菜香	ひなか	50	F	2
2012	結萌		51	F	2
2012		りんか	51	F	4
2012	風花	ふうか	51	F	2
2012	絢菜		52	F	2
2012		るか	52	F	4
2012	麗	うらら	52	F	2
2012	美帆		53	F	2
2012		あみ	53	F	3
2012	麗奈	れいな	53	F	2
2012	美桜		54	F	2
2012		あやの	54	F	3
2012	麻央	まお	54	F	2
2012	美空		55	F	2
2012		あやめ	55	F	3
2012	あうら	あうら	55	F	1
2012	美結		56	F	2
2012		かなみ	56	F	3
2012	あみ	あみ	56	F	1
2012	花凛		57	F	2
2012		かれん	57	F	3
2012	あやめ	あやめ	57	F	1
2012	花梨		58	F	2
2012		ここみ	58	F	3
2012	うらら	うらら	58	F	1
2012	芽生		59	F	2
2012		こころ	59	F	3
2012	かりん	かりん	59	F	1
2012	芽衣		60	F	2
2012		さつき	60	F	3
2012	くるみ	くるみ	60	F	1
2012	苺花		61	F	2
2012		さら	61	F	3
2012	こえだ	こえだ	61	F	1
2012	菜月		62	F	2
2012		しほ	62	F	3
2012	ここ美	ここみ	62	F	1
2012	陽乃		63	F	2
2012		ななみ	63	F	3
2012	このか	このか	63	F	1
2012	陽向		64	F	2
2012		ねね	64	F	3
2012	さつき	さつき	64	F	1
2012	陽菜香		65	F	2
2012		まお	65	F	3
2012	そら	そら	65	F	1
2012	風花		66	F	2
2012		みく	66	F	3
2012	ちえり	ちえり	66	F	1
2012	麗		67	F	2
2012		みさき	67	F	3
2012	つむぎ	つむぎ	67	F	1
2012	麗奈		68	F	2
2012		みれい	68	F	3
2012	ななみ	ななみ	68	F	1
2012	麻央		69	F	2
2012		もか	69	F	3
2012	にこ	にこ	69	F	1
2012	あうら		70	F	1
2012		もも	70	F	3
2012	ひかり	ひかり	70	F	1
2012	あみ		71	F	1
2012		ゆいこ	71	F	3
2012	ひまり	ひまり	71	F	1
2012	あやめ		72	F	1
2012		ゆうか	72	F	3
2012	ひより	ひより	72	F	1
2012	うらら		73	F	1
2012		ゆうき	73	F	3
2012	まなか	まなか	73	F	1
2012	かりん		74	F	1
2012		ゆずほ	74	F	3
2012	まみ	まみ	74	F	1
2012	くるみ		75	F	1
2012		ゆの	75	F	3
2012	みなみ	みなみ	75	F	1
2012	こえだ		76	F	1
2012		りの	76	F	3
2012	みのり	みのり	76	F	1
2012	ここ美		77	F	1
2012		あいな	77	F	2
2012	めりあ	めりあ	77	F	1
2012	このか		78	F	1
2012		あすか	78	F	2
2012	もあな	もあな	78	F	1
2012	さつき		79	F	1
2012		あや	79	F	2
2012	ゆいか	ゆいか	79	F	1
2012	そら		80	F	1
2012		あやね	80	F	2
2012	りおん	りおん	80	F	1
2012	ちえり		81	F	1
2012		あゆみ	81	F	2
2012	れな	れな	81	F	1
2012	つむぎ		82	F	1
2012		あんな	82	F	2
2012	ソフィア	そふぃあ	82	F	1
2012	ななみ		83	F	1
2012		あんり	83	F	2
2012	一千花	いちか	83	F	1
2012	にこ		84	F	1
2012		いろは	84	F	2
2012	一夏	ちなつ	84	F	1
2012	ひかり		85	F	1
2012		えま	85	F	2
2012	一花	いちか	85	F	1
2012	ひまり		86	F	1
2012		かおん	86	F	2
2012	一華	いちか	86	F	1
2012	ひより		87	F	1
2012		かな	87	F	2
2012	七夏	ななみ	87	F	1
2012	まなか		88	F	1
2012		かのん	88	F	2
2012	七華	ななか	88	F	1
2012	まみ		89	F	1
2012		かんな	89	F	2
2012	万裕	まゆ	89	F	1
2012	みなみ		90	F	1
2012		きほ	90	F	2
2012	乃彩	のあ	90	F	1
2012	みのり		91	F	1
2012		ここね	91	F	2
2012	久未	くみ	91	F	1
2012	めりあ		92	F	1
2012		こはる	92	F	2
2012	乙葉	おとは	92	F	1
2012	もあな		93	F	1
2012		さやか	93	F	2
2012	亜珠	あじゅ	93	F	1
2012	ゆいか		94	F	1
2012		せりな	94	F	2
2012	亜矢	あや	94	F	1
2012	りおん		95	F	1
2012		たえ	95	F	2
2012	亜綺乃	あきの	95	F	1
2012	れな		96	F	1
2012		つむぎ	96	F	2
2012	亜美	あみ	96	F	1
2012	ソフィア		97	F	1
2012		なつみ	97	F	2
2012	仁衣希	にいね	97	F	1
2012	一千花		98	F	1
2012		ななか	98	F	2
2012	令奈	れな	98	F	1
2012	一夏		99	F	1
2012		にこ	99	F	2
2012	佐知	さち	99	F	1
2012	一花		100	F	1
2012		はなえ	100	F	2
2012	佑佳	ゆうか	100	F	1
2012	一華		101	F	1
2012		はる	101	F	2
2012	佑空	ゆうく	101	F	1
2012	七夏		102	F	1
2012		ひなか	102	F	2
2012	佑茉	ゆま	102	F	1
2012	七華		103	F	1
2012		ひなの	103	F	2
2012	佳奈	かな	103	F	1
2012	万裕		104	F	1
2012		まい	104	F	2
2012	佳歩	かほ	104	F	1
2012	乃彩		105	F	1
2012		まこ	105	F	2
2012	侑奈	ゆな	105	F	1
2012	久未		106	F	1
2012		まこと	106	F	2
2012	侑希	ゆうき	106	F	1
2012	乙葉		107	F	1
2012		まゆ	107	F	2
2012	侑愛	ゆめ	107	F	1
2012	亜珠		108	F	1
2012		みう	108	F	2
2012	侑紀	ゆうき	108	F	1
2012	亜矢		109	F	1
2012		みずき	109	F	2
2012	優乃	ゆの	109	F	1
2012	亜綺乃		110	F	1
2012		みなみ	110	F	2
2012	優夏	ゆうな	110	F	1
2012	亜美		111	F	1
2012		みのり	111	F	2
2012	優奈	ゆうな	111	F	1
2012	仁衣希		112	F	1
2012		みほ	112	F	2
2012	優奈	ゆな	112	F	1
2012	令奈		113	F	1
2012		もあ	113	F	2
2012	優子	ゆうこ	113	F	1
2012	佐知		114	F	1
2012		ゆう	114	F	2
2012	優愛	ゆうあ	114	F	1
2012	佑佳		115	F	1
2012		ゆず	115	F	2
2012	優桜	ゆら	115	F	1
2012	佑空		116	F	1
2012		ゆずは	116	F	2
2012	優結	ゆゆ	116	F	1
2012	佑茉		117	F	1
2012		ゆら	117	F	2
2012	優緋	ゆうひ	117	F	1
2012	佳奈		118	F	1
2012		りあ	118	F	2
2012	優芽	ゆめ	118	F	1
2012	佳歩		119	F	1
2012		りく	119	F	2
2012	優菜	ゆうな	119	F	1
2012	侑奈		120	F	1
2012		りな	120	F	2
2012	優葵	ゆうき	120	F	1
2012	侑希		121	F	1
2012		れいら	121	F	2
2012	優衣	ゆい	121	F	1
2012	侑愛		122	F	1
2012		あい	122	F	1
2012	優里佳	ゆりか	122	F	1
2012	侑紀		123	F	1
2012		あいら	123	F	1
2012	光希	みつき	123	F	1
2012	優乃		124	F	1
2012		あうら	124	F	1
2012	光玲	みれい	124	F	1
2012	優夏		125	F	1
2012		あかね	125	F	1
2012	光由	ひより	125	F	1
2012	優子		126	F	1
2012		あきな	126	F	1
2012	六花	りっか	126	F	1
2012	優愛		127	F	1
2012		あきの	127	F	1
2012	円	まる	127	F	1
2012	優桜		128	F	1
2012		あじゅ	128	F	1
2012	冴花	さえか	128	F	1
2012	優結		129	F	1
2012		あす	129	F	1
2012	凛愛	りあ	129	F	1
2012	優緋		130	F	1
2012		あすな	130	F	1
2012	凛花	りんか	130	F	1
2012	優芽		131	F	1
2012		あずみ	131	F	1
2012	凛華	りんか	131	F	1
2012	優菜		132	F	1
2012		あまね	132	F	1
2012	凛音	りお	132	F	1
2012	優葵		133	F	1
2012		あめり	133	F	1
2012	凜	りん	133	F	1
2012	優衣		134	F	1
2012		あも	134	F	1
2012	凪紗	なぎさ	134	F	1
2012	優里佳		135	F	1
2012		あやか	135	F	1
2012	初華	ういか	135	F	1
2012	光希		136	F	1
2012		あやは	136	F	1
2012	千咲子	ちさこ	136	F	1
2012	光玲		137	F	1
2012		あゆむ	137	F	1
2012	千奈	ちな	137	F	1
2012	光由		138	F	1
2012		あゆり	138	F	1
2012	千波	ちなみ	138	F	1
2012	六花		139	F	1
2012		ありさ	139	F	1
2012	千織	ちおり	139	F	1
2012	円		140	F	1
2012		あん	140	F	1
2012	千遥	ちはる	140	F	1
2012	冴花		141	F	1
2012		いと	141	F	1
2012	千陽花	ちよか	141	F	1
2012	凛愛		142	F	1
2012		いとは	142	F	1
2012	友声	ゆな	142	F	1
2012	凛花		143	F	1
2012		いぶき	143	F	1
2012	友菜	ゆな	143	F	1
2012	凛華		144	F	1
2012		ういか	144	F	1
2012	友里奈	ゆりな	144	F	1
2012	凛音		145	F	1
2012		うみ	145	F	1
2012	友里恵	ゆりえ	145	F	1
2012	凜		146	F	1
2012		えいむ	146	F	1
2012	叶	かなう	146	F	1
2012	凪紗		147	F	1
2012		えな	147	F	1
2012	叶夢	とわ	147	F	1
2012	初華		148	F	1
2012		えみか	148	F	1
2012	叶実	かなみ	148	F	1
2012	千咲子		149	F	1
2012		えみな	149	F	1
2012	叶望	かなみ	149	F	1
2012	千奈		150	F	1
2012		えりな	150	F	1
2012	叶蓮	かれん	150	F	1
2012	千波		151	F	1
2012		えれみ	151	F	1
2012	吏玖	りく	151	F	1
2012	千織		152	F	1
2012		おうか	152	F	1
2012	向日葵	ひまり	152	F	1
2012	千遥		153	F	1
2012		おとは	153	F	1
2012	和奏	わかな	153	F	1
2012	千陽花		154	F	1
2012		かえで	154	F	1
2012	和花	ほのか	154	F	1
2012	友声		155	F	1
2012		かすみ	155	F	1
2012	和華	のどか	155	F	1
2012	友菜		156	F	1
2012		かなう	156	F	1
2012	咲	さき	156	F	1
2012	友里奈		157	F	1
2012		かなで	157	F	1
2012	咲世	さきせ	157	F	1
2012	友里恵		158	F	1
2012		かのあ	158	F	1
2012	咲久愛	さくあ	158	F	1
2012	叶		159	F	1
2012		きい	159	F	1
2012	咲季歩	さきほ	159	F	1
2012	叶夢		160	F	1
2012		きらひ	160	F	1
2012	咲希	さき	160	F	1
2012	叶実		161	F	1
2012		きらら	161	F	1
2012	咲歩	さほ	161	F	1
2012	叶望		162	F	1
2012		くくる	162	F	1
2012	咲空	さら	162	F	1
2012	叶蓮		163	F	1
2012		くみ	163	F	1
2012	咲絢	さあや	163	F	1
2012	吏玖		164	F	1
2012		くるみ	164	F	1
2012	咲綺	さき	164	F	1
2012	向日葵		165	F	1
2012		けい	165	F	1
2012	咲良	さくら	165	F	1
2012	和奏		166	F	1
2012		けいと	166	F	1
2012	咲花	さな	166	F	1
2012	和花		167	F	1
2012		こあ	167	F	1
2012	咲輝	さき	167	F	1
2012	和華		168	F	1
2012		こいろ	168	F	1
2012	咲音	さきね	168	F	1
2012	咲		169	F	1
2012		こえだ	169	F	1
2012	唯	ゆい	169	F	1
2012	咲世		170	F	1
2012		ここあ	170	F	1
2012	唯子	ゆいこ	170	F	1
2012	咲久愛		171	F	1
2012		ここの	171	F	1
2012	唯花	ゆいか	171	F	1
2012	咲季歩		172	F	1
2012		ことは	172	F	1
2012	唯衣	ゆい	172	F	1
2012	咲希		173	F	1
2012		ことみ	173	F	1
2012	唯音	ゆいね	173	F	1
2012	咲歩		174	F	1
2012		ことり	174	F	1
2012	圭	けい	174	F	1
2012	咲空		175	F	1
2012		こなぎ	175	F	1
2012	夏奈	かな	175	F	1
2012	咲絢		176	F	1
2012		こなつ	176	F	1
2012	夏実	なつみ	176	F	1
2012	咲綺		177	F	1
2012		このみ	177	F	1
2012	夏希	なつき	177	F	1
2012	咲良		178	F	1
2012		こはね	178	F	1
2012	夏怜	かれん	178	F	1
2012	咲花		179	F	1
2012		こまき	179	F	1
2012	夏月	なつき	179	F	1
2012	咲輝		180	F	1
2012		こまち	180	F	1
2012	夏綾	かりん	180	F	1
2012	咲音		181	F	1
2012		さえか	181	F	1
2012	夏葉	なつは	181	F	1
2012	唯		182	F	1
2012		さきせ	182	F	1
2012	夏葵	なつき	182	F	1
2012	唯子		183	F	1
2012		さきね	183	F	1
2012	夏音	かのん	183	F	1
2012	唯花		184	F	1
2012		さきほ	184	F	1
2012	夕海	ゆうみ	184	F	1
2012	唯衣		185	F	1
2012		さくあ	185	F	1
2012	夢奈	ゆな	185	F	1
2012	唯音		186	F	1
2012		さくらこ	186	F	1
2012	夢結	めい	186	F	1
2012	圭		187	F	1
2012		さち	187	F	1
2012	夢羽	ゆめは	187	F	1
2012	夏奈		188	F	1
2012		さほ	188	F	1
2012	夢芽	ゆめ	188	F	1
2012	夏実		189	F	1
2012		さや	189	F	1
2012	天音	あまね	189	F	1
2012	夏希		190	F	1
2012		さよ	190	F	1
2012	奈々花	ななか	190	F	1
2012	夏怜		191	F	1
2012		さり	191	F	1
2012	奏	かなで	191	F	1
2012	夏月		192	F	1
2012		さわこ	192	F	1
2012	奏杏	かのあ	192	F	1
2012	夏綾		193	F	1
2012		しゅり	193	F	1
2012	妃玲奈	みりな	193	F	1
2012	夏葉		194	F	1
2012		じゅな	194	F	1
2012	妃菜	ひな	194	F	1
2012	夏葵		195	F	1
2012		じゅり	195	F	1
2012	妃那	ひな	195	F	1
2012	夏音		196	F	1
2012		すず	196	F	1
2012	妃陽李	ひより	196	F	1
2012	夕海		197	F	1
2012		すずか	197	F	1
2012	姫佳	ひめか	197	F	1
2012	夢奈		198	F	1
2012		すずな	198	F	1
2012	姫那希	ひなの	198	F	1
2012	夢結		199	F	1
2012		すずね	199	F	1
2012	媛那乃	ひなの	199	F	1
2012	夢羽		200	F	1
2012		せいな	200	F	1
2012	実咲	みさき	200	F	1
2012	夢芽		201	F	1
2012		せいら	201	F	1
2012	実愛	みりあ	201	F	1
2012	天音		202	F	1
2012		せりか	202	F	1
2012	実波	みな	202	F	1
2012	奈々花		203	F	1
2012		そふぃあ	203	F	1
2012	実生	みう	203	F	1
2012	奏		204	F	1
2012		そら	204	F	1
2012	実結	みゆ	204	F	1
2012	奏杏		205	F	1
2012		たまき	205	F	1
2012	寛栞	ひろか	205	F	1
2012	妃玲奈		206	F	1
2012		ちえみ	206	F	1
2012	寧々	ねね	206	F	1
2012	妃菜		207	F	1
2012		ちえり	207	F	1
2012	寧音	ねね	207	F	1
2012	妃那		208	F	1
2012		ちおり	208	F	1
2012	小凪	こなぎ	208	F	1
2012	妃陽李		209	F	1
2012		ちかこ	209	F	1
2012	小槇	こまき	209	F	1
2012	姫佳		210	F	1
2012		ちさこ	210	F	1
2012	小茉智	こまち	210	F	1
2012	姫那希		211	F	1
2012		ちさと	211	F	1
2012	尚華	なおか	211	F	1
2012	媛那乃		212	F	1
2012		ちな	212	F	1
2012	帆加	ほのか	212	F	1
2012	実咲		213	F	1
2012		ちなつ	213	F	1
2012	帆夏	ほのか	213	F	1
2012	実愛		214	F	1
2012		ちなみ	214	F	1
2012	帆栞	ほのか	214	F	1
2012	実波		215	F	1
2012		ちはる	215	F	1
2012	帆香	ほのか	215	F	1
2012	実生		216	F	1
2012		ちひろ	216	F	1
2012	希美	のぞみ	216	F	1
2012	実結		217	F	1
2012		ちよか	217	F	1
2012	希衣	きい	217	F	1
2012	寛栞		218	F	1
2012		つきな	218	F	1
2012	希颯	ののか	218	F	1
2012	寧々		219	F	1
2012		つきみ	219	F	1
2012	幸音	ゆきね	219	F	1
2012	寧音		220	F	1
2012		つぐみ	220	F	1
2012	弥桜	みり	220	F	1
2012	小凪		221	F	1
2012		とわ	221	F	1
2012	弥生	やよい	221	F	1
2012	小槇		222	F	1
2012		なお	222	F	1
2012	彩	あや	222	F	1
2012	小茉智		223	F	1
2012		なおか	223	F	1
2012	彩世	さよ	223	F	1
2012	尚華		224	F	1
2012		なぎさ	224	F	1
2012	彩乃	あやの	224	F	1
2012	帆加		225	F	1
2012		なつは	225	F	1
2012	彩吹	いぶき	225	F	1
2012	帆夏		226	F	1
2012		なな	226	F	1
2012	彩夢	あやめ	226	F	1
2012	帆栞		227	F	1
2012		ななこ	227	F	1
2012	彩奈	あやな	227	F	1
2012	帆香		228	F	1
2012		なほ	228	F	1
2012	彩愛	さな	228	F	1
2012	希美		229	F	1
2012		にいな	229	F	1
2012	彩桜	さら	229	F	1
2012	希衣		230	F	1
2012		にいね	230	F	1
2012	彩絵	さえ	230	F	1
2012	希颯		231	F	1
2012		にちほ	231	F	1
2012	彩花里	あかり	231	F	1
2012	幸音		232	F	1
2012		ねいろ	232	F	1
2012	彩芽	あやめ	232	F	1
2012	弥桜		233	F	1
2012		のどか	233	F	1
2012	彩萌	あも	233	F	1
2012	弥生		234	F	1
2012		ののか	234	F	1
2012	彩葉	あやは	234	F	1
2012	彩		235	F	1
2012		はるこ	235	F	1
2012	彩葉	いろは	235	F	1
2012	彩世		236	F	1
2012		はるな	236	F	1
2012	心々桜	こころ	236	F	1
2012	彩乃		237	F	1
2012		はるね	237	F	1
2012	心南	ここな	237	F	1
2012	彩吹		238	F	1
2012		はるの	238	F	1
2012	心和	ここな	238	F	1
2012	彩夢		239	F	1
2012		はるひ	239	F	1
2012	心夏	こなつ	239	F	1
2012	彩奈		240	F	1
2012		ひかり	240	F	1
2012	心希	ここね	240	F	1
2012	彩愛		241	F	1
2012		ひづき	241	F	1
2012	心彩	こいろ	241	F	1
2012	彩桜		242	F	1
2012		ひなこ	242	F	1
2012	心愛	ここあ	242	F	1
2012	彩絵		243	F	1
2012		ひなほ	243	F	1
2012	心愛	ここな	243	F	1
2012	彩花里		244	F	1
2012		ひの	244	F	1
2012	心暁	こあ	244	F	1
2012	彩芽		245	F	1
2012		ひめか	245	F	1
2012	心暖	ここの	245	F	1
2012	彩萌		246	F	1
2012		ひろか	246	F	1
2012	心暖	こはる	246	F	1
2012	心々桜		247	F	1
2012		ふみほ	247	F	1
2012	心桜	みお	247	F	1
2012	心南		248	F	1
2012		まいこ	248	F	1
2012	心海	ここみ	248	F	1
2012	心和		249	F	1
2012		まき	249	F	1
2012	心深	ここみ	249	F	1
2012	心夏		250	F	1
2012		まつり	250	F	1
2012	心渚	ここな	250	F	1
2012	心希		251	F	1
2012		まづる	251	F	1
2012	心絆	ここな	251	F	1
2012	心彩		252	F	1
2012		まなか	252	F	1
2012	心結	みゆ	252	F	1
2012	心暁		253	F	1
2012		まのか	253	F	1
2012	心菜	ここな	253	F	1
2012	心桜		254	F	1
2012		まのん	254	F	1
2012	心郁	このか	254	F	1
2012	心海		255	F	1
2012		まひる	255	F	1
2012	心野花	このか	255	F	1
2012	心深		256	F	1
2012		まひろ	256	F	1
2012	心陽	こはる	256	F	1
2012	心渚		257	F	1
2012		まほ	257	F	1
2012	心音	ここね	257	F	1
2012	心絆		258	F	1
2012		まみ	258	F	1
2012	心香	このか	258	F	1
2012	心結		259	F	1
2012		まや	259	F	1
2012	志帆	しほ	259	F	1
2012	心菜		260	F	1
2012		まりん	260	F	1
2012	志桜里	しおり	260	F	1
2012	心郁		261	F	1
2012		まる	261	F	1
2012	志穂	しほ	261	F	1
2012	心野花		262	F	1
2012		みあ	262	F	1
2012	怜奈	れな	262	F	1
2012	心陽		263	F	1
2012		みいな	263	F	1
2012	怜愛	れいな	263	F	1
2012	心音		264	F	1
2012		みか	264	F	1
2012	怜那	れいな	264	F	1
2012	心香		265	F	1
2012		みさ	265	F	1
2012	恋羽	こはね	265	F	1
2012	志帆		266	F	1
2012		みさと	266	F	1
2012	恵愛	えま	266	F	1
2012	志桜里		267	F	1
2012		みずな	267	F	1
2012	恵理奈	えりな	267	F	1
2012	志穂		268	F	1
2012		みそら	268	F	1
2012	恵茉	えま	268	F	1
2012	怜奈		269	F	1
2012		みちる	269	F	1
2012	恵菜	えな	269	F	1
2012	怜愛		270	F	1
2012		みつき	270	F	1
2012	悠月	ゆづき	270	F	1
2012	怜那		271	F	1
2012		みづき	271	F	1
2012	悠花	はるか	271	F	1
2012	恋羽		272	F	1
2012		みどり	272	F	1
2012	悠菜	ゆうな	272	F	1
2012	恵愛		273	F	1
2012		みな	273	F	1
2012	愛乃香	まのか	273	F	1
2012	恵理奈		274	F	1
2012		みはな	274	F	1
2012	愛姫夏	あきな	274	F	1
2012	恵茉		275	F	1
2012		みはる	275	F	1
2012	愛心	まなみ	275	F	1
2012	恵菜		276	F	1
2012		みひろ	276	F	1
2012	愛来	あいら	276	F	1
2012	悠月		277	F	1
2012		みや	277	F	1
2012	愛海	まなみ	277	F	1
2012	悠花		278	F	1
2012		みやこ	278	F	1
2012	愛純	あずみ	278	F	1
2012	悠菜		279	F	1
2012		みらい	279	F	1
2012	愛結	みゆ	279	F	1
2012	愛乃香		280	F	1
2012		みり	280	F	1
2012	愛美	あみ	280	F	1
2012	愛姫夏		281	F	1
2012		みりあ	281	F	1
2012	愛美	まなみ	281	F	1
2012	愛心		282	F	1
2012		みりな	282	F	1
2012	愛花	あいか	282	F	1
2012	愛来		283	F	1
2012		むつみ	283	F	1
2012	愛莉美	えれみ	283	F	1
2012	愛海		284	F	1
2012		めいこ	284	F	1
2012	愛莞	めい	284	F	1
2012	愛純		285	F	1
2012		めお	285	F	1
2012	愛菜	あいな	285	F	1
2012	愛結		286	F	1
2012		めき	286	F	1
2012	愛華	あいか	286	F	1
2012	愛花		287	F	1
2012		めの	287	F	1
2012	愛陽	まひる	287	F	1
2012	愛莉美		288	F	1
2012		めりあ	288	F	1
2012	文穂	ふみほ	288	F	1
2012	愛莞		289	F	1
2012		めろ	289	F	1
2012	日千穂	にちほ	289	F	1
2012	愛菜		290	F	1
2012		もあな	290	F	1
2012	日向	ひなた	290	F	1
2012	愛華		291	F	1
2012		もなみ	291	F	1
2012	日真里	ひまり	291	F	1
2012	愛陽		292	F	1
2012		ももこ	292	F	1
2012	明凛	あかり	292	F	1
2012	文穂		293	F	1
2012		ももな	293	F	1
2012	明日奏	あすか	293	F	1
2012	日千穂		294	F	1
2012		やよい	294	F	1
2012	明日菜	あすな	294	F	1
2012	日向		295	F	1
2012		ゆいね	295	F	1
2012	明日香	あすか	295	F	1
2012	日真里		296	F	1
2012		ゆうあ	296	F	1
2012	明朱	あす	296	F	1
2012	明凛		297	F	1
2012		ゆうく	297	F	1
2012	明香里	あかり	297	F	1
2012	明日奏		298	F	1
2012		ゆうこ	298	F	1
2012	星七	せいな	298	F	1
2012	明日菜		299	F	1
2012		ゆうひ	299	F	1
2012	星姫	きらひ	299	F	1
2012	明日香		300	F	1
2012		ゆうみ	300	F	1
2012	春花	はるか	300	F	1
2012	明朱		301	F	1
2012		ゆかな	301	F	1
2012	春陽	はるひ	301	F	1
2012	明香里		302	F	1
2012		ゆかりこ	302	F	1
2012	春陽	ひなた	302	F	1
2012	星七		303	F	1
2012		ゆきあ	303	F	1
2012	晏梨	あんり	303	F	1
2012	星姫		304	F	1
2012		ゆきね	304	F	1
2012	晏璃	あんり	304	F	1
2012	春花		305	F	1
2012		ゆきの	305	F	1
2012	景都	けいと	305	F	1
2012	晏梨		306	F	1
2012		ゆきほ	306	F	1
2012	晴	はる	306	F	1
2012	晏璃		307	F	1
2012		ゆずみ	307	F	1
2012	晴菜	はな	307	F	1
2012	景都		308	F	1
2012		ゆのか	308	F	1
2012	晴菜	はるな	308	F	1
2012	晴		309	F	1
2012		ゆま	309	F	1
2012	晴音	はるね	309	F	1
2012	晴音		310	F	1
2012		ゆめは	310	F	1
2012	智咲	ちえみ	310	F	1
2012	智咲		311	F	1
2012		ゆゆ	311	F	1
2012	智夏子	ちかこ	311	F	1
2012	智夏子		312	F	1
2012		ゆりえ	312	F	1
2012	智絢	ちひろ	312	F	1
2012	智絢		313	F	1
2012		ゆりか	313	F	1
2012	月姫夏	つきな	313	F	1
2012	月姫夏		314	F	1
2012		ゆりな	314	F	1
2012	月海	つきみ	314	F	1
2012	月海		315	F	1
2012		らら	315	F	1
2012	有唯	ゆい	315	F	1
2012	有唯		316	F	1
2012		りあら	316	F	1
2012	有寿美	ゆずみ	316	F	1
2012	有寿美		317	F	1
2012		りいこ	317	F	1
2012	有桜	ありさ	317	F	1
2012	有桜		318	F	1
2012		りおか	318	F	1
2012	有香	ゆうか	318	F	1
2012	有香		319	F	1
2012		りおん	319	F	1
2012	朗	うらら	319	F	1
2012	朗		320	F	1
2012		りか	320	F	1
2012	望夢	もあ	320	F	1
2012	望夢		321	F	1
2012		りさ	321	F	1
2012	望瑠	みちる	321	F	1
2012	望瑠		322	F	1
2012		りっか	322	F	1
2012	望美	のぞみ	322	F	1
2012	望美		323	F	1
2012		りのん	323	F	1
2012	未來	みらい	323	F	1
2012	未來		324	F	1
2012		りゆ	324	F	1
2012	未咲姫	みさき	324	F	1
2012	未咲姫		325	F	1
2012		りょう	325	F	1
2012	未弥	みや	325	F	1
2012	未弥		326	F	1
2012		りょうか	326	F	1
2012	未愛	みあ	326	F	1
2012	未愛		327	F	1
2012		りりあ	327	F	1
2012	未桜	みお	327	F	1
2012	未桜		328	F	1
2012		るしあ	328	F	1
2012	未空	みく	328	F	1
2012	未空		329	F	1
2012		るな	329	F	1
2012	未莉	みのり	329	F	1
2012	未莉		330	F	1
2012		るみ	330	F	1
2012	朱愛	あやな	330	F	1
2012	朱愛		331	F	1
2012		るみな	331	F	1
2012	杏	あん	331	F	1
2012	杏		332	F	1
2012		るり	332	F	1
2012	杏奈	あんな	332	F	1
2012	杏奈		333	F	1
2012		れあ	333	F	1
2012	杏菜	あんな	333	F	1
2012	杏菜		334	F	1
2012		れい	334	F	1
2012	杏香	ももか	334	F	1
2012	杏香		335	F	1
2012		れいあ	335	F	1
2012	果音	かのん	335	F	1
2012	果音		336	F	1
2012		れみな	336	F	1
2012	柑菜	かんな	336	F	1
2012	柑菜		337	F	1
2012		れんか	337	F	1
2012	柚	ゆず	337	F	1
2012	柚		338	F	1
2012		ろみ	338	F	1
2012	柚乃	ゆの	338	F	1
2012	柚乃		339	F	1
2012		わかな	339	F	1
2012	柚夏	ゆな	339	F	1
2012	柚夏		340	F	1
2012	柚稀	ゆずき	340	F	1
2012	柚稀		341	F	1
2012	栞渚	かんな	341	F	1
2012	栞渚		342	F	1
2012	桃々	もも	342	F	1
2012	桃々		343	F	1
2012	桃夏	ももか	343	F	1
2012	桃夏		344	F	1
2012	桃子	ももこ	344	F	1
2012	桃子		345	F	1
2012	桃杏	もあ	345	F	1
2012	桃杏		346	F	1
2012	桃菜実	もなみ	346	F	1
2012	桃菜実		347	F	1
2012	桜子	さくらこ	347	F	1
2012	桜子		348	F	1
2012	桜花	おうか	348	F	1
2012	桜花		349	F	1
2012	梨乃	りの	349	F	1
2012	梨乃		350	F	1
2012	梨奏音	りのん	350	F	1
2012	梨奏音		351	F	1
2012	梨湖	りこ	351	F	1
2012	梨湖		352	F	1
2012	梨華	りか	352	F	1
2012	梨華		353	F	1
2012	梨那	りな	353	F	1
2012	梨那		354	F	1
2012	楓	かえで	354	F	1
2012	楓		355	F	1
2012	楓佳	ふうか	355	F	1
2012	楓佳		356	F	1
2012	楓香	ふうか	356	F	1
2012	楓香		357	F	1
2012	樹里	じゅり	357	F	1
2012	樹里		358	F	1
2012	歩	あゆむ	358	F	1
2012	歩		359	F	1
2012	歩実	あゆみ	359	F	1
2012	歩実		360	F	1
2012	歩美	あゆみ	360	F	1
2012	歩美		361	F	1
2012	歩里	あゆり	361	F	1
2012	歩里		362	F	1
2012	汐梨	しおり	362	F	1
2012	汐梨		363	F	1
2012	汐莉	しおり	363	F	1
2012	汐莉		364	F	1
2012	沙也加	さやか	364	F	1
2012	沙也加		365	F	1
2012	沙耶香	さやか	365	F	1
2012	沙耶香		366	F	1
2012	治子	はるこ	366	F	1
2012	治子		367	F	1
2012	海結	みゆ	367	F	1
2012	海結		368	F	1
2012	涼楓	すずか	368	F	1
2012	涼楓		369	F	1
2012	涼音	すずね	369	F	1
2012	涼音		370	F	1
2012	涼香	りょうか	370	F	1
2012	涼香		371	F	1
2012	澪奈	れいな	371	F	1
2012	澪奈		372	F	1
2012	灯	あかり	372	F	1
2012	灯		373	F	1
2012	燈	あかり	373	F	1
2012	燈		374	F	1
2012	玲	れい	374	F	1
2012	玲		375	F	1
2012	玲奈	れいな	375	F	1
2012	玲奈		376	F	1
2012	玲歩	れあ	376	F	1
2012	玲歩		377	F	1
2012	玲美奈	れみな	377	F	1
2012	玲美奈		378	F	1
2012	玲菜	れな	378	F	1
2012	玲菜		379	F	1
2012	珂那三	かなみ	379	F	1
2012	珂那三		380	F	1
2012	珠希	たまき	380	F	1
2012	珠希		381	F	1
2012	珠李	しゅり	381	F	1
2012	珠李		382	F	1
2012	珠那	じゅな	382	F	1
2012	珠那		383	F	1
2012	琉海菜	るみな	383	F	1
2012	琉海菜		384	F	1
2012	琉珠	るみ	384	F	1
2012	琉珠		385	F	1
2012	琉音	りお	385	F	1
2012	琉音		386	F	1
2012	琴梨	ことり	386	F	1
2012	琴梨		387	F	1
2012	琴美	ことみ	387	F	1
2012	琴美		388	F	1
2012	琴葉	ことは	388	F	1
2012	琴葉		389	F	1
2012	瑛夢	えいむ	389	F	1
2012	瑛夢		390	F	1
2012	瑞奈	みずな	390	F	1
2012	瑞奈		391	F	1
2012	瑠奈	るな	391	F	1
2012	瑠奈		392	F	1
2012	瑠日	るか	392	F	1
2012	瑠日		393	F	1
2012	瑠糸愛	るしあ	393	F	1
2012	瑠糸愛		394	F	1
2012	瑠花	るか	394	F	1
2012	瑠花		395	F	1
2012	瑠莉	るり	395	F	1
2012	瑠莉		396	F	1
2012	瑠香	るか	396	F	1
2012	瑠香		397	F	1
2012	璃乃	りの	397	F	1
2012	璃乃		398	F	1
2012	璃子	りこ	398	F	1
2012	璃子		399	F	1
2012	璃桜	りお	399	F	1
2012	璃桜		400	F	1
2012	璃菜	りな	400	F	1
2012	璃菜		401	F	1
2012	璃衣子	りいこ	401	F	1
2012	璃衣子		402	F	1
2012	由佳	ゆいか	402	F	1
2012	由佳		403	F	1
2012	由奈	ゆな	403	F	1
2012	由奈		404	F	1
2012	由妃	ゆい	404	F	1
2012	由妃		405	F	1
2012	由希愛	ゆきあ	405	F	1
2012	由希愛		406	F	1
2012	由愛	ゆあ	406	F	1
2012	由愛		407	F	1
2012	由菜	ゆな	407	F	1
2012	由菜		408	F	1
2012	百々咲	ももな	408	F	1
2012	百々咲		409	F	1
2012	百夏	もか	409	F	1
2012	百夏		410	F	1
2012	百愛	ゆあ	410	F	1
2012	百愛		411	F	1
2012	百桃	もも	411	F	1
2012	百桃		412	F	1
2012	百華	もか	412	F	1
2012	真依		413	F	1
2012	百華	ももか	413	F	1
2012	真凜		414	F	1
2012	真依	まい	414	F	1
2012	真和		415	F	1
2012	真凜	まりん	415	F	1
2012	真央		416	F	1
2012	真和	まな	416	F	1
2012	真子		417	F	1
2012	真央	まお	417	F	1
2012	真彩子		418	F	1
2012	真子	まこ	418	F	1
2012	真歩		419	F	1
2012	真彩子	まいこ	419	F	1
2012	真結		420	F	1
2012	真歩	まほ	420	F	1
2012	真鶴		421	F	1
2012	真琴	まこ	421	F	1
2012	睦実		422	F	1
2012	真琴	まこと	422	F	1
2012	知里		423	F	1
2012	真結	まゆ	423	F	1
2012	碧		424	F	1
2012	真鶴	まづる	424	F	1
2012	碧唯		425	F	1
2012	睦実	むつみ	425	F	1
2012	礼奈		426	F	1
2012	知里	ちさと	426	F	1
2012	礼菜		427	F	1
2012	碧	あおい	427	F	1
2012	稟		428	F	1
2012	碧唯	あおい	428	F	1
2012	穂		429	F	1
2012	礼奈	れいな	429	F	1
2012	穂乃花		430	F	1
2012	礼菜	れな	430	F	1
2012	穂香		431	F	1
2012	稟	りん	431	F	1
2012	笑未奈		432	F	1
2012	穂	このみ	432	F	1
2012	笑未果		433	F	1
2012	穂乃花	ほのか	433	F	1
2012	紅來		434	F	1
2012	穂香	ほのか	434	F	1
2012	紗		435	F	1
2012	笑未奈	えみな	435	F	1
2012	紗和子		436	F	1
2012	笑未果	えみか	436	F	1
2012	紗希		437	F	1
2012	紅來	くくる	437	F	1
2012	紗彩		438	F	1
2012	紗	すず	438	F	1
2012	紗愛		439	F	1
2012	紗和子	さわこ	439	F	1
2012	紗愛耶		440	F	1
2012	紗希	さき	440	F	1
2012	紗月		441	F	1
2012	紗彩	さあや	441	F	1
2012	紗椰		442	F	1
2012	紗愛	さえ	442	F	1
2012	紗槻		443	F	1
2012	紗愛耶	さあや	443	F	1
2012	紗英		444	F	1
2012	紗月	さつき	444	F	1
2012	紗莉		445	F	1
2012	紗椰	さや	445	F	1
2012	紗菜		446	F	1
2012	紗槻	さつき	446	F	1
2012	紗衣		447	F	1
2012	紗英	さえ	447	F	1
2012	紗采		448	F	1
2012	紗莉	さり	448	F	1
2012	紫子		449	F	1
2012	紗菜	すずな	449	F	1
2012	紬希		450	F	1
2012	紗衣	さえ	450	F	1
2012	絃巴		451	F	1
2012	紗采	さあや	451	F	1
2012	結乃花		452	F	1
2012	紫子	ゆかりこ	452	F	1
2012	結咲		453	F	1
2012	紬希	つむぎ	453	F	1
2012	結彩		454	F	1
2012	絃巴	いとは	454	F	1
2012	結月		455	F	1
2012	結乃花	ゆのか	455	F	1
2012	結望		456	F	1
2012	結咲	ゆめ	456	F	1
2012	結桜		457	F	1
2012	結奏	ゆいな	457	F	1
2012	結瑞		458	F	1
2012	結奏	ゆかな	458	F	1
2012	結花		459	F	1
2012	結彩	ゆい	459	F	1
2012	結衣菜		460	F	1
2012	結心	ゆい	460	F	1
2012	結衣那		461	F	1
2012	結心	ゆいな	461	F	1
2012	結香		462	F	1
2012	結愛	ゆいな	462	F	1
2012	絢音		463	F	1
2012	結月	ゆづき	463	F	1
2012	綸		464	F	1
2012	結望	ゆの	464	F	1
2012	綸花		465	F	1
2012	結桜	ゆら	465	F	1
2012	綸華		466	F	1
2012	結瑞	ゆず	466	F	1
2012	綺花		467	F	1
2012	結花	ゆいか	467	F	1
2012	綾音		468	F	1
2012	結菜	ゆうな	468	F	1
2012	綿音		469	F	1
2012	結菜	ゆな	469	F	1
2012	緒望		470	F	1
2012	結衣菜	ゆいな	470	F	1
2012	美優		471	F	1
2012	結衣那	ゆいな	471	F	1
2012	美凪		472	F	1
2012	結香	ゆうか	472	F	1
2012	美咲		473	F	1
2012	絢音	あやね	473	F	1
2012	美哉子		474	F	1
2012	綸	いと	474	F	1
2012	美夏		475	F	1
2012	綸花	りんか	475	F	1
2012	美央		476	F	1
2012	綸華	りんか	476	F	1
2012	美尋		477	F	1
2012	綺花	あやか	477	F	1
2012	美彩		478	F	1
2012	綾音	あやね	478	F	1
2012	美月		479	F	1
2012	綿音	ことね	479	F	1
2012	美波		480	F	1
2012	緒望	つぐみ	480	F	1
2012	美玖		481	F	1
2012	美優	みゆ	481	F	1
2012	美玲		482	F	1
2012	美凪	みいな	482	F	1
2012	美碧		483	F	1
2012	美咲	みさき	483	F	1
2012	美緒		484	F	1
2012	美哉子	みやこ	484	F	1
2012	美羽		485	F	1
2012	美夏	みか	485	F	1
2012	美花		486	F	1
2012	美央	みお	486	F	1
2012	美蓮		487	F	1
2012	美尋	みひろ	487	F	1
2012	美里		488	F	1
2012	美彩	みさ	488	F	1
2012	美陽		489	F	1
2012	美月	みづき	489	F	1
2012	美音		490	F	1
2012	美波	みなみ	490	F	1
2012	羽菜		491	F	1
2012	美玖	みく	491	F	1
2012	翠		492	F	1
2012	美玲	みれい	492	F	1
2012	聖愛		493	F	1
2012	美碧	みお	493	F	1
2012	舞音		494	F	1
2012	美空	みく	494	F	1
2012	色桜花		495	F	1
2012	美空	みそら	495	F	1
2012	花円		496	F	1
2012	美緒	みお	496	F	1
2012	花帆		497	F	1
2012	美羽	みう	497	F	1
2012	花恋		498	F	1
2012	美花	みはな	498	F	1
2012	花恵		499	F	1
2012	美蓮	みれい	499	F	1
2012	芹愛		500	F	1
2012	美里	みさと	500	F	1
2012	芹菜		501	F	1
2012	美陽	みはる	501	F	1
2012	芹迦		502	F	1
2012	美音	みお	502	F	1
2012	芽乃		503	F	1
2012	羽菜	はな	503	F	1
2012	芽彩		504	F	1
2012	翠	みどり	504	F	1
2012	芽気		505	F	1
2012	聖愛	せいら	505	F	1
2012	若々		506	F	1
2012	舞音	まのん	506	F	1
2012	苺咲		507	F	1
2012	色桜花	いろは	507	F	1
2012	茉央		508	F	1
2012	花円	かおん	508	F	1
2012	茉奈実		509	F	1
2012	花帆	かほ	509	F	1
2012	茉花		510	F	1
2012	花恋	かれん	510	F	1
2012	茉莉		511	F	1
2012	花恵	はなえ	511	F	1
2012	茜		512	F	1
2012	芹愛	せりな	512	F	1
2012	莉々愛		513	F	1
2012	芹菜	せりな	513	F	1
2012	莉乃		514	F	1
2012	芹迦	せりか	514	F	1
2012	莉央		515	F	1
2012	芽乃	めの	515	F	1
2012	莉子		516	F	1
2012	芽彩	めい	516	F	1
2012	莉心		517	F	1
2012	芽気	めき	517	F	1
2012	莉愛		518	F	1
2012	芽生	めい	518	F	1
2012	莉愛空		519	F	1
2012	芽生	めお	519	F	1
2012	莉杏		520	F	1
2012	若々	もも	520	F	1
2012	莉玖		521	F	1
2012	苺咲	めい	521	F	1
2012	莉瑚		522	F	1
2012	苺花	いちか	522	F	1
2012	莉結		523	F	1
2012	苺花	もか	523	F	1
2012	莉緒		524	F	1
2012	茉央	まひろ	524	F	1
2012	菜々子		525	F	1
2012	茉奈実	まなみ	525	F	1
2012	菜々海		526	F	1
2012	茉花	まな	526	F	1
2012	菜摘		527	F	1
2012	茉莉	まつり	527	F	1
2012	菜穂		528	F	1
2012	茜	あかね	528	F	1
2012	華		529	F	1
2012	莉々愛	りりあ	529	F	1
2012	華江		530	F	1
2012	莉乃	りの	530	F	1
2012	華純		531	F	1
2012	莉央	りお	531	F	1
2012	華鈴		532	F	1
2012	莉子	りこ	532	F	1
2012	萌々香		533	F	1
2012	莉心	りこ	533	F	1
2012	萌依子		534	F	1
2012	莉愛	りあ	534	F	1
2012	萌芦		535	F	1
2012	莉愛空	りあら	535	F	1
2012	萌衣		536	F	1
2012	莉杏	れいあ	536	F	1
2012	葉奈		537	F	1
2012	莉玖	りく	537	F	1
2012	葉瑠		538	F	1
2012	莉瑚	りこ	538	F	1
2012	葵琉		539	F	1
2012	莉結	りゆ	539	F	1
2012	蓮夏		540	F	1
2012	莉緒	りお	540	F	1
2012	薫穂		541	F	1
2012	菜々子	ななこ	541	F	1
2012	藍		542	F	1
2012	菜々海	ななみ	542	F	1
2012	藍菜		543	F	1
2012	菜摘	なつみ	543	F	1
2012	虹奈		544	F	1
2012	菜穂	なほ	544	F	1
2012	虹子		545	F	1
2012	華	はな	545	F	1
2012	詩帆		546	F	1
2012	華江	はなえ	546	F	1
2012	詩織		547	F	1
2012	華純	かすみ	547	F	1
2012	路実		548	F	1
2012	華鈴	かりん	548	F	1
2012	輝果		549	F	1
2012	萌々香	ももか	549	F	1
2012	輝麗		550	F	1
2012	萌依子	めいこ	550	F	1
2012	遙花		551	F	1
2012	萌芦	めろ	551	F	1
2012	遥		552	F	1
2012	萌衣	めい	552	F	1
2012	遥花		553	F	1
2012	葉奈	はな	553	F	1
2012	那奈		554	F	1
2012	葉瑠	はる	554	F	1
2012	那桜		555	F	1
2012	葵琉	あおい	555	F	1
2012	都桜		556	F	1
2012	蓮夏	れんか	556	F	1
2012	采良		557	F	1
2012	薫穂	ゆきほ	557	F	1
2012	里紗		558	F	1
2012	藍	あい	558	F	1
2012	里音花		559	F	1
2012	藍菜	あいな	559	F	1
2012	鈴		560	F	1
2012	虹奈	にいな	560	F	1
2012	陽依		561	F	1
2012	虹子	にこ	561	F	1
2012	陽南子		562	F	1
2012	詩帆	しほ	562	F	1
2012	陽月		563	F	1
2012	詩織	しおり	563	F	1
2012	陽茉莉		564	F	1
2012	路実	ろみ	564	F	1
2012	陽茉里		565	F	1
2012	輝果	るか	565	F	1
2012	陽菜歩		566	F	1
2012	輝麗	きらら	566	F	1
2012	陽葵		567	F	1
2012	遙花	はるか	567	F	1
2012	雪白		568	F	1
2012	遥	はるか	568	F	1
2012	雲深		569	F	1
2012	遥花	はるか	569	F	1
2012	音々		570	F	1
2012	那奈	なな	570	F	1
2012	音彩		571	F	1
2012	那桜	なお	571	F	1
2012	音色		572	F	1
2012	都桜	みお	572	F	1
2012	風香		573	F	1
2012	采良	さら	573	F	1
2012	飴璃		574	F	1
2012	里紗	りさ	574	F	1
2012	香帆		575	F	1
2012	里音花	りおか	575	F	1
2012	香音		576	F	1
2012	鈴	りょう	576	F	1
2012	麗々		577	F	1
2012	陽乃	はるの	577	F	1
2012	麻希		578	F	1
2012	陽乃	ひの	578	F	1
2012	麻琴		579	F	1
2012	陽依	ひより	579	F	1
2012	麻矢		580	F	1
2012	陽南子	ひなこ	580	F	1
2012	麻衣		581	F	1
2012	陽月	ひづき	581	F	1
2012	麻那		582	F	1
2012	陽茉莉	ひまり	582	F	1
2012	陽茉里	ひまり	583	F	1
2012	陽菜	はな	584	F	1
2012	陽菜歩	ひなほ	585	F	1
2012	陽葵	ひまり	586	F	1
2012	雪白	ゆきの	587	F	1
2012	雲深	うみ	588	F	1
2012	音々	ねね	589	F	1
2012	音彩	のあ	590	F	1
2012	音色	ねいろ	591	F	1
2012	風香	ふうか	592	F	1
2012	飴璃	あめり	593	F	1
2012	香帆	かほ	594	F	1
2012	香音	かおん	595	F	1
2012	麗々	らら	596	F	1
2012	麻希	まき	597	F	1
2012	麻琴	まこと	598	F	1
2012	麻矢	まや	599	F	1
2012	麻衣	まい	600	F	1
2012	麻那	まな	601	F	1
2012	大翔		1	M	6
2012		はると	1	M	16
2012	大和	やまと	1	M	4
2012	悠人		2	M	6
2012		ゆうき	2	M	14
2012	樹	いつき	2	M	4
2012	大和		3	M	4
2012		ゆうと	3	M	13
2012	琉生	るい	3	M	4
2012	樹		4	M	4
2012		ゆうま	4	M	13
2012	侑真	ゆうま	4	M	3
2012	琉生		5	M	4
2012		こうき	5	M	11
2012	優真	ゆうま	5	M	3
2012	侑真		6	M	3
2012		りく	6	M	10
2012	悠人	はると	6	M	3
2012	優真		7	M	3
2012		かなた	7	M	7
2012	悠人	ゆうと	7	M	3
2012	悠		8	M	3
2012		りゅうせい	8	M	7
2012	悠真	ゆうま	8	M	3
2012	悠真		9	M	3
2012		こうた	9	M	6
2012	拓真	たくま	9	M	3
2012	拓真		10	M	3
2012		そうすけ	10	M	6
2012	豪	ごう	10	M	3
2012	結人		11	M	3
2012		たつや	11	M	6
2012	一樹	かずき	11	M	2
2012	豪		12	M	3
2012		はるき	12	M	6
2012	優斗	ゆうと	12	M	2
2012	陽翔		13	M	3
2012		はるま	13	M	6
2012	優月	ゆづき	13	M	2
2012	一樹		14	M	2
2012		みなと	14	M	6
2012	和樹	かずき	14	M	2
2012	一颯		15	M	2
2012		こうたろう	15	M	5
2012	大翔	ひろと	15	M	2
2012	健人		16	M	2
2012		そうた	16	M	5
2012	大耀	たいよう	16	M	2
2012	健生		17	M	2
2012		そら	17	M	5
2012	奏多	かなた	17	M	2
2012	優斗		18	M	2
2012		たくま	18	M	5
2012	希空	まれく	18	M	2
2012	優月		19	M	2
2012		やまと	19	M	5
2012	康太	こうた	19	M	2
2012	和樹		20	M	2
2012		ゆいと	20	M	5
2012	恒希	こうき	20	M	2
2012	大耀		21	M	2
2012		りょうた	21	M	5
2012	拓音	たくと	21	M	2
2012	天翔		22	M	2
2012		るい	22	M	5
2012	春希	はるき	22	M	2
2012	奏多		23	M	2
2012		いつき	23	M	4
2012	武	たけし	23	M	2
2012	希空		24	M	2
2012		かいと	24	M	4
2012	涼太	りょうた	24	M	2
2012	康太		25	M	2
2012		かずき	25	M	4
2012	湊斗	みなと	25	M	2
2012	恒希		26	M	2
2012		けいた	26	M	4
2012	瑛士	えいじ	26	M	2
2012	悠貴		27	M	2
2012		こうすけ	27	M	4
2012	碧音	あおと	27	M	2
2012	拓音		28	M	2
2012		こたろう	28	M	4
2012	空	そら	28	M	2
2012	春希		29	M	2
2012		しょうた	29	M	4
2012	結人	ゆいと	29	M	2
2012	櫂		30	M	2
2012		たいよう	30	M	4
2012	翔太	しょうた	30	M	2
2012	武		31	M	2
2012		たくと	31	M	4
2012	航平	こうへい	31	M	2
2012	涼太		32	M	2
2012		たける	32	M	4
2012	蓮	れん	32	M	2
2012	湊斗		33	M	2
2012		たつき	33	M	4
2012	諒	りょう	33	M	2
2012	琉斗		34	M	2
2012		ひろと	34	M	4
2012	諒真	りょうま	34	M	2
2012	瑛士		35	M	2
2012		ゆう	35	M	4
2012	遥馬	はるま	35	M	2
2012	碧音		36	M	2
2012		ゆうすけ	36	M	4
2012	陸	りく	36	M	2
2012	空		37	M	2
2012		ゆうせい	37	M	4
2012	陽斗	はると	37	M	2
2012	翔		38	M	2
2012		りゅうが	38	M	4
2012	陽翔	はると	38	M	2
2012	翔太		39	M	2
2012		りゅうと	39	M	4
2012	颯佑	そうすけ	39	M	2
2012	航平		40	M	2
2012		れん	40	M	4
2012	龍之介	りゅうのすけ	40	M	2
2012	蓮		41	M	2
2012		あおい	41	M	3
2012	龍弥	たつや	41	M	2
2012	諒		42	M	2
2012		あおと	42	M	3
2012	龍成	りゅうせい	42	M	2
2012	諒真		43	M	2
2012		いぶき	43	M	3
2012	あるく	あるく	43	M	1
2012	遥馬		44	M	2
2012		えいと	44	M	3
2012	けんぞう	けんぞう	44	M	1
2012	陸		45	M	2
2012		かける	45	M	3
2012	メイタール	めいたーる	45	M	1
2012	陽斗		46	M	2
2012		かずま	46	M	3
2012	一優	かずや	46	M	1
2012	颯佑		47	M	2
2012		けんしん	47	M	3
2012	一成	いっせい	47	M	1
2012	龍之介		48	M	2
2012		けんと	48	M	3
2012	一珂	いちか	48	M	1
2012	龍也		49	M	2
2012		こうへい	49	M	3
2012	一真	かずま	49	M	1
2012	龍弥		50	M	2
2012		ごう	50	M	3
2012	一蕗	いぶき	50	M	1
2012	龍志		51	M	2
2012		しおん	51	M	3
2012	一虎	いっと	51	M	1
2012	龍成		52	M	2
2012		しゅんた	52	M	3
2012	一颯	いぶき	52	M	1
2012	龍生		53	M	2
2012		しょうたろう	53	M	3
2012	一颯	かずさ	53	M	1
2012	龍空		54	M	2
2012		しょうま	54	M	3
2012	一馬	かずま	54	M	1
2012	あるく		55	M	1
2012		そう	55	M	3
2012	丈翔	たけと	55	M	1
2012	けんぞう		56	M	1
2012		そうし	56	M	3
2012	世蓮	せれん	56	M	1
2012	メイタール		57	M	1
2012		そうま	57	M	3
2012	丸己	まるこ	57	M	1
2012	一優		58	M	1
2012		たくみ	58	M	3
2012	丸心	まるざね	58	M	1
2012	一成		59	M	1
2012		とうま	59	M	3
2012	亜依里	あいり	59	M	1
2012	一珂		60	M	1
2012		とき	60	M	3
2012	亜蓮	あれん	60	M	1
2012	一真		61	M	1
2012		はる	61	M	3
2012	京	きょう	61	M	1
2012	一蕗		62	M	1
2012		まさき	62	M	3
2012	亮太	りょうた	62	M	1
2012	一虎		63	M	1
2012		まさと	63	M	3
2012	仁	ひとし	63	M	1
2012	一馬		64	M	1
2012		ゆうご	64	M	3
2012	仁基	まさき	64	M	1
2012	丈翔		65	M	1
2012		りゅうのすけ	65	M	3
2012	伊織	いおり	65	M	1
2012	世蓮		66	M	1
2012		りょうすけ	66	M	3
2012	伶音	れおん	66	M	1
2012	丸己		67	M	1
2012		りょうま	67	M	3
2012	佑和	ゆうと	67	M	1
2012	丸心		68	M	1
2012		わたる	68	M	3
2012	佑太	ゆうた	68	M	1
2012	亜依里		69	M	1
2012		あきと	69	M	2
2012	佑希	ゆうま	69	M	1
2012	亜蓮		70	M	1
2012		あきひと	70	M	2
2012	侑叶	ゆうと	70	M	1
2012	京		71	M	1
2012		あつき	71	M	2
2012	侑吾	ゆうご	71	M	1
2012	亮太		72	M	1
2012		えいじ	72	M	2
2012	依柊	いしゅう	72	M	1
2012	仁		73	M	1
2012		おうすけ	73	M	2
2012	俊介	しゅんすけ	73	M	1
2012	仁基		74	M	1
2012		かい	74	M	2
2012	俊裕	としひろ	74	M	1
2012	伊織		75	M	1
2012		かなと	75	M	2
2012	信義	のぶよし	75	M	1
2012	伶音		76	M	1
2012		かんた	76	M	2
2012	倖太	こうた	76	M	1
2012	佑和		77	M	1
2012		きょう	77	M	2
2012	倖輝	こうき	77	M	1
2012	佑太		78	M	1
2012		けい	78	M	2
2012	倫太郎	りんたろう	78	M	1
2012	佑希		79	M	1
2012		けいご	79	M	2
2012	健	たける	79	M	1
2012	侑叶		80	M	1
2012		こう	80	M	2
2012	健人	けんと	80	M	1
2012	侑吾		81	M	1
2012		こうしろう	81	M	2
2012	健人	たけと	81	M	1
2012	依柊		82	M	1
2012		こうせい	82	M	2
2012	健太	けんた	82	M	1
2012	俊介		83	M	1
2012		こうだい	83	M	2
2012	健斗	けんと	83	M	1
2012	俊裕		84	M	1
2012		こうめい	84	M	2
2012	健生	けい	84	M	1
2012	信義		85	M	1
2012		こはく	85	M	2
2012	健生	たける	85	M	1
2012	倖太		86	M	1
2012		さきと	86	M	2
2012	健翔	けんと	86	M	1
2012	倖輝		87	M	1
2012		しき	87	M	2
2012	優人	ゆうと	87	M	1
2012	倫太郎		88	M	1
2012		しゅうま	88	M	2
2012	優介	ゆうすけ	88	M	1
2012	健		89	M	1
2012		しゅん	89	M	2
2012	優佑	ゆうすけ	89	M	1
2012	健太		90	M	1
2012		しゅんすけ	90	M	2
2012	優希	ゆうき	90	M	1
2012	健斗		91	M	1
2012		しょう	91	M	2
2012	優稀	ゆうき	91	M	1
2012	健翔		92	M	1
2012		しょうき	92	M	2
2012	優馬	ゆうま	92	M	1
2012	優人		93	M	1
2012		しょうや	93	M	2
2012	元	げん	93	M	1
2012	優介		94	M	1
2012		せな	94	M	2
2012	元希	もとき	94	M	1
2012	優佑		95	M	1
2012		そういちろう	95	M	2
2012	光	ひかり	95	M	1
2012	優希		96	M	1
2012		そうや	96	M	2
2012	光希	こうき	96	M	1
2012	優稀		97	M	1
2012		たいが	97	M	2
2012	光星	こうせい	97	M	1
2012	優馬		98	M	1
2012		たいせい	98	M	2
2012	光矢	こうや	98	M	1
2012	元		99	M	1
2012		たかと	99	M	2
2012	凌央	りょお	99	M	1
2012	元希		100	M	1
2012		たけし	100	M	2
2012	凌空	りく	100	M	1
2012	光		101	M	1
2012		たけと	101	M	2
2012	凌輝	りゅうき	101	M	1
2012	光希		102	M	1
2012		だいき	102	M	2
2012	凛空	りく	102	M	1
2012	光星		103	M	1
2012		てるま	103	M	2
2012	凜久	りく	103	M	1
2012	光矢		104	M	1
2012		とわ	104	M	2
2012	凪	なぎ	104	M	1
2012	凌央		105	M	1
2012		なお	105	M	2
2012	凰凱	おうがい	105	M	1
2012	凌空		106	M	1
2012		のあ	106	M	2
2012	凰貴	おうき	106	M	1
2012	凌輝		107	M	1
2012		はやと	107	M	2
2012	初輝	はつき	107	M	1
2012	凛空		108	M	1
2012		ひかる	108	M	2
2012	刻其	とき	108	M	1
2012	凜久		109	M	1
2012		ひでと	109	M	2
2012	剛生	こうき	109	M	1
2012	凪		110	M	1
2012		ひなた	110	M	2
2012	創	つくる	110	M	1
2012	凰凱		111	M	1
2012		ひろき	111	M	2
2012	功太郎	こうたろう	111	M	1
2012	凰貴		112	M	1
2012		まれく	112	M	2
2012	勇宇	ゆう	112	M	1
2012	初輝		113	M	1
2012		ゆうた	113	M	2
2012	勇悟	ゆうご	113	M	1
2012	刻其		114	M	1
2012		ゆうひ	114	M	2
2012	勇登	はやと	114	M	1
2012	剛生		115	M	1
2012		ゆうり	115	M	2
2012	勇誠	ゆうせい	115	M	1
2012	創		116	M	1
2012		ゆづき	116	M	2
2012	勇貴	ゆうき	116	M	1
2012	功太郎		117	M	1
2012		ゆら	117	M	2
2012	勇陽	ゆうひ	117	M	1
2012	勇宇		118	M	1
2012		りゅう	118	M	2
2012	勇駕	ゆうま	118	M	1
2012	勇悟		119	M	1
2012		りゅうき	119	M	2
2012	勘司	かんじ	119	M	1
2012	勇登		120	M	1
2012		りゅうしん	120	M	2
2012	匠海	たくみ	120	M	1
2012	勇誠		121	M	1
2012		りゅうへい	121	M	2
2012	匡音	まさと	121	M	1
2012	勇貴		122	M	1
2012		りゅうま	122	M	2
2012	千郷	ちさと	122	M	1
2012	勇陽		123	M	1
2012		りょう	123	M	2
2012	卓弥	たくや	123	M	1
2012	勇駕		124	M	1
2012		るいと	124	M	2
2012	協也	きょうや	124	M	1
2012	勘司		125	M	1
2012		るか	125	M	2
2012	友希	ゆうき	125	M	1
2012	匠海		126	M	1
2012		るき	126	M	2
2012	友星	ゆうせい	126	M	1
2012	匡音		127	M	1
2012		れい	127	M	2
2012	友貴	ゆうき	127	M	1
2012	千郷		128	M	1
2012		れお	128	M	2
2012	史脩	しゆう	128	M	1
2012	卓弥		129	M	1
2012		れおん	129	M	2
2012	叶和	とわ	129	M	1
2012	協也		130	M	1
2012		れんと	130	M	2
2012	叶多	かなた	130	M	1
2012	友希		131	M	1
2012		あいき	131	M	1
2012	叶太	かなた	131	M	1
2012	友星		132	M	1
2012		あいと	132	M	1
2012	叶羽	とわ	132	M	1
2012	友貴		133	M	1
2012		あいり	133	M	1
2012	叶翔	かなと	133	M	1
2012	史脩		134	M	1
2012		あいる	134	M	1
2012	和輝	かづき	134	M	1
2012	叶和		135	M	1
2012		あおし	135	M	1
2012	和雅	かずま	135	M	1
2012	叶多		136	M	1
2012		あおば	136	M	1
2012	和霖	わりん	136	M	1
2012	叶太		137	M	1
2012		あき	137	M	1
2012	咲人	さきと	137	M	1
2012	叶羽		138	M	1
2012		あきら	138	M	1
2012	咲和	さきと	138	M	1
2012	叶翔		139	M	1
2012		あさひ	139	M	1
2012	咲哉	さくや	139	M	1
2012	和輝		140	M	1
2012		あずま	140	M	1
2012	咲太朗	さくたろう	140	M	1
2012	和雅		141	M	1
2012		あつし	141	M	1
2012	哲真	てつま	141	M	1
2012	和霖		142	M	1
2012		あつひと	142	M	1
2012	唯人	ゆいと	142	M	1
2012	咲人		143	M	1
2012		あやと	143	M	1
2012	啓太	けいた	143	M	1
2012	咲和		144	M	1
2012		あるく	144	M	1
2012	善得	よしとく	144	M	1
2012	咲哉		145	M	1
2012		あれん	145	M	1
2012	圭太	けいた	145	M	1
2012	咲太朗		146	M	1
2012		いおり	146	M	1
2012	圭悟	けいご	146	M	1
2012	哲真		147	M	1
2012		いく	147	M	1
2012	圭汰	けいた	147	M	1
2012	唯人		148	M	1
2012		いくし	148	M	1
2012	圭蔵	けいぞう	148	M	1
2012	啓太		149	M	1
2012		いしゅう	149	M	1
2012	壮亮	そうすけ	149	M	1
2012	善得		150	M	1
2012		いちか	150	M	1
2012	壮琉	たける	150	M	1
2012	圭太		151	M	1
2012		いっせい	151	M	1
2012	壮真	そうま	151	M	1
2012	圭悟		152	M	1
2012		いっと	152	M	1
2012	壮輝	そうき	152	M	1
2012	圭汰		153	M	1
2012		えいき	153	M	1
2012	夏寧	なつね	153	M	1
2012	圭蔵		154	M	1
2012		えいしん	154	M	1
2012	夏樹	なつき	154	M	1
2012	壮亮		155	M	1
2012		おうが	155	M	1
2012	夢	そら	155	M	1
2012	壮琉		156	M	1
2012		おうがい	156	M	1
2012	夢弦	むげん	156	M	1
2012	壮真		157	M	1
2012		おうき	157	M	1
2012	大	はじめ	157	M	1
2012	壮輝		158	M	1
2012		おおま	158	M	1
2012	大夢	ひろむ	158	M	1
2012	夏寧		159	M	1
2012		おくら	159	M	1
2012	大悟	だいご	159	M	1
2012	夏樹		160	M	1
2012		おさむ	160	M	1
2012	大惺	たいせい	160	M	1
2012	夢		161	M	1
2012		かいし	161	M	1
2012	大知	だいち	161	M	1
2012	夢弦		162	M	1
2012		かいしゅう	162	M	1
2012	大紫	たいし	162	M	1
2012	大		163	M	1
2012		かおる	163	M	1
2012	大翔	かける	163	M	1
2012	大夢		164	M	1
2012		かずさ	164	M	1
2012	大翔	だいと	164	M	1
2012	大悟		165	M	1
2012		かずや	165	M	1
2012	大翔	はると	165	M	1
2012	大惺		166	M	1
2012		かづき	166	M	1
2012	大翔	やまと	166	M	1
2012	大知		167	M	1
2012		かんえい	167	M	1
2012	大舞	おおま	167	M	1
2012	大紫		168	M	1
2012		かんじ	168	M	1
2012	大葵	だいき	168	M	1
2012	大舞		169	M	1
2012		きずき	169	M	1
2012	大誠	たいせい	169	M	1
2012	大葵		170	M	1
2012		きと	170	M	1
2012	大賀	たいが	170	M	1
2012	大誠		171	M	1
2012		きひろ	171	M	1
2012	大輝	だいき	171	M	1
2012	大賀		172	M	1
2012		きょうすけ	172	M	1
2012	大陽	たいよう	172	M	1
2012	大輝		173	M	1
2012		きょうや	173	M	1
2012	天真	てるま	173	M	1
2012	大陽		174	M	1
2012		きら	174	M	1
2012	天翔	かける	174	M	1
2012	天真		175	M	1
2012		けいすけ	175	M	1
2012	天翔	たかと	175	M	1
2012	太智		176	M	1
2012		けいぞう	176	M	1
2012	太智	たいち	176	M	1
2012	太朗		177	M	1
2012		けいと	177	M	1
2012	太朗	たろう	177	M	1
2012	太輝		178	M	1
2012		けんぞう	178	M	1
2012	太輝	たいき	178	M	1
2012	太陽		179	M	1
2012		けんた	179	M	1
2012	太陽	たいよう	179	M	1
2012	央裕		180	M	1
2012		げん	180	M	1
2012	央裕	おうすけ	180	M	1
2012	奏		181	M	1
2012		げんぶ	181	M	1
2012	奏	かなた	181	M	1
2012	奏世		182	M	1
2012		こうえい	182	M	1
2012	奏世	そうせい	182	M	1
2012	奏佑		183	M	1
2012		こうが	183	M	1
2012	奏佑	そうすけ	183	M	1
2012	奏志		184	M	1
2012		こうと	184	M	1
2012	奏志	そうし	184	M	1
2012	奏汰		185	M	1
2012		こうや	185	M	1
2012	奏汰	かなた	185	M	1
2012	奏翔		186	M	1
2012		こころ	186	M	1
2012	奏翔	かなと	186	M	1
2012	奏輔		187	M	1
2012		こじろう	187	M	1
2012	奏輔	そうすけ	187	M	1
2012	奏陽		188	M	1
2012		ことは	188	M	1
2012	奏陽	かなた	188	M	1
2012	奥楽		189	M	1
2012		さくたろう	189	M	1
2012	奥楽	おくら	189	M	1
2012	奨眞		190	M	1
2012		さくほ	190	M	1
2012	奨眞	しょうま	190	M	1
2012	孔明		191	M	1
2012		さくや	191	M	1
2012	孔明	こうめい	191	M	1
2012	孝太		192	M	1
2012		しおり	192	M	1
2012	孝太	こうた	192	M	1
2012	孝太郎		193	M	1
2012		しゅうた	193	M	1
2012	孝太郎	こうたろう	193	M	1
2012	孝我		194	M	1
2012		しゅうと	194	M	1
2012	孝我	こうが	194	M	1
2012	宇輝		195	M	1
2012		しゅと	195	M	1
2012	宇輝	ひろき	195	M	1
2012	寛大		196	M	1
2012		しゅんじ	196	M	1
2012	寛大	かんた	196	M	1
2012	寧悟		197	M	1
2012		しゆう	197	M	1
2012	寧悟	やすのり	197	M	1
2012	将		198	M	1
2012		しょうえい	198	M	1
2012	将	しょう	198	M	1
2012	将之介		199	M	1
2012		しょうと	199	M	1
2012	将之介	しょうのすけ	199	M	1
2012	将希		200	M	1
2012		しょうのすけ	200	M	1
2012	将希	まさき	200	M	1
2012	将輝		201	M	1
2012		しょおと	201	M	1
2012	将輝	しょうき	201	M	1
2012	尚大		202	M	1
2012		しょーん	202	M	1
2012	尚大	しょうた	202	M	1
2012	尚宜		203	M	1
2012		しんたろう	203	M	1
2012	尚宜	なおき	203	M	1
2012	尚生		204	M	1
2012		しんのすけ	204	M	1
2012	尚生	なお	204	M	1
2012	峡		205	M	1
2012		じょうせい	205	M	1
2012	峡	きょう	205	M	1
2012	峻		206	M	1
2012		すばる	206	M	1
2012	峻	しゅん	206	M	1
2012	崚翔		207	M	1
2012		せいたろう	207	M	1
2012	崚翔	りょうと	207	M	1
2012	嵩		208	M	1
2012		せいや	208	M	1
2012	嵩	こう	208	M	1
2012	巧英		209	M	1
2012		せれん	209	M	1
2012	巧英	こうえい	209	M	1
2012	巧馬		210	M	1
2012		そうき	210	M	1
2012	巧馬	たくま	210	M	1
2012	希歩		211	M	1
2012		そうせい	211	M	1
2012	希歩	のあ	211	M	1
2012	平治		212	M	1
2012		そうたろう	212	M	1
2012	平治	へいじ	212	M	1
2012	幸哉		213	M	1
2012		たいき	213	M	1
2012	幸哉	ゆきや	213	M	1
2012	幸太郎		214	M	1
2012		たいし	214	M	1
2012	幸太郎	こうたろう	214	M	1
2012	幹大		215	M	1
2012		たいち	215	M	1
2012	幹大	かんた	215	M	1
2012	広太朗		216	M	1
2012		たいど	216	M	1
2012	広太朗	こうたろう	216	M	1
2012	広都		217	M	1
2012		たかし	217	M	1
2012	広都	ひろと	217	M	1
2012	康士郎		218	M	1
2012		たく	218	M	1
2012	康士郎	こうしろう	218	M	1
2012	康平		219	M	1
2012		たくや	219	M	1
2012	康平	こうへい	219	M	1
2012	康成		220	M	1
2012		たつおみ	220	M	1
2012	康成	こうせい	220	M	1
2012	康輔		221	M	1
2012		たつごろう	221	M	1
2012	康輔	こうすけ	221	M	1
2012	廉		222	M	1
2012		たつとし	222	M	1
2012	廉	れん	222	M	1
2012	廉士		223	M	1
2012		たつひろ	223	M	1
2012	廉士	れんと	223	M	1
2012	弘晃		224	M	1
2012		たろう	224	M	1
2012	弘晃	ひろあき	224	M	1
2012	彪仁		225	M	1
2012		だいご	225	M	1
2012	彪仁	ひでと	225	M	1
2012	彪悟		226	M	1
2012		だいち	226	M	1
2012	彪悟	ひゅーご	226	M	1
2012	彰仁		227	M	1
2012		だいと	227	M	1
2012	彰仁	あきひと	227	M	1
2012	彰太		228	M	1
2012		ちかい	228	M	1
2012	彰太	しょうた	228	M	1
2012	得全		229	M	1
2012		ちさと	229	M	1
2012	得全	なりあき	229	M	1
2012	徠斗		230	M	1
2012		ちょうせい	230	M	1
2012	徠斗	らいと	230	M	1
2012	徹久		231	M	1
2012		つくる	231	M	1
2012	徹久	てつひさ	231	M	1
2012	心珀		232	M	1
2012		てっぺい	232	M	1
2012	心珀	こはく	232	M	1
2012	心音		233	M	1
2012		てつひさ	233	M	1
2012	心音	しおん	233	M	1
2012	志希		234	M	1
2012		てつま	234	M	1
2012	志希	しき	234	M	1
2012	快斗		235	M	1
2012		とおる	235	M	1
2012	快斗	かいと	235	M	1
2012	快飛		236	M	1
2012		としひろ	236	M	1
2012	快飛	かいと	236	M	1
2012	怜央		237	M	1
2012		ともあき	237	M	1
2012	怜央	れお	237	M	1
2012	怜真		238	M	1
2012		ともひと	238	M	1
2012	怜真	れいま	238	M	1
2012	恭士		239	M	1
2012		ともひろ	239	M	1
2012	恭士	たかと	239	M	1
2012	恵太		240	M	1
2012		とよき	240	M	1
2012	恵太	けいた	240	M	1
2012	悠太郎		241	M	1
2012		なおあき	241	M	1
2012	悠	こころ	241	M	1
2012	悠希		242	M	1
2012		なおき	242	M	1
2012	悠	はる	242	M	1
2012	悠成		243	M	1
2012		なおつぐ	243	M	1
2012	悠	ゆう	243	M	1
2012	悠斗		244	M	1
2012		なおまさ	244	M	1
2012	悠太郎	ゆうたろう	244	M	1
2012	悠樹		245	M	1
2012		なぎ	245	M	1
2012	悠希	ゆうき	245	M	1
2012	悠生		246	M	1
2012		なつき	246	M	1
2012	悠成	ゆうせい	246	M	1
2012	悠稀		247	M	1
2012		なつね	247	M	1
2012	悠斗	ゆうと	247	M	1
2012	悠羽		248	M	1
2012		なみき	248	M	1
2012	悠樹	ゆうき	248	M	1
2012	悠翔		249	M	1
2012		なゆた	249	M	1
2012	悠生	ゆうせい	249	M	1
2012	悠莉		250	M	1
2012		なりあき	250	M	1
2012	悠稀	ゆうき	250	M	1
2012	悠輔		251	M	1
2012		のぶよし	251	M	1
2012	悠羽	ゆう	251	M	1
2012	悠都		252	M	1
2012		はい	252	M	1
2012	悠翔	ゆうと	252	M	1
2012	悠雅		253	M	1
2012		はじめ	253	M	1
2012	悠莉	ゆうり	253	M	1
2012	惣太郎		254	M	1
2012		はつき	254	M	1
2012	悠貴	ゆうき	254	M	1
2012	想		255	M	1
2012		はるあ	255	M	1
2012	悠貴	ゆたか	255	M	1
2012	惺哉		256	M	1
2012		はるいち	256	M	1
2012	悠輔	ゆうすけ	256	M	1
2012	惺成		257	M	1
2012		はるた	257	M	1
2012	悠都	ゆうと	257	M	1
2012	愛士		258	M	1
2012		はるたろう	258	M	1
2012	悠雅	ゆうま	258	M	1
2012	愛斗		259	M	1
2012		はるひと	259	M	1
2012	惣太郎	そうたろう	259	M	1
2012	愛琉		260	M	1
2012		はるゆき	260	M	1
2012	想	そう	260	M	1
2012	愛生		261	M	1
2012		ひかり	261	M	1
2012	惺哉	せいや	261	M	1
2012	愛音		262	M	1
2012		ひさと	262	M	1
2012	惺成	せな	262	M	1
2012	慎之助		263	M	1
2012		ひでひさ	263	M	1
2012	愛士	あいと	263	M	1
2012	慎太郎		264	M	1
2012		ひとし	264	M	1
2012	愛斗	まなと	264	M	1
2012	慧		265	M	1
2012		ひゅーご	265	M	1
2012	愛琉	あいる	265	M	1
2012	慧人		266	M	1
2012		ひりゅう	266	M	1
2012	愛生	あおい	266	M	1
2012	慶伍		267	M	1
2012		ひろあき	267	M	1
2012	愛音	あきと	267	M	1
2012	慶祐		268	M	1
2012		ひろむ	268	M	1
2012	慎之助	しんのすけ	268	M	1
2012	承世		269	M	1
2012		ふう	269	M	1
2012	慎太郎	しんたろう	269	M	1
2012	拓実		270	M	1
2012		ふうた	270	M	1
2012	慧	けい	270	M	1
2012	拓海		271	M	1
2012		ふくひろ	271	M	1
2012	慧人	けいと	271	M	1
2012	拓澄		272	M	1
2012		ふみや	272	M	1
2012	慶伍	けいご	272	M	1
2012	拓磨		273	M	1
2012		へいじ	273	M	1
2012	慶祐	けいすけ	273	M	1
2012	拓空		274	M	1
2012		ほずみ	274	M	1
2012	承世	じょうせい	274	M	1
2012	敦仁		275	M	1
2012		ほたか	275	M	1
2012	拓実	たくみ	275	M	1
2012	敦生		276	M	1
2012		ほまれ	276	M	1
2012	拓海	たくみ	276	M	1
2012	敦貴		277	M	1
2012		まお	277	M	1
2012	拓澄	たくと	277	M	1
2012	文也		278	M	1
2012		まさや	278	M	1
2012	拓磨	たくま	278	M	1
2012	昇太郎		279	M	1
2012		まなと	279	M	1
2012	拓空	たく	279	M	1
2012	昊空		280	M	1
2012		まる	280	M	1
2012	敦仁	あつひと	280	M	1
2012	昊輝		281	M	1
2012		まるこ	281	M	1
2012	敦生	あつき	281	M	1
2012	昌也		282	M	1
2012		まるざね	282	M	1
2012	敦貴	あつき	282	M	1
2012	明樹		283	M	1
2012		みずき	283	M	1
2012	文也	ふみや	283	M	1
2012	春		284	M	1
2012		むげん	284	M	1
2012	昇太郎	しょうたろう	284	M	1
2012	春一		285	M	1
2012		むつき	285	M	1
2012	昊空	そら	285	M	1
2012	晃希		286	M	1
2012		めいたーる	286	M	1
2012	昊輝	こうき	286	M	1
2012	晄大		287	M	1
2012		もとき	287	M	1
2012	昌也	まさや	287	M	1
2012	晴		288	M	1
2012		やすのり	288	M	1
2012	明樹	あき	288	M	1
2012	晴人		289	M	1
2012		ゆうたろう	289	M	1
2012	春	あずま	289	M	1
2012	晴仁		290	M	1
2012		ゆうや	290	M	1
2012	春一	はるいち	290	M	1
2012	晴南		291	M	1
2012		ゆうわ	291	M	1
2012	晃希	こうき	291	M	1
2012	晴太郎		292	M	1
2012		ゆきや	292	M	1
2012	晄大	こうた	292	M	1
2012	晴斗		293	M	1
2012		ゆたか	293	M	1
2012	晴	はる	293	M	1
2012	晴樹		294	M	1
2012		ゆま	294	M	1
2012	晴人	はると	294	M	1
2012	晴琉		295	M	1
2012		ようすけ	295	M	1
2012	晴仁	はるひと	295	M	1
2012	晴登		296	M	1
2012		ようた	296	M	1
2012	晴南	せな	296	M	1
2012	晴真		297	M	1
2012		ようと	297	M	1
2012	晴太郎	せいたろう	297	M	1
2012	智仁		298	M	1
2012		よしき	298	M	1
2012	晴斗	はると	298	M	1
2012	智朗		299	M	1
2012		よしとく	299	M	1
2012	晴樹	はるき	299	M	1
2012	暉馬		300	M	1
2012		よしとも	300	M	1
2012	晴琉	はる	300	M	1
2012	暖人		301	M	1
2012		らいき	301	M	1
2012	晴登	はると	301	M	1
2012	暖和		302	M	1
2012		らいと	302	M	1
2012	晴真	はるま	302	M	1
2012	暖大		303	M	1
2012		りくと	303	M	1
2012	智仁	ともひと	303	M	1
2012	暖琉多		304	M	1
2012		りひと	304	M	1
2012	智朗	ともあき	304	M	1
2012	暖真		305	M	1
2012		りゅうく	305	M	1
2012	暉馬	てるま	305	M	1
2012	有		306	M	1
2012		りゅうし	306	M	1
2012	暖人	はると	306	M	1
2012	有希		307	M	1
2012		りゅうじ	307	M	1
2012	暖和	はると	307	M	1
2012	有生		308	M	1
2012		りゅうすけ	308	M	1
2012	暖大	はると	308	M	1
2012	有祐		309	M	1
2012		りゅうや	309	M	1
2012	暖琉多	はるた	309	M	1
2012	朔歩		310	M	1
2012		りょうと	310	M	1
2012	暖真	はるま	310	M	1
2012	望己斗		311	M	1
2012		りょお	311	M	1
2012	有	ゆう	311	M	1
2012	望葵		312	M	1
2012		りんたろう	312	M	1
2012	有希	ゆうき	312	M	1
2012	朝盛		313	M	1
2012		るうく	313	M	1
2012	有生	ゆうき	313	M	1
2012	朝陽		314	M	1
2012		るきあ	314	M	1
2012	有祐	ゆうすけ	314	M	1
2012	朱希		315	M	1
2012		れいま	315	M	1
2012	朔歩	さくほ	315	M	1
2012	杏介		316	M	1
2012		れいや	316	M	1
2012	望己斗	みなと	316	M	1
2012	柊太		317	M	1
2012		れえや	317	M	1
2012	望葵	のあ	317	M	1
2012	柊磨		318	M	1
2012		れんき	318	M	1
2012	朝盛	ちょうせい	318	M	1
2012	柊羽		319	M	1
2012		れんせい	319	M	1
2012	朝陽	あさひ	319	M	1
2012	柚満		320	M	1
2012		れんた	320	M	1
2012	朱希	しき	320	M	1
2012	栞		321	M	1
2012		ろく	321	M	1
2012	杏介	きょうすけ	321	M	1
2012	桜助		322	M	1
2012		ろくた	322	M	1
2012	柊太	しゅうた	322	M	1
2012	桜雅		323	M	1
2012		わりん	323	M	1
2012	柊磨	しゅうま	323	M	1
2012	楓太		324	M	1
2012	柊羽	しゅと	324	M	1
2012	楓歌		325	M	1
2012	柚満	ゆま	325	M	1
2012	樹己		326	M	1
2012	栞	しおり	326	M	1
2012	正太郎		327	M	1
2012	桜助	おうすけ	327	M	1
2012	正真		328	M	1
2012	桜雅	おうが	328	M	1
2012	正輝		329	M	1
2012	楓太	ふうた	329	M	1
2012	歩純		330	M	1
2012	楓歌	ふう	330	M	1
2012	永心		331	M	1
2012	樹己	たつき	331	M	1
2012	永輝		332	M	1
2012	櫂	かい	332	M	1
2012	汐音		333	M	1
2012	櫂	かいし	333	M	1
2012	治太郎		334	M	1
2012	正太郎	しょうたろう	334	M	1
2012	治将		335	M	1
2012	正真	しょうま	335	M	1
2012	泰土		336	M	1
2012	正輝	まさき	336	M	1
2012	泰河		337	M	1
2012	歩純	ほずみ	337	M	1
2012	浩太朗		338	M	1
2012	永心	えいしん	338	M	1
2012	浩貴		339	M	1
2012	永輝	とき	339	M	1
2012	海		340	M	1
2012	汐音	しおん	340	M	1
2012	海斗		341	M	1
2012	治太郎	はるたろう	341	M	1
2012	海翔		342	M	1
2012	治将	なおまさ	342	M	1
2012	海舟		343	M	1
2012	泰土	たいど	343	M	1
2012	涼亮		344	M	1
2012	泰河	たいが	344	M	1
2012	涼助		345	M	1
2012	浩太朗	こうたろう	345	M	1
2012	涼大		346	M	1
2012	浩貴	ひろき	346	M	1
2012	涼雅		347	M	1
2012	海	かい	347	M	1
2012	渉		348	M	1
2012	海斗	かいと	348	M	1
2012	渉路		349	M	1
2012	海翔	かいと	349	M	1
2012	渚葵		350	M	1
2012	海舟	かいしゅう	350	M	1
2012	温太		351	M	1
2012	涼亮	りょうすけ	351	M	1
2012	温馬		352	M	1
2012	涼助	りょうすけ	352	M	1
2012	湊		353	M	1
2012	涼大	りょうた	353	M	1
2012	湊大		354	M	1
2012	涼雅	りゅうが	354	M	1
2012	湊音		355	M	1
2012	渉	わたる	355	M	1
2012	滉人		356	M	1
2012	渉路	わたる	356	M	1
2012	漣心		357	M	1
2012	渚葵	なみき	357	M	1
2012	灯真		358	M	1
2012	温太	はると	358	M	1
2012	煌		359	M	1
2012	温馬	はるま	359	M	1
2012	煌大		360	M	1
2012	湊	みなと	360	M	1
2012	煌明		361	M	1
2012	湊大	そうた	361	M	1
2012	煌樹		362	M	1
2012	湊音	みなと	362	M	1
2012	煌祐		363	M	1
2012	滉人	こうと	363	M	1
2012	煌騎		364	M	1
2012	漣心	れん	364	M	1
2012	煌麒		365	M	1
2012	灯真	とうま	365	M	1
2012	獅音		366	M	1
2012	煌	きら	366	M	1
2012	玄武		367	M	1
2012	煌大	こうだい	367	M	1
2012	玲於		368	M	1
2012	煌明	こうめい	368	M	1
2012	珠陽		369	M	1
2012	煌樹	こうき	369	M	1
2012	理		370	M	1
2012	煌祐	こうすけ	370	M	1
2012	理仁		371	M	1
2012	煌騎	らいき	371	M	1
2012	琉夏		372	M	1
2012	煌麒	こうき	372	M	1
2012	琉河		373	M	1
2012	獅音	しょーん	373	M	1
2012	琉粋		374	M	1
2012	玄武	げんぶ	374	M	1
2012	琉紅		375	M	1
2012	玲於	れお	375	M	1
2012	琉翔		376	M	1
2012	珠陽	すばる	376	M	1
2012	琉輝亜		377	M	1
2012	理	おさむ	377	M	1
2012	琉音		378	M	1
2012	理仁	りひと	378	M	1
2012	琉馬		379	M	1
2012	琉夏	るか	379	M	1
2012	琥二郎		380	M	1
2012	琉斗	りゅうと	380	M	1
2012	琥太朗		381	M	1
2012	琉斗	るいと	381	M	1
2012	琥太郎		382	M	1
2012	琉河	りゅうが	382	M	1
2012	琥珀		383	M	1
2012	琉粋	るき	383	M	1
2012	琴葉		384	M	1
2012	琉紅	りく	384	M	1
2012	瑛仁		385	M	1
2012	琉翔	るいと	385	M	1
2012	瑛大		386	M	1
2012	琉輝亜	るきあ	386	M	1
2012	瑛生		387	M	1
2012	琉音	りゅうと	387	M	1
2012	瑞生		388	M	1
2012	琉馬	りゅうま	388	M	1
2012	瑠哉		389	M	1
2012	琥二郎	こじろう	389	M	1
2012	瑠空		390	M	1
2012	琥太朗	こたろう	390	M	1
2012	瑠郁		391	M	1
2012	琥太郎	こたろう	391	M	1
2012	璃空		392	M	1
2012	琥珀	こはく	392	M	1
2012	生空		393	M	1
2012	琴葉	ことは	393	M	1
2012	由梧		394	M	1
2012	瑛仁	あきひと	394	M	1
2012	皆人		395	M	1
2012	瑛大	えいと	395	M	1
2012	皓士朗		396	M	1
2012	瑛生	えいき	396	M	1
2012	皓大		397	M	1
2012	瑞生	みずき	397	M	1
2012	直		398	M	1
2012	瑠哉	るか	398	M	1
2012	直晃		399	M	1
2012	瑠空	るうく	399	M	1
2012	直胤		400	M	1
2012	瑠郁	るい	400	M	1
2012	真琉		401	M	1
2012	璃空	りく	401	M	1
2012	真生		402	M	1
2012	生空	いく	402	M	1
2012	真翔		403	M	1
2012	由梧	ゆうご	403	M	1
2012	睦生		404	M	1
2012	皆人	みなと	404	M	1
2012	瞬多		405	M	1
2012	皓士朗	こうしろう	405	M	1
2012	知大		406	M	1
2012	皓大	こうた	406	M	1
2012	碧希		407	M	1
2012	直	なお	407	M	1
2012	碧葉		408	M	1
2012	直晃	なおあき	408	M	1
2012	祐来		409	M	1
2012	直胤	なおつぐ	409	M	1
2012	禄		410	M	1
2012	真琉	まる	410	M	1
2012	禄太		411	M	1
2012	真生	まお	411	M	1
2012	福啓		412	M	1
2012	真翔	まさと	412	M	1
2012	秀人		413	M	1
2012	睦生	むつき	413	M	1
2012	秀悠		414	M	1
2012	瞬多	しゅんた	414	M	1
2012	秀磨		415	M	1
2012	知大	ともひろ	415	M	1
2012	秋翔		416	M	1
2012	碧希	あいき	416	M	1
2012	稀優		417	M	1
2012	碧葉	あおば	417	M	1
2012	稀斗		418	M	1
2012	祐来	ゆうき	418	M	1
2012	稜久		419	M	1
2012	禄	ろく	419	M	1
2012	穂高		420	M	1
2012	禄太	ろくた	420	M	1
2012	空大		421	M	1
2012	福啓	ふくひろ	421	M	1
2012	竜		422	M	1
2012	秀人	ひでと	422	M	1
2012	竜乃介		423	M	1
2012	秀悠	ひでひさ	423	M	1
2012	竜也		424	M	1
2012	秀磨	しゅうま	424	M	1
2012	竜俊		425	M	1
2012	秋翔	しゅうと	425	M	1
2012	竜助		426	M	1
2012	稀優	きひろ	426	M	1
2012	竜大		427	M	1
2012	稀斗	きと	427	M	1
2012	竜希		428	M	1
2012	稜久	りく	428	M	1
2012	竜平		429	M	1
2012	穂高	ほたか	429	M	1
2012	竜真		430	M	1
2012	空大	そら	430	M	1
2012	竜臣		431	M	1
2012	竜	りゅう	431	M	1
2012	篤志		432	M	1
2012	竜乃介	りゅうのすけ	432	M	1
2012	絆喜		433	M	1
2012	竜也	たつや	433	M	1
2012	結大		434	M	1
2012	竜俊	たつとし	434	M	1
2012	結星		435	M	1
2012	竜助	りゅうすけ	435	M	1
2012	結良		436	M	1
2012	竜大	たつひろ	436	M	1
2012	結音		437	M	1
2012	竜希	たつき	437	M	1
2012	絢心		438	M	1
2012	竜平	りゅうへい	438	M	1
2012	統		439	M	1
2012	竜真	りゅうしん	439	M	1
2012	統真		440	M	1
2012	竜臣	たつおみ	440	M	1
2012	維吹		441	M	1
2012	篤志	あつし	441	M	1
2012	維太		442	M	1
2012	絆喜	きずき	442	M	1
2012	綾真		443	M	1
2012	結人	ゆうと	443	M	1
2012	総		444	M	1
2012	結大	ゆいと	444	M	1
2012	総太		445	M	1
2012	結星	ゆら	445	M	1
2012	練成		446	M	1
2012	結良	ゆら	446	M	1
2012	縁唯杜		447	M	1
2012	結音	ゆうと	447	M	1
2012	羚也		448	M	1
2012	絢心	けんしん	448	M	1
2012	羚弥		449	M	1
2012	統	とおる	449	M	1
2012	義樹		450	M	1
2012	統真	とうま	450	M	1
2012	羽維		451	M	1
2012	維吹	いぶき	451	M	1
2012	翔健		452	M	1
2012	維太	ゆいと	452	M	1
2012	翔哉		453	M	1
2012	綾真	りょうま	453	M	1
2012	翔埜		454	M	1
2012	総	そう	454	M	1
2012	翔天		455	M	1
2012	総太	そうた	455	M	1
2012	翔太郎		456	M	1
2012	練成	れんせい	456	M	1
2012	翔己		457	M	1
2012	縁唯杜	えいと	457	M	1
2012	翔希		458	M	1
2012	羚也	れいや	458	M	1
2012	翔斗		459	M	1
2012	羚弥	れえや	459	M	1
2012	翔永		460	M	1
2012	義樹	よしき	460	M	1
2012	翔音		461	M	1
2012	羽維	はい	461	M	1
2012	翠		462	M	1
2012	翔	かける	462	M	1
2012	耀太		463	M	1
2012	翔	しょう	463	M	1
2012	聡一郎		464	M	1
2012	翔健	ひろと	464	M	1
2012	育志		465	M	1
2012	翔哉	しょうや	465	M	1
2012	脩吾		466	M	1
2012	翔埜	しょうや	466	M	1
2012	航		467	M	1
2012	翔天	しょうま	467	M	1
2012	航亮		468	M	1
2012	翔太郎	しょうたろう	468	M	1
2012	航基		469	M	1
2012	翔己	しょうき	469	M	1
2012	航大		470	M	1
2012	翔希	とき	470	M	1
2012	芳智		471	M	1
2012	翔斗	しょうと	471	M	1
2012	莉生		472	M	1
2012	翔永	しょうえい	472	M	1
2012	葉登		473	M	1
2012	翔音	しょおと	473	M	1
2012	葵		474	M	1
2012	翠	あきら	474	M	1
2012	葵士		475	M	1
2012	耀太	ようた	475	M	1
2012	葵翔		476	M	1
2012	聡一郎	そういちろう	476	M	1
2012	蒼		477	M	1
2012	育志	いくし	477	M	1
2012	蒼也		478	M	1
2012	脩吾	ゆうわ	478	M	1
2012	蒼大		479	M	1
2012	航	わたる	479	M	1
2012	蒼太		480	M	1
2012	航亮	こうすけ	480	M	1
2012	蒼弥		481	M	1
2012	航基	こうき	481	M	1
2012	蒼志		482	M	1
2012	航大	こうだい	482	M	1
2012	蒼生		483	M	1
2012	芳智	よしとも	483	M	1
2012	蒼真		484	M	1
2012	莉生	れい	484	M	1
2012	蒼詩		485	M	1
2012	葉登	ようと	485	M	1
2012	蓮大		486	M	1
2012	葵	あおい	486	M	1
2012	蓮生		487	M	1
2012	葵士	あおし	487	M	1
2012	蓮翔		488	M	1
2012	葵翔	あおと	488	M	1
2012	蓮音		489	M	1
2012	蒼	そう	489	M	1
2012	薫		490	M	1
2012	蒼也	そうや	490	M	1
2012	虎太朗		491	M	1
2012	蒼大	そうた	491	M	1
2012	虎太郎		492	M	1
2012	蒼太	そうた	492	M	1
2012	虎琉		493	M	1
2012	蒼弥	そうや	493	M	1
2012	虹		494	M	1
2012	蒼志	そうし	494	M	1
2012	虹介		495	M	1
2012	蒼生	あおい	495	M	1
2012	虹稀		496	M	1
2012	蒼真	そうま	496	M	1
2012	裕理		497	M	1
2012	蒼詩	そうし	497	M	1
2012	詠絃		498	M	1
2012	蓮大	れんた	498	M	1
2012	詢真		499	M	1
2012	蓮生	れんき	499	M	1
2012	詩温		500	M	1
2012	蓮翔	れんと	500	M	1
2012	誉心		501	M	1
2012	蓮音	れおん	501	M	1
2012	誓		502	M	1
2012	薫	かおる	502	M	1
2012	諒侑		503	M	1
2012	虎太朗	こたろう	503	M	1
2012	諒河		504	M	1
2012	虎太郎	こたろう	504	M	1
2012	謙信		505	M	1
2012	虎琉	たける	505	M	1
2012	豊葵		506	M	1
2012	虹	こう	506	M	1
2012	貴志		507	M	1
2012	虹介	こうすけ	507	M	1
2012	賢伸		508	M	1
2012	虹稀	こうき	508	M	1
2012	輝		509	M	1
2012	裕理	ゆうり	509	M	1
2012	逞翔		510	M	1
2012	詠絃	えいと	510	M	1
2012	達也		511	M	1
2012	詢真	とうま	511	M	1
2012	遙士		512	M	1
2012	詩温	しおん	512	M	1
2012	遼大		513	M	1
2012	誉心	ほまれ	513	M	1
2012	遼幸		514	M	1
2012	誓	ちかい	514	M	1
2012	還永		515	M	1
2012	諒侑	りょうすけ	515	M	1
2012	那由太		516	M	1
2012	諒河	りゅうが	516	M	1
2012	里空		517	M	1
2012	謙信	けんしん	517	M	1
2012	鉄平		518	M	1
2012	豊葵	とよき	518	M	1
2012	陸斗		519	M	1
2012	貴志	たかし	519	M	1
2012	陽		520	M	1
2012	賢伸	けんしん	520	M	1
2012	陽仁		521	M	1
2012	輝	ひかる	521	M	1
2012	陽介		522	M	1
2012	逞翔	たくと	522	M	1
2012	陽向		523	M	1
2012	達也	たつや	523	M	1
2012	陽基		524	M	1
2012	遙士	はると	524	M	1
2012	陽夏瑠		525	M	1
2012	遼大	りょうた	525	M	1
2012	陽奏		526	M	1
2012	遼幸	はるゆき	526	M	1
2012	陽希		527	M	1
2012	還永	かんえい	527	M	1
2012	陽智		528	M	1
2012	那由太	なゆた	528	M	1
2012	陽真		529	M	1
2012	里空	りく	529	M	1
2012	陽輝		530	M	1
2012	鉄平	てっぺい	530	M	1
2012	隼大		531	M	1
2012	陸斗	りくと	531	M	1
2012	雄也		532	M	1
2012	陽	ひなた	532	M	1
2012	雄大		533	M	1
2012	陽仁	あやと	533	M	1
2012	雄葵		534	M	1
2012	陽介	ようすけ	534	M	1
2012	雄貴		535	M	1
2012	陽向	ひなた	535	M	1
2012	雄飛		536	M	1
2012	陽基	はるき	536	M	1
2012	雅翔		537	M	1
2012	陽夏瑠	ひかる	537	M	1
2012	零		538	M	1
2012	陽奏	はるあ	538	M	1
2012	颯一朗		539	M	1
2012	陽希	はるき	539	M	1
2012	颯斗		540	M	1
2012	陽智	ひさと	540	M	1
2012	颯汰		541	M	1
2012	陽真	はるま	541	M	1
2012	颯真		542	M	1
2012	陽翔	あきと	542	M	1
2012	颯翼		543	M	1
2012	陽輝	はるき	543	M	1
2012	飛琉		544	M	1
2012	隼大	しゅんた	544	M	1
2012	駿		545	M	1
2012	雄也	ゆうや	545	M	1
2012	駿丞		546	M	1
2012	雄大	ゆうた	546	M	1
2012	駿司		547	M	1
2012	雄葵	ゆうき	547	M	1
2012	駿太		548	M	1
2012	雄貴	ゆうき	548	M	1
2012	龍		549	M	1
2012	雄飛	ゆうひ	549	M	1
2012	龍信		550	M	1
2012	雅翔	まさと	550	M	1
2012	龍哉		551	M	1
2012	零	れい	551	M	1
2012	龍希		552	M	1
2012	颯一朗	そういちろう	552	M	1
2012	龍平		553	M	1
2012	颯斗	はやと	553	M	1
2012	龍征		554	M	1
2012	颯汰	そうた	554	M	1
2012	龍悟朗		555	M	1
2012	颯真	そうま	555	M	1
2012	龍我		556	M	1
2012	颯翼	そうすけ	556	M	1
2012	龍星		557	M	1
2012	飛琉	ひりゅう	557	M	1
2012	龍晟		558	M	1
2012	駿	しゅん	558	M	1
2012	龍毅		559	M	1
2012	駿丞	しゅんすけ	559	M	1
2012	龍王		560	M	1
2012	駿司	しゅんじ	560	M	1
2012	龍翔		561	M	1
2012	駿太	しゅんた	561	M	1
2012	龍誠		562	M	1
2012	龍	りゅう	562	M	1
2012	龍飛		563	M	1
2012	龍也	たつや	563	M	1
2012	龍馬		564	M	1
2012	龍也	りゅうや	564	M	1
2012	龍信	りゅうしん	565	M	1
2012	龍哉	たつや	566	M	1
2012	龍希	たつき	567	M	1
2012	龍平	りゅうへい	568	M	1
2012	龍征	りゅうせい	569	M	1
2012	龍志	りゅうし	570	M	1
2012	龍志	りゅうじ	571	M	1
2012	龍悟朗	たつごろう	572	M	1
2012	龍我	りゅうが	573	M	1
2012	龍星	りゅうせい	574	M	1
2012	龍晟	りゅうせい	575	M	1
2012	龍毅	りゅうき	576	M	1
2012	龍王	るき	577	M	1
2012	龍生	たつき	578	M	1
2012	龍生	りゅうせい	579	M	1
2012	龍空	りく	580	M	1
2012	龍空	りゅうく	581	M	1
2012	龍翔	りゅうと	582	M	1
2012	龍誠	りゅうせい	583	M	1
2012	龍飛	りゅうと	584	M	1
2012	龍馬	りゅうま	585	M	1
2013	葵		1	F	4
2013		あおい	1	F	8
2013	葵	あおい	1	F	4
2013	ほのか		2	F	3
2013		かんな	2	F	7
2013	ほのか	ほのか	2	F	3
2013	優		3	F	3
2013		さき	3	F	6
2013	優	ゆう	3	F	3
2013	優花		4	F	3
2013		さら	4	F	6
2013	心桜	みお	4	F	3
2013	心桜		5	F	3
2013		みお	5	F	6
2013	すみれ	すみれ	5	F	2
2013	すみれ		6	F	2
2013		ひまり	6	F	5
2013	みのり	みのり	6	F	2
2013	みのり		7	F	2
2013		ふうか	7	F	5
2013	ゆうい	ゆうい	7	F	2
2013	ゆうい		8	F	2
2013		ほのか	8	F	5
2013	りあな	りあな	8	F	2
2013	りあな		9	F	2
2013		ゆあ	9	F	5
2013	優月	ゆづき	9	F	2
2013	優奈		10	F	2
2013		ゆい	10	F	5
2013	優花	ゆうか	10	F	2
2013	優月		11	F	2
2013		りお	11	F	5
2013	優衣	ゆい	11	F	2
2013	優衣		12	F	2
2013		りん	12	F	5
2013	凜	りん	12	F	2
2013	凜		13	F	2
2013		こはる	13	F	4
2013	千花	ちか	13	F	2
2013	千尋		14	F	2
2013		すみれ	14	F	4
2013	咲希	さき	14	F	2
2013	千花		15	F	2
2013		ちか	15	F	4
2013	小春	こはる	15	F	2
2013	友愛		16	F	2
2013		はな	16	F	4
2013	小百合	さゆり	16	F	2
2013	咲希		17	F	2
2013		はるか	17	F	4
2013	彩晴	いろは	17	F	2
2013	小春		18	F	2
2013		まい	18	F	4
2013	愛結	あゆ	18	F	2
2013	小百合		19	F	2
2013		まお	19	F	4
2013	柑奈	かんな	19	F	2
2013	彩愛		20	F	2
2013		みつき	20	F	4
2013	栞那	かんな	20	F	2
2013	彩晴		21	F	2
2013		めい	21	F	4
2013	桜	さくら	21	F	2
2013	心優		22	F	2
2013		れい	22	F	4
2013	櫻子	さくらこ	22	F	2
2013	愛未		23	F	2
2013		あいさ	23	F	3
2013	真歩	まほ	23	F	2
2013	愛結		24	F	2
2013		あかり	24	F	3
2013	真衣	まい	24	F	2
2013	柑奈		25	F	2
2013		あやか	25	F	3
2013	紗愛	さら	25	F	2
2013	栞那		26	F	2
2013		いちか	26	F	3
2013	紗瑛	さえ	26	F	2
2013	桜		27	F	2
2013		いろは	27	F	3
2013	美琴	みこと	27	F	2
2013	櫻子		28	F	2
2013		かほ	28	F	3
2013	美羽	みう	28	F	2
2013	百恵		29	F	2
2013		さくら	29	F	3
2013	花	はな	29	F	2
2013	真歩		30	F	2
2013		さゆり	30	F	3
2013	遥	はるか	30	F	2
2013	真衣		31	F	2
2013		ななみ	31	F	3
2013	鈴	すず	31	F	2
2013	穂花		32	F	2
2013		ひかり	32	F	3
2013	陽菜乃	ひなの	32	F	2
2013	紗愛		33	F	2
2013		ひな	33	F	3
2013	あいこ	あいこ	33	F	1
2013	紗瑛		34	F	2
2013		ひなの	34	F	3
2013	あかり	あかり	34	F	1
2013	美琴		35	F	2
2013		ひより	35	F	3
2013	かほ	かほ	35	F	1
2013	美空		36	F	2
2013		まな	36	F	3
2013	かんな	かんな	36	F	1
2013	美羽		37	F	2
2013		みう	37	F	3
2013	きよ音	きよね	37	F	1
2013	花		38	F	2
2013		みこと	38	F	3
2013	こはる	こはる	38	F	1
2013	遥		39	F	2
2013		みのり	39	F	3
2013	こもも	こもも	39	F	1
2013	鈴		40	F	2
2013		みゆ	40	F	3
2013	さあの	さあの	40	F	1
2013	陽向		41	F	2
2013		ゆう	41	F	3
2013	さゆり	さゆり	41	F	1
2013	陽菜乃		42	F	2
2013		ゆうか	42	F	3
2013	つばき	つばき	42	F	1
2013	あいこ		43	F	1
2013		ゆず	43	F	3
2013	つばさ	つばさ	43	F	1
2013	あかり		44	F	1
2013		ゆづき	44	F	3
2013	つばめ	つばめ	44	F	1
2013	かほ		45	F	1
2013		りあな	45	F	3
2013	つむぎ	つむぎ	45	F	1
2013	かんな		46	F	1
2013		りな	46	F	3
2013	なう	なう	46	F	1
2013	きよ音		47	F	1
2013		るな	47	F	3
2013	なない	なない	47	F	1
2013	こはる		48	F	1
2013		れな	48	F	3
2013	ななみ	ななみ	48	F	1
2013	こもも		49	F	1
2013		あいか	49	F	2
2013	なるみ	なるみ	49	F	1
2013	さあの		50	F	1
2013		あこ	50	F	2
2013	のあ	のあ	50	F	1
2013	さゆり		51	F	1
2013		あみ	51	F	2
2013	はぐみ	はぐみ	51	F	1
2013	つばき		52	F	1
2013		あやな	52	F	2
2013	ひかり	ひかり	52	F	1
2013	つばさ		53	F	1
2013		あゆ	53	F	2
2013	ひまり	ひまり	53	F	1
2013	つばめ		54	F	1
2013		あん	54	F	2
2013	ひより	ひより	54	F	1
2013	つむぎ		55	F	1
2013		いつか	55	F	2
2013	まはな	まはな	55	F	1
2013	なう		56	F	1
2013		かえで	56	F	2
2013	みこと	みこと	56	F	1
2013	なない		57	F	1
2013		かな	57	F	2
2013	みさと	みさと	57	F	1
2013	ななみ		58	F	1
2013		かのん	58	F	2
2013	みつき	みつき	58	F	1
2013	なるみ		59	F	1
2013		このみ	59	F	2
2013	みゆ	みゆ	59	F	1
2013	のあ		60	F	1
2013		さえ	60	F	2
2013	みらい	みらい	60	F	1
2013	はぐみ		61	F	1
2013		さくらこ	61	F	2
2013	もも	もも	61	F	1
2013	ひかり		62	F	1
2013		すず	62	F	2
2013	ゆい子	ゆいこ	62	F	1
2013	ひまり		63	F	1
2013		せいら	63	F	2
2013	ゆず	ゆず	63	F	1
2013	ひより		64	F	1
2013		そら	64	F	2
2013	ゆず季	ゆずき	64	F	1
2013	まはな		65	F	1
2013		ちはる	65	F	2
2013	りおな	りおな	65	F	1
2013	みこと		66	F	1
2013		つばさ	66	F	2
2013	りん	りん	66	F	1
2013	みさと		67	F	1
2013		つむぎ	67	F	2
2013	れい	れい	67	F	1
2013	みつき		68	F	1
2013		なつ	68	F	2
2013	レナ	れな	68	F	1
2013	みゆ		69	F	1
2013		なつき	69	F	2
2013	一花	いちか	69	F	1
2013	みらい		70	F	1
2013		ななこ	70	F	2
2013	一華	いちか	70	F	1
2013	もも		71	F	1
2013		ひなこ	71	F	2
2013	七海	ななみ	71	F	1
2013	ゆい子		72	F	1
2013		ひなた	72	F	2
2013	七都	なつ	72	F	1
2013	ゆず		73	F	1
2013		まなみ	73	F	2
2013	二胡	にこ	73	F	1
2013	ゆず季		74	F	1
2013		まほ	74	F	2
2013	亜美	あみ	74	F	1
2013	りおな		75	F	1
2013		みく	75	F	2
2013	伶	れい	75	F	1
2013	りん		76	F	1
2013		みらい	76	F	2
2013	佑美	ゆみ	76	F	1
2013	れい		77	F	1
2013		ももか	77	F	2
2013	佳子	かこ	77	F	1
2013	レナ		78	F	1
2013		ゆいか	78	F	2
2013	佳音	かのん	78	F	1
2013	一花		79	F	1
2013		ゆうい	79	F	2
2013	侑月稀	ゆづき	79	F	1
2013	一華		80	F	1
2013		ゆうな	80	F	2
2013	依吹	いぶき	80	F	1
2013	七海		81	F	1
2013		ゆうり	81	F	2
2013	倍子	ますこ	81	F	1
2013	七都		82	F	1
2013		ゆかり	82	F	2
2013	優利	ゆうり	82	F	1
2013	二胡		83	F	1
2013		ゆずき	83	F	2
2013	優奈	ゆうな	83	F	1
2013	亜美		84	F	1
2013		ゆずな	84	F	2
2013	優奈	ゆな	84	F	1
2013	伶		85	F	1
2013		ゆな	85	F	2
2013	優奏音	ゆずね	85	F	1
2013	佑美		86	F	1
2013		ゆみ	86	F	2
2013	優希	ゆうき	86	F	1
2013	佳子		87	F	1
2013		ゆら	87	F	2
2013	優愛	ゆあ	87	F	1
2013	佳音		88	F	1
2013		あい	88	F	1
2013	優空	ゆら	88	F	1
2013	侑月稀		89	F	1
2013		あいこ	89	F	1
2013	優育	ひなり	89	F	1
2013	依吹		90	F	1
2013		あいな	90	F	1
2013	優花	ゆな	90	F	1
2013	倍子		91	F	1
2013		あいみ	91	F	1
2013	優莉	ゆうり	91	F	1
2013	優利		92	F	1
2013		あいり	92	F	1
2013	優里香	ゆりか	92	F	1
2013	優奏音		93	F	1
2013		あおば	93	F	1
2013	光希	みつき	93	F	1
2013	優希		94	F	1
2013		あかりこ	94	F	1
2013	光紀	みつき	94	F	1
2013	優愛		95	F	1
2013		あき	95	F	1
2013	光莉	ひかり	95	F	1
2013	優空		96	F	1
2013		あすか	96	F	1
2013	光里	ひかり	96	F	1
2013	優育		97	F	1
2013		あずさ	97	F	1
2013	凛	りん	97	F	1
2013	優莉		98	F	1
2013		あのん	98	F	1
2013	凛香	りんか	98	F	1
2013	優里香		99	F	1
2013		あまと	99	F	1
2013	利菜	りな	99	F	1
2013	光希		100	F	1
2013		あまね	100	F	1
2013	加恋	かれん	100	F	1
2013	光紀		101	F	1
2013		あみか	101	F	1
2013	千尋	ちひる	101	F	1
2013	光莉		102	F	1
2013		あやせ	102	F	1
2013	千尋	ちひろ	102	F	1
2013	光里		103	F	1
2013		あやね	103	F	1
2013	千栄	ちはる	103	F	1
2013	凛		104	F	1
2013		あやみ	104	F	1
2013	千賀	ちか	104	F	1
2013	凛香		105	F	1
2013		ありあ	105	F	1
2013	千遥	ちはる	105	F	1
2013	利菜		106	F	1
2013		あんじゅ	106	F	1
2013	千鶴	ちづる	106	F	1
2013	加恋		107	F	1
2013		あんな	107	F	1
2013	友愛	とあ	107	F	1
2013	千栄		108	F	1
2013		いちご	108	F	1
2013	友愛	ゆめ	108	F	1
2013	千賀		109	F	1
2013		いぶき	109	F	1
2013	友結	ゆい	109	F	1
2013	千遥		110	F	1
2013		うらん	110	F	1
2013	可菜	かな	110	F	1
2013	千鶴		111	F	1
2013		えそら	111	F	1
2013	和佳南	わかな	111	F	1
2013	友結		112	F	1
2013		えみね	112	F	1
2013	和花	のどか	112	F	1
2013	可菜		113	F	1
2013		えみは	113	F	1
2013	咲	さき	113	F	1
2013	和佳南		114	F	1
2013		えり	114	F	1
2013	咲來	さくら	114	F	1
2013	和花		115	F	1
2013		えりか	115	F	1
2013	咲奈	さきな	115	F	1
2013	咲		116	F	1
2013		えれん	116	F	1
2013	咲姫	さき	116	F	1
2013	咲來		117	F	1
2013		おうか	117	F	1
2013	咲子	さきこ	117	F	1
2013	咲奈		118	F	1
2013		かこ	118	F	1
2013	咲智	さち	118	F	1
2013	咲姫		119	F	1
2013		かづき	119	F	1
2013	咲穂	さほ	119	F	1
2013	咲子		120	F	1
2013		かなめ	120	F	1
2013	唯夏都	いつか	120	F	1
2013	咲智		121	F	1
2013		かや	121	F	1
2013	唯花	ゆいか	121	F	1
2013	咲穂		122	F	1
2013		かりん	122	F	1
2013	団	だん	122	F	1
2013	唯夏都		123	F	1
2013		かれん	123	F	1
2013	塔子	とうこ	123	F	1
2013	唯花		124	F	1
2013		きなつ	124	F	1
2013	夏千花	なちか	124	F	1
2013	団		125	F	1
2013		きほ	125	F	1
2013	夏子	なつこ	125	F	1
2013	塔子		126	F	1
2013		きゆ	126	F	1
2013	夏希	なつき	126	F	1
2013	夏千花		127	F	1
2013		きよね	127	F	1
2013	夏芽	なつめ	127	F	1
2013	夏子		128	F	1
2013		きらん	128	F	1
2013	夕菜	ゆうな	128	F	1
2013	夏希		129	F	1
2013		きわ	129	F	1
2013	多実	たみ	129	F	1
2013	夏芽		130	F	1
2013		くるみ	130	F	1
2013	天翔	あまと	130	F	1
2013	夕菜		131	F	1
2013		ここ	131	F	1
2013	天音	あまね	131	F	1
2013	多実		132	F	1
2013		ここみ	132	F	1
2013	奈々	なな	132	F	1
2013	天翔		133	F	1
2013		ここら	133	F	1
2013	奈菜子	ななこ	133	F	1
2013	天音		134	F	1
2013		ことか	134	F	1
2013	奈都	なつ	134	F	1
2013	奈々		135	F	1
2013		ことな	135	F	1
2013	奏来	そら	135	F	1
2013	奈菜子		136	F	1
2013		ことね	136	F	1
2013	奏芽	かなめ	136	F	1
2013	奈都		137	F	1
2013		ことみ	137	F	1
2013	好実	このみ	137	F	1
2013	奏来		138	F	1
2013		ことり	138	F	1
2013	好美	このみ	138	F	1
2013	奏芽		139	F	1
2013		こな	139	F	1
2013	季優	きゆ	139	F	1
2013	好実		140	F	1
2013		このか	140	F	1
2013	寧	ねい	140	F	1
2013	好美		141	F	1
2013		こはな	141	F	1
2013	寧音	ねね	141	F	1
2013	季優		142	F	1
2013		こもも	142	F	1
2013	寿々乃	すずの	142	F	1
2013	寧		143	F	1
2013		こゆき	143	F	1
2013	希和	きわ	143	F	1
2013	寧音		144	F	1
2013		さあの	144	F	1
2013	希夏	きなつ	144	F	1
2013	寿々乃		145	F	1
2013		さあら	145	F	1
2013	希穂	きほ	145	F	1
2013	希和		146	F	1
2013		さきこ	146	F	1
2013	希藍	きらん	146	F	1
2013	希夏		147	F	1
2013		さきな	147	F	1
2013	幸来	さら	147	F	1
2013	希穂		148	F	1
2013		さきほ	148	F	1
2013	幸穂	ゆきほ	148	F	1
2013	希藍		149	F	1
2013		さち	149	F	1
2013	彩世	あやせ	149	F	1
2013	幸来		150	F	1
2013		さつき	150	F	1
2013	彩加	あやか	150	F	1
2013	幸穂		151	F	1
2013		さな	151	F	1
2013	彩夏	あやか	151	F	1
2013	彩世		152	F	1
2013		さほ	152	F	1
2013	彩心	あやみ	152	F	1
2013	彩加		153	F	1
2013		さゆき	153	F	1
2013	彩愛	いちか	153	F	1
2013	彩夏		154	F	1
2013		しおり	154	F	1
2013	彩愛	さあら	154	F	1
2013	彩心		155	F	1
2013		しき	155	F	1
2013	彩桜	さら	155	F	1
2013	彩桜		156	F	1
2013		しずき	156	F	1
2013	彩良	さら	156	F	1
2013	彩良		157	F	1
2013		しずく	157	F	1
2013	彩花	いろは	157	F	1
2013	彩花		158	F	1
2013		しずな	158	F	1
2013	彩菜	あやな	158	F	1
2013	彩菜		159	F	1
2013		しほ	159	F	1
2013	彩音	あやね	159	F	1
2013	彩音		160	F	1
2013		しゅい	160	F	1
2013	心優	みゆ	160	F	1
2013	心愛		161	F	1
2013		しゅう	161	F	1
2013	心優	みゆう	161	F	1
2013	心暖		162	F	1
2013		しゅうと	162	F	1
2013	心愛	ここら	162	F	1
2013	心瑚		163	F	1
2013		しゅか	163	F	1
2013	心暖	こはる	163	F	1
2013	心絆		164	F	1
2013		しゅり	164	F	1
2013	心瑚	ここ	164	F	1
2013	心結希		165	F	1
2013		じゅり	165	F	1
2013	心絆	しずな	165	F	1
2013	心美		166	F	1
2013		すずな	166	F	1
2013	心結希	こゆき	166	F	1
2013	心菜		167	F	1
2013		すずの	167	F	1
2013	心美	ここみ	167	F	1
2013	志帆		168	F	1
2013		すずむ	168	F	1
2013	心菜	こな	168	F	1
2013	恵怜		169	F	1
2013		せしる	169	F	1
2013	志帆	しほ	169	F	1
2013	恵未		170	F	1
2013		せな	170	F	1
2013	恵怜	えれん	170	F	1
2013	恵生		171	F	1
2013		そらは	171	F	1
2013	恵未	めぐみ	171	F	1
2013	悠希		172	F	1
2013		たみ	172	F	1
2013	恵生	めい	172	F	1
2013	悠桜		173	F	1
2013		だん	173	F	1
2013	悠希	はるき	173	F	1
2013	悠香		174	F	1
2013		ちづる	174	F	1
2013	悠桜	ゆら	174	F	1
2013	惟愛		175	F	1
2013		ちひる	175	F	1
2013	悠香	ゆうか	175	F	1
2013	惠緒		176	F	1
2013		ちひろ	176	F	1
2013	惟愛	ありあ	176	F	1
2013	想來		177	F	1
2013		つばき	177	F	1
2013	惠緒	めい	177	F	1
2013	愛		178	F	1
2013		つばめ	178	F	1
2013	想來	そら	178	F	1
2013	愛依菜		179	F	1
2013		とあ	179	F	1
2013	愛	あい	179	F	1
2013	愛咲		180	F	1
2013		とうき	180	F	1
2013	愛依菜	めいな	180	F	1
2013	愛実香		181	F	1
2013		とうこ	181	F	1
2013	愛咲	あいさ	181	F	1
2013	愛希		182	F	1
2013		なう	182	F	1
2013	愛実香	あみか	182	F	1
2013	愛彩		183	F	1
2013		なお	183	F	1
2013	愛希	あき	183	F	1
2013	愛心		184	F	1
2013		なぎさ	184	F	1
2013	愛彩	あいさ	184	F	1
2013	愛桜		185	F	1
2013		なちか	185	F	1
2013	愛心	あこ	185	F	1
2013	愛梨		186	F	1
2013		なつこ	186	F	1
2013	愛未	あいみ	186	F	1
2013	愛珠		187	F	1
2013		なつめ	187	F	1
2013	愛未	あみ	187	F	1
2013	愛菜		188	F	1
2013		なな	188	F	1
2013	愛桜	あいさ	188	F	1
2013	愛華		189	F	1
2013		なない	189	F	1
2013	愛梨	あいり	189	F	1
2013	愛蘭		190	F	1
2013		ななか	190	F	1
2013	愛珠	まなみ	190	F	1
2013	日々希		191	F	1
2013		なるみ	191	F	1
2013	愛菜	あいな	191	F	1
2013	日向		192	F	1
2013		にいな	192	F	1
2013	愛華	いつか	192	F	1
2013	日向子		193	F	1
2013		にこ	193	F	1
2013	愛蘭	あいか	193	F	1
2013	日真里		194	F	1
2013		ねい	194	F	1
2013	日々希	ひびき	194	F	1
2013	日芽香		195	F	1
2013		ねね	195	F	1
2013	日向	ひなた	195	F	1
2013	日葵		196	F	1
2013		のあ	196	F	1
2013	日向子	ひなこ	196	F	1
2013	日那夏		197	F	1
2013		のどか	197	F	1
2013	日真里	ひまり	197	F	1
2013	明日香		198	F	1
2013		はぐみ	198	F	1
2013	日芽香	ひめか	198	F	1
2013	明莉		199	F	1
2013		はづき	199	F	1
2013	日葵	ひより	199	F	1
2013	明里		200	F	1
2013		はなか	200	F	1
2013	日那夏	ひなか	200	F	1
2013	明里子		201	F	1
2013		はなこ	201	F	1
2013	明日香	あすか	201	F	1
2013	星流		202	F	1
2013		はのん	202	F	1
2013	明莉	あかり	202	F	1
2013	星空		203	F	1
2013		はる	203	F	1
2013	明里	あかり	203	F	1
2013	春優		204	F	1
2013		はるき	204	F	1
2013	明里子	あかりこ	204	F	1
2013	春妃		205	F	1
2013		はるの	205	F	1
2013	星流	せしる	205	F	1
2013	晴香		206	F	1
2013		はるひ	206	F	1
2013	星空	せいら	206	F	1
2013	暖心		207	F	1
2013		はんな	207	F	1
2013	春優	しゅう	207	F	1
2013	月菜		208	F	1
2013		ひさき	208	F	1
2013	春妃	はるひ	208	F	1
2013	有寿		209	F	1
2013		ひづる	209	F	1
2013	晴香	はるか	209	F	1
2013	木乃香		210	F	1
2013		ひなか	210	F	1
2013	暖心	あこ	210	F	1
2013	未来		211	F	1
2013		ひなり	211	F	1
2013	月菜	るな	211	F	1
2013	朱歌		212	F	1
2013		ひびき	212	F	1
2013	有寿	ゆず	212	F	1
2013	杏		213	F	1
2013		ひめか	213	F	1
2013	木乃香	このか	213	F	1
2013	杏樹		214	F	1
2013		ひろか	214	F	1
2013	未来	みらい	214	F	1
2013	杏菜		215	F	1
2013		ふうあ	215	F	1
2013	朱歌	しゅか	215	F	1
2013	杏音		216	F	1
2013		ふうな	216	F	1
2013	杏	あん	216	F	1
2013	来実		217	F	1
2013		ふうわ	217	F	1
2013	杏樹	あんじゅ	217	F	1
2013	来煌		218	F	1
2013		まかな	218	F	1
2013	杏菜	あんな	218	F	1
2013	柊登		219	F	1
2013		まさき	219	F	1
2013	杏音	あん	219	F	1
2013	柚		220	F	1
2013		ましろ	220	F	1
2013	来実	くるみ	220	F	1
2013	柚亜		221	F	1
2013		ますこ	221	F	1
2013	来煌	らいき	221	F	1
2013	柚奈		222	F	1
2013		まはな	222	F	1
2013	柊登	しゅうと	222	F	1
2013	柚妃		223	F	1
2013		まゆ	223	F	1
2013	柚	ゆず	223	F	1
2013	柚愛		224	F	1
2013		まりこ	224	F	1
2013	柚亜	ゆあ	224	F	1
2013	柚羽		225	F	1
2013		まりな	225	F	1
2013	柚奈	ゆずな	225	F	1
2013	柚花		226	F	1
2013		まりん	226	F	1
2013	柚妃	ゆずき	226	F	1
2013	栞奈		227	F	1
2013		みおり	227	F	1
2013	柚愛	ゆあ	227	F	1
2013	栞菜		228	F	1
2013		みか	228	F	1
2013	柚羽	ゆずは	228	F	1
2013	桃香		229	F	1
2013		みき	229	F	1
2013	柚花	ゆずか	229	F	1
2013	桜季		230	F	1
2013		みくる	230	F	1
2013	栞奈	かんな	230	F	1
2013	桜果		231	F	1
2013		みさと	231	F	1
2013	栞菜	かんな	231	F	1
2013	梓		232	F	1
2013		みしぇる	232	F	1
2013	桃香	ももか	232	F	1
2013	梨央		233	F	1
2013		みずき	233	F	1
2013	桜季	さき	233	F	1
2013	梨帆		234	F	1
2013		みそら	234	F	1
2013	桜果	おうか	234	F	1
2013	梨月		235	F	1
2013		みづき	235	F	1
2013	梓	あずさ	235	F	1
2013	椛		236	F	1
2013		みなみ	236	F	1
2013	梨央	りお	236	F	1
2013	楓		237	F	1
2013		みやび	237	F	1
2013	梨帆	りほ	237	F	1
2013	楓叶		238	F	1
2013		みゆう	238	F	1
2013	梨月	りっき	238	F	1
2013	楓朱		239	F	1
2013		めいな	239	F	1
2013	椛	かえで	239	F	1
2013	楓花		240	F	1
2013		めぐみ	240	F	1
2013	楓	かえで	240	F	1
2013	楓菜		241	F	1
2013		めぐり	241	F	1
2013	楓叶	ふうか	241	F	1
2013	楓香		242	F	1
2013		めの	242	F	1
2013	楓朱	ふうあ	242	F	1
2013	榛乃		243	F	1
2013		もえ	243	F	1
2013	楓花	ふうか	243	F	1
2013	水桜		244	F	1
2013		もか	244	F	1
2013	楓菜	ふうな	244	F	1
2013	波瑠		245	F	1
2013		もも	245	F	1
2013	楓香	ふうか	245	F	1
2013	海結		246	F	1
2013		ももえ	246	F	1
2013	榛乃	はるの	246	F	1
2013	涼		247	F	1
2013		ゆいこ	247	F	1
2013	水桜	みお	247	F	1
2013	渚		248	F	1
2013		ゆいな	248	F	1
2013	波瑠	はる	248	F	1
2013	渚月		249	F	1
2013		ゆうき	249	F	1
2013	海結	みゆ	249	F	1
2013	澪		250	F	1
2013		ゆき	250	F	1
2013	涼	すずむ	250	F	1
2013	澪紗		251	F	1
2013		ゆきほ	251	F	1
2013	渚	なぎさ	251	F	1
2013	瀬菜		252	F	1
2013		ゆずか	252	F	1
2013	渚月	なつき	252	F	1
2013	玲		253	F	1
2013		ゆずね	253	F	1
2013	澪	みお	253	F	1
2013	玲奈		254	F	1
2013		ゆずは	254	F	1
2013	澪紗	れいさ	254	F	1
2013	玲美		255	F	1
2013		ゆめ	255	F	1
2013	瀬菜	せな	255	F	1
2013	玲衣		256	F	1
2013		ゆり	256	F	1
2013	玲	れい	256	F	1
2013	珠々夏		257	F	1
2013		ゆりか	257	F	1
2013	玲奈	れな	257	F	1
2013	珠唯		258	F	1
2013		ようこ	258	F	1
2013	玲美	れみ	258	F	1
2013	珠理		259	F	1
2013		よしか	259	F	1
2013	玲衣	れい	259	F	1
2013	珠莉		260	F	1
2013		よしこ	260	F	1
2013	珠々夏	すずな	260	F	1
2013	理恵		261	F	1
2013		らいき	261	F	1
2013	珠唯	しゅい	261	F	1
2013	理桜		262	F	1
2013		らん	262	F	1
2013	珠理	しゅり	262	F	1
2013	理菜		263	F	1
2013		りいな	263	F	1
2013	珠莉	じゅり	263	F	1
2013	琉依愛		264	F	1
2013		りえ	264	F	1
2013	理恵	りえ	264	F	1
2013	琉偉		265	F	1
2013		りおな	265	F	1
2013	理桜	りお	265	F	1
2013	琉那		266	F	1
2013		りっき	266	F	1
2013	理菜	りな	266	F	1
2013	琴未		267	F	1
2013		りつき	267	F	1
2013	琉依愛	りいな	267	F	1
2013	琴莉		268	F	1
2013		りと	268	F	1
2013	琉偉	るい	268	F	1
2013	琴那		269	F	1
2013		りの	269	F	1
2013	琉那	るな	269	F	1
2013	琴音		270	F	1
2013		りほ	270	F	1
2013	琴未	ことみ	270	F	1
2013	瑚花		271	F	1
2013		りり	271	F	1
2013	琴莉	ことり	271	F	1
2013	瑛里香		272	F	1
2013		りりあ	272	F	1
2013	琴那	ことな	272	F	1
2013	瑞姫		273	F	1
2013		りんか	273	F	1
2013	琴音	ことね	273	F	1
2013	瑞樹		274	F	1
2013		るい	274	F	1
2013	瑚花	こはな	274	F	1
2013	瑠南		275	F	1
2013		れいさ	275	F	1
2013	瑛里香	えりか	275	F	1
2013	璃海		276	F	1
2013		れみ	276	F	1
2013	瑞姫	みづき	276	F	1
2013	璃音		277	F	1
2013		わかな	277	F	1
2013	瑞樹	みずき	277	F	1
2013	環		278	F	1
2013	瑠南	るな	278	F	1
2013	由亜		279	F	1
2013	璃海	りりあ	279	F	1
2013	由梨		280	F	1
2013	璃音	りん	280	F	1
2013	由紀		281	F	1
2013	環	めぐり	281	F	1
2013	由美		282	F	1
2013	由亜	ゆあ	282	F	1
2013	百花		283	F	1
2013	由梨	ゆり	283	F	1
2013	百香		284	F	1
2013	由紀	ゆき	284	F	1
2013	真凛		285	F	1
2013	由美	ゆみ	285	F	1
2013	真央		286	F	1
2013	百恵	もえ	286	F	1
2013	真愛		287	F	1
2013	百恵	ももえ	287	F	1
2013	真生		288	F	1
2013	百花	もか	288	F	1
2013	真白		289	F	1
2013	百香	ももか	289	F	1
2013	真緒		290	F	1
2013	真凛	まりん	290	F	1
2013	真菜		291	F	1
2013	真央	まお	291	F	1
2013	真里奈		292	F	1
2013	真愛	まな	292	F	1
2013	真音		293	F	1
2013	真生	まなみ	293	F	1
2013	知暖		294	F	1
2013	真白	ましろ	294	F	1
2013	知沙		295	F	1
2013	真緒	まお	295	F	1
2013	碧愛		296	F	1
2013	真菜	まな	296	F	1
2013	碧海		297	F	1
2013	真里奈	まりな	297	F	1
2013	空初		298	F	1
2013	真音	まお	298	F	1
2013	立輝		299	F	1
2013	知暖	あのん	299	F	1
2013	笑宙		300	F	1
2013	知沙	ちか	300	F	1
2013	笑寧		301	F	1
2013	碧愛	あおい	301	F	1
2013	笑理		302	F	1
2013	碧海	あおい	302	F	1
2013	笑羽		303	F	1
2013	穂花	ほのか	303	F	1
2013	純怜		304	F	1
2013	穂花	みのり	304	F	1
2013	紗侑希		305	F	1
2013	空初	そらは	305	F	1
2013	紗奈		306	F	1
2013	立輝	りつき	306	F	1
2013	紗希		307	F	1
2013	笑宙	えそら	307	F	1
2013	紗希歩		308	F	1
2013	笑寧	えみね	308	F	1
2013	紗羅		309	F	1
2013	笑理	えり	309	F	1
2013	紘花		310	F	1
2013	笑羽	えみは	310	F	1
2013	紫花		311	F	1
2013	純怜	すみれ	311	F	1
2013	紬		312	F	1
2013	紗侑希	さゆき	312	F	1
2013	絆夏		313	F	1
2013	紗奈	さな	313	F	1
2013	結		314	F	1
2013	紗希	さき	314	F	1
2013	結愛		315	F	1
2013	紗希歩	さきほ	315	F	1
2013	結菜		316	F	1
2013	紗羅	さら	316	F	1
2013	結衣		317	F	1
2013	紘花	ひろか	317	F	1
2013	結香梨		318	F	1
2013	紫花	すみれ	318	F	1
2013	維香		319	F	1
2013	紬	つむぎ	319	F	1
2013	綾奈		320	F	1
2013	絆夏	はんな	320	F	1
2013	縁		321	F	1
2013	結	ゆい	321	F	1
2013	美來		322	F	1
2013	結愛	ゆあ	322	F	1
2013	美優		323	F	1
2013	結菜	ゆいな	323	F	1
2013	美咲		324	F	1
2013	結衣	ゆい	324	F	1
2013	美夏		325	F	1
2013	結香梨	ゆかり	325	F	1
2013	美央莉		326	F	1
2013	維香	ゆいか	326	F	1
2013	美子		327	F	1
2013	綾奈	あやな	327	F	1
2013	美希		328	F	1
2013	縁	ゆかり	328	F	1
2013	美月		329	F	1
2013	美來	みくる	329	F	1
2013	美桜		330	F	1
2013	美優	みう	330	F	1
2013	美波		331	F	1
2013	美咲	みしぇる	331	F	1
2013	美玖		332	F	1
2013	美夏	みか	332	F	1
2013	美雅		333	F	1
2013	美央莉	みおり	333	F	1
2013	羽奈		334	F	1
2013	美子	よしこ	334	F	1
2013	翼		335	F	1
2013	美希	みき	335	F	1
2013	聖來		336	F	1
2013	美月	みつき	336	F	1
2013	芭音		337	F	1
2013	美桜	みお	337	F	1
2013	花梨		338	F	1
2013	美波	みなみ	338	F	1
2013	花香		339	F	1
2013	美玖	みく	339	F	1
2013	芳香		340	F	1
2013	美空	みく	340	F	1
2013	芽乃		341	F	1
2013	美空	みそら	341	F	1
2013	芽依		342	F	1
2013	美雅	みやび	342	F	1
2013	芽唯		343	F	1
2013	羽奈	はな	343	F	1
2013	苺		344	F	1
2013	翼	つばさ	344	F	1
2013	苺生		345	F	1
2013	聖來	せいら	345	F	1
2013	茉奈		346	F	1
2013	芭音	はのん	346	F	1
2013	茉奏		347	F	1
2013	花梨	かりん	347	F	1
2013	茉結		348	F	1
2013	花香	はなか	348	F	1
2013	莉乃		349	F	1
2013	芳香	よしか	349	F	1
2013	莉愛		350	F	1
2013	芽乃	めの	350	F	1
2013	莉愛菜		351	F	1
2013	芽依	めい	351	F	1
2013	莉桜		352	F	1
2013	芽唯	めい	352	F	1
2013	莉緒		353	F	1
2013	苺	いちご	353	F	1
2013	莉那		354	F	1
2013	苺生	まい	354	F	1
2013	菜々子		355	F	1
2013	茉奈	まな	355	F	1
2013	菜々海		356	F	1
2013	茉奏	まかな	356	F	1
2013	菜々花		357	F	1
2013	茉結	まゆ	357	F	1
2013	華		358	F	1
2013	莉乃	りの	358	F	1
2013	華子		359	F	1
2013	莉愛	りお	359	F	1
2013	華帆		360	F	1
2013	莉愛菜	りあな	360	F	1
2013	華月		361	F	1
2013	莉桜	りお	361	F	1
2013	華望		362	F	1
2013	莉緒	りお	362	F	1
2013	華穂		363	F	1
2013	莉那	りな	363	F	1
2013	萌叶		364	F	1
2013	菜々子	ななこ	364	F	1
2013	葉月		365	F	1
2013	菜々海	ななみ	365	F	1
2013	葵依		366	F	1
2013	菜々花	ななか	366	F	1
2013	葵友		367	F	1
2013	華	はな	367	F	1
2013	葵衣		368	F	1
2013	華子	はなこ	368	F	1
2013	藍華		369	F	1
2013	華帆	かほ	369	F	1
2013	蘭		370	F	1
2013	華月	かづき	370	F	1
2013	虹七		371	F	1
2013	華望	かのん	371	F	1
2013	詩季		372	F	1
2013	華穂	なお	372	F	1
2013	詩織		373	F	1
2013	萌叶	ほのか	373	F	1
2013	詩蘭		374	F	1
2013	葉月	はづき	374	F	1
2013	透希		375	F	1
2013	葵依	あおい	375	F	1
2013	郵珠菜		376	F	1
2013	葵友	りと	376	F	1
2013	采佳		377	F	1
2013	葵衣	あおい	377	F	1
2013	采花		378	F	1
2013	藍華	あいか	378	F	1
2013	里梨		379	F	1
2013	蘭	らん	379	F	1
2013	陽乃		380	F	1
2013	虹七	にいな	380	F	1
2013	陽依		381	F	1
2013	詩季	しき	381	F	1
2013	陽南		382	F	1
2013	詩織	しおり	382	F	1
2013	陽咲		383	F	1
2013	詩蘭	うらん	383	F	1
2013	陽子		384	F	1
2013	透希	とうき	384	F	1
2013	陽愛		385	F	1
2013	郵珠菜	ゆずな	385	F	1
2013	陽真梨		386	F	1
2013	采佳	あやか	386	F	1
2013	陽茉凛		387	F	1
2013	采花	ことか	387	F	1
2013	陽菜子		388	F	1
2013	里梨	りり	388	F	1
2013	陽葵		389	F	1
2013	陽乃	ひなの	389	F	1
2013	陽香		390	F	1
2013	陽依	ひより	390	F	1
2013	雅紀		391	F	1
2013	陽南	ひな	391	F	1
2013	雫		392	F	1
2013	陽向	ひな	392	F	1
2013	青葉		393	F	1
2013	陽向	ひなた	393	F	1
2013	静希		394	F	1
2013	陽咲	ひさき	394	F	1
2013	風和		395	F	1
2013	陽子	ようこ	395	F	1
2013	風果		396	F	1
2013	陽愛	ひな	396	F	1
2013	風花		397	F	1
2013	陽真梨	ひまり	397	F	1
2013	颯希		398	F	1
2013	陽茉凛	ひまり	398	F	1
2013	飛鶴		399	F	1
2013	陽菜子	ひなこ	399	F	1
2013	香奈		400	F	1
2013	陽葵	ひまり	400	F	1
2013	香帆		401	F	1
2013	陽香	はるか	401	F	1
2013	香弥		402	F	1
2013	雅紀	まさき	402	F	1
2013	麗奈		403	F	1
2013	雫	しずく	403	F	1
2013	麻央		404	F	1
2013	青葉	あおば	404	F	1
2013	麻衣		405	F	1
2013	静希	しずき	405	F	1
2013	麻里子		406	F	1
2013	風和	ふうわ	406	F	1
2013	風果	ふうか	407	F	1
2013	風花	ふうか	408	F	1
2013	颯希	さつき	409	F	1
2013	飛鶴	ひづる	410	F	1
2013	香奈	かな	411	F	1
2013	香帆	かほ	412	F	1
2013	香弥	かや	413	F	1
2013	麗奈	れな	414	F	1
2013	麻央	まお	415	F	1
2013	麻衣	まい	416	F	1
2013	麻里子	まりこ	417	F	1
2013	健太		1	M	4
2013		ゆいと	1	M	10
2013	健太	けんた	1	M	4
2013	結翔		2	M	4
2013		ゆうと	2	M	10
2013	結翔	ゆいと	2	M	4
2013	一翔		3	M	3
2013		あさひ	3	M	7
2013	一翔	かずと	3	M	3
2013	優太		4	M	3
2013		はやと	4	M	7
2013	優太	ゆうた	4	M	3
2013	悠真		5	M	3
2013		はるき	5	M	7
2013	拓真	たくま	5	M	3
2013	拓真		6	M	3
2013		りゅうせい	6	M	7
2013	璃空	りく	6	M	3
2013	湊		7	M	3
2013		かいと	7	M	6
2013	健	たける	7	M	2
2013	瑛斗		8	M	3
2013		そうた	8	M	6
2013	優心	ゆうしん	8	M	2
2013	璃空		9	M	3
2013		たくみ	9	M	6
2013	光	ひかる	9	M	2
2013	蒼大		10	M	3
2013		ゆうま	10	M	6
2013	光希	こうき	10	M	2
2013	陽		11	M	3
2013		りく	11	M	6
2013	創一朗	そういちろう	11	M	2
2013	一登		12	M	2
2013		あきと	12	M	5
2013	大和	やまと	12	M	2
2013	健		13	M	2
2013		こうき	13	M	5
2013	太一	たいち	13	M	2
2013	優心		14	M	2
2013		はる	14	M	5
2013	崇煌	たかあき	14	M	2
2013	光		15	M	2
2013		ひなた	15	M	5
2013	巧	たくみ	15	M	2
2013	光希		16	M	2
2013		ゆうた	16	M	5
2013	悠太	ゆうた	16	M	2
2013	創一朗		17	M	2
2013		えいと	17	M	4
2013	悠真	ゆうま	17	M	2
2013	大和		18	M	2
2013		かずと	18	M	4
2013	悠翔	ゆうと	18	M	2
2013	太一		19	M	2
2013		けんた	19	M	4
2013	旭陽	あさひ	19	M	2
2013	崇煌		20	M	2
2013		こうた	20	M	4
2013	柊太	しゅうた	20	M	2
2013	巧		21	M	2
2013		そうすけ	21	M	4
2013	歩	あゆむ	21	M	2
2013	悠太		22	M	2
2013		そうま	22	M	4
2013	流星	りゅうせい	22	M	2
2013	悠翔		23	M	2
2013		そら	23	M	4
2013	海斗	かいと	23	M	2
2013	旭陽		24	M	2
2013		たくま	24	M	4
2013	湊	みなと	24	M	2
2013	柊太		25	M	2
2013		みなと	25	M	4
2013	瑛斗	あきと	25	M	2
2013	歩		26	M	2
2013		ゆうせい	26	M	4
2013	稜真	りょうま	26	M	2
2013	流星		27	M	2
2013		あゆむ	27	M	3
2013	結斗	ゆいと	27	M	2
2013	海斗		28	M	2
2013		いぶき	28	M	3
2013	翔太	しょうた	28	M	2
2013	稜真		29	M	2
2013		かなと	29	M	3
2013	翼	つばさ	29	M	2
2013	結斗		30	M	2
2013		けい	30	M	3
2013	英明	ひであき	30	M	2
2013	翔太		31	M	2
2013		しょうたろう	31	M	3
2013	蒼大	そうた	31	M	2
2013	翼		32	M	2
2013		たいち	32	M	3
2013	陸	りく	32	M	2
2013	英明		33	M	2
2013		つばさ	33	M	3
2013	陽	はる	33	M	2
2013	陸		34	M	2
2013		はると	34	M	3
2013	陽向	ひなた	34	M	2
2013	陽向		35	M	2
2013		はるま	35	M	3
2013	隼人	はやと	35	M	2
2013	陽太		36	M	2
2013		ひろと	36	M	3
2013	颯真	そうま	36	M	2
2013	隼		37	M	2
2013		まさき	37	M	3
2013	龍之介	りゅうのすけ	37	M	2
2013	隼人		38	M	2
2013		やまと	38	M	3
2013	いと	いと	38	M	1
2013	颯真		39	M	2
2013		ゆうしん	39	M	3
2013	こはち	こはち	39	M	1
2013	龍之介		40	M	2
2013		りお	40	M	3
2013	一会	いちえ	40	M	1
2013	いと		41	M	1
2013		りゅうのすけ	41	M	3
2013	一喜	かずき	41	M	1
2013	こはち		42	M	1
2013		りょうま	42	M	3
2013	一実	かずみ	42	M	1
2013	一会		43	M	1
2013		りんたろう	43	M	3
2013	一惺	いっさ	43	M	1
2013	一喜		44	M	1
2013		あやと	44	M	2
2013	一瑳	いっさ	44	M	1
2013	一実		45	M	1
2013		あらた	45	M	2
2013	一甫	はじめ	45	M	1
2013	一惺		46	M	1
2013		いちご	46	M	2
2013	一登	いちご	46	M	1
2013	一瑳		47	M	1
2013		いっさ	47	M	2
2013	一登	かずと	47	M	1
2013	一甫		48	M	1
2013		おうた	48	M	2
2013	一護	いちご	48	M	1
2013	一護		49	M	1
2013		かい	49	M	2
2013	七輝	ななき	49	M	1
2013	七輝		50	M	1
2013		かける	50	M	2
2013	万尋	まひろ	50	M	1
2013	万尋		51	M	1
2013		かんた	51	M	2
2013	丞埜	しょうの	51	M	1
2013	丞埜		52	M	1
2013		きいち	52	M	2
2013	亨	とおる	52	M	1
2013	亨		53	M	1
2013		けいすけ	53	M	2
2013	京	きょう	53	M	1
2013	京		54	M	1
2013		けいた	54	M	2
2013	京平	きょうへい	54	M	1
2013	京平		55	M	1
2013		けんご	55	M	2
2013	京生	きょうせい	55	M	1
2013	京生		56	M	1
2013		こうせい	56	M	2
2013	亮太	りょうた	56	M	1
2013	亮太		57	M	1
2013		こうたろう	57	M	2
2013	仁志	ひとし	57	M	1
2013	仁志		58	M	1
2013		こうま	58	M	2
2013	伊織	いおり	58	M	1
2013	伊織		59	M	1
2013		しゅうた	59	M	2
2013	伎雲	きく	59	M	1
2013	伎雲		60	M	1
2013		しゅんすけ	60	M	2
2013	伶勇	りお	60	M	1
2013	伶勇		61	M	1
2013		しょうた	61	M	2
2013	佑彪	ゆうあ	61	M	1
2013	佑彪		62	M	1
2013		じゅんせい	62	M	2
2013	佑真	ゆうま	62	M	1
2013	佑真		63	M	1
2013		じょう	63	M	2
2013	侑斗	ゆうと	63	M	1
2013	侑斗		64	M	1
2013		せいや	64	M	2
2013	侑澄	ゆうと	64	M	1
2013	侑澄		65	M	1
2013		そう	65	M	2
2013	倫也	ともや	65	M	1
2013	倫也		66	M	1
2013		そういちろう	66	M	2
2013	健介	けんすけ	66	M	1
2013	健介		67	M	1
2013		たいが	67	M	2
2013	僚紀	ともき	67	M	1
2013	僚紀		68	M	1
2013		たかあき	68	M	2
2013	優二郎	ゆうじろう	68	M	1
2013	優二郎		69	M	1
2013		たける	69	M	2
2013	優仁	ゆうと	69	M	1
2013	優仁		70	M	1
2013		たつき	70	M	2
2013	優弥	ゆうや	70	M	1
2013	優弥		71	M	1
2013		だいち	71	M	2
2013	優斗	ゆうと	71	M	1
2013	優斗		72	M	1
2013		ともき	72	M	2
2013	優星	ゆうせい	72	M	1
2013	優星		73	M	1
2013		ともや	73	M	2
2013	優晴	ゆうせい	73	M	1
2013	優晴		74	M	1
2013		はるひと	74	M	2
2013	優真	ゆうま	74	M	1
2013	優真		75	M	1
2013		ひかる	75	M	2
2013	優雅	ゆうが	75	M	1
2013	優雅		76	M	1
2013		ひであき	76	M	2
2013	優馬	ゆうま	76	M	1
2013	優馬		77	M	1
2013		ひびと	77	M	2
2013	元	げん	77	M	1
2013	元		78	M	1
2013		ゆうが	78	M	2
2013	光真	こうま	78	M	1
2013	光真		79	M	1
2013		ゆうき	79	M	2
2013	克基	かつき	79	M	1
2013	克基		80	M	1
2013		ゆうご	80	M	2
2013	准大	じゅんだい	80	M	1
2013	准大		81	M	1
2013		ゆうだい	81	M	2
2013	凌我	りょうが	81	M	1
2013	凌我		82	M	1
2013		らいと	82	M	2
2013	凌駕	りょうが	82	M	1
2013	凌駕		83	M	1
2013		りょう	83	M	2
2013	凛大朗	りんたろう	83	M	1
2013	凛大朗		84	M	1
2013		りょうが	84	M	2
2013	凛空	りく	84	M	1
2013	凛空		85	M	1
2013		りょうた	85	M	2
2013	凛飛	りんと	85	M	1
2013	凛飛		86	M	1
2013		るい	86	M	2
2013	凜乃介	りんのすけ	86	M	1
2013	凜乃介		87	M	1
2013		れい	87	M	2
2013	凜大良	りんたろう	87	M	1
2013	凜大良		88	M	1
2013		わたる	88	M	2
2013	凪	なぎ	88	M	1
2013	凪		89	M	1
2013		あいと	89	M	1
2013	凱太	かいた	89	M	1
2013	凱太		90	M	1
2013		あお	90	M	1
2013	剛之	たかゆき	90	M	1
2013	剛之		91	M	1
2013		あおい	91	M	1
2013	創詠	そうえい	91	M	1
2013	創詠		92	M	1
2013		あおと	92	M	1
2013	勇琥	ゆうご	92	M	1
2013	勇琥		93	M	1
2013		あおば	93	M	1
2013	勇都	はやと	93	M	1
2013	勇都		94	M	1
2013		あき	94	M	1
2013	勝麻	かつま	94	M	1
2013	勝麻		95	M	1
2013		あきや	95	M	1
2013	匠	たくみ	95	M	1
2013	匠		96	M	1
2013		あきら	96	M	1
2013	匡陽	まさや	96	M	1
2013	匡陽		97	M	1
2013		あつき	97	M	1
2013	千大	ちひろ	97	M	1
2013	千大		98	M	1
2013		あんじ	98	M	1
2013	南湊	みなと	98	M	1
2013	南湊		99	M	1
2013		いおり	99	M	1
2013	友規	ゆうき	99	M	1
2013	友規		100	M	1
2013		いくと	100	M	1
2013	友輔	ゆうすけ	100	M	1
2013	友輔		101	M	1
2013		いくみ	101	M	1
2013	叶翔	かなと	101	M	1
2013	叶翔		102	M	1
2013		いちえ	102	M	1
2013	吏翔	りと	102	M	1
2013	吏翔		103	M	1
2013		いった	103	M	1
2013	周朔	しゅうさく	103	M	1
2013	周朔		104	M	1
2013		いつき	104	M	1
2013	和	やまと	104	M	1
2013	和		105	M	1
2013		いと	105	M	1
2013	和優	かずまさ	105	M	1
2013	和優		106	M	1
2013		いとし	106	M	1
2013	和周	かず	106	M	1
2013	和周		107	M	1
2013		いろ	107	M	1
2013	和磨	かずま	107	M	1
2013	和磨		108	M	1
2013		うきょう	108	M	1
2013	咲直	さくなお	108	M	1
2013	咲直		109	M	1
2013		えいきち	109	M	1
2013	哉仁	かなと	109	M	1
2013	哉仁		110	M	1
2013		えいじ	110	M	1
2013	唯希	いぶき	110	M	1
2013	唯希		111	M	1
2013		えいた	111	M	1
2013	啓仁	はるひと	111	M	1
2013	啓仁		112	M	1
2013		おうき	112	M	1
2013	啓友	けいすけ	112	M	1
2013	啓友		113	M	1
2013		おうすけ	113	M	1
2013	啓太	けいた	113	M	1
2013	啓太		114	M	1
2013		おうたろう	114	M	1
2013	喜一	きいち	114	M	1
2013	喜一		115	M	1
2013		おうだい	115	M	1
2013	嘉人	ひろと	115	M	1
2013	嘉人		116	M	1
2013		おうみ	116	M	1
2013	圭	けい	116	M	1
2013	圭		117	M	1
2013		おさむ	117	M	1
2013	圭亮	けいすけ	117	M	1
2013	圭亮		118	M	1
2013		かいじゅ	118	M	1
2013	圭吾	けいご	118	M	1
2013	圭吾		119	M	1
2013		かいた	119	M	1
2013	壮真	そうま	119	M	1
2013	壮真		120	M	1
2013		かいる	120	M	1
2013	壱太	いった	120	M	1
2013	壱太		121	M	1
2013		かえで	121	M	1
2013	夏斗	なつと	121	M	1
2013	夏斗		122	M	1
2013		かおる	122	M	1
2013	夢大	むった	122	M	1
2013	夢大		123	M	1
2013		かず	123	M	1
2013	大創	だいぞう	123	M	1
2013	大創		124	M	1
2013		かずき	124	M	1
2013	大地	だいち	124	M	1
2013	大地		125	M	1
2013		かずま	125	M	1
2013	大希	だいき	125	M	1
2013	大希		126	M	1
2013		かずまさ	126	M	1
2013	大智	たいち	126	M	1
2013	大智		127	M	1
2013		かずみ	127	M	1
2013	大知	だいち	127	M	1
2013	大知		128	M	1
2013		かつき	128	M	1
2013	大空	そら	128	M	1
2013	大空		129	M	1
2013		かつま	129	M	1
2013	大翔	たいが	129	M	1
2013	大翔		130	M	1
2013		かなる	130	M	1
2013	大芽	たいが	130	M	1
2013	大芽		131	M	1
2013		かんしゅう	131	M	1
2013	大都	ひろと	131	M	1
2013	大都		132	M	1
2013		かんたろう	132	M	1
2013	天人	てんと	132	M	1
2013	天人		133	M	1
2013		かんてつ	133	M	1
2013	央輔	おうすけ	133	M	1
2013	央輔		134	M	1
2013		がく	134	M	1
2013	奏助	そうすけ	134	M	1
2013	奏助		135	M	1
2013		きく	135	M	1
2013	奏斗	かなと	135	M	1
2013	奏斗		136	M	1
2013		きずく	136	M	1
2013	奏来	そら	136	M	1
2013	奏来		137	M	1
2013		きょう	137	M	1
2013	奏樹	そうた	137	M	1
2013	奏樹		138	M	1
2013		きょうご	138	M	1
2013	威吹	いぶき	138	M	1
2013	威吹		139	M	1
2013		きょうせい	139	M	1
2013	孝太	こうた	139	M	1
2013	孝太		140	M	1
2013		きょうへい	140	M	1
2013	安慈	あんじ	140	M	1
2013	安慈		141	M	1
2013		きんのすけ	141	M	1
2013	宗祐	そうすけ	141	M	1
2013	宗祐		142	M	1
2013		くると	142	M	1
2013	定太郎	じょうたろう	142	M	1
2013	定太郎		143	M	1
2013		けいご	143	M	1
2013	宥行	ひろゆき	143	M	1
2013	宥行		144	M	1
2013		けんすけ	144	M	1
2013	寛太	かんた	144	M	1
2013	寛太		145	M	1
2013		けんと	145	M	1
2013	寛太朗	かんたろう	145	M	1
2013	寛太朗		146	M	1
2013		げん	146	M	1
2013	寛衆	かんしゅう	146	M	1
2013	寛衆		147	M	1
2013		こう	147	M	1
2013	寿々人	すずと	147	M	1
2013	寿々人		148	M	1
2013		こういち	148	M	1
2013	崇馬	そうま	148	M	1
2013	崇馬		149	M	1
2013		こうしろう	149	M	1
2013	崚生	りょうせい	149	M	1
2013	崚生		150	M	1
2013		こうすけ	150	M	1
2013	幸大郎	こうたろう	150	M	1
2013	幸大郎		151	M	1
2013		こうだい	151	M	1
2013	幸太	こうた	151	M	1
2013	幸太		152	M	1
2013		こうと	152	M	1
2013	幸洋	ゆきひろ	152	M	1
2013	幸洋		153	M	1
2013		こうへい	153	M	1
2013	康平	こうへい	153	M	1
2013	康平		154	M	1
2013		こうりゅう	154	M	1
2013	康祐	こうすけ	154	M	1
2013	康祐		155	M	1
2013		こころ	155	M	1
2013	建人	けんと	155	M	1
2013	建人		156	M	1
2013		こたろう	156	M	1
2013	弘毅	こうき	156	M	1
2013	弘毅		157	M	1
2013		こな	157	M	1
2013	弘龍	こうりゅう	157	M	1
2013	弘龍		158	M	1
2013		こはち	158	M	1
2013	彩登	あやと	158	M	1
2013	彩登		159	M	1
2013		さくと	159	M	1
2013	彰人	あきと	159	M	1
2013	彰人		160	M	1
2013		さくなお	160	M	1
2013	征未	いくみ	160	M	1
2013	征未		161	M	1
2013		さつき	161	M	1
2013	律	りつ	161	M	1
2013	律		162	M	1
2013		さんた	162	M	1
2013	心信	こころ	162	M	1
2013	心信		163	M	1
2013		しおり	163	M	1
2013	心優	しゅう	163	M	1
2013	心優		164	M	1
2013		しき	164	M	1
2013	心大	しんた	164	M	1
2013	心大		165	M	1
2013		しゅう	165	M	1
2013	快人	かいと	165	M	1
2013	快人		166	M	1
2013		しゅうさく	166	M	1
2013	快翔	かいと	166	M	1
2013	快翔		167	M	1
2013		しゅうや	167	M	1
2013	怜真	りょうま	167	M	1
2013	怜真		168	M	1
2013		しゅら	168	M	1
2013	恒成	こうせい	168	M	1
2013	恒成		169	M	1
2013		しゅん	169	M	1
2013	息吹	いぶき	169	M	1
2013	息吹		170	M	1
2013		しゅんた	170	M	1
2013	悠人	ゆうと	170	M	1
2013	悠人		171	M	1
2013		しょう	171	M	1
2013	悠吾	ゆうご	171	M	1
2013	悠吾		172	M	1
2013		しょうき	172	M	1
2013	悠成	はるなり	172	M	1
2013	悠成		173	M	1
2013		しょうご	173	M	1
2013	悠晴	ゆうせい	173	M	1
2013	悠晴		174	M	1
2013		しょうしん	174	M	1
2013	悠永	ゆうと	174	M	1
2013	悠永		175	M	1
2013		しょうだい	175	M	1
2013	悠真	はるま	175	M	1
2013	悠誠		176	M	1
2013		しょうの	176	M	1
2013	悠誠	ゆうせい	176	M	1
2013	悠雅		177	M	1
2013		しょうや	177	M	1
2013	悠雅	ゆうが	177	M	1
2013	惟人		178	M	1
2013		しんいちろう	178	M	1
2013	惟人	ゆいと	178	M	1
2013	想		179	M	1
2013		しんた	179	M	1
2013	想	そう	179	M	1
2013	想大		180	M	1
2013		しんば	180	M	1
2013	想大	そうた	180	M	1
2013	想太		181	M	1
2013		じゅんだい	181	M	1
2013	想太	そうた	181	M	1
2013	想矢		182	M	1
2013		じょうたろう	182	M	1
2013	想矢	そうや	182	M	1
2013	惺雫		183	M	1
2013		すずと	183	M	1
2013	惺雫	せな	183	M	1
2013	愛士		184	M	1
2013		すばる	184	M	1
2013	愛士	いとし	184	M	1
2013	愛斗		185	M	1
2013		せあ	185	M	1
2013	愛斗	あいと	185	M	1
2013	慎一郎		186	M	1
2013		せい	186	M	1
2013	慎一郎	しんいちろう	186	M	1
2013	慧		187	M	1
2013		せいき	187	M	1
2013	慧	けい	187	M	1
2013	慶		188	M	1
2013		せいすけ	188	M	1
2013	慶	けい	188	M	1
2013	慶太		189	M	1
2013		せお	189	M	1
2013	慶太	けいた	189	M	1
2013	投悟		190	M	1
2013		せな	190	M	1
2013	投悟	とうご	190	M	1
2013	拓人		191	M	1
2013		そうえい	191	M	1
2013	拓人	たくと	191	M	1
2013	拓実		192	M	1
2013		そうだい	192	M	1
2013	拓実	たくみ	192	M	1
2013	拓海		193	M	1
2013		そうや	193	M	1
2013	拓海	たくみ	193	M	1
2013	拓馬		194	M	1
2013		たかひろ	194	M	1
2013	拓馬	たくま	194	M	1
2013	揮一		195	M	1
2013		たかゆき	195	M	1
2013	揮一	きいち	195	M	1
2013	支規		196	M	1
2013		たくと	196	M	1
2013	支規	しき	196	M	1
2013	斗哉		197	M	1
2013		だいき	197	M	1
2013	斗哉	とうや	197	M	1
2013	斗嵩		198	M	1
2013		だいぞう	198	M	1
2013	斗嵩	とうしゅう	198	M	1
2013	新		199	M	1
2013		ちひろ	199	M	1
2013	新	あらた	199	M	1
2013	新大		200	M	1
2013		つずな	200	M	1
2013	新大	あらた	200	M	1
2013	日々翔		201	M	1
2013		てると	201	M	1
2013	日々翔	ひびと	201	M	1
2013	旦陽		202	M	1
2013		てんと	202	M	1
2013	旦陽	あさひ	202	M	1
2013	旭		203	M	1
2013		とうご	203	M	1
2013	旭	あさひ	203	M	1
2013	旺大		204	M	1
2013		とうしゅう	204	M	1
2013	旺大	おうた	204	M	1
2013	旺太朗		205	M	1
2013		とうや	205	M	1
2013	旺太朗	おうたろう	205	M	1
2013	旺生		206	M	1
2013		とうり	206	M	1
2013	旺生	おうき	206	M	1
2013	昇悟		207	M	1
2013		とおま	207	M	1
2013	昇悟	しょうご	207	M	1
2013	昊征		208	M	1
2013		とおる	208	M	1
2013	昊征	こうせい	208	M	1
2013	星亜		209	M	1
2013		ときひさ	209	M	1
2013	星亜	せあ	209	M	1
2013	星櫻		210	M	1
2013		とものり	210	M	1
2013	星櫻	せお	210	M	1
2013	星輝		211	M	1
2013		なお	211	M	1
2013	星輝	せいき	211	M	1
2013	晃一		212	M	1
2013		なおき	212	M	1
2013	晃一	こういち	212	M	1
2013	晃斗		213	M	1
2013		なおたろう	213	M	1
2013	晃斗	あきと	213	M	1
2013	晄大		214	M	1
2013		なおと	214	M	1
2013	晄大	こうだい	214	M	1
2013	晄虎		215	M	1
2013		なおや	215	M	1
2013	晄虎	てると	215	M	1
2013	晟		216	M	1
2013		なぎ	216	M	1
2013	晟	せい	216	M	1
2013	晴		217	M	1
2013		なぎさ	217	M	1
2013	晴	はる	217	M	1
2013	晴仁		218	M	1
2013		なつ	218	M	1
2013	晴仁	はるひと	218	M	1
2013	晴哉		219	M	1
2013		なつと	219	M	1
2013	晴哉	せいや	219	M	1
2013	晴富		220	M	1
2013		ななき	220	M	1
2013	晴富	はると	220	M	1
2013	晴己		221	M	1
2013		のぶゆき	221	M	1
2013	晴己	はるき	221	M	1
2013	晴気		222	M	1
2013		はじめ	222	M	1
2013	晴気	はるき	222	M	1
2013	晴真		223	M	1
2013		はるた	223	M	1
2013	晴真	はるま	223	M	1
2013	晴紀		224	M	1
2013		はるなり	224	M	1
2013	晴紀	はるき	224	M	1
2013	晴雅		225	M	1
2013		はるほ	225	M	1
2013	晴雅	はるま	225	M	1
2013	智也		226	M	1
2013		ひでたけ	226	M	1
2013	智也	ともや	226	M	1
2013	暁		227	M	1
2013		ひでのぶ	227	M	1
2013	暁	あきら	227	M	1
2013	暁斗		228	M	1
2013		ひとし	228	M	1
2013	暁斗	あきと	228	M	1
2013	暁護		229	M	1
2013		ひびき	229	M	1
2013	暁護	きょうご	229	M	1
2013	暖和		230	M	1
2013		ひろゆき	230	M	1
2013	暖和	はると	230	M	1
2013	暢之		231	M	1
2013		ふうが	231	M	1
2013	暢之	のぶゆき	231	M	1
2013	有都		232	M	1
2013		ふうき	232	M	1
2013	有都	ゆうと	232	M	1
2013	朋徳		233	M	1
2013		ふうすけ	233	M	1
2013	朋徳	とものり	233	M	1
2013	朋輝		234	M	1
2013		ほうすけ	234	M	1
2013	朋輝	ともき	234	M	1
2013	朔翔		235	M	1
2013		ほたか	235	M	1
2013	朔翔	さくと	235	M	1
2013	朝喜		236	M	1
2013		まさてる	236	M	1
2013	朝喜	あつき	236	M	1
2013	朝日		237	M	1
2013		まさと	237	M	1
2013	朝日	あさひ	237	M	1
2013	朝陽		238	M	1
2013		まさや	238	M	1
2013	朝陽	あさひ	238	M	1
2013	朝飛		239	M	1
2013		まひろ	239	M	1
2013	朝飛	あさひ	239	M	1
2013	未尋		240	M	1
2013		みずき	240	M	1
2013	未尋	みひろ	240	M	1
2013	朱良		241	M	1
2013		みちのしん	241	M	1
2013	朱良	しゅら	241	M	1
2013	来人		242	M	1
2013		みひろ	242	M	1
2013	来人	くると	242	M	1
2013	柊弥		243	M	1
2013		むった	243	M	1
2013	柊弥	しゅうや	243	M	1
2013	柚希		244	M	1
2013		ももや	244	M	1
2013	柚希	ゆずき	244	M	1
2013	柳太郎		245	M	1
2013		ゆう	245	M	1
2013	柳太郎	りゅうたろう	245	M	1
2013	桃弥		246	M	1
2013		ゆうあ	246	M	1
2013	桃弥	ももや	246	M	1
2013	桜大		247	M	1
2013		ゆうじろう	247	M	1
2013	桜大	おうだい	247	M	1
2013	桜海		248	M	1
2013		ゆうすけ	248	M	1
2013	桜海	おうみ	248	M	1
2013	條		249	M	1
2013		ゆうなぎ	249	M	1
2013	條	じょう	249	M	1
2013	梨央		250	M	1
2013		ゆうや	250	M	1
2013	梨央	りお	250	M	1
2013	楓		251	M	1
2013		ゆうわ	251	M	1
2013	楓	かえで	251	M	1
2013	楓介		252	M	1
2013		ゆきと	252	M	1
2013	楓介	ふうすけ	252	M	1
2013	楓希		253	M	1
2013		ゆきひろ	253	M	1
2013	楓希	ふうき	253	M	1
2013	榴晟		254	M	1
2013		ゆずき	254	M	1
2013	榴晟	りゅうせい	254	M	1
2013	樂		255	M	1
2013		よう	255	M	1
2013	樂	がく	255	M	1
2013	樹生		256	M	1
2013		ようすけ	256	M	1
2013	樹生	いつき	256	M	1
2013	橙里		257	M	1
2013		ようたろう	257	M	1
2013	橙里	とうり	257	M	1
2013	櫂伊		258	M	1
2013		よしひこ	258	M	1
2013	櫂伊	かい	258	M	1
2013	次絆		259	M	1
2013		らいた	259	M	1
2013	次絆	つずな	259	M	1
2013	歓太		260	M	1
2013		りいや	260	M	1
2013	歓太	かんた	260	M	1
2013	正介		261	M	1
2013		りおん	261	M	1
2013	正介	せいすけ	261	M	1
2013	歩武		262	M	1
2013		りくと	262	M	1
2013	歩武	あゆむ	262	M	1
2013	汐理		263	M	1
2013		りつ	263	M	1
2013	汐理	しおり	263	M	1
2013	流以		264	M	1
2013		りと	264	M	1
2013	流以	るい	264	M	1
2013	海寿		265	M	1
2013		りひと	265	M	1
2013	海寿	かいじゅ	265	M	1
2013	海涙		266	M	1
2013		りゅうき	266	M	1
2013	海涙	かいる	266	M	1
2013	海翔		267	M	1
2013		りゅうしん	267	M	1
2013	海翔	かいと	267	M	1
2013	海音		268	M	1
2013		りゅうじ	268	M	1
2013	海音	かいと	268	M	1
2013	涼太		269	M	1
2013		りゅうた	269	M	1
2013	涼太	りょうた	269	M	1
2013	清矢		270	M	1
2013		りゅうたろう	270	M	1
2013	清矢	せいや	270	M	1
2013	渉		271	M	1
2013		りゅうへい	271	M	1
2013	渉	わたる	271	M	1
2013	渚		272	M	1
2013		りょうすけ	272	M	1
2013	渚	なぎさ	272	M	1
2013	湊良		273	M	1
2013		りょうせい	273	M	1
2013	湊	そう	273	M	1
2013	湊音		274	M	1
2013		りょうや	274	M	1
2013	湊良	そら	274	M	1
2013	滉人		275	M	1
2013		りん	275	M	1
2013	湊音	みなと	275	M	1
2013	潤世		276	M	1
2013		りんと	276	M	1
2013	滉人	こうと	276	M	1
2013	煌太		277	M	1
2013		りんのすけ	277	M	1
2013	潤世	じゅんせい	277	M	1
2013	煌太郎		278	M	1
2013		れお	278	M	1
2013	煌太	こうた	278	M	1
2013	煌麻		279	M	1
2013		れおん	279	M	1
2013	煌太郎	こうたろう	279	M	1
2013	玲桜		280	M	1
2013		れん	280	M	1
2013	煌麻	こうま	280	M	1
2013	理		281	M	1
2013		れんが	281	M	1
2013	玲桜	れおん	281	M	1
2013	理仁		282	M	1
2013		れんせい	282	M	1
2013	理	おさむ	282	M	1
2013	琉太		283	M	1
2013		れんた	283	M	1
2013	理仁	りひと	283	M	1
2013	琉希		284	M	1
2013		わく	284	M	1
2013	琉太	りゅうた	284	M	1
2013	琉志		285	M	1
2013	琉希	りゅうき	285	M	1
2013	琉成		286	M	1
2013	琉志	りゅうじ	286	M	1
2013	琉生		287	M	1
2013	琉成	りゅうせい	287	M	1
2013	琉真		288	M	1
2013	琉生	るい	288	M	1
2013	琉聖		289	M	1
2013	琉真	りゅうしん	289	M	1
2013	琢己		290	M	1
2013	琉聖	りゅうせい	290	M	1
2013	琥太郎		291	M	1
2013	琢己	たくみ	291	M	1
2013	琳		292	M	1
2013	琥太郎	こたろう	292	M	1
2013	琳太郎		293	M	1
2013	琳	りん	293	M	1
2013	瑚那		294	M	1
2013	琳太郎	りんたろう	294	M	1
2013	瑛也		295	M	1
2013	瑚那	こな	295	M	1
2013	瑛人		296	M	1
2013	瑛也	あきや	296	M	1
2013	瑛司		297	M	1
2013	瑛人	えいと	297	M	1
2013	瑛士		298	M	1
2013	瑛司	えいじ	298	M	1
2013	瑛太		299	M	1
2013	瑛士	えいと	299	M	1
2013	瑛飛		300	M	1
2013	瑛太	えいた	300	M	1
2013	瑞生		301	M	1
2013	瑛斗	えいと	301	M	1
2013	瑠清		302	M	1
2013	瑛飛	えいと	302	M	1
2013	璃也		303	M	1
2013	瑞生	みずき	303	M	1
2013	璃星		304	M	1
2013	瑠清	りゅうせい	304	M	1
2013	璃雄		305	M	1
2013	璃也	りいや	305	M	1
2013	皓斗		306	M	1
2013	璃星	りおん	306	M	1
2013	直哉		307	M	1
2013	璃雄	りお	307	M	1
2013	直太郎		308	M	1
2013	皓斗	ひろと	308	M	1
2013	直央		309	M	1
2013	直哉	なおや	309	M	1
2013	直登		310	M	1
2013	直太郎	なおたろう	310	M	1
2013	直紀		311	M	1
2013	直央	なお	311	M	1
2013	真幸		312	M	1
2013	直登	なおと	312	M	1
2013	真生		313	M	1
2013	直紀	なおき	313	M	1
2013	真輝		314	M	1
2013	真幸	まさき	314	M	1
2013	碧月		315	M	1
2013	真生	まさき	315	M	1
2013	祈		316	M	1
2013	真輝	まさてる	316	M	1
2013	祐杜		317	M	1
2013	碧月	あき	317	M	1
2013	祐葵		318	M	1
2013	祈	れい	318	M	1
2013	祝玖		319	M	1
2013	祐杜	ゆうと	319	M	1
2013	祥太郎		320	M	1
2013	祐葵	ゆうき	320	M	1
2013	祥央		321	M	1
2013	祝玖	ときひさ	321	M	1
2013	禮音		322	M	1
2013	祥太郎	しょうたろう	322	M	1
2013	秀信		323	M	1
2013	祥央	しょう	323	M	1
2013	秀健		324	M	1
2013	禮音	らいと	324	M	1
2013	稜生		325	M	1
2013	秀信	ひでのぶ	325	M	1
2013	穂高		326	M	1
2013	秀健	ひでたけ	326	M	1
2013	空		327	M	1
2013	稜生	りょう	327	M	1
2013	笑大郎		328	M	1
2013	穂高	ほたか	328	M	1
2013	築		329	M	1
2013	空	そら	329	M	1
2013	紘太		330	M	1
2013	笑大郎	しょうたろう	330	M	1
2013	結人		331	M	1
2013	築	きずく	331	M	1
2013	結仁		332	M	1
2013	紘太	こうた	332	M	1
2013	結凪		333	M	1
2013	結人	ゆいと	333	M	1
2013	結和		334	M	1
2013	結仁	ゆいと	334	M	1
2013	結心		335	M	1
2013	結凪	ゆうなぎ	335	M	1
2013	結都		336	M	1
2013	結和	ゆうわ	336	M	1
2013	統		337	M	1
2013	結心	ゆうしん	337	M	1
2013	維路		338	M	1
2013	結都	ゆいと	338	M	1
2013	綾人		339	M	1
2013	統	すばる	339	M	1
2013	義彦		340	M	1
2013	維路	いろ	340	M	1
2013	羽翼		341	M	1
2013	綾人	あやと	341	M	1
2013	羽響		342	M	1
2013	義彦	よしひこ	342	M	1
2013	翔		343	M	1
2013	羽翼	つばさ	343	M	1
2013	翔哉		344	M	1
2013	羽響	うきょう	344	M	1
2013	翔大		345	M	1
2013	翔	かける	345	M	1
2013	翔太郎		346	M	1
2013	翔哉	しょうや	346	M	1
2013	翔心		347	M	1
2013	翔大	しょうだい	347	M	1
2013	翔生		348	M	1
2013	翔太郎	しょうたろう	348	M	1
2013	翔輝		349	M	1
2013	翔心	しょうしん	349	M	1
2013	聡介		350	M	1
2013	翔生	かなる	350	M	1
2013	航士朗		351	M	1
2013	翔輝	しょうき	351	M	1
2013	航希		352	M	1
2013	聡介	そうすけ	352	M	1
2013	航玖		353	M	1
2013	航士朗	こうしろう	353	M	1
2013	航瑠		354	M	1
2013	航希	こうき	354	M	1
2013	英吉		355	M	1
2013	航玖	わく	355	M	1
2013	葉太郎		356	M	1
2013	航瑠	わたる	356	M	1
2013	葵		357	M	1
2013	英吉	えいきち	357	M	1
2013	蒼人		358	M	1
2013	葉太郎	ようたろう	358	M	1
2013	蒼佑		359	M	1
2013	葵	あおい	359	M	1
2013	蒼央		360	M	1
2013	蒼人	あおと	360	M	1
2013	蓮		361	M	1
2013	蒼佑	そうすけ	361	M	1
2013	蓮太		362	M	1
2013	蒼大	そうだい	362	M	1
2013	蓮星		363	M	1
2013	蒼央	あお	363	M	1
2013	蓮生		364	M	1
2013	蓮	れん	364	M	1
2013	蓮雅		365	M	1
2013	蓮太	れんた	365	M	1
2013	薫瑠		366	M	1
2013	蓮星	れんせい	366	M	1
2013	虹		367	M	1
2013	蓮生	れお	367	M	1
2013	虹輝		368	M	1
2013	蓮雅	れんが	368	M	1
2013	行翔		369	M	1
2013	薫瑠	かおる	369	M	1
2013	裕大		370	M	1
2013	虹	こう	370	M	1
2013	裕真		371	M	1
2013	虹輝	こうき	371	M	1
2013	諒		372	M	1
2013	行翔	ゆきと	372	M	1
2013	譲		373	M	1
2013	裕大	ゆうだい	373	M	1
2013	讃太		374	M	1
2013	裕真	ゆうま	374	M	1
2013	貫徹		375	M	1
2013	諒	りょう	375	M	1
2013	賢悟		376	M	1
2013	譲	じょう	376	M	1
2013	逢佑		377	M	1
2013	讃太	さんた	377	M	1
2013	逢太		378	M	1
2013	貫徹	かんてつ	378	M	1
2013	進羽		379	M	1
2013	賢悟	けんご	379	M	1
2013	遊		380	M	1
2013	逢佑	ほうすけ	380	M	1
2013	道之真		381	M	1
2013	逢太	おうた	381	M	1
2013	達葵		382	M	1
2013	進羽	しんば	382	M	1
2013	遥暉		383	M	1
2013	遊	ゆう	383	M	1
2013	遥琉		384	M	1
2013	道之真	みちのしん	384	M	1
2013	遥稀		385	M	1
2013	達葵	たつき	385	M	1
2013	遼也		386	M	1
2013	遥暉	はるき	386	M	1
2013	那月		387	M	1
2013	遥琉	はる	387	M	1
2013	郁人		388	M	1
2013	遥稀	はるき	388	M	1
2013	錦乃丞		389	M	1
2013	遼也	りょうや	389	M	1
2013	陵祐		390	M	1
2013	那月	なつ	390	M	1
2013	陸翔		391	M	1
2013	郁人	いくと	391	M	1
2013	陽介		392	M	1
2013	錦乃丞	きんのすけ	392	M	1
2013	陽南太		393	M	1
2013	陵祐	りょうすけ	393	M	1
2013	陽琉		394	M	1
2013	陸翔	りくと	394	M	1
2013	陽生		395	M	1
2013	陽	よう	395	M	1
2013	陽穂		396	M	1
2013	陽介	ようすけ	396	M	1
2013	陽翔		397	M	1
2013	陽南太	ひなた	397	M	1
2013	陽葵		398	M	1
2013	陽太	はるた	398	M	1
2013	隆大		399	M	1
2013	陽太	ひなた	399	M	1
2013	隼士		400	M	1
2013	陽琉	はる	400	M	1
2013	隼晟		401	M	1
2013	陽生	はるき	401	M	1
2013	雄大		402	M	1
2013	陽穂	はるほ	402	M	1
2013	雅人		403	M	1
2013	陽翔	はると	403	M	1
2013	雅咲		404	M	1
2013	陽葵	はるき	404	M	1
2013	零		405	M	1
2013	隆大	たかひろ	405	M	1
2013	雷太		406	M	1
2013	隼	しゅん	406	M	1
2013	青芭		407	M	1
2013	隼	はやと	407	M	1
2013	音聖		408	M	1
2013	隼士	はやと	408	M	1
2013	響斗		409	M	1
2013	隼晟	じゅんせい	409	M	1
2013	響月		410	M	1
2013	雄大	ゆうだい	410	M	1
2013	頼人		411	M	1
2013	雅人	まさと	411	M	1
2013	顕伍		412	M	1
2013	雅咲	まさき	412	M	1
2013	風翔		413	M	1
2013	零	れい	413	M	1
2013	颯士		414	M	1
2013	雷太	らいた	414	M	1
2013	颯太		415	M	1
2013	青芭	あおば	415	M	1
2013	颯樹		416	M	1
2013	音聖	とおま	416	M	1
2013	飛向		417	M	1
2013	響斗	ひびと	417	M	1
2013	駈		418	M	1
2013	響月	ひびき	418	M	1
2013	駿		419	M	1
2013	頼人	らいと	419	M	1
2013	駿丞		420	M	1
2013	顕伍	けんご	420	M	1
2013	駿佑		421	M	1
2013	風翔	ふうが	421	M	1
2013	駿太		422	M	1
2013	颯士	はやと	422	M	1
2013	魁		423	M	1
2013	颯太	そうた	423	M	1
2013	龍ノ介		424	M	1
2013	颯樹	さつき	424	M	1
2013	龍平		425	M	1
2013	飛向	ひなた	425	M	1
2013	龍成		426	M	1
2013	駈	かける	426	M	1
2013	龍紀		427	M	1
2013	駿	はやと	427	M	1
2013	駿丞	しゅんすけ	428	M	1
2013	駿佑	しゅんすけ	429	M	1
2013	駿太	しゅんた	430	M	1
2013	魁	かい	431	M	1
2013	龍ノ介	りゅうのすけ	432	M	1
2013	龍平	りゅうへい	433	M	1
2013	龍成	りゅうせい	434	M	1
2013	龍紀	たつき	435	M	1
2014	あかり		1	F	6
2014		あかり	1	F	12
2014	あかり	あかり	1	F	6
2014	七海		2	F	5
2014		こはる	2	F	8
2014	七海	ななみ	2	F	5
2014	愛莉		3	F	5
2014		ほのか	3	F	8
2014	愛莉	あいり	3	F	4
2014	結愛		4	F	4
2014		かんな	4	F	7
2014	さくら	さくら	4	F	3
2014	さくら		5	F	3
2014		すみれ	5	F	7
2014	すみれ	すみれ	5	F	3
2014	すみれ		6	F	3
2014		ななみ	6	F	7
2014	彩葉	いろは	6	F	3
2014	彩葉		7	F	3
2014		ゆい	7	F	7
2014	未来	みく	7	F	3
2014	未来		8	F	3
2014		あいり	8	F	6
2014	梨乃	りの	8	F	3
2014	梨乃		9	F	3
2014		あおい	9	F	6
2014	結月	ゆづき	9	F	3
2014	結月		10	F	3
2014		さくら	10	F	6
2014	菫	すみれ	10	F	3
2014	美月		11	F	3
2014		ひまり	11	F	6
2014	葵	あおい	11	F	3
2014	菫		12	F	3
2014		みく	12	F	6
2014	はるか	はるか	12	F	2
2014	葵		13	F	3
2014		みゆ	13	F	6
2014	みゆ	みゆ	13	F	2
2014	陽菜		14	F	3
2014		ゆめ	14	F	6
2014	りお	りお	14	F	2
2014	はるか		15	F	2
2014		あいな	15	F	5
2014	優花	ゆうか	15	F	2
2014	みゆ		16	F	2
2014		いちか	16	F	5
2014	優菜	ゆな	16	F	2
2014	りお		17	F	2
2014		はるか	17	F	5
2014	優衣	ゆい	17	F	2
2014	倖		18	F	2
2014		ひな	18	F	5
2014	凛	りん	18	F	2
2014	優		19	F	2
2014		ふうか	19	F	5
2014	千尋	ちひろ	19	F	2
2014	優花		20	F	2
2014		みお	20	F	5
2014	千明	ちあき	20	F	2
2014	優菜		21	F	2
2014		みずき	21	F	5
2014	咲希	さき	21	F	2
2014	優衣		22	F	2
2014		ゆうり	22	F	5
2014	咲恵	さえ	22	F	2
2014	凛		23	F	2
2014		ゆづき	23	F	5
2014	咲羽	さわ	23	F	2
2014	千尋		24	F	2
2014		りな	24	F	5
2014	小春	こはる	24	F	2
2014	千明		25	F	2
2014		りん	25	F	5
2014	希	のぞみ	25	F	2
2014	叶愛		26	F	2
2014		るな	26	F	5
2014	心春	こはる	26	F	2
2014	和		27	F	2
2014		あやね	27	F	4
2014	心結	みゆ	27	F	2
2014	咲希		28	F	2
2014		あん	28	F	4
2014	心陽	こはる	28	F	2
2014	咲恵		29	F	2
2014		かのん	29	F	4
2014	心音	ここね	29	F	2
2014	咲羽		30	F	2
2014		かほ	30	F	4
2014	愛子	あいこ	30	F	2
2014	姫星		31	F	2
2014		ここな	31	F	4
2014	愛美	まなみ	31	F	2
2014	小春		32	F	2
2014		さえ	32	F	4
2014	明日香	あすか	32	F	2
2014	希		33	F	2
2014		さき	33	F	4
2014	杏	あん	33	F	2
2014	心春		34	F	2
2014		つむぎ	34	F	4
2014	杏珠	あんじゅ	34	F	2
2014	心結		35	F	2
2014		はな	35	F	4
2014	柚希	ゆずき	35	F	2
2014	心陽		36	F	2
2014		みほ	36	F	4
2014	楓	かえで	36	F	2
2014	心音		37	F	2
2014		めい	37	F	4
2014	樹里	じゅり	37	F	2
2014	愛子		38	F	2
2014		ゆあ	38	F	4
2014	瑞希	みずき	38	F	2
2014	愛美		39	F	2
2014		ゆいか	39	F	4
2014	紬希	つむぎ	39	F	2
2014	明日香		40	F	2
2014		ゆな	40	F	4
2014	結	ゆい	40	F	2
2014	杏		41	F	2
2014		りお	41	F	4
2014	結彩	ゆい	41	F	2
2014	杏珠		42	F	2
2014		あすか	42	F	3
2014	結愛	ゆめ	42	F	2
2014	柚希		43	F	2
2014		あんじゅ	43	F	3
2014	結羽	ゆわ	43	F	2
2014	柚香		44	F	2
2014		いろは	44	F	3
2014	結菜	ゆいな	44	F	2
2014	栞愛		45	F	2
2014		えま	45	F	3
2014	結音	ゆの	45	F	2
2014	楓		46	F	2
2014		えれな	46	F	3
2014	絢愛	あやめ	46	F	2
2014	樹里		47	F	2
2014		ここね	47	F	3
2014	絢音	あやね	47	F	2
2014	瑞希		48	F	2
2014		さな	48	F	3
2014	美月	みつき	48	F	2
2014	紬希		49	F	2
2014		さゆ	49	F	3
2014	美歩	みほ	49	F	2
2014	結		50	F	2
2014		しおり	50	F	3
2014	美緒	みお	50	F	2
2014	結彩		51	F	2
2014		すずか	51	F	3
2014	美雅	みやび	51	F	2
2014	結羽		52	F	2
2014		ちあき	52	F	3
2014	芽依	めい	52	F	2
2014	結菜		53	F	2
2014		ちひろ	53	F	3
2014	菜月	なつき	53	F	2
2014	結音		54	F	2
2014		なお	54	F	3
2014	詩織	しおり	54	F	2
2014	絢愛		55	F	2
2014		なつき	55	F	3
2014	陽菜	ひな	55	F	2
2014	絢音		56	F	2
2014		にこ	56	F	3
2014	風花	ふうか	56	F	2
2014	美歩		57	F	2
2014		ねね	57	F	3
2014	あおい	あおい	57	F	1
2014	美緒		58	F	2
2014		のあ	58	F	3
2014	あおば	あおば	58	F	1
2014	美雅		59	F	2
2014		のぞみ	59	F	3
2014	あづき	あづき	59	F	1
2014	芽依		60	F	2
2014		ふたば	60	F	3
2014	あやか	あやか	60	F	1
2014	菜月		61	F	2
2014		まお	61	F	3
2014	ありす	ありす	61	F	1
2014	華音		62	F	2
2014		まほ	62	F	3
2014	ありな	ありな	62	F	1
2014	詩織		63	F	2
2014		みう	63	F	3
2014	あん	あん	63	F	1
2014	風花		64	F	2
2014		みき	64	F	3
2014	いち花	いちか	64	F	1
2014	麗		65	F	2
2014		みつき	65	F	3
2014	うらら	うらら	65	F	1
2014	あおい		66	F	1
2014		ももか	66	F	3
2014	えれな	えれな	66	F	1
2014	あおば		67	F	1
2014		ゆいな	67	F	3
2014	くるみ	くるみ	67	F	1
2014	あづき		68	F	1
2014		ゆうか	68	F	3
2014	くる美	くるみ	68	F	1
2014	あやか		69	F	1
2014		ゆうな	69	F	3
2014	ここな	ここな	69	F	1
2014	ありす		70	F	1
2014		ゆの	70	F	3
2014	ことは	ことは	70	F	1
2014	ありな		71	F	1
2014		りの	71	F	3
2014	さよ	さよ	71	F	1
2014	あん		72	F	1
2014		りほ	72	F	3
2014	しおん	しおん	72	F	1
2014	いち花		73	F	1
2014		わかな	73	F	3
2014	しらら	しらら	73	F	1
2014	うらら		74	F	1
2014		あいか	74	F	2
2014	すず	すず	74	F	1
2014	えれな		75	F	1
2014		あいこ	75	F	2
2014	すず花	すずか	75	F	1
2014	くるみ		76	F	1
2014		あやか	76	F	2
2014	なの香	なのか	76	F	1
2014	くる美		77	F	1
2014		あやめ	77	F	2
2014	ねね	ねね	77	F	1
2014	ここな		78	F	1
2014		あゆ	78	F	2
2014	はな	はな	78	F	1
2014	ことは		79	F	1
2014		いおり	79	F	2
2014	はな乃	はなの	79	F	1
2014	さよ		80	F	1
2014		うたは	80	F	2
2014	ひまり	ひまり	80	F	1
2014	しおん		81	F	1
2014		うみ	81	F	2
2014	ひよ臣	ひよみ	81	F	1
2014	しらら		82	F	1
2014		うらら	82	F	2
2014	ふた葉	ふたば	82	F	1
2014	すず		83	F	1
2014		えり	83	F	2
2014	ほのか	ほのか	83	F	1
2014	すず花		84	F	1
2014		かえで	84	F	2
2014	まりこ	まりこ	84	F	1
2014	なの香		85	F	1
2014		きょうか	85	F	2
2014	みこと	みこと	85	F	1
2014	ねね		86	F	1
2014		くるみ	86	F	2
2014	みずほ	みずほ	86	F	1
2014	はな		87	F	1
2014		ことね	87	F	2
2014	ゆうり	ゆうり	87	F	1
2014	はな乃		88	F	1
2014		ことは	88	F	2
2014	ゆず	ゆず	88	F	1
2014	ひまり		89	F	1
2014		こなつ	89	F	2
2014	ゆめの	ゆめの	89	F	1
2014	ひよ臣		90	F	1
2014		さや	90	F	2
2014	りあん	りあん	90	F	1
2014	ふた葉		91	F	1
2014		さわ	91	F	2
2014	りん	りん	91	F	1
2014	ほのか		92	F	1
2014		しほ	92	F	2
2014	マハナ	まはな	92	F	1
2014	まりこ		93	F	1
2014		じゅり	93	F	2
2014	リサ	りさ	93	F	1
2014	みこと		94	F	1
2014		せいな	94	F	2
2014	一乃	いちの	94	F	1
2014	みずほ		95	F	1
2014		せいら	95	F	2
2014	一花	いちか	95	F	1
2014	ゆうり		96	F	1
2014		せな	96	F	2
2014	一華	いちか	96	F	1
2014	ゆず		97	F	1
2014		たまき	97	F	2
2014	七彩	ななせ	97	F	1
2014	ゆめの		98	F	1
2014		ちさき	98	F	2
2014	七葉	ななは	98	F	1
2014	りあん		99	F	1
2014		なつみ	99	F	2
2014	万葉奈	まはな	99	F	1
2014	りん		100	F	1
2014		なつめ	100	F	2
2014	三久	みく	100	F	1
2014	マハナ		101	F	1
2014		ななせ	101	F	2
2014	乃愛	のあ	101	F	1
2014	リサ		102	F	1
2014		ひより	102	F	2
2014	乃衣	のい	102	F	1
2014	一乃		103	F	1
2014		まなみ	103	F	2
2014	二葉	ふたば	103	F	1
2014	一花		104	F	1
2014		まはな	104	F	2
2014	京香	きょうか	104	F	1
2014	一華		105	F	1
2014		みか	105	F	2
2014	伊織	いおり	105	F	1
2014	七彩		106	F	1
2014		みこ	106	F	2
2014	伶	れい	106	F	1
2014	七葉		107	F	1
2014		みやび	107	F	2
2014	伶香	れいか	107	F	1
2014	万葉奈		108	F	1
2014		むく	108	F	2
2014	佑梨	ゆうり	108	F	1
2014	三久		109	F	1
2014		めいこ	109	F	2
2014	佳子	かこ	109	F	1
2014	乃愛		110	F	1
2014		ゆう	110	F	2
2014	佳穂	かほ	110	F	1
2014	乃衣		111	F	1
2014		ゆうこ	111	F	2
2014	來愛	くれあ	111	F	1
2014	二葉		112	F	1
2014		ゆか	112	F	2
2014	侑奈	ゆうな	112	F	1
2014	京香		113	F	1
2014		ゆかり	113	F	2
2014	依愛	えま	113	F	1
2014	伊織		114	F	1
2014		ゆきな	114	F	2
2014	依茅佳	いちか	114	F	1
2014	伶		115	F	1
2014		ゆず	115	F	2
2014	依茅花	いちか	115	F	1
2014	伶香		116	F	1
2014		ゆずき	116	F	2
2014	倖	こう	116	F	1
2014	佑梨		117	F	1
2014		ゆずな	117	F	2
2014	倖	さち	117	F	1
2014	佳子		118	F	1
2014		ゆりあ	118	F	2
2014	倖良	さら	118	F	1
2014	佳穂		119	F	1
2014		ゆわ	119	F	2
2014	優	ひろか	119	F	1
2014	來愛		120	F	1
2014		らん	120	F	2
2014	優	ゆう	120	F	1
2014	侑奈		121	F	1
2014		りあ	121	F	2
2014	優佳	ゆか	121	F	1
2014	依愛		122	F	1
2014		りあん	122	F	2
2014	優子	ゆうこ	122	F	1
2014	依茅佳		123	F	1
2014		りこ	123	F	2
2014	優心	ゆゆ	123	F	1
2014	依茅花		124	F	1
2014		りせ	124	F	2
2014	優梨亜	ゆりあ	124	F	1
2014	倖良		125	F	1
2014		りりあ	125	F	2
2014	優珠	ゆず	125	F	1
2014	優佳		126	F	1
2014		りりか	126	F	2
2014	優羽奈	ゆうな	126	F	1
2014	優子		127	F	1
2014		れい	127	F	2
2014	優芭	ゆうは	127	F	1
2014	優心		128	F	1
2014		れいか	128	F	2
2014	優芽	ゆめ	128	F	1
2014	優梨亜		129	F	1
2014		あい	129	F	1
2014	優衣夏	ゆいか	129	F	1
2014	優珠		130	F	1
2014		あおか	130	F	1
2014	優那	ゆな	130	F	1
2014	優羽奈		131	F	1
2014		あおば	131	F	1
2014	充來	みつき	131	F	1
2014	優芭		132	F	1
2014		あかね	132	F	1
2014	六花	りっか	132	F	1
2014	優芽		133	F	1
2014		あさこ	133	F	1
2014	円美佳	まるみか	133	F	1
2014	優衣夏		134	F	1
2014		あさひ	134	F	1
2014	冬華	ふゆか	134	F	1
2014	優那		135	F	1
2014		あずみ	135	F	1
2014	凛南	りんな	135	F	1
2014	充來		136	F	1
2014		あづき	136	F	1
2014	凛愛	りあ	136	F	1
2014	六花		137	F	1
2014		あまね	137	F	1
2014	凛花	りんか	137	F	1
2014	円美佳		138	F	1
2014		あや	138	F	1
2014	凛莉	りり	138	F	1
2014	冬華		139	F	1
2014		あやこ	139	F	1
2014	凛音	りん	139	F	1
2014	凛南		140	F	1
2014		あゆり	140	F	1
2014	凜	りん	140	F	1
2014	凛愛		141	F	1
2014		ありさ	141	F	1
2014	凜歩	りほ	141	F	1
2014	凛花		142	F	1
2014		ありす	142	F	1
2014	千代	ちよ	142	F	1
2014	凛莉		143	F	1
2014		ありな	143	F	1
2014	千咲希	ちさき	143	F	1
2014	凛音		144	F	1
2014		あんな	144	F	1
2014	千夏	ちなつ	144	F	1
2014	凜		145	F	1
2014		あんり	145	F	1
2014	千彩希	ちさき	145	F	1
2014	凜歩		146	F	1
2014		いちの	146	F	1
2014	千早	ちはや	146	F	1
2014	千代		147	F	1
2014		いとな	147	F	1
2014	千晴	ちはる	147	F	1
2014	千咲希		148	F	1
2014		うい	148	F	1
2014	千秋	ちあき	148	F	1
2014	千夏		149	F	1
2014		うた	149	F	1
2014	千紗	ちさ	149	F	1
2014	千彩希		150	F	1
2014		うたの	150	F	1
2014	千紘	ちひろ	150	F	1
2014	千早		151	F	1
2014		うるは	151	F	1
2014	千華	ちはな	151	F	1
2014	千晴		152	F	1
2014		えな	152	F	1
2014	南嬉咲	なぎさ	152	F	1
2014	千秋		153	F	1
2014		えみ	153	F	1
2014	友佳俐	ゆかり	153	F	1
2014	千紗		154	F	1
2014		えみか	154	F	1
2014	友希	ゆき	154	F	1
2014	千紘		155	F	1
2014		えみは	155	F	1
2014	友月	ゆづき	155	F	1
2014	千華		156	F	1
2014		えりか	156	F	1
2014	友美	ともみ	156	F	1
2014	南嬉咲		157	F	1
2014		おうか	157	F	1
2014	友里	ゆうり	157	F	1
2014	友佳俐		158	F	1
2014		かあん	158	F	1
2014	双葉	ふたば	158	F	1
2014	友希		159	F	1
2014		かがり	159	F	1
2014	史子	あやこ	159	F	1
2014	友月		160	F	1
2014		かこ	160	F	1
2014	叶	かなえ	160	F	1
2014	友美		161	F	1
2014		かなえ	161	F	1
2014	叶愛	かのあ	161	F	1
2014	友里		162	F	1
2014		かなめ	162	F	1
2014	叶愛	のあ	162	F	1
2014	双葉		163	F	1
2014		かのあ	163	F	1
2014	向日葵	ひまり	163	F	1
2014	史子		164	F	1
2014		かりん	164	F	1
2014	和	なごみ	164	F	1
2014	叶		165	F	1
2014		かれん	165	F	1
2014	和	のどか	165	F	1
2014	向日葵		166	F	1
2014		きあら	166	F	1
2014	和奏	わかな	166	F	1
2014	和奏		167	F	1
2014		きあり	167	F	1
2014	和日菜	わかな	167	F	1
2014	和日菜		168	F	1
2014		きさ	168	F	1
2014	和花	わか	168	F	1
2014	和花		169	F	1
2014		きずな	169	F	1
2014	和華名	わかな	169	F	1
2014	和華名		170	F	1
2014		きづき	170	F	1
2014	和里	あいり	170	F	1
2014	和里		171	F	1
2014		きゆ	171	F	1
2014	咲乃	さきの	171	F	1
2014	咲乃		172	F	1
2014		きら	172	F	1
2014	咲優	さゆ	172	F	1
2014	咲優		173	F	1
2014		くれあ	173	F	1
2014	咲夢	みう	173	F	1
2014	咲夢		174	F	1
2014		けいと	174	F	1
2014	咲奈	さな	174	F	1
2014	咲奈		175	F	1
2014		こう	175	F	1
2014	咲愛	さな	175	F	1
2014	咲愛		176	F	1
2014		こうき	176	F	1
2014	咲月	さつき	176	F	1
2014	咲月		177	F	1
2014		ここの	177	F	1
2014	咲来	さくら	177	F	1
2014	咲来		178	F	1
2014		ここは	178	F	1
2014	咲由紀	さゆき	178	F	1
2014	咲由紀		179	F	1
2014		ことあ	179	F	1
2014	咲良	さくら	179	F	1
2014	咲良		180	F	1
2014		ことき	180	F	1
2014	咲花	えみか	180	F	1
2014	咲花		181	F	1
2014		この	181	F	1
2014	咲葉	えみは	181	F	1
2014	咲葉		182	F	1
2014		このは	182	F	1
2014	咲蘭	さらん	182	F	1
2014	咲蘭		183	F	1
2014		こはな	183	F	1
2014	咲陽乃	さやの	183	F	1
2014	咲陽乃		184	F	1
2014		こまち	184	F	1
2014	夏奈	なつな	184	F	1
2014	夏奈		185	F	1
2014		こゆき	185	F	1
2014	夏実	なつみ	185	F	1
2014	夏実		186	F	1
2014		さあや	186	F	1
2014	夏帆	かほ	186	F	1
2014	夏帆		187	F	1
2014		さお	187	F	1
2014	夏希	なつき	187	F	1
2014	夏希		188	F	1
2014		さきの	188	F	1
2014	夏海	なつみ	188	F	1
2014	夏海		189	F	1
2014		さち	189	F	1
2014	夏穂	かほ	189	F	1
2014	夏穂		190	F	1
2014		さつき	190	F	1
2014	夏芽	なつめ	190	F	1
2014	夏芽		191	F	1
2014		さほ	191	F	1
2014	夕明	ゆあ	191	F	1
2014	夕明		192	F	1
2014		さやの	192	F	1
2014	夜羽	ゆう	192	F	1
2014	夜羽		193	F	1
2014		さゆき	193	F	1
2014	夢彩	ゆあ	193	F	1
2014	夢彩		194	F	1
2014		さよ	194	F	1
2014	夢愛	ゆあ	194	F	1
2014	夢愛		195	F	1
2014		さら	195	F	1
2014	夢絆	ゆな	195	F	1
2014	夢絆		196	F	1
2014		さらん	196	F	1
2014	夢華	ゆめか	196	F	1
2014	夢華		197	F	1
2014		さり	197	F	1
2014	奈央	なお	197	F	1
2014	奈央		198	F	1
2014		しあら	198	F	1
2014	奈那子	ななこ	198	F	1
2014	奈那子		199	F	1
2014		しおん	199	F	1
2014	奏芽	かなめ	199	F	1
2014	奏芽		200	F	1
2014		しずく	200	F	1
2014	妃莉	ひなり	200	F	1
2014	妃莉		201	F	1
2014		しの	201	F	1
2014	姫心愛	ぴゅあ	201	F	1
2014	姫心愛		202	F	1
2014		しらら	202	F	1
2014	姫星	きあら	202	F	1
2014	媛菜		203	F	1
2014		すず	203	F	1
2014	姫星	きら	203	F	1
2014	季紗		204	F	1
2014		すずは	204	F	1
2014	媛菜	ひな	204	F	1
2014	守梨		205	F	1
2014		すな	205	F	1
2014	季紗	きさ	205	F	1
2014	実乃莉		206	F	1
2014		そら	206	F	1
2014	守梨	まもり	206	F	1
2014	実咲		207	F	1
2014		たま	207	F	1
2014	実乃莉	みのり	207	F	1
2014	実桜		208	F	1
2014		たまら	208	F	1
2014	実咲	みか	208	F	1
2014	実歩		209	F	1
2014		ちさ	209	F	1
2014	実桜	みお	209	F	1
2014	寛夏		210	F	1
2014		ちなつ	210	F	1
2014	実歩	みほ	210	F	1
2014	寛奈		211	F	1
2014		ちはな	211	F	1
2014	寛夏	かんな	211	F	1
2014	寧音		212	F	1
2014		ちはや	212	F	1
2014	寛奈	かんな	212	F	1
2014	小夏		213	F	1
2014		ちはる	213	F	1
2014	寧音	ねね	213	F	1
2014	小恋音		214	F	1
2014		ちゅうり	214	F	1
2014	小夏	こなつ	214	F	1
2014	小遥		215	F	1
2014		ちよ	215	F	1
2014	小恋音	ここね	215	F	1
2014	小陽		216	F	1
2014		とあ	216	F	1
2014	小遥	こはる	216	F	1
2014	左帆		217	F	1
2014		ともか	217	F	1
2014	小陽	こはる	217	F	1
2014	帆乃佳		218	F	1
2014		ともは	218	F	1
2014	左帆	さほ	218	F	1
2014	帆椛		219	F	1
2014		ともみ	219	F	1
2014	帆乃佳	ほのか	219	F	1
2014	帆音		220	F	1
2014		なぎさ	220	F	1
2014	帆椛	ほのか	220	F	1
2014	帆香		221	F	1
2014		なこ	221	F	1
2014	帆音	ほのん	221	F	1
2014	希寧		222	F	1
2014		なごみ	222	F	1
2014	帆香	ほのか	222	F	1
2014	希秋		223	F	1
2014		なつこ	223	F	1
2014	希寧	ねね	223	F	1
2014	幸奈		224	F	1
2014		なつな	224	F	1
2014	希秋	のあ	224	F	1
2014	幸来		225	F	1
2014		ななえ	225	F	1
2014	幸奈	ゆきな	225	F	1
2014	幸菜		226	F	1
2014		ななこ	226	F	1
2014	幸来	しあら	226	F	1
2014	幸音		227	F	1
2014		ななは	227	F	1
2014	幸菜	ゆきな	227	F	1
2014	弥咲		228	F	1
2014		なのか	228	F	1
2014	幸音	ゆきね	228	F	1
2014	彩		229	F	1
2014		なほ	229	F	1
2014	弥咲	みさき	229	F	1
2014	彩優		230	F	1
2014		なるみ	230	F	1
2014	彩	ひかり	230	F	1
2014	彩姫		231	F	1
2014		にこる	231	F	1
2014	彩優	さゆ	231	F	1
2014	彩朱		232	F	1
2014		にな	232	F	1
2014	彩姫	さき	232	F	1
2014	彩里		233	F	1
2014		ねむ	233	F	1
2014	彩朱	さあや	233	F	1
2014	彩音		234	F	1
2014		のい	234	F	1
2014	彩里	さり	234	F	1
2014	彩香理		235	F	1
2014		のどか	235	F	1
2014	彩音	あやね	235	F	1
2014	心乃		236	F	1
2014		ののか	236	F	1
2014	彩香理	あかり	236	F	1
2014	心乃華		237	F	1
2014		はつき	237	F	1
2014	心乃	ここの	237	F	1
2014	心優		238	F	1
2014		はなえ	238	F	1
2014	心乃華	このは	238	F	1
2014	心希		239	F	1
2014		はなか	239	F	1
2014	心優	みゆ	239	F	1
2014	心待		240	F	1
2014		はなの	240	F	1
2014	心希	みき	240	F	1
2014	心海		241	F	1
2014		はの	241	F	1
2014	心待	こまち	241	F	1
2014	心花		242	F	1
2014		はる	242	F	1
2014	心海	ここな	242	F	1
2014	心菜		243	F	1
2014		はるい	243	F	1
2014	心花	こはな	243	F	1
2014	心葉		244	F	1
2014		はるき	244	F	1
2014	心菜	ここな	244	F	1
2014	心那		245	F	1
2014		はるな	245	F	1
2014	心葉	ここは	245	F	1
2014	怜実		246	F	1
2014		はるの	246	F	1
2014	心那	ここな	246	F	1
2014	恭佳		247	F	1
2014		はるひ	247	F	1
2014	怜実	れみ	247	F	1
2014	恵茉		248	F	1
2014		はるみ	248	F	1
2014	恭佳	きょうか	248	F	1
2014	恵莉佳		249	F	1
2014		はんな	249	F	1
2014	恵茉	えま	249	F	1
2014	恵菜		250	F	1
2014		ひかり	250	F	1
2014	恵莉佳	えりか	250	F	1
2014	悠乃		251	F	1
2014		ひなこ	251	F	1
2014	恵菜	えな	251	F	1
2014	悠希		252	F	1
2014		ひなた	252	F	1
2014	悠乃	はるの	252	F	1
2014	悠愛		253	F	1
2014		ひなの	253	F	1
2014	悠希	ゆの	253	F	1
2014	悠未		254	F	1
2014		ひなみ	254	F	1
2014	悠愛	ゆんあ	254	F	1
2014	愛		255	F	1
2014		ひなり	255	F	1
2014	悠未	ゆみ	255	F	1
2014	愛依		256	F	1
2014		ひよみ	256	F	1
2014	愛	あい	256	F	1
2014	愛依菜		257	F	1
2014		ひろか	257	F	1
2014	愛依	めい	257	F	1
2014	愛奈		258	F	1
2014		ぴゅあ	258	F	1
2014	愛依菜	あいな	258	F	1
2014	愛女		259	F	1
2014		ふみこ	259	F	1
2014	愛奈	あいな	259	F	1
2014	愛梨咲		260	F	1
2014		ふゆか	260	F	1
2014	愛女	いとな	260	F	1
2014	愛歌		261	F	1
2014		ほのん	261	F	1
2014	愛梨咲	ありさ	261	F	1
2014	愛珠美		262	F	1
2014		まいか	262	F	1
2014	愛歌	あいか	262	F	1
2014	愛由		263	F	1
2014		まいこ	263	F	1
2014	愛珠美	あずみ	263	F	1
2014	愛真音		264	F	1
2014		まおか	264	F	1
2014	愛由	あゆ	264	F	1
2014	愛空		265	F	1
2014		まおり	265	F	1
2014	愛真音	あまね	265	F	1
2014	愛結		266	F	1
2014		まき	266	F	1
2014	愛空	るあ	266	F	1
2014	愛花月		267	F	1
2014		まこ	267	F	1
2014	愛結	あゆ	267	F	1
2014	愛菜		268	F	1
2014		まつな	268	F	1
2014	愛花月	まなつ	268	F	1
2014	愛里		269	F	1
2014		まな	269	F	1
2014	愛莉	えり	269	F	1
2014	成珠		270	F	1
2014		まなつ	270	F	1
2014	愛菜	あいな	270	F	1
2014	新菜		271	F	1
2014		まなは	271	F	1
2014	愛里	あいり	271	F	1
2014	日菜		272	F	1
2014		まもり	272	F	1
2014	成珠	なるみ	272	F	1
2014	日虹		273	F	1
2014		まゆか	273	F	1
2014	新菜	にな	273	F	1
2014	明日海		274	F	1
2014		まり	274	F	1
2014	日菜	ひな	274	F	1
2014	明灯里		275	F	1
2014		まりこ	275	F	1
2014	日虹	にこ	275	F	1
2014	明葵		276	F	1
2014		まりん	276	F	1
2014	明日海	あすか	276	F	1
2014	明里		277	F	1
2014		まるみか	277	F	1
2014	明灯里	あかり	277	F	1
2014	星奈		278	F	1
2014		みあ	278	F	1
2014	明葵	ひまり	278	F	1
2014	星菜		279	F	1
2014		みいう	279	F	1
2014	明里	あかり	279	F	1
2014	星那		280	F	1
2014		みおり	280	F	1
2014	星奈	せな	280	F	1
2014	映美		281	F	1
2014		みこと	281	F	1
2014	星菜	せいな	281	F	1
2014	春衣		282	F	1
2014		みさき	282	F	1
2014	星那	せいな	282	F	1
2014	春陽		283	F	1
2014		みさと	283	F	1
2014	映美	えみ	283	F	1
2014	春香		284	F	1
2014		みずほ	284	F	1
2014	春衣	はるい	284	F	1
2014	景都		285	F	1
2014		みづき	285	F	1
2014	春陽	はるひ	285	F	1
2014	晴		286	F	1
2014		みなな	286	F	1
2014	春香	はるか	286	F	1
2014	晴美		287	F	1
2014		みのり	287	F	1
2014	景都	けいと	287	F	1
2014	智巴		288	F	1
2014		みはる	288	F	1
2014	晴	はる	288	F	1
2014	暉優		289	F	1
2014		みゆう	289	F	1
2014	晴美	はるみ	289	F	1
2014	暖佳		290	F	1
2014		みれい	290	F	1
2014	智巴	ともは	290	F	1
2014	月奈		291	F	1
2014		めの	291	F	1
2014	暉優	きゆ	291	F	1
2014	月姫		292	F	1
2014		もえ	292	F	1
2014	暖佳	ほのか	292	F	1
2014	月樹		293	F	1
2014		もえの	293	F	1
2014	月奈	るな	293	F	1
2014	月澪		294	F	1
2014		もにか	294	F	1
2014	月姫	るな	294	F	1
2014	月雫		295	F	1
2014		ももえ	295	F	1
2014	月樹	るな	295	F	1
2014	朋佳		296	F	1
2014		ももな	296	F	1
2014	月澪	すみれ	296	F	1
2014	望		297	F	1
2014		ゆうあ	297	F	1
2014	月雫	るな	297	F	1
2014	朝子		298	F	1
2014		ゆうは	298	F	1
2014	朋佳	ともか	298	F	1
2014	朝陽		299	F	1
2014		ゆうゆ	299	F	1
2014	望	のぞみ	299	F	1
2014	未歩		300	F	1
2014		ゆうわ	300	F	1
2014	朝子	あさこ	300	F	1
2014	朱理		301	F	1
2014		ゆき	301	F	1
2014	朝陽	あさひ	301	F	1
2014	朱花		302	F	1
2014		ゆきね	302	F	1
2014	未歩	みほ	302	F	1
2014	朱里		303	F	1
2014		ゆずか	303	F	1
2014	朱理	あかり	303	F	1
2014	朱音		304	F	1
2014		ゆずは	304	F	1
2014	朱花	あやか	304	F	1
2014	李昭		305	F	1
2014		ゆま	305	F	1
2014	朱里	あかり	305	F	1
2014	杏奈		306	F	1
2014		ゆみ	306	F	1
2014	朱音	あん	306	F	1
2014	杏梨		307	F	1
2014		ゆみこ	307	F	1
2014	李昭	りしょう	307	F	1
2014	杏樹		308	F	1
2014		ゆめか	308	F	1
2014	杏奈	あんな	308	F	1
2014	杏由璃		309	F	1
2014		ゆめの	309	F	1
2014	杏梨	あんり	309	F	1
2014	松菜		310	F	1
2014		ゆゆ	310	F	1
2014	杏樹	あんじゅ	310	F	1
2014	果音		311	F	1
2014		ゆら	311	F	1
2014	杏由璃	あゆり	311	F	1
2014	柑七		312	F	1
2014		ゆり	312	F	1
2014	松菜	まつな	312	F	1
2014	柑那		313	F	1
2014		ゆりか	313	F	1
2014	果音	かのん	313	F	1
2014	柚奈		314	F	1
2014		ゆりな	314	F	1
2014	柑七	かんな	314	F	1
2014	柚月		315	F	1
2014		ゆんあ	315	F	1
2014	柑那	かんな	315	F	1
2014	柚舞		316	F	1
2014		りあな	316	F	1
2014	柚奈	ゆずな	316	F	1
2014	柚花		317	F	1
2014		りえ	317	F	1
2014	柚月	ゆづき	317	F	1
2014	柚芽		318	F	1
2014		りおな	318	F	1
2014	柚舞	ゆま	318	F	1
2014	柚那		319	F	1
2014		りさ	319	F	1
2014	柚花	ゆずは	319	F	1
2014	栞菜		320	F	1
2014		りしょう	320	F	1
2014	柚芽	ゆめ	320	F	1
2014	栞那		321	F	1
2014		りっか	321	F	1
2014	柚那	ゆずな	321	F	1
2014	桃仁香		322	F	1
2014		りま	322	F	1
2014	柚香	ゆか	322	F	1
2014	桃奈		323	F	1
2014		りり	323	F	1
2014	柚香	ゆずか	323	F	1
2014	桃花		324	F	1
2014		りりな	324	F	1
2014	栞愛	かんな	324	F	1
2014	桃香		325	F	1
2014		りんか	325	F	1
2014	栞愛	しおり	325	F	1
2014	桜		326	F	1
2014		りんな	326	F	1
2014	栞菜	かんな	326	F	1
2014	桜佳		327	F	1
2014		るあ	327	F	1
2014	栞那	かんな	327	F	1
2014	桜愛		328	F	1
2014		るみか	328	F	1
2014	桃仁香	もにか	328	F	1
2014	桧ノ香		329	F	1
2014		れいあ	329	F	1
2014	桃奈	ももな	329	F	1
2014	梨世		330	F	1
2014		れみ	330	F	1
2014	桃花	ももか	330	F	1
2014	梨夏		331	F	1
2014		わか	331	F	1
2014	桃香	ももか	331	F	1
2014	梨愛		332	F	1
2014	桜	さくら	332	F	1
2014	梨織		333	F	1
2014	桜佳	おうか	333	F	1
2014	梨莉菜		334	F	1
2014	桜愛	はな	334	F	1
2014	梨里花		335	F	1
2014	桧ノ香	ののか	335	F	1
2014	楓咲子		336	F	1
2014	梨世	りせ	336	F	1
2014	楓花		337	F	1
2014	梨夏	りな	337	F	1
2014	楓華		338	F	1
2014	梨愛	りあ	338	F	1
2014	楓香		339	F	1
2014	梨織	りお	339	F	1
2014	歌乃		340	F	1
2014	梨莉菜	りりな	340	F	1
2014	永愛		341	F	1
2014	梨里花	りりか	341	F	1
2014	汐凪		342	F	1
2014	楓咲子	ふみこ	342	F	1
2014	海來		343	F	1
2014	楓花	ふうか	343	F	1
2014	海優		344	F	1
2014	楓華	ふうか	344	F	1
2014	海空		345	F	1
2014	楓香	ふうか	345	F	1
2014	涼花		346	F	1
2014	歌乃	うたの	346	F	1
2014	澄奈		347	F	1
2014	永愛	とあ	347	F	1
2014	澪		348	F	1
2014	汐凪	せな	348	F	1
2014	灯里		349	F	1
2014	海來	みく	349	F	1
2014	玲奈		350	F	1
2014	海優	みゆう	350	F	1
2014	珠		351	F	1
2014	海空	みあ	351	F	1
2014	珠希		352	F	1
2014	涼花	すずか	352	F	1
2014	珠穂		353	F	1
2014	澄奈	すな	353	F	1
2014	理帆		354	F	1
2014	澪	しずく	354	F	1
2014	理桜		355	F	1
2014	灯里	あかり	355	F	1
2014	理桜菜		356	F	1
2014	玲奈	りな	356	F	1
2014	理衣		357	F	1
2014	珠	たま	357	F	1
2014	琉美香		358	F	1
2014	珠希	たまき	358	F	1
2014	琥妃		359	F	1
2014	珠穂	しほ	359	F	1
2014	琴姫		360	F	1
2014	理帆	りほ	360	F	1
2014	琴彩		361	F	1
2014	理桜	りお	361	F	1
2014	琴羽		362	F	1
2014	理桜菜	りおな	362	F	1
2014	琴雪		363	F	1
2014	理衣	りえ	363	F	1
2014	琴音		364	F	1
2014	琉美香	るみか	364	F	1
2014	瑚乃		365	F	1
2014	琥妃	こうき	365	F	1
2014	瑚夏		366	F	1
2014	琴姫	ことき	366	F	1
2014	瑛怜菜		367	F	1
2014	琴彩	ことあ	367	F	1
2014	瑛真		368	F	1
2014	琴羽	ことは	368	F	1
2014	瑞姫		369	F	1
2014	琴雪	こゆき	369	F	1
2014	瑞季		370	F	1
2014	琴音	ことね	370	F	1
2014	瑞葵		371	F	1
2014	瑚乃	この	371	F	1
2014	瑠菜		372	F	1
2014	瑚夏	こなつ	372	F	1
2014	璃々愛		373	F	1
2014	瑛怜菜	えれな	373	F	1
2014	璃子		374	F	1
2014	瑛真	えま	374	F	1
2014	璃莉果		375	F	1
2014	瑞姫	みずき	375	F	1
2014	環		376	F	1
2014	瑞季	みずき	376	F	1
2014	環宙		377	F	1
2014	瑞葵	みずき	377	F	1
2014	由理		378	F	1
2014	瑠菜	るな	378	F	1
2014	由美子		379	F	1
2014	璃々愛	りりあ	379	F	1
2014	由芽		380	F	1
2014	璃子	りこ	380	F	1
2014	百合愛		381	F	1
2014	璃莉果	りりか	381	F	1
2014	百合珈		382	F	1
2014	環	たまき	382	F	1
2014	百恵		383	F	1
2014	環宙	たまら	383	F	1
2014	百華		384	F	1
2014	由理	ゆり	384	F	1
2014	直生		385	F	1
2014	由美子	ゆみこ	385	F	1
2014	眞緒		386	F	1
2014	由芽	ゆめ	386	F	1
2014	真優佳		387	F	1
2014	百合愛	ゆりあ	387	F	1
2014	真凛		388	F	1
2014	百合珈	ゆりか	388	F	1
2014	真帆		389	F	1
2014	百恵	ももえ	389	F	1
2014	真心		390	F	1
2014	百華	ももか	390	F	1
2014	真悠		391	F	1
2014	直生	なお	391	F	1
2014	真梛		392	F	1
2014	眞緒	まお	392	F	1
2014	真歩		393	F	1
2014	真優佳	まゆか	393	F	1
2014	真生		394	F	1
2014	真凛	まりん	394	F	1
2014	真緒		395	F	1
2014	真帆	まほ	395	F	1
2014	真織		396	F	1
2014	真心	まこ	396	F	1
2014	真衣子		397	F	1
2014	真悠	まなは	397	F	1
2014	碧桜		398	F	1
2014	真梛	まな	398	F	1
2014	碧花		399	F	1
2014	真歩	まほ	399	F	1
2014	碧衣		400	F	1
2014	真生	まき	400	F	1
2014	祐花		401	F	1
2014	真緒	まお	401	F	1
2014	稀月		402	F	1
2014	真織	まおり	402	F	1
2014	穂ノ歌		403	F	1
2014	真衣子	まいこ	403	F	1
2014	穂乃佳		404	F	1
2014	碧桜	みお	404	F	1
2014	穂夏		405	F	1
2014	碧花	あおか	405	F	1
2014	空良		406	F	1
2014	碧衣	あおい	406	F	1
2014	笑琉		407	F	1
2014	祐花	ゆうか	407	F	1
2014	笑胡		408	F	1
2014	稀月	きづき	408	F	1
2014	笑顔		409	F	1
2014	穂ノ歌	ほのか	409	F	1
2014	紗奈		410	F	1
2014	穂乃佳	ほのか	410	F	1
2014	紗季		411	F	1
2014	穂夏	ほのか	411	F	1
2014	紗弥		412	F	1
2014	空良	そら	412	F	1
2014	紗桜		413	F	1
2014	笑琉	にこる	413	F	1
2014	紗椰		414	F	1
2014	笑胡	にこ	414	F	1
2014	紗結		415	F	1
2014	笑顔	にこ	415	F	1
2014	紗花		416	F	1
2014	紗奈	さな	416	F	1
2014	紗英		417	F	1
2014	紗季	さき	417	F	1
2014	紗衣		418	F	1
2014	紗弥	さや	418	F	1
2014	紫乃		419	F	1
2014	紗桜	さお	419	F	1
2014	紬		420	F	1
2014	紗椰	さや	420	F	1
2014	紬衣		421	F	1
2014	紗結	さゆ	421	F	1
2014	絆愛		422	F	1
2014	紗花	すずか	422	F	1
2014	絆愛里		423	F	1
2014	紗英	さえ	423	F	1
2014	絆菜		424	F	1
2014	紗衣	さえ	424	F	1
2014	結佳利		425	F	1
2014	紫乃	しの	425	F	1
2014	結來		426	F	1
2014	紬	つむぎ	426	F	1
2014	結優		427	F	1
2014	紬衣	つむぎ	427	F	1
2014	結和		428	F	1
2014	絆愛	きずな	428	F	1
2014	結奈		429	F	1
2014	絆愛里	きあり	429	F	1
2014	結来		430	F	1
2014	絆菜	はんな	430	F	1
2014	結聖		431	F	1
2014	結佳利	ゆかり	431	F	1
2014	結花		432	F	1
2014	結來	ゆら	432	F	1
2014	結莉菜		433	F	1
2014	結優	ゆうゆ	433	F	1
2014	結華		434	F	1
2014	結和	ゆうわ	434	F	1
2014	結萌		435	F	1
2014	結奈	ゆいな	435	F	1
2014	結衣		436	F	1
2014	結愛	ゆうあ	436	F	1
2014	結衣華		437	F	1
2014	結愛	ゆうな	437	F	1
2014	結里		438	F	1
2014	結来	むく	438	F	1
2014	絢		439	F	1
2014	結聖	ゆあ	439	F	1
2014	絢寧		440	F	1
2014	結花	ゆいか	440	F	1
2014	絵莉		441	F	1
2014	結莉菜	ゆりな	441	F	1
2014	美七		442	F	1
2014	結華	ゆいか	442	F	1
2014	美優		443	F	1
2014	結萌	ゆめ	443	F	1
2014	美妃		444	F	1
2014	結衣	ゆい	444	F	1
2014	美姫		445	F	1
2014	結衣華	ゆいか	445	F	1
2014	美晴		446	F	1
2014	結里	ゆうり	446	F	1
2014	美桜		447	F	1
2014	絢	あや	447	F	1
2014	美沙音		448	F	1
2014	絢寧	あやね	448	F	1
2014	美海		449	F	1
2014	絵莉	えり	449	F	1
2014	美琥		450	F	1
2014	美七	みなな	450	F	1
2014	美礼		451	F	1
2014	美優	みゆ	451	F	1
2014	美空		452	F	1
2014	美妃	みき	452	F	1
2014	美織		453	F	1
2014	美姫	みき	453	F	1
2014	美羽		454	F	1
2014	美晴	みはる	454	F	1
2014	美虹		455	F	1
2014	美月	みづき	455	F	1
2014	美衣羽		456	F	1
2014	美桜	みお	456	F	1
2014	美香		457	F	1
2014	美沙音	みさと	457	F	1
2014	羽彩		458	F	1
2014	美海	みう	458	F	1
2014	羽美		459	F	1
2014	美琥	みこ	459	F	1
2014	羽舞		460	F	1
2014	美礼	みれい	460	F	1
2014	羽音		461	F	1
2014	美空	みく	461	F	1
2014	聖愛		462	F	1
2014	美織	みおり	462	F	1
2014	聖来		463	F	1
2014	美羽	みう	463	F	1
2014	舞帆		464	F	1
2014	美虹	みこ	464	F	1
2014	舞空		465	F	1
2014	美衣羽	みいう	465	F	1
2014	舞香		466	F	1
2014	美香	みか	466	F	1
2014	花怜		467	F	1
2014	羽彩	うい	467	F	1
2014	花梨		468	F	1
2014	羽美	うみ	468	F	1
2014	花歩		469	F	1
2014	羽舞	ねむ	469	F	1
2014	花衣		470	F	1
2014	羽音	はの	470	F	1
2014	花香		471	F	1
2014	聖愛	せいら	471	F	1
2014	芽乃		472	F	1
2014	聖来	せいら	472	F	1
2014	芽生子		473	F	1
2014	舞帆	まほ	473	F	1
2014	芽衣子		474	F	1
2014	舞空	むく	474	F	1
2014	英玲奈		475	F	1
2014	舞香	まいか	475	F	1
2014	苺愛		476	F	1
2014	花怜	かれん	476	F	1
2014	茉桜		477	F	1
2014	花梨	かりん	477	F	1
2014	茉莉		478	F	1
2014	花歩	かほ	478	F	1
2014	茜		479	F	1
2014	花衣	はなえ	479	F	1
2014	莉奈		480	F	1
2014	花香	はなか	480	F	1
2014	莉子		481	F	1
2014	芽乃	めの	481	F	1
2014	莉愛		482	F	1
2014	芽生子	めいこ	482	F	1
2014	莉梨愛		483	F	1
2014	芽衣子	めいこ	483	F	1
2014	莉空樹		484	F	1
2014	英玲奈	えれな	484	F	1
2014	莉菜		485	F	1
2014	苺愛	もえ	485	F	1
2014	莉静		486	F	1
2014	茉桜	まお	486	F	1
2014	莉麻		487	F	1
2014	茉莉	まり	487	F	1
2014	菜々瀬		488	F	1
2014	茜	あかね	488	F	1
2014	菜々美		489	F	1
2014	莉奈	りな	489	F	1
2014	菜奈江		490	F	1
2014	莉子	りこ	490	F	1
2014	菜孝		491	F	1
2014	莉愛	りあん	491	F	1
2014	菜帆		492	F	1
2014	莉梨愛	りりあ	492	F	1
2014	菜緒		493	F	1
2014	莉空樹	りあな	493	F	1
2014	菜芽		494	F	1
2014	莉菜	りな	494	F	1
2014	菜都子		495	F	1
2014	莉静	りせ	495	F	1
2014	萌乃		496	F	1
2014	莉麻	りま	496	F	1
2014	萌衣		497	F	1
2014	菜々瀬	ななせ	497	F	1
2014	葉月		498	F	1
2014	菜々美	ななみ	498	F	1
2014	葵夏		499	F	1
2014	菜奈江	ななえ	499	F	1
2014	葵花		500	F	1
2014	菜孝	なこ	500	F	1
2014	蒼		501	F	1
2014	菜帆	なほ	501	F	1
2014	蘭		502	F	1
2014	菜緒	なお	502	F	1
2014	蘭華		503	F	1
2014	菜芽	なつめ	503	F	1
2014	虹音		504	F	1
2014	菜都子	なつこ	504	F	1
2014	裕子		505	F	1
2014	華音	かのん	505	F	1
2014	詩		506	F	1
2014	華音	はな	506	F	1
2014	詩歩		507	F	1
2014	萌乃	もえの	507	F	1
2014	詩羽		508	F	1
2014	萌衣	めい	508	F	1
2014	詩葉		509	F	1
2014	葉月	はつき	509	F	1
2014	輝里		510	F	1
2014	葵夏	あいな	510	F	1
2014	逢華		511	F	1
2014	葵花	あいか	511	F	1
2014	遙香		512	F	1
2014	蒼	あおい	512	F	1
2014	遥絆		513	F	1
2014	蘭	らん	513	F	1
2014	遥香		514	F	1
2014	蘭華	らん	514	F	1
2014	那波		515	F	1
2014	虹音	ことね	515	F	1
2014	郁織		516	F	1
2014	裕子	ゆうこ	516	F	1
2014	釉梨		517	F	1
2014	詩	うた	517	F	1
2014	里帆		518	F	1
2014	詩歩	しほ	518	F	1
2014	鈴果		519	F	1
2014	詩羽	うたは	519	F	1
2014	鈴梨		520	F	1
2014	詩葉	うたは	520	F	1
2014	陽依		521	F	1
2014	輝里	かがり	521	F	1
2014	陽南		522	F	1
2014	逢華	あいな	522	F	1
2014	陽向		523	F	1
2014	遙香	はるか	523	F	1
2014	陽希		524	F	1
2014	遥絆	はな	524	F	1
2014	陽愛		525	F	1
2014	遥香	はるか	525	F	1
2014	陽栞		526	F	1
2014	那波	ななみ	526	F	1
2014	陽茉莉		527	F	1
2014	郁織	いおり	527	F	1
2014	陽茉里		528	F	1
2014	釉梨	ゆうり	528	F	1
2014	陽菜乃		529	F	1
2014	里帆	りほ	529	F	1
2014	陽菜子		530	F	1
2014	鈴果	すずは	530	F	1
2014	陽葵		531	F	1
2014	鈴梨	りな	531	F	1
2014	雨美		532	F	1
2014	陽依	ひより	532	F	1
2014	零花		533	F	1
2014	陽南	ひなみ	533	F	1
2014	香安		534	F	1
2014	陽向	ひなた	534	F	1
2014	香希		535	F	1
2014	陽希	はるき	535	F	1
2014	香音		536	F	1
2014	陽愛	ひな	536	F	1
2014	鬱金香		537	F	1
2014	陽栞	ひより	537	F	1
2014	麗暖		538	F	1
2014	陽茉莉	ひまり	538	F	1
2014	麗衣		539	F	1
2014	陽茉里	ひまり	539	F	1
2014	麻桜花		540	F	1
2014	陽菜	はるな	540	F	1
2014	陽菜乃	ひなの	541	F	1
2014	陽菜子	ひなこ	542	F	1
2014	陽葵	ひまり	543	F	1
2014	雨美	うみ	544	F	1
2014	零花	れいか	545	F	1
2014	香安	かあん	546	F	1
2014	香希	かのん	547	F	1
2014	香音	かのん	548	F	1
2014	鬱金香	ちゅうり	549	F	1
2014	麗	うらら	550	F	1
2014	麗	うるは	551	F	1
2014	麗暖	れいあ	552	F	1
2014	麗衣	れい	553	F	1
2014	麻桜花	まおか	554	F	1
2014	歩		1	M	5
2014		はると	1	M	12
2014	伊織	いおり	1	M	4
2014	伊織		2	M	4
2014		ゆうと	2	M	11
2014	海斗	かいと	2	M	4
2014	海斗		3	M	4
2014		こうき	3	M	10
2014	歩	あゆむ	3	M	3
2014	結人		4	M	4
2014		そうた	4	M	10
2014	湊太	そうた	4	M	3
2014	陽		5	M	4
2014		あさひ	5	M	9
2014	結人	ゆうと	5	M	3
2014	陽向		6	M	4
2014		ひなた	6	M	9
2014	翔馬	しょうま	6	M	3
2014	悠馬		7	M	3
2014		はる	7	M	7
2014	航希	こうき	7	M	3
2014	敦生		8	M	3
2014		はるき	8	M	7
2014	蓮斗	れんと	8	M	3
2014	旭		9	M	3
2014		はるま	9	M	7
2014	陽向	ひなた	9	M	3
2014	湊太		10	M	3
2014		たいが	10	M	6
2014	一颯	いぶき	10	M	2
2014	結翔		11	M	3
2014		ゆいと	11	M	6
2014	優	ゆう	11	M	2
2014	翔馬		12	M	3
2014		かずき	12	M	5
2014	光	ひかる	12	M	2
2014	航希		13	M	3
2014		こう	13	M	5
2014	凛太郎	りんたろう	13	M	2
2014	蓮斗		14	M	3
2014		こうた	14	M	5
2014	和樹	かずき	14	M	2
2014	一樹		15	M	2
2014		しょうま	15	M	5
2014	和真	かずま	15	M	2
2014	一颯		16	M	2
2014		そら	16	M	5
2014	唯人	ゆいと	16	M	2
2014	優		17	M	2
2014		とうま	17	M	5
2014	圭	けい	17	M	2
2014	充希		18	M	2
2014		みなと	18	M	5
2014	大河	たいが	18	M	2
2014	光		19	M	2
2014		ゆうせい	19	M	5
2014	奏太	そうた	19	M	2
2014	凛太郎		20	M	2
2014		ゆうま	20	M	5
2014	幸樹	こうき	20	M	2
2014	和樹		21	M	2
2014		あお	21	M	4
2014	幸輝	こうき	21	M	2
2014	和真		22	M	2
2014		あらた	22	M	4
2014	康誠	こうせい	22	M	2
2014	唯人		23	M	2
2014		いおり	23	M	4
2014	悠真	ゆうま	23	M	2
2014	圭		24	M	2
2014		かいと	24	M	4
2014	悠馬	はるま	24	M	2
2014	大河		25	M	2
2014		かずま	25	M	4
2014	敦生	あつき	25	M	2
2014	奏太		26	M	2
2014		こうだい	26	M	4
2014	新	あらた	26	M	2
2014	幸樹		27	M	2
2014		そう	27	M	4
2014	旭	あさひ	27	M	2
2014	幸輝		28	M	2
2014		まひろ	28	M	4
2014	昊	こう	28	M	2
2014	康誠		29	M	2
2014		ゆう	29	M	4
2014	春馬	はるま	29	M	2
2014	悠斗		30	M	2
2014		れお	30	M	4
2014	朝陽	あさひ	30	M	2
2014	悠真		31	M	2
2014		あおい	31	M	3
2014	歩	あゆみ	31	M	2
2014	新		32	M	2
2014		あつと	32	M	3
2014	波瑠	はる	32	M	2
2014	昊		33	M	2
2014		あゆむ	33	M	3
2014	泰樹	たいき	33	M	2
2014	春馬		34	M	2
2014		いぶき	34	M	3
2014	琥翔	たいが	34	M	2
2014	暖		35	M	2
2014		えいた	35	M	3
2014	瑛翔	えいと	35	M	2
2014	朔		36	M	2
2014		えいと	36	M	3
2014	結翔	ゆうと	36	M	2
2014	朝陽		37	M	2
2014		けい	37	M	3
2014	翔晴	しょうせい	37	M	2
2014	波瑠		38	M	2
2014		こうし	38	M	3
2014	翼冴	つばさ	38	M	2
2014	泰樹		39	M	2
2014		こうたろう	39	M	3
2014	陸人	りくと	39	M	2
2014	煌		40	M	2
2014		さとし	40	M	3
2014	雄大	ゆうだい	40	M	2
2014	琉生		41	M	2
2014		せいや	41	M	3
2014	颯	そう	41	M	2
2014	琥翔		42	M	2
2014		そうたろう	42	M	3
2014	颯真	そうま	42	M	2
2014	瑛翔		43	M	2
2014		そうま	43	M	3
2014	しん	しん	43	M	1
2014	穂高		44	M	2
2014		ひかる	44	M	3
2014	一平	いっぺい	44	M	1
2014	翔晴		45	M	2
2014		まなと	45	M	3
2014	一政	かずまさ	45	M	1
2014	翼冴		46	M	2
2014		みずき	46	M	3
2014	一樹	いっき	46	M	1
2014	航大		47	M	2
2014		りく	47	M	3
2014	一樹	いつき	47	M	1
2014	葵		48	M	2
2014		りくと	48	M	3
2014	一正	いっせい	48	M	1
2014	蒼		49	M	2
2014		りつき	49	M	3
2014	一歩	いっぽ	49	M	1
2014	陸人		50	M	2
2014		りゅうせい	50	M	3
2014	一瑠	いちる	50	M	1
2014	陽大		51	M	2
2014		りょう	51	M	3
2014	一真	かずま	51	M	1
2014	雄大		52	M	2
2014		りょうたろう	52	M	3
2014	一翔	いちと	52	M	1
2014	颯		53	M	2
2014		れんと	53	M	3
2014	一葉	いちは	53	M	1
2014	颯真		54	M	2
2014		あき	54	M	2
2014	一護	いちご	54	M	1
2014	しん		55	M	1
2014		あきら	55	M	2
2014	丈一郎	じょういちろう	55	M	1
2014	一平		56	M	1
2014		あつき	56	M	2
2014	丈太	じょうた	56	M	1
2014	一政		57	M	1
2014		あつし	57	M	2
2014	世凪	せな	57	M	1
2014	一正		58	M	1
2014		あゆと	58	M	2
2014	亮伍	りょうご	58	M	1
2014	一歩		59	M	1
2014		あゆみ	59	M	2
2014	亮駕	りょうが	59	M	1
2014	一瑠		60	M	1
2014		いつき	60	M	2
2014	仁	じん	60	M	1
2014	一真		61	M	1
2014		えいち	61	M	2
2014	伶和	れお	61	M	1
2014	一翔		62	M	1
2014		おうた	62	M	2
2014	佑誠	ゆうせい	62	M	1
2014	一葉		63	M	1
2014		かいせい	63	M	2
2014	來夢	らいむ	63	M	1
2014	一護		64	M	1
2014		かける	64	M	2
2014	侑	ゆう	64	M	1
2014	丈一郎		65	M	1
2014		くうと	65	M	2
2014	依來	いこる	65	M	1
2014	丈太		66	M	1
2014		こうせい	66	M	2
2014	俊仲	としなか	66	M	1
2014	世凪		67	M	1
2014		さく	67	M	2
2014	俊太	しゅんた	67	M	1
2014	亮伍		68	M	1
2014		さくと	68	M	2
2014	俐羽	りひと	68	M	1
2014	亮駕		69	M	1
2014		さくや	69	M	2
2014	信太朗	しんたろう	69	M	1
2014	仁		70	M	1
2014		しゅうと	70	M	2
2014	信明	のぶあき	70	M	1
2014	伶和		71	M	1
2014		しょうせい	71	M	2
2014	倖大	こうだい	71	M	1
2014	佑誠		72	M	1
2014		せな	72	M	2
2014	健太	けんた	72	M	1
2014	來夢		73	M	1
2014		そうすけ	73	M	2
2014	健正	けんせい	73	M	1
2014	侑		74	M	1
2014		たいき	74	M	2
2014	優仁	ゆうじん	74	M	1
2014	依來		75	M	1
2014		たくま	75	M	2
2014	優志	ゆうし	75	M	1
2014	俊仲		76	M	1
2014		たくみ	76	M	2
2014	優成	ゆうせい	76	M	1
2014	俊太		77	M	1
2014		たける	77	M	2
2014	優斗	ゆうと	77	M	1
2014	俐羽		78	M	1
2014		だいき	78	M	2
2014	優玖	はるく	78	M	1
2014	信太朗		79	M	1
2014		だいち	79	M	2
2014	優輝	まさき	79	M	1
2014	信明		80	M	1
2014		つばさ	80	M	2
2014	優雅	ゆうが	80	M	1
2014	倖大		81	M	1
2014		とうり	81	M	2
2014	允	まこと	81	M	1
2014	健太		82	M	1
2014		なおき	82	M	2
2014	元基	もとき	82	M	1
2014	健正		83	M	1
2014		なつき	83	M	2
2014	充希	みつき	83	M	1
2014	優仁		84	M	1
2014		はく	84	M	2
2014	充希	みつる	84	M	1
2014	優志		85	M	1
2014		はやと	85	M	2
2014	光大	みつひろ	85	M	1
2014	優成		86	M	1
2014		はるひ	86	M	2
2014	光希	こうき	86	M	1
2014	優斗		87	M	1
2014		ひろと	87	M	2
2014	光志	こうし	87	M	1
2014	優玖		88	M	1
2014		まさき	88	M	2
2014	光紫	こうし	88	M	1
2014	優輝		89	M	1
2014		まさと	89	M	2
2014	公	こう	89	M	1
2014	優雅		90	M	1
2014		やすと	90	M	2
2014	兼続	かねつぐ	90	M	1
2014	允		91	M	1
2014		ゆうき	91	M	2
2014	凌	りょう	91	M	1
2014	元基		92	M	1
2014		ゆうだい	92	M	2
2014	凌希	りき	92	M	1
2014	光大		93	M	1
2014		ゆづき	93	M	2
2014	凛々斗	りりと	93	M	1
2014	光希		94	M	1
2014		よう	94	M	2
2014	凜	りん	94	M	1
2014	光志		95	M	1
2014		りひと	95	M	2
2014	凰太	おうた	95	M	1
2014	光紫		96	M	1
2014		りゅうあ	96	M	2
2014	凱也	ときや	96	M	1
2014	公		97	M	1
2014		りょうま	97	M	2
2014	剛	たける	97	M	1
2014	兼続		98	M	1
2014		りんたろう	98	M	2
2014	功志	こうし	98	M	1
2014	凌		99	M	1
2014		れい	99	M	2
2014	勇	いさむ	99	M	1
2014	凌希		100	M	1
2014		れん	100	M	2
2014	勇輝	ゆうき	100	M	1
2014	凛々斗		101	M	1
2014		わたる	101	M	2
2014	匠吾	しょうご	101	M	1
2014	凜		102	M	1
2014		あいき	102	M	1
2014	匠真	しょうま	102	M	1
2014	凰太		103	M	1
2014		あいと	103	M	1
2014	卓己	たくみ	103	M	1
2014	凱也		104	M	1
2014		あいる	104	M	1
2014	叶瑚	とうご	104	M	1
2014	剛		105	M	1
2014		あおし	105	M	1
2014	司	つかさ	105	M	1
2014	功志		106	M	1
2014		あが	106	M	1
2014	和史	ともふみ	106	M	1
2014	勇		107	M	1
2014		あきと	107	M	1
2014	和寿	かずとし	107	M	1
2014	勇輝		108	M	1
2014		あきはる	108	M	1
2014	和毅	かずき	108	M	1
2014	匠吾		109	M	1
2014		あきよし	109	M	1
2014	和磨	かずま	109	M	1
2014	匠真		110	M	1
2014		あくあ	110	M	1
2014	和輝	かずき	110	M	1
2014	卓己		111	M	1
2014		あけさめ	111	M	1
2014	咲人	さくと	111	M	1
2014	叶瑚		112	M	1
2014		あたる	112	M	1
2014	咲弥	さくや	112	M	1
2014	司		113	M	1
2014		ありま	113	M	1
2014	哲平	てっぺい	113	M	1
2014	和史		114	M	1
2014		あると	114	M	1
2014	哲弥	てつや	114	M	1
2014	和寿		115	M	1
2014		いくみ	115	M	1
2014	哲志	さとし	115	M	1
2014	和毅		116	M	1
2014		いこる	116	M	1
2014	嘉成	かなる	116	M	1
2014	和磨		117	M	1
2014		いさむ	117	M	1
2014	嘉良	から	117	M	1
2014	和輝		118	M	1
2014		いたる	118	M	1
2014	圭悟	けいご	118	M	1
2014	咲人		119	M	1
2014		いちご	119	M	1
2014	壌太朗	じょうたろう	119	M	1
2014	咲弥		120	M	1
2014		いちと	120	M	1
2014	壮太郎	そうたろう	120	M	1
2014	哲平		121	M	1
2014		いちは	121	M	1
2014	夏樹	なつき	121	M	1
2014	哲弥		122	M	1
2014		いちる	122	M	1
2014	夢月	ゆづき	122	M	1
2014	哲志		123	M	1
2014		いっき	123	M	1
2014	夢路	ゆめじ	123	M	1
2014	嘉成		124	M	1
2014		いっせい	124	M	1
2014	大和	ひろかず	124	M	1
2014	嘉良		125	M	1
2014		いっぺい	125	M	1
2014	大地	だいち	125	M	1
2014	圭悟		126	M	1
2014		いっぽ	126	M	1
2014	大夢	だいむ	126	M	1
2014	壌太朗		127	M	1
2014		いと	127	M	1
2014	大希	だいき	127	M	1
2014	壮太郎		128	M	1
2014		ういち	128	M	1
2014	大智	だいち	128	M	1
2014	夏樹		129	M	1
2014		うめと	129	M	1
2014	大珂	たいが	129	M	1
2014	夢月		130	M	1
2014		えいしん	130	M	1
2014	大翔	はると	130	M	1
2014	夢路		131	M	1
2014		えいてい	131	M	1
2014	大輝	だいき	131	M	1
2014	大和		132	M	1
2014		おうし	132	M	1
2014	天平	てんぺい	132	M	1
2014	大地		133	M	1
2014		おうすけ	133	M	1
2014	太平洋	たいへいよう	133	M	1
2014	大夢		134	M	1
2014		おうせい	134	M	1
2014	太智	たいち	134	M	1
2014	大希		135	M	1
2014		おとわ	135	M	1
2014	央晴	おうせい	135	M	1
2014	大智		136	M	1
2014		かい	136	M	1
2014	奏	かなで	136	M	1
2014	大珂		137	M	1
2014		かいち	137	M	1
2014	奏弥	そうや	137	M	1
2014	大翔		138	M	1
2014		かいま	138	M	1
2014	奏音	そら	138	M	1
2014	大輝		139	M	1
2014		かいり	139	M	1
2014	孝太朗	こうたろう	139	M	1
2014	天平		140	M	1
2014		かいる	140	M	1
2014	孟胤	たけかず	140	M	1
2014	太平洋		141	M	1
2014		かえで	141	M	1
2014	宇一	ういち	141	M	1
2014	太智		142	M	1
2014		かずとし	142	M	1
2014	宏志郎	こうしろう	142	M	1
2014	央晴		143	M	1
2014		かずまさ	143	M	1
2014	宗助	そうすけ	143	M	1
2014	奏		144	M	1
2014		かなで	144	M	1
2014	寿来	じゅらい	144	M	1
2014	奏弥		145	M	1
2014		かなと	145	M	1
2014	寿逢	じゅあん	145	M	1
2014	奏音		146	M	1
2014		かなる	146	M	1
2014	将希	まさき	146	M	1
2014	孝太朗		147	M	1
2014		かねつぐ	147	M	1
2014	将貴	しょうき	147	M	1
2014	孟胤		148	M	1
2014		かよ	148	M	1
2014	尊	たける	148	M	1
2014	宇一		149	M	1
2014		から	149	M	1
2014	尊平	たっぺい	149	M	1
2014	宏志郎		150	M	1
2014		かん	150	M	1
2014	小松	こまつ	150	M	1
2014	宗助		151	M	1
2014		かんた	151	M	1
2014	尚樹	なおき	151	M	1
2014	寿来		152	M	1
2014		きょうへい	152	M	1
2014	崇丞	そうすけ	152	M	1
2014	寿逢		153	M	1
2014		きよたか	153	M	1
2014	崚	りょう	153	M	1
2014	将希		154	M	1
2014		くうま	154	M	1
2014	希心	そあ	154	M	1
2014	将貴		155	M	1
2014		けいご	155	M	1
2014	希空	のあ	155	M	1
2014	尊		156	M	1
2014		けいたろう	156	M	1
2014	幸	こう	156	M	1
2014	尊平		157	M	1
2014		けいだい	157	M	1
2014	幸太	こうた	157	M	1
2014	小松		158	M	1
2014		けんご	158	M	1
2014	幸広	ゆきひろ	158	M	1
2014	尚樹		159	M	1
2014		けんせい	159	M	1
2014	幸弥	こうや	159	M	1
2014	崇丞		160	M	1
2014		けんた	160	M	1
2014	幸昌	ゆきまさ	160	M	1
2014	崚		161	M	1
2014		けんたろう	161	M	1
2014	幸汰	こうた	161	M	1
2014	希心		162	M	1
2014		げんのすけ	162	M	1
2014	広大朗	こうたろう	162	M	1
2014	希空		163	M	1
2014		こうあ	163	M	1
2014	庸人	やすと	163	M	1
2014	幸		164	M	1
2014		こうが	164	M	1
2014	廉	れん	164	M	1
2014	幸太		165	M	1
2014		こうしろう	165	M	1
2014	建悟	けんご	165	M	1
2014	幸広		166	M	1
2014		こうへい	166	M	1
2014	弘優	ひろや	166	M	1
2014	幸弥		167	M	1
2014		こうま	167	M	1
2014	彰哉	しょうや	167	M	1
2014	幸昌		168	M	1
2014		こうや	168	M	1
2014	律久	りっく	168	M	1
2014	幸汰		169	M	1
2014		こたろう	169	M	1
2014	律季	りつき	169	M	1
2014	広大朗		170	M	1
2014		こまつ	170	M	1
2014	徠明	らいめい	170	M	1
2014	庸人		171	M	1
2014		しすい	171	M	1
2014	徹太	てった	171	M	1
2014	廉		172	M	1
2014		しゅう	172	M	1
2014	心人	あいと	172	M	1
2014	建悟		173	M	1
2014		しゅうが	173	M	1
2014	心吾	しんご	173	M	1
2014	弘優		174	M	1
2014		しゅんすけ	174	M	1
2014	志粋	しすい	174	M	1
2014	彰哉		175	M	1
2014		しゅんた	175	M	1
2014	快晴	かいせい	175	M	1
2014	律久		176	M	1
2014		しゅんたろう	176	M	1
2014	怜央	れお	176	M	1
2014	律季		177	M	1
2014		しゅんのすけ	177	M	1
2014	怜生馬	れおま	177	M	1
2014	徠明		178	M	1
2014		しゅんや	178	M	1
2014	怜音	れおん	178	M	1
2014	徹太		179	M	1
2014		しょう	179	M	1
2014	恭平	きょうへい	179	M	1
2014	心人		180	M	1
2014		しょうえい	180	M	1
2014	悟志	さとし	180	M	1
2014	心吾		181	M	1
2014		しょうき	181	M	1
2014	悠	ゆう	181	M	1
2014	志粋		182	M	1
2014		しょうご	182	M	1
2014	悠人	ゆうと	182	M	1
2014	快晴		183	M	1
2014		しょうた	183	M	1
2014	悠仁	ひろと	183	M	1
2014	怜央		184	M	1
2014		しょうや	184	M	1
2014	悠和	ゆうわ	184	M	1
2014	怜生馬		185	M	1
2014		しん	185	M	1
2014	悠太朗	ゆうたろう	185	M	1
2014	怜音		186	M	1
2014		しんご	186	M	1
2014	悠希	ゆうき	186	M	1
2014	恭平		187	M	1
2014		しんたろう	187	M	1
2014	悠斗	はると	187	M	1
2014	悟志		188	M	1
2014		しんのすけ	188	M	1
2014	悠斗	ゆうと	188	M	1
2014	悠		189	M	1
2014		じゅあん	189	M	1
2014	悠月	ゆづき	189	M	1
2014	悠人		190	M	1
2014		じゅらい	190	M	1
2014	悠稀	はるき	190	M	1
2014	悠仁		191	M	1
2014		じゅらと	191	M	1
2014	悠紀斗	ゆきと	191	M	1
2014	悠和		192	M	1
2014		じゅん	192	M	1
2014	悠誠	ゆうせい	192	M	1
2014	悠太朗		193	M	1
2014		じゅんせい	193	M	1
2014	悠輝	はるき	193	M	1
2014	悠希		194	M	1
2014		じょういちろう	194	M	1
2014	悠都	ゆうと	194	M	1
2014	悠月		195	M	1
2014		じょうた	195	M	1
2014	悠陽	はるひ	195	M	1
2014	悠稀		196	M	1
2014		じょうたろう	196	M	1
2014	悠馬	ゆうま	196	M	1
2014	悠紀斗		197	M	1
2014		じん	197	M	1
2014	想太	そうた	197	M	1
2014	悠誠		198	M	1
2014		すかい	198	M	1
2014	想太郎	そうたろう	198	M	1
2014	悠輝		199	M	1
2014		すばる	199	M	1
2014	愁翔	しゅうが	199	M	1
2014	悠都		200	M	1
2014		せいしん	200	M	1
2014	愛久歩	あくあ	200	M	1
2014	悠陽		201	M	1
2014		せいた	201	M	1
2014	愛依人	めいと	201	M	1
2014	想太		202	M	1
2014		せいま	202	M	1
2014	愛叶	まなと	202	M	1
2014	想太郎		203	M	1
2014		そあ	203	M	1
2014	愛樹	あいき	203	M	1
2014	愁翔		204	M	1
2014		そうや	204	M	1
2014	愛琉	あいる	204	M	1
2014	愛久歩		205	M	1
2014		そうわ	205	M	1
2014	愛空	まなと	205	M	1
2014	愛依人		206	M	1
2014		そな	206	M	1
2014	愛翔	まなと	206	M	1
2014	愛叶		207	M	1
2014		たいし	207	M	1
2014	慎之助	しんのすけ	207	M	1
2014	愛樹		208	M	1
2014		たいせい	208	M	1
2014	慶	けい	208	M	1
2014	愛琉		209	M	1
2014		たいち	209	M	1
2014	慶大	けいだい	209	M	1
2014	愛空		210	M	1
2014		たいへいよう	210	M	1
2014	慶太郎	けいたろう	210	M	1
2014	愛翔		211	M	1
2014		たかし	211	M	1
2014	成真	せいま	211	M	1
2014	慎之助		212	M	1
2014		たかまさ	212	M	1
2014	拓也	たくや	212	M	1
2014	慶		213	M	1
2014		たかや	213	M	1
2014	拓人	たくと	213	M	1
2014	慶大		214	M	1
2014		たくと	214	M	1
2014	拓希	ひろき	214	M	1
2014	慶太郎		215	M	1
2014		たくや	215	M	1
2014	拓海	たくみ	215	M	1
2014	成真		216	M	1
2014		たけかず	216	M	1
2014	拓真	たくま	216	M	1
2014	拓也		217	M	1
2014		たけし	217	M	1
2014	敦兜	あつと	217	M	1
2014	拓人		218	M	1
2014		たっぺい	218	M	1
2014	敦生	あつし	218	M	1
2014	拓希		219	M	1
2014		たつき	219	M	1
2014	斗愛	とあ	219	M	1
2014	拓海		220	M	1
2014		だいむ	220	M	1
2014	斗真	とうま	220	M	1
2014	拓真		221	M	1
2014		だん	221	M	1
2014	新太	あらた	221	M	1
2014	敦兜		222	M	1
2014		ちあき	222	M	1
2014	旦陽	あさひ	222	M	1
2014	斗愛		223	M	1
2014		つかさ	223	M	1
2014	旭	あきら	223	M	1
2014	斗真		224	M	1
2014		つむぐ	224	M	1
2014	旭陽	あさひ	224	M	1
2014	新太		225	M	1
2014		てった	225	M	1
2014	旺佑	おうすけ	225	M	1
2014	旦陽		226	M	1
2014		てっぺい	226	M	1
2014	昊叶	ひろと	226	M	1
2014	旭陽		227	M	1
2014		てつや	227	M	1
2014	昊来	そら	227	M	1
2014	旺佑		228	M	1
2014		てるき	228	M	1
2014	昊真	こうま	228	M	1
2014	昊叶		229	M	1
2014		てんぺい	229	M	1
2014	昊雅	こうが	229	M	1
2014	昊来		230	M	1
2014		とあ	230	M	1
2014	明陽	あきはる	230	M	1
2014	昊真		231	M	1
2014		とうご	231	M	1
2014	明雨	あけさめ	231	M	1
2014	昊雅		232	M	1
2014		ときや	232	M	1
2014	星那	せな	232	M	1
2014	明陽		233	M	1
2014		としなか	233	M	1
2014	春太	はるた	233	M	1
2014	明雨		234	M	1
2014		とむ	234	M	1
2014	春輝	はるき	234	M	1
2014	星那		235	M	1
2014		ともひと	235	M	1
2014	晃汰	こうた	235	M	1
2014	春太		236	M	1
2014		ともふみ	236	M	1
2014	晃生	あきと	236	M	1
2014	春輝		237	M	1
2014		とらのすけ	237	M	1
2014	晃義	あきよし	237	M	1
2014	晃汰		238	M	1
2014		のあ	238	M	1
2014	晄太	こうた	238	M	1
2014	晃生		239	M	1
2014		のぶあき	239	M	1
2014	晟弥	せいや	239	M	1
2014	晃義		240	M	1
2014		はじめ	240	M	1
2014	晴亮	はるあき	240	M	1
2014	晄太		241	M	1
2014		はゆき	241	M	1
2014	晴太	せいた	241	M	1
2014	晟弥		242	M	1
2014		はるあき	242	M	1
2014	晴斗	はると	242	M	1
2014	晴亮		243	M	1
2014		はるく	243	M	1
2014	晴瑠	はる	243	M	1
2014	晴太		244	M	1
2014		はるた	244	M	1
2014	晴磨	はるま	244	M	1
2014	晴斗		245	M	1
2014		はるひと	245	M	1
2014	晴貴	はるき	245	M	1
2014	晴瑠		246	M	1
2014		はるみ	246	M	1
2014	晴道	はるみち	246	M	1
2014	晴磨		247	M	1
2014		はるみち	247	M	1
2014	晴飛	はると	247	M	1
2014	晴貴		248	M	1
2014		ひびと	248	M	1
2014	智仁	ともひと	248	M	1
2014	晴道		249	M	1
2014		ひゅうが	249	M	1
2014	智志	さとし	249	M	1
2014	晴飛		250	M	1
2014		ひゅうま	250	M	1
2014	智明	ちあき	250	M	1
2014	智仁		251	M	1
2014		ひろかず	251	M	1
2014	暖	だん	251	M	1
2014	智志		252	M	1
2014		ひろき	252	M	1
2014	暖	はる	252	M	1
2014	智明		253	M	1
2014		ひろや	253	M	1
2014	暖来	あき	253	M	1
2014	暖来		254	M	1
2014		ふうが	254	M	1
2014	暖真	はるま	254	M	1
2014	暖真		255	M	1
2014		ほたか	255	M	1
2014	暖葵	はるき	255	M	1
2014	暖葵		256	M	1
2014		ほだか	256	M	1
2014	有馬	ありま	256	M	1
2014	有馬		257	M	1
2014		まお	257	M	1
2014	朔	さく	257	M	1
2014	朔久		258	M	1
2014		まこと	258	M	1
2014	朔	はじめ	258	M	1
2014	朔仁		259	M	1
2014		まさな	259	M	1
2014	朔久	さく	259	M	1
2014	朔矢		260	M	1
2014		まさゆき	260	M	1
2014	朔仁	さくと	260	M	1
2014	朝大		261	M	1
2014		まなむ	261	M	1
2014	朔矢	さくや	261	M	1
2014	朝日		262	M	1
2014		みつき	262	M	1
2014	朝大	あさひ	262	M	1
2014	朝柊		263	M	1
2014		みつひろ	263	M	1
2014	朝日	あさひ	263	M	1
2014	来基		264	M	1
2014		みつる	264	M	1
2014	朝柊	あさひ	264	M	1
2014	柊		265	M	1
2014		むが	265	M	1
2014	来基	らいき	265	M	1
2014	柊人		266	M	1
2014		めいと	266	M	1
2014	柊	しゅう	266	M	1
2014	柊真		267	M	1
2014		もとき	267	M	1
2014	柊人	しゅうと	267	M	1
2014	柊磨		268	M	1
2014		ゆい	268	M	1
2014	柊真	とうま	268	M	1
2014	柑太		269	M	1
2014		ゆうい	269	M	1
2014	柊磨	とうま	269	M	1
2014	柚玖		270	M	1
2014		ゆうが	270	M	1
2014	柑太	かんた	270	M	1
2014	栄太		271	M	1
2014		ゆうきょう	271	M	1
2014	柚玖	ゆずき	271	M	1
2014	桜		272	M	1
2014		ゆうし	272	M	1
2014	栄太	えいた	272	M	1
2014	桜士		273	M	1
2014		ゆうじん	273	M	1
2014	桜	はる	273	M	1
2014	梅斗		274	M	1
2014		ゆうたろう	274	M	1
2014	桜士	おうし	274	M	1
2014	梛月		275	M	1
2014		ゆうや	275	M	1
2014	梅斗	うめと	275	M	1
2014	楓		276	M	1
2014		ゆうり	276	M	1
2014	梛月	なつき	276	M	1
2014	樟栄		277	M	1
2014		ゆうわ	277	M	1
2014	楓	かえで	277	M	1
2014	樹		278	M	1
2014		ゆきと	278	M	1
2014	樟栄	しょうえい	278	M	1
2014	樹羅斗		279	M	1
2014		ゆきなり	279	M	1
2014	樹	いつき	279	M	1
2014	橙里		280	M	1
2014		ゆきひろ	280	M	1
2014	樹羅斗	じゅらと	280	M	1
2014	櫂		281	M	1
2014		ゆきまさ	281	M	1
2014	橙里	とうり	281	M	1
2014	櫂地		282	M	1
2014		ゆずき	282	M	1
2014	櫂	かい	282	M	1
2014	正梛		283	M	1
2014		ゆづる	283	M	1
2014	櫂地	かいち	283	M	1
2014	武史		284	M	1
2014		ゆめじ	284	M	1
2014	正梛	まさな	284	M	1
2014	武我		285	M	1
2014		ようすけ	285	M	1
2014	武史	たけし	285	M	1
2014	歩大		286	M	1
2014		ようた	286	M	1
2014	武我	むが	286	M	1
2014	歩杜		287	M	1
2014		よしたか	287	M	1
2014	歩大	あゆと	287	M	1
2014	歩音		288	M	1
2014		よすが	288	M	1
2014	歩杜	あゆと	288	M	1
2014	永太		289	M	1
2014		らいき	289	M	1
2014	歩音	あると	289	M	1
2014	永馬		290	M	1
2014		らいむ	290	M	1
2014	永太	えいた	290	M	1
2014	治弥		291	M	1
2014		らいめい	291	M	1
2014	永馬	とうま	291	M	1
2014	泰士		292	M	1
2014		りいと	292	M	1
2014	治弥	はるみ	292	M	1
2014	泰成		293	M	1
2014		りき	293	M	1
2014	泰士	たいし	293	M	1
2014	洸太朗		294	M	1
2014		りくや	294	M	1
2014	泰成	たいせい	294	M	1
2014	海夏斗		295	M	1
2014		りっく	295	M	1
2014	洸太朗	こうたろう	295	M	1
2014	海成		296	M	1
2014		りと	296	M	1
2014	海夏斗	かなと	296	M	1
2014	海里		297	M	1
2014		りゅうしん	297	M	1
2014	海成	かいせい	297	M	1
2014	清崇		298	M	1
2014		りゅうた	298	M	1
2014	海里	かいり	298	M	1
2014	温大		299	M	1
2014		りゅうのすけ	299	M	1
2014	清崇	きよたか	299	M	1
2014	湊		300	M	1
2014		りょういち	300	M	1
2014	温大	はると	300	M	1
2014	湊人		301	M	1
2014		りょうが	301	M	1
2014	湊	みなと	301	M	1
2014	湊仁		302	M	1
2014		りょうご	302	M	1
2014	湊人	みなと	302	M	1
2014	湊大		303	M	1
2014		りょうや	303	M	1
2014	湊仁	みなと	303	M	1
2014	湊翔		304	M	1
2014		りりと	304	M	1
2014	湊大	そうた	304	M	1
2014	湊都		305	M	1
2014		りん	305	M	1
2014	湊翔	みなと	305	M	1
2014	湧生		306	M	1
2014		るい	306	M	1
2014	湊都	みなと	306	M	1
2014	源之助		307	M	1
2014		るいと	307	M	1
2014	湧生	ゆうい	307	M	1
2014	漣也		308	M	1
2014		れいた	308	M	1
2014	源之助	げんのすけ	308	M	1
2014	潤		309	M	1
2014		れおま	309	M	1
2014	漣也	れんや	309	M	1
2014	澄海		310	M	1
2014		れおん	310	M	1
2014	潤	じゅん	310	M	1
2014	瀧愛		311	M	1
2014		れんしん	311	M	1
2014	澄海	すかい	311	M	1
2014	煌大		312	M	1
2014		れんじ	312	M	1
2014	瀧愛	ろうあ	312	M	1
2014	煌太		313	M	1
2014		れんのすけ	313	M	1
2014	煌	こう	313	M	1
2014	煌希		314	M	1
2014		れんや	314	M	1
2014	煌	ひなた	314	M	1
2014	燈真		315	M	1
2014		ろうあ	315	M	1
2014	煌大	こうだい	315	M	1
2014	爽		316	M	1
2014	煌太	こうた	316	M	1
2014	爽琶		317	M	1
2014	煌希	こうき	317	M	1
2014	玲		318	M	1
2014	燈真	とうま	318	M	1
2014	玲汰		319	M	1
2014	爽	そう	319	M	1
2014	玲皇		320	M	1
2014	爽琶	そうわ	320	M	1
2014	珀		321	M	1
2014	玲	れい	321	M	1
2014	理仁		322	M	1
2014	玲汰	れいた	322	M	1
2014	理月		323	M	1
2014	玲皇	れお	323	M	1
2014	琉久		324	M	1
2014	珀	はく	324	M	1
2014	琉斗		325	M	1
2014	理仁	りひと	325	M	1
2014	琉晟		326	M	1
2014	理月	りつき	326	M	1
2014	琉煌		327	M	1
2014	琉久	りく	327	M	1
2014	琉聖		328	M	1
2014	琉斗	るいと	328	M	1
2014	琢磨		329	M	1
2014	琉晟	りゅうせい	329	M	1
2014	瑛士		330	M	1
2014	琉煌	りゅうあ	330	M	1
2014	瑛太		331	M	1
2014	琉生	りゅうせい	331	M	1
2014	瑛斗		332	M	1
2014	琉生	るい	332	M	1
2014	瑛真		333	M	1
2014	琉聖	りゅうせい	333	M	1
2014	瑞喜		334	M	1
2014	琢磨	たくま	334	M	1
2014	瑞生		335	M	1
2014	瑛士	えいち	335	M	1
2014	瑞貴		336	M	1
2014	瑛太	えいた	336	M	1
2014	瑶介		337	M	1
2014	瑛斗	えいと	337	M	1
2014	璃士		338	M	1
2014	瑛真	えいしん	338	M	1
2014	璃空		339	M	1
2014	瑞喜	みずき	339	M	1
2014	登霧		340	M	1
2014	瑞生	みずき	340	M	1
2014	直樹		341	M	1
2014	瑞貴	みずき	341	M	1
2014	眞大		342	M	1
2014	瑶介	ようすけ	342	M	1
2014	真夢		343	M	1
2014	璃士	りと	343	M	1
2014	真寛		344	M	1
2014	璃空	りく	344	M	1
2014	真慧		345	M	1
2014	登霧	とむ	345	M	1
2014	真皓		346	M	1
2014	直樹	なおき	346	M	1
2014	真空		347	M	1
2014	眞大	まお	347	M	1
2014	睿霆		348	M	1
2014	真夢	まなむ	348	M	1
2014	碧		349	M	1
2014	真寛	まひろ	349	M	1
2014	碧太		350	M	1
2014	真慧	まさと	350	M	1
2014	碧汰		351	M	1
2014	真皓	まひろ	351	M	1
2014	碧生		352	M	1
2014	真空	まひろ	352	M	1
2014	碧空		353	M	1
2014	睿霆	えいてい	353	M	1
2014	碧紫		354	M	1
2014	碧	あお	354	M	1
2014	礼央		355	M	1
2014	碧太	おうた	355	M	1
2014	祐成		356	M	1
2014	碧汰	そうた	356	M	1
2014	祐杜		357	M	1
2014	碧生	あおい	357	M	1
2014	稜弥		358	M	1
2014	碧空	りく	358	M	1
2014	稟絃		359	M	1
2014	碧紫	あおし	359	M	1
2014	空斗		360	M	1
2014	礼央	れお	360	M	1
2014	空翔		361	M	1
2014	祐成	ゆうせい	361	M	1
2014	空舞		362	M	1
2014	祐杜	ゆうと	362	M	1
2014	空龍		363	M	1
2014	稜弥	りょうや	363	M	1
2014	立稀		364	M	1
2014	稟絃	りいと	364	M	1
2014	竜馬		365	M	1
2014	穂高	ほたか	365	M	1
2014	笑太		366	M	1
2014	穂高	ほだか	366	M	1
2014	篤人		367	M	1
2014	空斗	くうと	367	M	1
2014	篤士		368	M	1
2014	空翔	くうと	368	M	1
2014	純志		369	M	1
2014	空舞	くうま	369	M	1
2014	紘大		370	M	1
2014	空龍	あらた	370	M	1
2014	素直		371	M	1
2014	立稀	りつき	371	M	1
2014	紡久		372	M	1
2014	竜馬	りょうま	372	M	1
2014	絃		373	M	1
2014	笑太	しょうた	373	M	1
2014	結		374	M	1
2014	篤人	あつと	374	M	1
2014	結匡		375	M	1
2014	篤士	あつと	375	M	1
2014	結士		376	M	1
2014	純志	あつし	376	M	1
2014	結大		377	M	1
2014	紘大	こうだい	377	M	1
2014	結弥		378	M	1
2014	素直	そな	378	M	1
2014	結弦		379	M	1
2014	紡久	つむぐ	379	M	1
2014	結智		380	M	1
2014	絃	いと	380	M	1
2014	結聖		381	M	1
2014	結	ゆい	381	M	1
2014	絢太郎		382	M	1
2014	結人	ゆいと	382	M	1
2014	統		383	M	1
2014	結匡	ゆうきょう	383	M	1
2014	緩		384	M	1
2014	結士	ゆいと	384	M	1
2014	縁		385	M	1
2014	結大	ゆいと	385	M	1
2014	義隆		386	M	1
2014	結弥	ゆうや	386	M	1
2014	翔		387	M	1
2014	結弦	ゆづる	387	M	1
2014	翔琥		388	M	1
2014	結智	ゆうと	388	M	1
2014	翔真		389	M	1
2014	結翔	ゆいと	389	M	1
2014	翔莉		390	M	1
2014	結聖	ゆうせい	390	M	1
2014	耀大		391	M	1
2014	絢太郎	けんたろう	391	M	1
2014	聖也		392	M	1
2014	統	すばる	392	M	1
2014	聖矢		393	M	1
2014	緩	かん	393	M	1
2014	聡真		394	M	1
2014	縁	よすが	394	M	1
2014	聡良		395	M	1
2014	義隆	よしたか	395	M	1
2014	航		396	M	1
2014	翔	かける	396	M	1
2014	航伎		397	M	1
2014	翔琥	はく	397	M	1
2014	航平		398	M	1
2014	翔真	しょうま	398	M	1
2014	航輝		399	M	1
2014	翔莉	とうり	399	M	1
2014	良一		400	M	1
2014	耀大	ようた	400	M	1
2014	芽生		401	M	1
2014	聖也	せいや	401	M	1
2014	英士		402	M	1
2014	聖矢	せいや	402	M	1
2014	菖		403	M	1
2014	聡真	そうま	403	M	1
2014	華陽		404	M	1
2014	聡良	そら	404	M	1
2014	葉		405	M	1
2014	航	わたる	405	M	1
2014	葉琉		406	M	1
2014	航伎	かずき	406	M	1
2014	葉結希		407	M	1
2014	航大	こうだい	407	M	1
2014	蒼空		408	M	1
2014	航大	わたる	408	M	1
2014	蒼羽		409	M	1
2014	航平	こうへい	409	M	1
2014	蒼音		410	M	1
2014	航輝	こうき	410	M	1
2014	蓮		411	M	1
2014	良一	りょういち	411	M	1
2014	蓮士		412	M	1
2014	芽生	いぶき	412	M	1
2014	蓮心		413	M	1
2014	英士	えいち	413	M	1
2014	蓮祐		414	M	1
2014	菖	しょう	414	M	1
2014	虎之助		415	M	1
2014	華陽	かよ	415	M	1
2014	虎克		416	M	1
2014	葉	よう	416	M	1
2014	虎太朗		417	M	1
2014	葉琉	はる	417	M	1
2014	虎琉		418	M	1
2014	葉結希	はゆき	418	M	1
2014	行成		419	M	1
2014	葵	あお	419	M	1
2014	裕海		420	M	1
2014	葵	あおい	420	M	1
2014	裕理		421	M	1
2014	蒼	あお	421	M	1
2014	誠人		422	M	1
2014	蒼	あおい	422	M	1
2014	誠心		423	M	1
2014	蒼空	そら	423	M	1
2014	諒		424	M	1
2014	蒼羽	そう	424	M	1
2014	諒大郎		425	M	1
2014	蒼音	あお	425	M	1
2014	貴也		426	M	1
2014	蓮	れん	426	M	1
2014	貴真		427	M	1
2014	蓮士	れんじ	427	M	1
2014	蹴斗		428	M	1
2014	蓮心	れんしん	428	M	1
2014	輝		429	M	1
2014	蓮祐	れんのすけ	429	M	1
2014	輝基		430	M	1
2014	虎之助	とらのすけ	430	M	1
2014	輝瑛		431	M	1
2014	虎克	たいが	431	M	1
2014	輝空		432	M	1
2014	虎太朗	こたろう	432	M	1
2014	速人		433	M	1
2014	虎琉	いたる	433	M	1
2014	遙		434	M	1
2014	行成	ゆきなり	434	M	1
2014	遙人		435	M	1
2014	裕海	ゆうま	435	M	1
2014	遥人		436	M	1
2014	裕理	ゆうり	436	M	1
2014	遥大		437	M	1
2014	誠人	まさと	437	M	1
2014	遥真		438	M	1
2014	誠心	せいしん	438	M	1
2014	遥翔		439	M	1
2014	諒	りょう	439	M	1
2014	遥貴		440	M	1
2014	諒大郎	りょうたろう	440	M	1
2014	遼太朗		441	M	1
2014	貴也	たかや	441	M	1
2014	遼太郎		442	M	1
2014	貴真	たかまさ	442	M	1
2014	遼磨		443	M	1
2014	蹴斗	しゅうと	443	M	1
2014	郁海		444	M	1
2014	輝	ひかる	444	M	1
2014	阿峨		445	M	1
2014	輝基	てるき	445	M	1
2014	陸斗		446	M	1
2014	輝瑛	あきら	446	M	1
2014	陸矢		447	M	1
2014	輝空	こうあ	447	M	1
2014	陽人		448	M	1
2014	速人	はやと	448	M	1
2014	陽仁		449	M	1
2014	遙	はる	449	M	1
2014	陽優		450	M	1
2014	遙人	はるひと	450	M	1
2014	陽奏		451	M	1
2014	遥人	はると	451	M	1
2014	陽斗		452	M	1
2014	遥大	はると	452	M	1
2014	陽稀		453	M	1
2014	遥真	はるま	453	M	1
2014	陽輝		454	M	1
2014	遥翔	はると	454	M	1
2014	陽遥		455	M	1
2014	遥貴	はるき	455	M	1
2014	隼晟		456	M	1
2014	遼太朗	りょうたろう	456	M	1
2014	隼輔		457	M	1
2014	遼太郎	りょうたろう	457	M	1
2014	雄真		458	M	1
2014	遼磨	りょうま	458	M	1
2014	雅之		459	M	1
2014	郁海	いくみ	459	M	1
2014	零		460	M	1
2014	阿峨	あが	460	M	1
2014	青空		461	M	1
2014	陸斗	りくと	461	M	1
2014	靖征		462	M	1
2014	陸矢	りくや	462	M	1
2014	音和		463	M	1
2014	陽	あき	463	M	1
2014	響人		464	M	1
2014	陽	あたる	464	M	1
2014	颯冴		465	M	1
2014	陽	ひなた	465	M	1
2014	颯太		466	M	1
2014	陽	よう	466	M	1
2014	颯太朗		467	M	1
2014	陽人	はると	467	M	1
2014	颯汰		468	M	1
2014	陽仁	はると	468	M	1
2014	颯翔		469	M	1
2014	陽優	ひなた	469	M	1
2014	飛雄馬		470	M	1
2014	陽向	ひゅうが	470	M	1
2014	駈		471	M	1
2014	陽大	はると	471	M	1
2014	駿之介		472	M	1
2014	陽大	ひなた	472	M	1
2014	駿太郎		473	M	1
2014	陽奏	ひなた	473	M	1
2014	駿弥		474	M	1
2014	陽斗	はると	474	M	1
2014	高史		475	M	1
2014	陽稀	はるき	475	M	1
2014	魁琉		476	M	1
2014	陽輝	はるひ	476	M	1
2014	魁真		477	M	1
2014	陽遥	ひなた	477	M	1
2014	麻裕		478	M	1
2014	隼晟	じゅんせい	478	M	1
2014	龍ノ介		479	M	1
2014	隼輔	しゅんすけ	479	M	1
2014	龍吾		480	M	1
2014	雄真	ゆうま	480	M	1
2014	龍太		481	M	1
2014	雅之	まさゆき	481	M	1
2014	龍希		482	M	1
2014	零	れい	482	M	1
2014	龍心		483	M	1
2014	青空	そら	483	M	1
2014	靖征	やすと	484	M	1
2014	音和	おとわ	485	M	1
2014	響人	ひびと	486	M	1
2014	颯冴	ふうが	487	M	1
2014	颯太	そうた	488	M	1
2014	颯太朗	そうたろう	489	M	1
2014	颯汰	そうた	490	M	1
2014	颯翔	はやと	491	M	1
2014	飛雄馬	ひゅうま	492	M	1
2014	駈	かける	493	M	1
2014	駿之介	しゅんのすけ	494	M	1
2014	駿太郎	しゅんたろう	495	M	1
2014	駿弥	しゅんや	496	M	1
2014	高史	たかし	497	M	1
2014	魁琉	かいる	498	M	1
2014	魁真	かいま	499	M	1
2014	麻裕	まひろ	500	M	1
2014	龍ノ介	りゅうのすけ	501	M	1
2014	龍吾	りゅうあ	502	M	1
2014	龍太	りゅうた	503	M	1
2014	龍希	たつき	504	M	1
2014	龍心	りゅうしん	505	M	1
2015	さくら		1	F	3
2015		さくら	1	F	6
2015	さくら	さくら	1	F	3
2015	芽依		2	F	3
2015		あおい	2	F	5
2015	芽依	めい	2	F	3
2015	陽葵		3	F	3
2015		こはる	3	F	5
2015	いろは	いろは	3	F	2
2015	いろは		4	F	2
2015		めい	4	F	5
2015	こはる	こはる	4	F	2
2015	こはる		5	F	2
2015		さき	5	F	4
2015	伊織	いおり	5	F	2
2015	伊織		6	F	2
2015		ゆうな	6	F	4
2015	千佳	ちか	6	F	2
2015	優月		7	F	2
2015		ゆずは	7	F	4
2015	千夏	ちなつ	7	F	2
2015	優菜		8	F	2
2015		あや	8	F	3
2015	咲希	さき	8	F	2
2015	千佳		9	F	2
2015		いろは	9	F	3
2015	彩	あや	9	F	2
2015	千夏		10	F	2
2015		かすみ	10	F	3
2015	彩花	あやか	10	F	2
2015	向日葵		11	F	2
2015		ここね	11	F	3
2015	心音	ここね	11	F	2
2015	咲希		12	F	2
2015		しずく	12	F	3
2015	杏奈	あんな	12	F	2
2015	彩		13	F	2
2015		すずか	13	F	3
2015	柚羽	ゆずは	13	F	2
2015	彩愛		14	F	2
2015		のぞみ	14	F	3
2015	湊	みなと	14	F	2
2015	彩花		15	F	2
2015		はな	15	F	3
2015	紫月	しづき	15	F	2
2015	心音		16	F	2
2015		ひまり	16	F	3
2015	翠	みどり	16	F	2
2015	杏奈		17	F	2
2015		まい	17	F	3
2015	花音	かのん	17	F	2
2015	柚羽		18	F	2
2015		みお	18	F	3
2015	茉奈	まな	18	F	2
2015	湊		19	F	2
2015		みはる	19	F	3
2015	華	はな	19	F	2
2015	紫月		20	F	2
2015		ゆい	20	F	3
2015	葵	あおい	20	F	2
2015	翠		21	F	2
2015		ゆな	21	F	3
2015	陽菜	ひな	21	F	2
2015	花音		22	F	2
2015		りん	22	F	3
2015	陽葵	ひまり	22	F	2
2015	茉奈		23	F	2
2015		あかね	23	F	2
2015	あおい	あおい	23	F	1
2015	華		24	F	2
2015		あかり	24	F	2
2015	あかり	あかり	24	F	1
2015	葵		25	F	2
2015		あやか	25	F	2
2015	ことり	ことり	25	F	1
2015	陽菜		26	F	2
2015		あんな	26	F	2
2015	つぐみ	つぐみ	26	F	1
2015	あおい		27	F	1
2015		いおり	27	F	2
2015	まりあ	まりあ	27	F	1
2015	あかり		28	F	1
2015		いちか	28	F	2
2015	まりも	まりも	28	F	1
2015	ことり		29	F	1
2015		えま	29	F	2
2015	みず穂	みずほ	29	F	1
2015	つぐみ		30	F	1
2015		かのん	30	F	2
2015	よつば	よつば	30	F	1
2015	まりあ		31	F	1
2015		かりん	31	F	2
2015	一花	いちか	31	F	1
2015	まりも		32	F	1
2015		かんな	32	F	2
2015	一華	いちか	32	F	1
2015	みず穂		33	F	1
2015		ここは	33	F	2
2015	七海	ななみ	33	F	1
2015	よつば		34	F	1
2015		さや	34	F	2
2015	乃愛	のあ	34	F	1
2015	一花		35	F	1
2015		しづき	35	F	2
2015	乃葵	のあ	35	F	1
2015	一華		36	F	1
2015		しほ	36	F	2
2015	伶奈	れいな	36	F	1
2015	七海		37	F	1
2015		ちか	37	F	2
2015	佑奈	ゆうな	37	F	1
2015	乃愛		38	F	1
2015		ちなつ	38	F	2
2015	佳凛	かりん	38	F	1
2015	乃葵		39	F	1
2015		なぎさ	39	F	2
2015	佳織	かおり	39	F	1
2015	伶奈		40	F	1
2015		のあ	40	F	2
2015	侑希子	ゆきこ	40	F	1
2015	佑奈		41	F	1
2015		のどか	41	F	2
2015	優佳	ゆうか	41	F	1
2015	佳凛		42	F	1
2015		ひな	42	F	2
2015	優奈	ゆうな	42	F	1
2015	佳織		43	F	1
2015		ふうか	43	F	2
2015	優子	ゆうこ	43	F	1
2015	侑希子		44	F	1
2015		まお	44	F	2
2015	優実	ゆみ	44	F	1
2015	優佳		45	F	1
2015		まな	45	F	2
2015	優月	ゆづ	45	F	1
2015	優奈		46	F	1
2015		みどり	46	F	2
2015	優月	ゆづき	46	F	1
2015	優子		47	F	1
2015		みなと	47	F	2
2015	優月華	ゆずは	47	F	1
2015	優実		48	F	1
2015		みゆ	48	F	2
2015	優結	ゆい	48	F	1
2015	優月華		49	F	1
2015		ももか	49	F	2
2015	優育	ひなり	49	F	1
2015	優結		50	F	1
2015		ゆあ	50	F	2
2015	優芽	ゆめ	50	F	1
2015	優育		51	F	1
2015		ゆの	51	F	2
2015	優菜	ゆうな	51	F	1
2015	優芽		52	F	1
2015		ゆめ	52	F	2
2015	優菜	ゆな	52	F	1
2015	優衣奈		53	F	1
2015		りお	53	F	2
2015	優衣奈	ゆいな	53	F	1
2015	八子		54	F	1
2015		りこ	54	F	2
2015	八子	やこ	54	F	1
2015	凛桜		55	F	1
2015		あいか	55	F	1
2015	凛桜	りお	55	F	1
2015	凜		56	F	1
2015		あいざ	56	F	1
2015	凜	りん	56	F	1
2015	凪沙		57	F	1
2015		あいな	57	F	1
2015	凪沙	なぎさ	57	F	1
2015	加純		58	F	1
2015		あいり	58	F	1
2015	加純	かすみ	58	F	1
2015	千幸		59	F	1
2015		あむ	59	F	1
2015	千幸	ちゆき	59	F	1
2015	千絢美		60	F	1
2015		あやな	60	F	1
2015	千絢美	ちあみ	60	F	1
2015	友乃		61	F	1
2015		あやの	61	F	1
2015	友乃	ゆの	61	F	1
2015	友紀		62	F	1
2015		あゆの	62	F	1
2015	友紀	ゆき	62	F	1
2015	叶実		63	F	1
2015		いずみ	63	F	1
2015	叶実	のぞみ	63	F	1
2015	叶澄実		64	F	1
2015		いつき	64	F	1
2015	叶澄実	かすみ	64	F	1
2015	叶菜		65	F	1
2015		うみか	65	F	1
2015	叶菜	かんな	65	F	1
2015	和		66	F	1
2015		うる	66	F	1
2015	向日葵	ひまり	66	F	1
2015	和代		67	F	1
2015		えみり	67	F	1
2015	向日葵	ひまわり	67	F	1
2015	和奏		68	F	1
2015		えれん	68	F	1
2015	和	のどか	68	F	1
2015	和花		69	F	1
2015		おとは	69	F	1
2015	和代	かずよ	69	F	1
2015	和音		70	F	1
2015		かえで	70	F	1
2015	和奏	わかな	70	F	1
2015	咲		71	F	1
2015		かおり	71	F	1
2015	和花	のどか	71	F	1
2015	咲優里		72	F	1
2015		かずね	72	F	1
2015	和音	かずね	72	F	1
2015	咲南		73	F	1
2015		かずよ	73	F	1
2015	咲	さき	73	F	1
2015	咲慧		74	F	1
2015		かなで	74	F	1
2015	咲優里	さゆり	74	F	1
2015	咲月		75	F	1
2015		かなほ	75	F	1
2015	咲南	さきな	75	F	1
2015	咲羽		76	F	1
2015		かほ	76	F	1
2015	咲慧	さえ	76	F	1
2015	咲良		77	F	1
2015		ここな	77	F	1
2015	咲月	さつき	77	F	1
2015	夏歩		78	F	1
2015		ここみ	78	F	1
2015	咲羽	さわ	78	F	1
2015	夏海		79	F	1
2015		ことな	79	F	1
2015	咲良	さくら	79	F	1
2015	夢		80	F	1
2015		ことね	80	F	1
2015	夏歩	かほ	80	F	1
2015	奏穂		81	F	1
2015		ことみ	81	F	1
2015	夏海	なつみ	81	F	1
2015	実結		82	F	1
2015		ことり	82	F	1
2015	夢	ゆめ	82	F	1
2015	寧月		83	F	1
2015		こなつ	83	F	1
2015	奏穂	かなほ	83	F	1
2015	寧梨愛		84	F	1
2015		このみ	84	F	1
2015	実結	みゆ	84	F	1
2015	帆乃		85	F	1
2015		こま	85	F	1
2015	寧月	しずく	85	F	1
2015	希		86	F	1
2015		さあや	86	F	1
2015	寧梨愛	ねりあ	86	F	1
2015	彩乃		87	F	1
2015		さえ	87	F	1
2015	帆乃	ほの	87	F	1
2015	彩葉		88	F	1
2015		さきな	88	F	1
2015	希	のぞみ	88	F	1
2015	徠愛		89	F	1
2015		さつき	89	F	1
2015	彩乃	あやの	89	F	1
2015	心和		90	F	1
2015		さゆり	90	F	1
2015	彩愛	あやな	90	F	1
2015	心寧		91	F	1
2015		さわ	91	F	1
2015	彩愛	さくら	91	F	1
2015	心春		92	F	1
2015		しえる	92	F	1
2015	彩葉	いろは	92	F	1
2015	心晴		93	F	1
2015		しおり	93	F	1
2015	徠愛	らな	93	F	1
2015	心美		94	F	1
2015		しゅい	94	F	1
2015	心和	ここな	94	F	1
2015	心茉		95	F	1
2015		じゅうのん	95	F	1
2015	心寧	ここね	95	F	1
2015	心華		96	F	1
2015		せつな	96	F	1
2015	心春	こはる	96	F	1
2015	心葉		97	F	1
2015		せな	97	F	1
2015	心晴	こはる	97	F	1
2015	志帆		98	F	1
2015		そら	98	F	1
2015	心美	ここみ	98	F	1
2015	志穂		99	F	1
2015		ちあみ	99	F	1
2015	心茉	こま	99	F	1
2015	怜愛		100	F	1
2015		ちかの	100	F	1
2015	心華	ここは	100	F	1
2015	恵羽		101	F	1
2015		ちひろ	101	F	1
2015	心葉	ここは	101	F	1
2015	愛依		102	F	1
2015		ちゆき	102	F	1
2015	志帆	しほ	102	F	1
2015	愛海		103	F	1
2015		つぐみ	103	F	1
2015	志穂	しほ	103	F	1
2015	愛真		104	F	1
2015		つばさ	104	F	1
2015	怜愛	れいあ	104	F	1
2015	愛紗		105	F	1
2015		なつみ	105	F	1
2015	恵羽	めう	105	F	1
2015	愛結		106	F	1
2015		ななこ	106	F	1
2015	愛依	めい	106	F	1
2015	愛結乃		107	F	1
2015		ななは	107	F	1
2015	愛海	まなみ	107	F	1
2015	愛莉		108	F	1
2015		ななみ	108	F	1
2015	愛真	えま	108	F	1
2015	愛菜		109	F	1
2015		ねりあ	109	F	1
2015	愛紗	あいざ	109	F	1
2015	愛華		110	F	1
2015		のい	110	F	1
2015	愛結	あむ	110	F	1
2015	早弥		111	F	1
2015		はすな	111	F	1
2015	愛結乃	あゆの	111	F	1
2015	明以奈		112	F	1
2015		はなえ	112	F	1
2015	愛莉	あいり	112	F	1
2015	明架利		113	F	1
2015		はのか	113	F	1
2015	愛菜	あいな	113	F	1
2015	明音		114	F	1
2015		はるか	114	F	1
2015	愛華	あいか	114	F	1
2015	星瑠		115	F	1
2015		はるな	115	F	1
2015	早弥	さや	115	F	1
2015	春舞		116	F	1
2015		はるま	116	F	1
2015	明以奈	めいな	116	F	1
2015	春香		117	F	1
2015		はんな	117	F	1
2015	明架利	あかり	117	F	1
2015	晴菜		118	F	1
2015		ひづき	118	F	1
2015	明音	あかね	118	F	1
2015	曜		119	F	1
2015		ひとみ	119	F	1
2015	星瑠	しえる	119	F	1
2015	月星		120	F	1
2015		ひなき	120	F	1
2015	春舞	はるま	120	F	1
2015	望桜		121	F	1
2015		ひなり	121	F	1
2015	春香	はるか	121	F	1
2015	望生		122	F	1
2015		ひまわり	122	F	1
2015	晴菜	はるな	122	F	1
2015	望美		123	F	1
2015		ふづき	123	F	1
2015	曜	よう	123	F	1
2015	未陽		124	F	1
2015		ふわり	124	F	1
2015	月星	るる	124	F	1
2015	果		125	F	1
2015		ほの	125	F	1
2015	望桜	みお	125	F	1
2015	柑凪		126	F	1
2015		ほのか	126	F	1
2015	望生	のい	126	F	1
2015	柚乃		127	F	1
2015		ほま	127	F	1
2015	望美	のぞみ	127	F	1
2015	柚彩		128	F	1
2015		まおか	128	F	1
2015	未陽	みはる	128	F	1
2015	柚月		129	F	1
2015		まなみ	129	F	1
2015	果	このみ	129	F	1
2015	柚花		130	F	1
2015		まはる	130	F	1
2015	柑凪	かんな	130	F	1
2015	柚葉		131	F	1
2015		まりあ	131	F	1
2015	柚乃	ゆずの	131	F	1
2015	柚那		132	F	1
2015		まりも	132	F	1
2015	柚彩	ゆあ	132	F	1
2015	桃花		133	F	1
2015		みおり	133	F	1
2015	柚月	ゆずき	133	F	1
2015	桃香		134	F	1
2015		みか	134	F	1
2015	柚花	ゆずか	134	F	1
2015	桜		135	F	1
2015		みく	135	F	1
2015	柚葉	ゆずは	135	F	1
2015	梨乃		136	F	1
2015		みすず	136	F	1
2015	柚那	ゆうな	136	F	1
2015	梨央		137	F	1
2015		みずき	137	F	1
2015	桃花	ももか	137	F	1
2015	梨瑚		138	F	1
2015		みずほ	138	F	1
2015	桃香	ももか	138	F	1
2015	梨華		139	F	1
2015		みそら	139	F	1
2015	桜	さくら	139	F	1
2015	楓加		140	F	1
2015		みな	140	F	1
2015	梨乃	りの	140	F	1
2015	楓果		141	F	1
2015		みなみ	141	F	1
2015	梨央	りお	141	F	1
2015	樹乃		142	F	1
2015		みやび	142	F	1
2015	梨瑚	りこ	142	F	1
2015	歌梨		143	F	1
2015		みゆう	143	F	1
2015	梨華	りか	143	F	1
2015	水樹		144	F	1
2015		めいこ	144	F	1
2015	楓加	ふうか	144	F	1
2015	海結		145	F	1
2015		めいな	145	F	1
2015	楓果	ふうか	145	F	1
2015	涼風		146	F	1
2015		めう	146	F	1
2015	樹乃	じゅうのん	146	F	1
2015	渚		147	F	1
2015		もも	147	F	1
2015	歌梨	かりん	147	F	1
2015	澪里		148	F	1
2015		やこ	148	F	1
2015	水樹	みずき	148	F	1
2015	瀬七		149	F	1
2015		ゆいな	149	F	1
2015	海結	みゆ	149	F	1
2015	爽晴		150	F	1
2015		ゆう	150	F	1
2015	涼風	すずか	150	F	1
2015	玲		151	F	1
2015		ゆうか	151	F	1
2015	渚	なぎさ	151	F	1
2015	珠々花		152	F	1
2015		ゆうこ	152	F	1
2015	澪里	みおり	152	F	1
2015	珠唯		153	F	1
2015		ゆき	153	F	1
2015	瀬七	せな	153	F	1
2015	理愛		154	F	1
2015		ゆきこ	154	F	1
2015	爽晴	そら	154	F	1
2015	琴美		155	F	1
2015		ゆこ	155	F	1
2015	玲	れい	155	F	1
2015	琴音		156	F	1
2015		ゆずか	156	F	1
2015	珠々花	すずか	156	F	1
2015	瑚夏		157	F	1
2015		ゆずき	157	F	1
2015	珠唯	しゅい	157	F	1
2015	瑚陽		158	F	1
2015		ゆずの	158	F	1
2015	理愛	りあ	158	F	1
2015	瑞鈴		159	F	1
2015		ゆづ	159	F	1
2015	琴美	ことみ	159	F	1
2015	瑠花		160	F	1
2015		ゆづき	160	F	1
2015	琴音	ことね	160	F	1
2015	田中		161	F	1
2015		ゆみ	161	F	1
2015	瑚夏	こなつ	161	F	1
2015	由瑚		162	F	1
2015		ゆら	162	F	1
2015	瑚陽	こはる	162	F	1
2015	由菜		163	F	1
2015		ゆりこ	163	F	1
2015	瑞鈴	みすず	163	F	1
2015	由衣		164	F	1
2015		よう	164	F	1
2015	瑠花	るか	164	F	1
2015	百		165	F	1
2015		よつば	165	F	1
2015	田中	りん	165	F	1
2015	百合子		166	F	1
2015		らな	166	F	1
2015	由瑚	ゆこ	166	F	1
2015	真桜香		167	F	1
2015		らん	167	F	1
2015	由菜	ゆな	167	F	1
2015	真衣		168	F	1
2015		りあ	168	F	1
2015	由衣	ゆい	168	F	1
2015	瞳海		169	F	1
2015		りか	169	F	1
2015	百	もも	169	F	1
2015	知優		170	F	1
2015		りかこ	170	F	1
2015	百合子	ゆりこ	170	F	1
2015	碧彩		171	F	1
2015		りと	171	F	1
2015	真桜香	まおか	171	F	1
2015	磨依		172	F	1
2015		りな	172	F	1
2015	真衣	まい	172	F	1
2015	礼子		173	F	1
2015		りの	173	F	1
2015	瞳海	ひとみ	173	F	1
2015	稟		174	F	1
2015		りみ	174	F	1
2015	知優	ちひろ	174	F	1
2015	穂乃香		175	F	1
2015		るか	175	F	1
2015	碧彩	あおい	175	F	1
2015	笑梨		176	F	1
2015		るる	176	F	1
2015	磨依	まい	176	F	1
2015	笑蓮		177	F	1
2015		れい	177	F	1
2015	礼子	れいこ	177	F	1
2015	紗		178	F	1
2015		れいあ	178	F	1
2015	稟	りん	178	F	1
2015	紗加		179	F	1
2015		れいこ	179	F	1
2015	穂乃香	ほのか	179	F	1
2015	紗季		180	F	1
2015		れいな	180	F	1
2015	笑梨	えみり	180	F	1
2015	紗彩		181	F	1
2015		わかな	181	F	1
2015	笑蓮	えれん	181	F	1
2015	絆菜		182	F	1
2015	紗	さや	182	F	1
2015	結奈		183	F	1
2015	紗加	すずか	183	F	1
2015	結愛		184	F	1
2015	紗季	さき	184	F	1
2015	結望		185	F	1
2015	紗彩	さあや	185	F	1
2015	結生		186	F	1
2015	絆菜	はんな	186	F	1
2015	結空		187	F	1
2015	結奈	ゆな	187	F	1
2015	結衣		188	F	1
2015	結愛	ゆあ	188	F	1
2015	絵麻		189	F	1
2015	結望	ゆの	189	F	1
2015	維月		190	F	1
2015	結生	ゆう	190	F	1
2015	維泉		191	F	1
2015	結空	ゆら	191	F	1
2015	美優		192	F	1
2015	結衣	ゆい	192	F	1
2015	美南		193	F	1
2015	絵麻	えま	193	F	1
2015	美夏		194	F	1
2015	維月	いつき	194	F	1
2015	美晴		195	F	1
2015	維泉	いずみ	195	F	1
2015	美桜		196	F	1
2015	美優	みゆう	196	F	1
2015	美玖		197	F	1
2015	美南	みな	197	F	1
2015	美空		198	F	1
2015	美夏	みか	198	F	1
2015	美菜実		199	F	1
2015	美晴	みはる	199	F	1
2015	美陽		200	F	1
2015	美桜	みお	200	F	1
2015	美音		201	F	1
2015	美玖	みく	201	F	1
2015	羽沙		202	F	1
2015	美空	みそら	202	F	1
2015	羽琉		203	F	1
2015	美菜実	みなみ	203	F	1
2015	羽美夏		204	F	1
2015	美陽	みはる	204	F	1
2015	翼		205	F	1
2015	美音	みお	205	F	1
2015	芙槻		206	F	1
2015	羽沙	はすな	206	F	1
2015	芙羽莉		207	F	1
2015	羽琉	うる	207	F	1
2015	花乃歌		208	F	1
2015	羽美夏	うみか	208	F	1
2015	花奏		209	F	1
2015	翼	つばさ	209	F	1
2015	花楓		210	F	1
2015	芙槻	ふづき	210	F	1
2015	芽彩		211	F	1
2015	芙羽莉	ふわり	211	F	1
2015	芽衣子		212	F	1
2015	花乃歌	はのか	212	F	1
2015	英恵		213	F	1
2015	花奏	かなで	213	F	1
2015	苺		214	F	1
2015	花楓	かえで	214	F	1
2015	茉春		215	F	1
2015	芽彩	めい	215	F	1
2015	茉桜		216	F	1
2015	芽衣子	めいこ	216	F	1
2015	茜		217	F	1
2015	英恵	はなえ	217	F	1
2015	莉子		218	F	1
2015	苺	まい	218	F	1
2015	莉未		219	F	1
2015	茉春	まはる	219	F	1
2015	莉菜		220	F	1
2015	茉桜	まお	220	F	1
2015	莉都		221	F	1
2015	茜	あかね	221	F	1
2015	菜々子		222	F	1
2015	莉子	りこ	222	F	1
2015	菜々芭		223	F	1
2015	莉未	りみ	223	F	1
2015	華奈		224	F	1
2015	莉菜	りな	224	F	1
2015	葵衣		225	F	1
2015	莉都	りと	225	F	1
2015	蓬麻		226	F	1
2015	菜々子	ななこ	226	F	1
2015	蘭		227	F	1
2015	菜々芭	ななは	227	F	1
2015	詩緒莉		228	F	1
2015	華奈	はな	228	F	1
2015	誓乃		229	F	1
2015	葵衣	あおい	229	F	1
2015	采也		230	F	1
2015	蓬麻	ほま	230	F	1
2015	采那		231	F	1
2015	蘭	らん	231	F	1
2015	里香子		232	F	1
2015	詩緒莉	しおり	232	F	1
2015	陽月		233	F	1
2015	誓乃	ちかの	233	F	1
2015	雅陽		234	F	1
2015	采也	あや	234	F	1
2015	雪奈		235	F	1
2015	采那	ことな	235	F	1
2015	雫		236	F	1
2015	里香子	りかこ	236	F	1
2015	静來		237	F	1
2015	陽月	ひづき	237	F	1
2015	音羽		238	F	1
2015	陽葵	ひなき	238	F	1
2015	香澄		239	F	1
2015	雅陽	みやび	239	F	1
2015	麻央		240	F	1
2015	雪奈	せつな	240	F	1
2015	雫	しずく	241	F	1
2015	静來	しずく	242	F	1
2015	音羽	おとは	243	F	1
2015	香澄	かすみ	244	F	1
2015	麻央	まお	245	F	1
2015	悠真		1	M	3
2015		はると	1	M	8
2015	悠真	ゆうま	1	M	3
2015	湊		2	M	3
2015		そうた	2	M	5
2015	湊	みなと	2	M	3
2015	蒼太		3	M	3
2015		ゆうき	3	M	4
2015	蒼太	そうた	3	M	3
2015	勇翔		4	M	2
2015		ゆうと	4	M	4
2015	勇翔	はやと	4	M	2
2015	大和		5	M	2
2015		ゆうま	5	M	4
2015	大和	やまと	5	M	2
2015	大晴		6	M	2
2015		りくと	6	M	4
2015	大晴	たいせい	6	M	2
2015	大河		7	M	2
2015		あおと	7	M	3
2015	大河	たいが	7	M	2
2015	悠人		8	M	2
2015		かいと	8	M	3
2015	琥太郎	こたろう	8	M	2
2015	琥太郎		9	M	2
2015		こたろう	9	M	3
2015	陸斗	りくと	9	M	2
2015	陸斗		10	M	2
2015		しゅうと	10	M	3
2015	陽真	はるま	10	M	2
2015	陽真		11	M	2
2015		たいが	11	M	3
2015	一平	いっぺい	11	M	1
2015	一平		12	M	1
2015		たくみ	12	M	3
2015	丈翔	たける	12	M	1
2015	丈翔		13	M	1
2015		はやと	13	M	3
2015	三四郎	さんしろう	13	M	1
2015	三四郎		14	M	1
2015		はるま	14	M	3
2015	仁陵	じんりょう	14	M	1
2015	仁陵		15	M	1
2015		みなと	15	M	3
2015	佑有和	ゆうと	15	M	1
2015	佑有和		16	M	1
2015		りく	16	M	3
2015	佳絃	かいと	16	M	1
2015	佳絃		17	M	1
2015		あらた	17	M	2
2015	俊和	としかず	17	M	1
2015	俊和		18	M	1
2015		いつき	18	M	2
2015	修絆	しゅうと	18	M	1
2015	修絆		19	M	1
2015		おうすけ	19	M	2
2015	優希	ゆうき	19	M	1
2015	優希		20	M	1
2015		かなと	20	M	2
2015	優澄	ゆうと	20	M	1
2015	優澄		21	M	1
2015		けんと	21	M	2
2015	優真	ゆうま	21	M	1
2015	優真		22	M	1
2015		しんば	22	M	2
2015	光鎧	こうき	22	M	1
2015	光鎧		23	M	1
2015		そうし	23	M	2
2015	克斗	かつと	23	M	1
2015	克斗		24	M	1
2015		そうへい	24	M	2
2015	冴助	さすけ	24	M	1
2015	冴助		25	M	1
2015		そうま	25	M	2
2015	凌久	りく	25	M	1
2015	凌久		26	M	1
2015		たいせい	26	M	2
2015	凜汰朗	りんたろう	26	M	1
2015	凜汰朗		27	M	1
2015		たける	27	M	2
2015	剛琉	たける	27	M	1
2015	剛琉		28	M	1
2015		はるき	28	M	2
2015	創平	そうへい	28	M	1
2015	創平		29	M	1
2015		ふく	29	M	2
2015	創真	そうま	29	M	1
2015	創真		30	M	1
2015		やまと	30	M	2
2015	勇斗	はやと	30	M	1
2015	勇斗		31	M	1
2015		ゆいと	31	M	2
2015	匠	たくみ	31	M	1
2015	匠		32	M	1
2015		りゅうじ	32	M	2
2015	史恭	ふみゆき	32	M	1
2015	史恭		33	M	1
2015		りんたろう	33	M	2
2015	叶夢	とむ	33	M	1
2015	叶夢		34	M	1
2015		わたる	34	M	2
2015	叶歩	とあ	34	M	1
2015	叶歩		35	M	1
2015		あおし	35	M	1
2015	吟	ぎん	35	M	1
2015	吟		36	M	1
2015		あきひと	36	M	1
2015	和充	わたる	36	M	1
2015	和充		37	M	1
2015		あつき	37	M	1
2015	和空	わく	37	M	1
2015	和空		38	M	1
2015		いっぺい	38	M	1
2015	咲登	えみと	38	M	1
2015	咲登		39	M	1
2015		えいき	39	M	1
2015	唯叶	ゆいと	39	M	1
2015	唯叶		40	M	1
2015		えいじ	40	M	1
2015	唯月	いつき	40	M	1
2015	唯月		41	M	1
2015		えいせい	41	M	1
2015	啓叶	ひろと	41	M	1
2015	啓叶		42	M	1
2015		えいと	42	M	1
2015	圭	けい	42	M	1
2015	圭		43	M	1
2015		えみと	43	M	1
2015	多聞	たもん	43	M	1
2015	多聞		44	M	1
2015		おうき	44	M	1
2015	大島	りゅうじ	44	M	1
2015	大島		45	M	1
2015		おうしろう	45	M	1
2015	大德	だいち	45	M	1
2015	大德		46	M	1
2015		かいせい	46	M	1
2015	大輔	だいすけ	46	M	1
2015	大輔		47	M	1
2015		かつと	47	M	1
2015	大輝	はるき	47	M	1
2015	大輝		48	M	1
2015		かづき	48	M	1
2015	大雅	たいが	48	M	1
2015	大雅		49	M	1
2015		かなめ	49	M	1
2015	天統	てんと	49	M	1
2015	天統		50	M	1
2015		かんた	50	M	1
2015	太智	たいち	50	M	1
2015	太智		51	M	1
2015		がいあ	51	M	1
2015	太葉	ひろは	51	M	1
2015	太葉		52	M	1
2015		がく	52	M	1
2015	奏太	そうた	52	M	1
2015	奏太		53	M	1
2015		がくえい	53	M	1
2015	奏希	そうき	53	M	1
2015	奏希		54	M	1
2015		きょうご	54	M	1
2015	奏澄	かなと	54	M	1
2015	奏澄		55	M	1
2015		ぎん	55	M	1
2015	奏音	かなと	55	M	1
2015	奏音		56	M	1
2015		くるむ	56	M	1
2015	宗司	そうし	56	M	1
2015	宗司		57	M	1
2015		けい	57	M	1
2015	富大	とみひろ	57	M	1
2015	富大		58	M	1
2015		けいご	58	M	1
2015	寿翔	しゅうと	58	M	1
2015	寿翔		59	M	1
2015		けいしろう	59	M	1
2015	将汰	しょうた	59	M	1
2015	将汰		60	M	1
2015		げん	60	M	1
2015	岳英	がくえい	60	M	1
2015	岳英		61	M	1
2015		こうき	61	M	1
2015	巧	たくみ	61	M	1
2015	巧		62	M	1
2015		こうしろう	62	M	1
2015	巧夢	たくみ	62	M	1
2015	巧夢		63	M	1
2015		こうた	63	M	1
2015	希空	のあ	63	M	1
2015	希空		64	M	1
2015		こうたろう	64	M	1
2015	平	たいら	64	M	1
2015	平		65	M	1
2015		こうだい	65	M	1
2015	幸大	こうだい	65	M	1
2015	幸大		66	M	1
2015		こうめい	66	M	1
2015	幸太郎	こうたろう	66	M	1
2015	幸太郎		67	M	1
2015		ごう	67	M	1
2015	廉平	れんぺい	67	M	1
2015	廉平		68	M	1
2015		さく	68	M	1
2015	弦	げん	68	M	1
2015	弦		69	M	1
2015		さくと	69	M	1
2015	彰五	しょうご	69	M	1
2015	彰五		70	M	1
2015		さすけ	70	M	1
2015	徠寿	らいじゅ	70	M	1
2015	徠寿		71	M	1
2015		さんしろう	71	M	1
2015	心晴	しんば	71	M	1
2015	心晴		72	M	1
2015		しゅう	72	M	1
2015	快晴	かいせい	72	M	1
2015	快晴		73	M	1
2015		しゅうすけ	73	M	1
2015	快音	かいと	73	M	1
2015	快音		74	M	1
2015		しゅうせい	74	M	1
2015	怜志	れいじ	74	M	1
2015	怜志		75	M	1
2015		しゅんたろう	75	M	1
2015	恵吾	けいご	75	M	1
2015	恵吾		76	M	1
2015		しゅんと	76	M	1
2015	悠人	はると	76	M	1
2015	悠十		77	M	1
2015		しょうい	77	M	1
2015	悠人	ゆうと	77	M	1
2015	悠晴		78	M	1
2015		しょうき	78	M	1
2015	悠十	はると	78	M	1
2015	悠生		79	M	1
2015		しょうご	79	M	1
2015	悠晴	ゆうせい	79	M	1
2015	悠登		80	M	1
2015		しょうた	80	M	1
2015	悠生	ゆうき	80	M	1
2015	悠翔		81	M	1
2015		しょうま	81	M	1
2015	悠登	はると	81	M	1
2015	悠都		82	M	1
2015		じゅんた	82	M	1
2015	悠翔	はると	82	M	1
2015	悠騎		83	M	1
2015		じんりょう	83	M	1
2015	悠都	ゆうと	83	M	1
2015	惟貴		84	M	1
2015		すばる	84	M	1
2015	悠騎	ゆうき	84	M	1
2015	慶悟		85	M	1
2015		せいしろう	85	M	1
2015	惟貴	ゆいき	85	M	1
2015	我來		86	M	1
2015		ぜん	86	M	1
2015	慶悟	きょうご	86	M	1
2015	新大		87	M	1
2015		そう	87	M	1
2015	我來	がく	87	M	1
2015	新太		88	M	1
2015		そういち	88	M	1
2015	新大	あらた	88	M	1
2015	新葉		89	M	1
2015		そうき	89	M	1
2015	新太	あらた	89	M	1
2015	旺希		90	M	1
2015		そうすけ	90	M	1
2015	新葉	しんば	90	M	1
2015	晃斗		91	M	1
2015		そら	91	M	1
2015	旺希	おうき	91	M	1
2015	晴都		92	M	1
2015		たいき	92	M	1
2015	晃斗	あおと	92	M	1
2015	晴陽		93	M	1
2015		たいち	93	M	1
2015	晴都	はると	93	M	1
2015	智輝		94	M	1
2015		たいら	94	M	1
2015	晴陽	はるひ	94	M	1
2015	朔		95	M	1
2015		たかし	95	M	1
2015	智輝	ともき	95	M	1
2015	朔仁		96	M	1
2015		たくま	96	M	1
2015	朔	さく	96	M	1
2015	柊		97	M	1
2015		たけちか	97	M	1
2015	朔仁	さくと	97	M	1
2015	柊星		98	M	1
2015		たつる	98	M	1
2015	柊	しゅう	98	M	1
2015	柚貴		99	M	1
2015		たもん	99	M	1
2015	柊星	しゅうせい	99	M	1
2015	栞太		100	M	1
2015		だいすけ	100	M	1
2015	柚貴	ゆたか	100	M	1
2015	桃ノ助		101	M	1
2015		だいち	101	M	1
2015	栞太	かんた	101	M	1
2015	桜空		102	M	1
2015		つばさ	102	M	1
2015	桃ノ助	もものすけ	102	M	1
2015	楓希		103	M	1
2015		てんと	103	M	1
2015	桜空	おうすけ	103	M	1
2015	楓空		104	M	1
2015		とあ	104	M	1
2015	楓希	ふうき	104	M	1
2015	榎月		105	M	1
2015		とうご	105	M	1
2015	楓空	ふく	105	M	1
2015	樹		106	M	1
2015		とうま	106	M	1
2015	榎月	かづき	106	M	1
2015	橙吾		107	M	1
2015		としかず	107	M	1
2015	樹	いつき	107	M	1
2015	橙真		108	M	1
2015		とみひろ	108	M	1
2015	橙吾	とうご	108	M	1
2015	正宗		109	M	1
2015		とむ	109	M	1
2015	橙真	とうま	109	M	1
2015	正晴		110	M	1
2015		ともき	110	M	1
2015	正宗	まさむね	110	M	1
2015	武睦		111	M	1
2015		ともゆき	111	M	1
2015	正晴	まさはる	111	M	1
2015	永樹		112	M	1
2015		とわ	112	M	1
2015	武睦	たけちか	112	M	1
2015	永遠		113	M	1
2015		なお	113	M	1
2015	永樹	えいき	113	M	1
2015	泰樹		114	M	1
2015		なつ	114	M	1
2015	永遠	とわ	114	M	1
2015	洵斗		115	M	1
2015		のあ	115	M	1
2015	泰樹	たいき	115	M	1
2015	洸明		116	M	1
2015		はるおみ	116	M	1
2015	洵斗	しゅんと	116	M	1
2015	海音		117	M	1
2015		はるひ	117	M	1
2015	洸明	こうめい	117	M	1
2015	海風		118	M	1
2015		ひさき	118	M	1
2015	海音	かいと	118	M	1
2015	涼太		119	M	1
2015		ひなた	119	M	1
2015	海風	みかぜ	119	M	1
2015	涼雅		120	M	1
2015		ひなと	120	M	1
2015	涼太	りょうた	120	M	1
2015	清士郎		121	M	1
2015		ひのと	121	M	1
2015	涼雅	りょうが	121	M	1
2015	渉		122	M	1
2015		ひろと	122	M	1
2015	清士郎	せいしろう	122	M	1
2015	澄晴		123	M	1
2015		ひろは	123	M	1
2015	渉	わたる	123	M	1
2015	然		124	M	1
2015		ひろむ	124	M	1
2015	澄晴	すばる	124	M	1
2015	煌介		125	M	1
2015		ふうき	125	M	1
2015	然	ぜん	125	M	1
2015	熙武		126	M	1
2015		ふみゆき	126	M	1
2015	煌介	おうすけ	126	M	1
2015	爽		127	M	1
2015		ほたか	127	M	1
2015	熙武	ひろむ	127	M	1
2015	獅唯飛		128	M	1
2015		ほまれ	128	M	1
2015	爽	そう	128	M	1
2015	玖瑠夢		129	M	1
2015		まさはる	129	M	1
2015	獅唯飛	がいあ	129	M	1
2015	理仁		130	M	1
2015		まさむね	130	M	1
2015	玖瑠夢	くるむ	130	M	1
2015	理叶		131	M	1
2015		まなと	131	M	1
2015	理仁	りひと	131	M	1
2015	琉斗		132	M	1
2015		みかぜ	132	M	1
2015	理叶	りと	132	M	1
2015	琥志郎		133	M	1
2015		みずき	133	M	1
2015	琉斗	るいと	133	M	1
2015	瑛士		134	M	1
2015		もものすけ	134	M	1
2015	琥志郎	こうしろう	134	M	1
2015	瑛翔		135	M	1
2015		ゆいき	135	M	1
2015	瑛士	えいじ	135	M	1
2015	瑞己		136	M	1
2015		ゆうせい	136	M	1
2015	瑛翔	えいと	136	M	1
2015	瑠海		137	M	1
2015		ゆうた	137	M	1
2015	瑞己	みずき	137	M	1
2015	瑶		138	M	1
2015		ゆうたろう	138	M	1
2015	瑠海	るか	138	M	1
2015	璃心		139	M	1
2015		ゆたか	139	M	1
2015	瑶	よう	139	M	1
2015	璃空		140	M	1
2015		よう	140	M	1
2015	璃心	りこ	140	M	1
2015	由晴		141	M	1
2015		ようた	141	M	1
2015	璃空	りく	141	M	1
2015	直		142	M	1
2015		ようたろう	142	M	1
2015	由晴	よしはる	142	M	1
2015	眞登		143	M	1
2015		よしき	143	M	1
2015	直	なお	143	M	1
2015	知之		144	M	1
2015		よしはる	144	M	1
2015	眞登	まなと	144	M	1
2015	碧丹		145	M	1
2015		よりと	145	M	1
2015	知之	ともゆき	145	M	1
2015	碧士		146	M	1
2015		らいじゅ	146	M	1
2015	碧丹	しょうい	146	M	1
2015	礼		147	M	1
2015		りこ	147	M	1
2015	碧士	あおと	147	M	1
2015	礼央		148	M	1
2015		りしん	148	M	1
2015	礼	れい	148	M	1
2015	祐大		149	M	1
2015		りと	149	M	1
2015	礼央	れお	149	M	1
2015	福		150	M	1
2015		りひと	150	M	1
2015	祐大	ゆうた	150	M	1
2015	穂和		151	M	1
2015		りゅうき	151	M	1
2015	福	ふく	151	M	1
2015	穹		152	M	1
2015		りょうが	152	M	1
2015	穂和	ほたか	152	M	1
2015	空月		153	M	1
2015		りょうた	153	M	1
2015	穹	そら	153	M	1
2015	竜生		154	M	1
2015		りょうま	154	M	1
2015	空月	あつき	154	M	1
2015	章仁		155	M	1
2015		るいと	155	M	1
2015	竜生	りゅうき	155	M	1
2015	純大		156	M	1
2015		るか	156	M	1
2015	章仁	あきひと	156	M	1
2015	結樹		157	M	1
2015		れい	157	M	1
2015	純大	じゅんた	157	M	1
2015	結翔		158	M	1
2015		れいじ	158	M	1
2015	結樹	ゆうき	158	M	1
2015	絢仁		159	M	1
2015		れお	159	M	1
2015	結翔	ゆいと	159	M	1
2015	絢翔		160	M	1
2015		れの	160	M	1
2015	絢仁	けんと	160	M	1
2015	義葵		161	M	1
2015		れん	161	M	1
2015	絢翔	けんと	161	M	1
2015	翔暉		162	M	1
2015		れんき	162	M	1
2015	義葵	よしき	162	M	1
2015	翔馬		163	M	1
2015		れんじ	163	M	1
2015	翔暉	しょうき	163	M	1
2015	翼		164	M	1
2015		れんと	164	M	1
2015	翔馬	しょうま	164	M	1
2015	航汰		165	M	1
2015		れんぺい	165	M	1
2015	翼	つばさ	165	M	1
2015	莉玖		166	M	1
2015		わく	166	M	1
2015	航汰	こうた	166	M	1
2015	莉迅		167	M	1
2015	莉玖	りく	167	M	1
2015	葉太郎		168	M	1
2015	莉迅	りしん	168	M	1
2015	蒼佑		169	M	1
2015	葉太郎	ようたろう	169	M	1
2015	蒼士		170	M	1
2015	蒼佑	そうすけ	170	M	1
2015	蒼音		171	M	1
2015	蒼士	そうし	171	M	1
2015	蓮		172	M	1
2015	蒼音	あおと	172	M	1
2015	蓮之		173	M	1
2015	蓮	れん	173	M	1
2015	蓮希		174	M	1
2015	蓮之	れの	174	M	1
2015	蓮志		175	M	1
2015	蓮希	れんき	175	M	1
2015	蓮翔		176	M	1
2015	蓮志	れんじ	176	M	1
2015	虎大郎		177	M	1
2015	蓮翔	れんと	177	M	1
2015	裔星		178	M	1
2015	虎大郎	こたろう	178	M	1
2015	裕太郎		179	M	1
2015	裔星	えいせい	179	M	1
2015	要		180	M	1
2015	裕太郎	ゆうたろう	180	M	1
2015	詣志郎		181	M	1
2015	要	かなめ	181	M	1
2015	誉令		182	M	1
2015	詣志郎	けいしろう	182	M	1
2015	轟		183	M	1
2015	誉令	ほまれ	183	M	1
2015	逞		184	M	1
2015	轟	ごう	184	M	1
2015	達琉		185	M	1
2015	逞	たくま	185	M	1
2015	遙希		186	M	1
2015	達琉	たつる	186	M	1
2015	遙臣		187	M	1
2015	遙希	はるき	187	M	1
2015	遥澄		188	M	1
2015	遙臣	はるおみ	188	M	1
2015	那月		189	M	1
2015	遥澄	はると	189	M	1
2015	里久斗		190	M	1
2015	那月	なつ	190	M	1
2015	陸人		191	M	1
2015	里久斗	りくと	191	M	1
2015	陽咲		192	M	1
2015	陸人	りくと	192	M	1
2015	陽夏大		193	M	1
2015	陽咲	ひさき	193	M	1
2015	陽太		194	M	1
2015	陽夏大	ひなた	194	M	1
2015	陽希人		195	M	1
2015	陽太	ようた	195	M	1
2015	陽斗		196	M	1
2015	陽希人	ひのと	196	M	1
2015	陽翔		197	M	1
2015	陽斗	はると	197	M	1
2015	陽誠		198	M	1
2015	陽翔	はると	198	M	1
2015	陽音		199	M	1
2015	陽誠	はるま	199	M	1
2015	隼介		200	M	1
2015	陽音	ひなと	200	M	1
2015	集斗		201	M	1
2015	隼介	しゅうすけ	201	M	1
2015	青志		202	M	1
2015	集斗	しゅうと	202	M	1
2015	頼橙		203	M	1
2015	青志	あおし	203	M	1
2015	颯一		204	M	1
2015	頼橙	よりと	204	M	1
2015	颯大		205	M	1
2015	颯一	そういち	205	M	1
2015	颯平		206	M	1
2015	颯大	そうた	206	M	1
2015	颯馬		207	M	1
2015	颯平	そうへい	207	M	1
2015	駿太朗		208	M	1
2015	颯馬	そうま	208	M	1
2015	高史		209	M	1
2015	駿太朗	しゅんたろう	209	M	1
2015	鷹士朗		210	M	1
2015	高史	たかし	210	M	1
2015	麟太郎		211	M	1
2015	鷹士朗	おうしろう	211	M	1
2015	龍司		212	M	1
2015	麟太郎	りんたろう	212	M	1
2015	龍真		213	M	1
2015	龍司	りゅうじ	213	M	1
2015	龍真	りょうま	214	M	1
2016	あかり		1	F	3
2016		あかり	1	F	9
2016	あかり	あかり	1	F	3
2016	七海		2	F	3
2016		ほのか	2	F	8
2016	七海	ななみ	2	F	3
2016	凜		3	F	3
2016		めい	3	F	6
2016	凜	りん	3	F	3
2016	心晴		4	F	3
2016		こはる	4	F	5
2016	心晴	こはる	4	F	3
2016	千尋		5	F	2
2016		ななみ	5	F	5
2016	千尋	ちひろ	5	F	2
2016	咲良		6	F	2
2016		はな	6	F	5
2016	咲良	さくら	6	F	2
2016	唯愛		7	F	2
2016		かんな	7	F	4
2016	明里	あかり	7	F	2
2016	心愛		8	F	2
2016		さくら	8	F	4
2016	杏	あん	8	F	2
2016	心桜		9	F	2
2016		かりん	9	F	3
2016	柊夏	とうか	9	F	2
2016	心結		10	F	2
2016		すず	10	F	3
2016	琴葉	ことは	10	F	2
2016	明里		11	F	2
2016		とうか	11	F	3
2016	花菜	はな	11	F	2
2016	杏		12	F	2
2016		ひな	12	F	3
2016	芽依	めい	12	F	2
2016	柊夏		13	F	2
2016		ひなこ	13	F	3
2016	芽衣	めい	13	F	2
2016	琴葉		14	F	2
2016		ゆい	14	F	3
2016	陽菜	ひな	14	F	2
2016	結愛		15	F	2
2016		りん	15	F	3
2016	あおい	あおい	15	F	1
2016	花菜		16	F	2
2016		あいり	16	F	2
2016	かなで	かなで	16	F	1
2016	芽依		17	F	2
2016		あおい	17	F	2
2016	こころ	こころ	17	F	1
2016	芽衣		18	F	2
2016		あき	18	F	2
2016	こよみ	こよみ	18	F	1
2016	陽菜		19	F	2
2016		あん	19	F	2
2016	さら	さら	19	F	1
2016	あおい		20	F	1
2016		あんな	20	F	2
2016	しずく	しずく	20	F	1
2016	かなで		21	F	1
2016		あんり	21	F	2
2016	すず	すず	21	F	1
2016	こころ		22	F	1
2016		かな	22	F	2
2016	すみれ	すみれ	22	F	1
2016	こよみ		23	F	1
2016		ここな	23	F	2
2016	なずな	なずな	23	F	1
2016	さら		24	F	1
2016		ここは	24	F	2
2016	ななみ	ななみ	24	F	1
2016	しずく		25	F	1
2016		ここみ	25	F	2
2016	はる	はる	25	F	1
2016	すず		26	F	1
2016		こころ	26	F	2
2016	みこと	みこと	26	F	1
2016	すみれ		27	F	1
2016		ことは	27	F	2
2016	みなみ	みなみ	27	F	1
2016	なずな		28	F	1
2016		さき	28	F	2
2016	もも花	ももか	28	F	1
2016	ななみ		29	F	1
2016		さな	29	F	2
2016	りゆ	りゆ	29	F	1
2016	はる		30	F	1
2016		ちひろ	30	F	2
2016	アンリ	あんり	30	F	1
2016	みこと		31	F	1
2016		なぎ	31	F	2
2016	一希	かずき	31	F	1
2016	みなみ		32	F	1
2016		ねね	32	F	2
2016	一葉	かずは	32	F	1
2016	もも花		33	F	1
2016		はる	33	F	2
2016	乃音	のの	33	F	1
2016	りゆ		34	F	1
2016		ひまり	34	F	2
2016	佳奈	かな	34	F	1
2016	アンリ		35	F	1
2016		まお	35	F	2
2016	佳愛	かな	35	F	1
2016	一希		36	F	1
2016		まな	36	F	2
2016	來咲	らら	36	F	1
2016	一葉		37	F	1
2016		まりな	37	F	2
2016	俐緒	りお	37	F	1
2016	乃音		38	F	1
2016		みすず	38	F	2
2016	優	ゆう	38	F	1
2016	佳奈		39	F	1
2016		みつき	39	F	2
2016	優叶	ゆうか	39	F	1
2016	佳愛		40	F	1
2016		みゆ	40	F	2
2016	優子	ゆうこ	40	F	1
2016	來咲		41	F	1
2016		ゆあ	41	F	2
2016	優菜	ゆうな	41	F	1
2016	俐緒		42	F	1
2016		ゆうな	42	F	2
2016	優蘭	ゆら	42	F	1
2016	優		43	F	1
2016		ゆき	43	F	2
2016	優衣	ゆい	43	F	1
2016	優叶		44	F	1
2016		ゆきの	44	F	2
2016	光里	ひかり	44	F	1
2016	優子		45	F	1
2016		ゆずき	45	F	2
2016	六花	りっか	45	F	1
2016	優菜		46	F	1
2016		りお	46	F	2
2016	円花	まどか	46	F	1
2016	優蘭		47	F	1
2016		りな	47	F	2
2016	凛果	りんか	47	F	1
2016	優衣		48	F	1
2016		りの	48	F	2
2016	凪	なぎ	48	F	1
2016	光里		49	F	1
2016		あいな	49	F	1
2016	千紗	ちさ	49	F	1
2016	六花		50	F	1
2016		あかね	50	F	1
2016	友里愛	ゆりあ	50	F	1
2016	円花		51	F	1
2016		あさひ	51	F	1
2016	和奏	わかな	51	F	1
2016	凛果		52	F	1
2016		あすな	52	F	1
2016	咲愛	さくら	52	F	1
2016	凪		53	F	1
2016		あずさ	53	F	1
2016	咲楽	さくら	53	F	1
2016	千紗		54	F	1
2016		あむ	54	F	1
2016	咲貴	さき	54	F	1
2016	友里愛		55	F	1
2016		あやめ	55	F	1
2016	咲陽	さよ	55	F	1
2016	和奏		56	F	1
2016		かえで	56	F	1
2016	唯愛	ゆあ	56	F	1
2016	咲愛		57	F	1
2016		かおる	57	F	1
2016	唯愛	ゆいあ	57	F	1
2016	咲楽		58	F	1
2016		かずき	58	F	1
2016	夏稟	かりん	58	F	1
2016	咲貴		59	F	1
2016		かずは	59	F	1
2016	夕璃	ゆうり	59	F	1
2016	咲陽		60	F	1
2016		かなで	60	F	1
2016	多恵	たえ	60	F	1
2016	夏稟		61	F	1
2016		かのん	61	F	1
2016	太凰	たお	61	F	1
2016	夕璃		62	F	1
2016		かほ	62	F	1
2016	奈々美	ななみ	62	F	1
2016	多恵		63	F	1
2016		かれん	63	F	1
2016	奈七羽	ななは	63	F	1
2016	太凰		64	F	1
2016		きよら	64	F	1
2016	奈仕	なつ	64	F	1
2016	奈々美		65	F	1
2016		こいろ	65	F	1
2016	奏鈴	かりん	65	F	1
2016	奈七羽		66	F	1
2016		ここあ	66	F	1
2016	姫乃	ひめの	66	F	1
2016	奈仕		67	F	1
2016		ことみ	67	F	1
2016	姫葵	ひまり	67	F	1
2016	奏鈴		68	F	1
2016		こなた	68	F	1
2016	実乃里	みのり	68	F	1
2016	姫乃		69	F	1
2016		こゆき	69	F	1
2016	実夢	みゆ	69	F	1
2016	姫葵		70	F	1
2016		こよみ	70	F	1
2016	実鈴	みすず	70	F	1
2016	実乃里		71	F	1
2016		さあや	71	F	1
2016	寧々	ねね	71	F	1
2016	実夢		72	F	1
2016		さえ	72	F	1
2016	寧音	ねね	72	F	1
2016	実鈴		73	F	1
2016		さつき	73	F	1
2016	寿希	じゅき	73	F	1
2016	寧々		74	F	1
2016		さやか	74	F	1
2016	岬	みさき	74	F	1
2016	寧音		75	F	1
2016		さゆ	75	F	1
2016	帆乃香	ほのか	75	F	1
2016	寿希		76	F	1
2016		さゆき	76	F	1
2016	帆夏	ほのか	76	F	1
2016	岬		77	F	1
2016		さよ	77	F	1
2016	帆花	ほのか	77	F	1
2016	帆乃香		78	F	1
2016		さら	78	F	1
2016	希花	のはな	78	F	1
2016	帆夏		79	F	1
2016		さわ	79	F	1
2016	幸希乃	ゆきの	79	F	1
2016	帆花		80	F	1
2016		しおり	80	F	1
2016	彩夢	あやめ	80	F	1
2016	希花		81	F	1
2016		しおん	81	F	1
2016	彩陽	あさひ	81	F	1
2016	幸希乃		82	F	1
2016		しずか	82	F	1
2016	心彩	こいろ	82	F	1
2016	彩夢		83	F	1
2016		しずく	83	F	1
2016	心愛	ここあ	83	F	1
2016	彩陽		84	F	1
2016		しづる	84	F	1
2016	心愛	ここみ	84	F	1
2016	心彩		85	F	1
2016		じゅき	85	F	1
2016	心春	こはる	85	F	1
2016	心春		86	F	1
2016		すずな	86	F	1
2016	心桜	こはる	86	F	1
2016	心梛		87	F	1
2016		すみれ	87	F	1
2016	心桜	みお	87	F	1
2016	心華		88	F	1
2016		せいか	88	F	1
2016	心梛	ここな	88	F	1
2016	心葉		89	F	1
2016		せな	89	F	1
2016	心結	ここな	89	F	1
2016	心遥		90	F	1
2016		せら	90	F	1
2016	心結	ここみ	90	F	1
2016	志織		91	F	1
2016		たえ	91	F	1
2016	心華	ここは	91	F	1
2016	志鶴		92	F	1
2016		たお	92	F	1
2016	心葉	ここは	92	F	1
2016	悠乃		93	F	1
2016		たまき	93	F	1
2016	心遥	こなた	93	F	1
2016	悠月		94	F	1
2016		ちさ	94	F	1
2016	志織	しおり	94	F	1
2016	愛奈		95	F	1
2016		つむぎ	95	F	1
2016	志鶴	しづる	95	F	1
2016	愛梨		96	F	1
2016		ともこ	96	F	1
2016	悠乃	ゆの	96	F	1
2016	愛花梨		97	F	1
2016		とわ	97	F	1
2016	悠月	ゆづき	97	F	1
2016	愛菜		98	F	1
2016		なぎさ	98	F	1
2016	愛奈	あいな	98	F	1
2016	戸柚季		99	F	1
2016		なずな	99	F	1
2016	愛梨	あいり	99	F	1
2016	日真莉		100	F	1
2016		なつ	100	F	1
2016	愛花梨	あかり	100	F	1
2016	明希		101	F	1
2016		なつき	101	F	1
2016	愛菜	まな	101	F	1
2016	明日菜		102	F	1
2016		ななは	102	F	1
2016	戸柚季	ゆずき	102	F	1
2016	明空		103	F	1
2016		なのは	103	F	1
2016	日真莉	ひまり	103	F	1
2016	明花		104	F	1
2016		のぞみ	104	F	1
2016	明希	あき	104	F	1
2016	明花音		105	F	1
2016		のの	105	F	1
2016	明日菜	あすな	105	F	1
2016	星佳		106	F	1
2016		のはな	106	F	1
2016	明空	めいあ	106	F	1
2016	星那		107	F	1
2016		はるの	107	F	1
2016	明花	みな	107	F	1
2016	春乃		108	F	1
2016		はんな	108	F	1
2016	明花音	あかね	108	F	1
2016	晴		109	F	1
2016		ひかり	109	F	1
2016	星佳	せいか	109	F	1
2016	智子		110	F	1
2016		ひめの	110	F	1
2016	星那	せな	110	F	1
2016	暖奈		111	F	1
2016		まい	111	F	1
2016	春乃	はるの	111	F	1
2016	月菜		112	F	1
2016		まこと	112	F	1
2016	晴	はる	112	F	1
2016	望		113	F	1
2016		まさき	113	F	1
2016	智子	ともこ	113	F	1
2016	望華		114	F	1
2016		まつの	114	F	1
2016	暖奈	かんな	114	F	1
2016	朱莉		115	F	1
2016		まどか	115	F	1
2016	月菜	るな	115	F	1
2016	杏南		116	F	1
2016		まなか	116	F	1
2016	望	のぞみ	116	F	1
2016	杏妃		117	F	1
2016		まなつ	117	F	1
2016	望華	もか	117	F	1
2016	杏花		118	F	1
2016		まゆ	118	F	1
2016	朱莉	あかり	118	F	1
2016	杏莉		119	F	1
2016		まりか	119	F	1
2016	杏南	あんな	119	F	1
2016	果穂		120	F	1
2016		まりん	120	F	1
2016	杏妃	あき	120	F	1
2016	柑琳		121	F	1
2016		みあ	121	F	1
2016	杏花	あんな	121	F	1
2016	柚希		122	F	1
2016		みう	122	F	1
2016	杏莉	あんり	122	F	1
2016	柚羽		123	F	1
2016		みお	123	F	1
2016	果穂	かほ	123	F	1
2016	柚陽		124	F	1
2016		みおん	124	F	1
2016	柑琳	かりん	124	F	1
2016	栞奈		125	F	1
2016		みこと	125	F	1
2016	柚希	ゆずき	125	F	1
2016	栞梛		126	F	1
2016		みさき	126	F	1
2016	柚羽	ゆずは	126	F	1
2016	桃萌		127	F	1
2016		みさち	127	F	1
2016	柚陽	ゆうひ	127	F	1
2016	桜彩		128	F	1
2016		みそら	128	F	1
2016	栞奈	かんな	128	F	1
2016	桜羽		129	F	1
2016		みな	129	F	1
2016	栞梛	かんな	129	F	1
2016	梓		130	F	1
2016		みなみ	130	F	1
2016	桃萌	もも	130	F	1
2016	梛		131	F	1
2016		みのり	131	F	1
2016	桜彩	さあや	131	F	1
2016	梨希		132	F	1
2016		みはる	132	F	1
2016	桜羽	さわ	132	F	1
2016	楓		133	F	1
2016		みゆう	133	F	1
2016	梓	あずさ	133	F	1
2016	樺恋		134	F	1
2016		むつき	134	F	1
2016	梛	なぎ	134	F	1
2016	歩夢		135	F	1
2016		めいあ	135	F	1
2016	梨希	りの	135	F	1
2016	比菜子		136	F	1
2016		もか	136	F	1
2016	楓	かえで	136	F	1
2016	波奈		137	F	1
2016		もも	137	F	1
2016	樺恋	かれん	137	F	1
2016	洸		138	F	1
2016		ももか	138	F	1
2016	歩夢	あむ	138	F	1
2016	海鈴		139	F	1
2016		ゆいあ	139	F	1
2016	比菜子	ひなこ	139	F	1
2016	涼		140	F	1
2016		ゆいか	140	F	1
2016	波奈	はな	140	F	1
2016	清愛		141	F	1
2016		ゆう	141	F	1
2016	洸	ほのか	141	F	1
2016	渚		142	F	1
2016		ゆうか	142	F	1
2016	海鈴	みすず	142	F	1
2016	灯		143	F	1
2016		ゆうこ	143	F	1
2016	涼	すず	143	F	1
2016	燈		144	F	1
2016		ゆうひ	144	F	1
2016	清愛	きよら	144	F	1
2016	理央		145	F	1
2016		ゆうら	145	F	1
2016	渚	なぎさ	145	F	1
2016	理那		146	F	1
2016		ゆうり	146	F	1
2016	灯	あかり	146	F	1
2016	琴美		147	F	1
2016		ゆかり	147	F	1
2016	燈	あかり	147	F	1
2016	瑚雪		148	F	1
2016		ゆきな	148	F	1
2016	理央	りお	148	F	1
2016	瑠璃		149	F	1
2016		ゆずは	149	F	1
2016	理那	りな	149	F	1
2016	瑠美		150	F	1
2016		ゆづき	150	F	1
2016	琴美	ことみ	150	F	1
2016	環		151	F	1
2016		ゆの	151	F	1
2016	瑚雪	こゆき	151	F	1
2016	環奈		152	F	1
2016		ゆめか	152	F	1
2016	瑠璃	るり	152	F	1
2016	由樹		153	F	1
2016		ゆら	153	F	1
2016	瑠美	るみ	153	F	1
2016	由紀乃		154	F	1
2016		ゆりあ	154	F	1
2016	環	たまき	154	F	1
2016	由里香		155	F	1
2016		ゆりか	155	F	1
2016	環奈	かんな	155	F	1
2016	真凛		156	F	1
2016		よしの	156	F	1
2016	由樹	ゆき	156	F	1
2016	真央		157	F	1
2016		らら	157	F	1
2016	由紀乃	ゆきの	157	F	1
2016	真奈		158	F	1
2016		りい	158	F	1
2016	由里香	ゆりか	158	F	1
2016	真琴		159	F	1
2016		りこ	159	F	1
2016	真凛	まりん	159	F	1
2016	真由		160	F	1
2016		りさ	160	F	1
2016	真央	まなか	160	F	1
2016	真里奈		161	F	1
2016		りっか	161	F	1
2016	真奈	まな	161	F	1
2016	睦季		162	F	1
2016		りゆ	162	F	1
2016	真琴	まこと	162	F	1
2016	碧月		163	F	1
2016		りら	163	F	1
2016	真由	まゆ	163	F	1
2016	穂乃佳		164	F	1
2016		りり	164	F	1
2016	真里奈	まりな	164	F	1
2016	穂乃果		165	F	1
2016		りんか	165	F	1
2016	睦季	むつき	165	F	1
2016	穂花		166	F	1
2016		るな	166	F	1
2016	碧月	みつき	166	F	1
2016	穂香		167	F	1
2016		るみ	167	F	1
2016	穂乃佳	ほのか	167	F	1
2016	紗凪		168	F	1
2016		るり	168	F	1
2016	穂乃果	ほのか	168	F	1
2016	紗希		169	F	1
2016		わかな	169	F	1
2016	穂花	ほのか	169	F	1
2016	紗幸		170	F	1
2016		わご	170	F	1
2016	穂香	ほのか	170	F	1
2016	紗由		171	F	1
2016	紗凪	さな	171	F	1
2016	紗花		172	F	1
2016	紗希	さき	172	F	1
2016	紗英		173	F	1
2016	紗幸	さゆき	173	F	1
2016	紗菜		174	F	1
2016	紗由	さゆ	174	F	1
2016	紗那		175	F	1
2016	紗花	さやか	175	F	1
2016	紫		176	F	1
2016	紗英	さえ	176	F	1
2016	紬		177	F	1
2016	紗菜	すずな	177	F	1
2016	結佳		178	F	1
2016	紗那	さな	178	F	1
2016	結唯		179	F	1
2016	紫	ゆかり	179	F	1
2016	結希奈		180	F	1
2016	紬	つむぎ	180	F	1
2016	結愛華		181	F	1
2016	結佳	ゆいか	181	F	1
2016	結羅		182	F	1
2016	結唯	ゆい	182	F	1
2016	結衣		183	F	1
2016	結希奈	ゆきな	183	F	1
2016	美幸		184	F	1
2016	結愛	ゆあ	184	F	1
2016	美月		185	F	1
2016	結愛	ゆうな	185	F	1
2016	美杏		186	F	1
2016	結愛華	ゆめか	186	F	1
2016	美海		187	F	1
2016	結羅	ゆうら	187	F	1
2016	美空		188	F	1
2016	結衣	ゆい	188	F	1
2016	美結		189	F	1
2016	美幸	みさち	189	F	1
2016	美遥		190	F	1
2016	美月	みつき	190	F	1
2016	美雪晶		191	F	1
2016	美杏	みあ	191	F	1
2016	美音		192	F	1
2016	美海	みう	192	F	1
2016	羽那		193	F	1
2016	美空	みそら	193	F	1
2016	聖來		194	F	1
2016	美結	みゆ	194	F	1
2016	舞		195	F	1
2016	美遥	みはる	195	F	1
2016	良詩乃		196	F	1
2016	美雪晶	みゆう	196	F	1
2016	花奈		197	F	1
2016	美音	みおん	197	F	1
2016	芽愛		198	F	1
2016	羽那	はな	198	F	1
2016	芽生		199	F	1
2016	聖來	せら	199	F	1
2016	英那		200	F	1
2016	舞	まい	200	F	1
2016	茉夏		201	F	1
2016	良詩乃	よしの	201	F	1
2016	茉都乃		202	F	1
2016	花奈	はな	202	F	1
2016	莉乃		203	F	1
2016	芽愛	めい	203	F	1
2016	莉子		204	F	1
2016	芽生	めい	204	F	1
2016	莉彩		205	F	1
2016	英那	はんな	205	F	1
2016	莉璃		206	F	1
2016	茉夏	まなつ	206	F	1
2016	莉良		207	F	1
2016	茉都乃	まつの	207	F	1
2016	莉菜		208	F	1
2016	莉乃	りの	208	F	1
2016	莉衣		209	F	1
2016	莉子	りこ	209	F	1
2016	菜乃葉		210	F	1
2016	莉彩	りさ	210	F	1
2016	華櫻		211	F	1
2016	莉璃	りり	211	F	1
2016	董香		212	F	1
2016	莉良	りら	212	F	1
2016	葵		213	F	1
2016	莉菜	りな	213	F	1
2016	薫		214	F	1
2016	莉衣	りい	214	F	1
2016	藍璃		215	F	1
2016	菜乃葉	なのは	215	F	1
2016	詩穏		216	F	1
2016	華櫻	かのん	216	F	1
2016	輪五		217	F	1
2016	董香	とうか	217	F	1
2016	那月		218	F	1
2016	葵	あおい	218	F	1
2016	鈴		219	F	1
2016	薫	かおる	219	F	1
2016	陽南子		220	F	1
2016	藍璃	あいり	220	F	1
2016	陽奈子		221	F	1
2016	詩穏	しおん	221	F	1
2016	雅桜		222	F	1
2016	輪五	わご	222	F	1
2016	雅樹		223	F	1
2016	那月	なつき	223	F	1
2016	雛		224	F	1
2016	鈴	すず	224	F	1
2016	雪		225	F	1
2016	陽南子	ひなこ	225	F	1
2016	静香		226	F	1
2016	陽奈子	ひなこ	226	F	1
2016	鞠日		227	F	1
2016	雅桜	まお	227	F	1
2016	音和		228	F	1
2016	雅樹	まさき	228	F	1
2016	颯希		229	F	1
2016	雛	ひな	229	F	1
2016	麻桜		230	F	1
2016	雪	ゆき	230	F	1
2016	麻理菜		231	F	1
2016	静香	しずか	231	F	1
2016	齋藤心		232	F	1
2016	鞠日	まりか	232	F	1
2016	音和	とわ	233	F	1
2016	颯希	さつき	234	F	1
2016	麻桜	まお	235	F	1
2016	麻理菜	まりな	236	F	1
2016	齋藤心	こころ	237	F	1
2016	蓮		1	M	5
2016		はやと	1	M	8
2016	蓮	れん	1	M	5
2016	颯人		2	M	3
2016		はると	2	M	8
2016	颯人	はやと	2	M	3
2016	八雲		3	M	2
2016		そら	3	M	5
2016	八雲	やくも	3	M	2
2016	大和		4	M	2
2016		はるき	4	M	5
2016	大和	やまと	4	M	2
2016	慶		5	M	2
2016		れん	5	M	5
2016	慶	けい	5	M	2
2016	新		6	M	2
2016		やまと	6	M	4
2016	新	あらた	6	M	2
2016	琉生		7	M	2
2016		るい	7	M	4
2016	琉生	るい	7	M	2
2016	琉翔		8	M	2
2016		あおと	8	M	3
2016	瑛心	えいと	8	M	2
2016	瑛大		9	M	2
2016		あらた	9	M	3
2016	蒼	あおい	9	M	2
2016	瑛心		10	M	2
2016		えいと	10	M	3
2016	陸	りく	10	M	2
2016	蒼		11	M	2
2016		おうすけ	11	M	3
2016	陽	はる	11	M	2
2016	陸		12	M	2
2016		けい	12	M	3
2016	陽向	ひなた	12	M	2
2016	陽		13	M	2
2016		こうき	13	M	3
2016	隼士	はやと	13	M	2
2016	陽向		14	M	2
2016		はる	14	M	3
2016	隼斗	はやと	14	M	2
2016	隼士		15	M	2
2016		みなと	15	M	3
2016	青空	そら	15	M	2
2016	隼斗		16	M	2
2016		ゆうと	16	M	3
2016	一期	いつき	16	M	1
2016	雄大		17	M	2
2016		りく	17	M	3
2016	一翔	かずと	17	M	1
2016	青空		18	M	2
2016		りくと	18	M	3
2016	一護	いちご	18	M	1
2016	一期		19	M	1
2016		るいと	19	M	3
2016	丈	じょう	19	M	1
2016	一翔		20	M	1
2016		あおい	20	M	2
2016	佐久楽	さくら	20	M	1
2016	一護		21	M	1
2016		いつき	21	M	2
2016	佑悟	ゆうご	21	M	1
2016	丈		22	M	1
2016		えいた	22	M	2
2016	佑羽	ゆうわ	22	M	1
2016	佐久楽		23	M	1
2016		こうたろう	23	M	2
2016	侑寿	ゆいと	23	M	1
2016	佑悟		24	M	1
2016		しゅんすけ	24	M	2
2016	俊政	としまさ	24	M	1
2016	佑羽		25	M	1
2016		そうま	25	M	2
2016	健	たける	25	M	1
2016	侑寿		26	M	1
2016		たいせい	26	M	2
2016	健心	けんしん	26	M	1
2016	俊政		27	M	1
2016		とわ	27	M	2
2016	優斗	ゆうと	27	M	1
2016	健		28	M	1
2016		ひなた	28	M	2
2016	優羽	ゆうは	28	M	1
2016	健心		29	M	1
2016		まなと	29	M	2
2016	優羽誠	ゆうせい	29	M	1
2016	優斗		30	M	1
2016		やくも	30	M	2
2016	優詩	ゆうし	30	M	1
2016	優羽		31	M	1
2016		ゆうご	31	M	2
2016	優護	ゆうご	31	M	1
2016	優羽誠		32	M	1
2016		ゆたか	32	M	2
2016	光太朗	こうたろう	32	M	1
2016	優詩		33	M	1
2016		りゅうと	33	M	2
2016	凌玖	りく	33	M	1
2016	優護		34	M	1
2016		りょうた	34	M	2
2016	凜士	りんじ	34	M	1
2016	光太朗		35	M	1
2016		あきと	35	M	1
2016	凜太郎	りんたろう	35	M	1
2016	凌玖		36	M	1
2016		あきら	36	M	1
2016	凰翔	おうが	36	M	1
2016	凜士		37	M	1
2016		あさひ	37	M	1
2016	凱飛	かいと	37	M	1
2016	凜太郎		38	M	1
2016		あつと	38	M	1
2016	創真	そうま	38	M	1
2016	凰翔		39	M	1
2016		あゆむ	39	M	1
2016	千晟	ちあき	39	M	1
2016	凱飛		40	M	1
2016		いさな	40	M	1
2016	千裕	ちひろ	40	M	1
2016	創真		41	M	1
2016		いちご	41	M	1
2016	協功	やすなり	41	M	1
2016	千晟		42	M	1
2016		いと	42	M	1
2016	友之介	ゆうのすけ	42	M	1
2016	千裕		43	M	1
2016		いぶき	43	M	1
2016	和睦	なごむ	43	M	1
2016	協功		44	M	1
2016		えいじ	44	M	1
2016	和輝	かずき	44	M	1
2016	友之介		45	M	1
2016		えにし	45	M	1
2016	唯	ゆい	45	M	1
2016	和睦		46	M	1
2016		おうが	46	M	1
2016	啓叶	けいと	46	M	1
2016	和輝		47	M	1
2016		おうしろう	47	M	1
2016	喜大	よしはる	47	M	1
2016	唯		48	M	1
2016		おうせい	48	M	1
2016	圭南	かなん	48	M	1
2016	啓叶		49	M	1
2016		おさむ	49	M	1
2016	塁翔	るいと	49	M	1
2016	喜大		50	M	1
2016		おとは	50	M	1
2016	夏希	なつき	50	M	1
2016	圭南		51	M	1
2016		かいと	51	M	1
2016	大晴	たいせい	51	M	1
2016	塁翔		52	M	1
2016		かずき	52	M	1
2016	大生	だいき	52	M	1
2016	夏希		53	M	1
2016		かずと	53	M	1
2016	大登	やまと	53	M	1
2016	大晴		54	M	1
2016		かなた	54	M	1
2016	大翔	やまと	54	M	1
2016	大生		55	M	1
2016		かなで	55	M	1
2016	太志朗	たいしろう	55	M	1
2016	大登		56	M	1
2016		かなん	56	M	1
2016	央佑	おうすけ	56	M	1
2016	大翔		57	M	1
2016		かんた	57	M	1
2016	奏	かなで	57	M	1
2016	太志朗		58	M	1
2016		けいじ	58	M	1
2016	奏介	そうすけ	58	M	1
2016	央佑		59	M	1
2016		けいた	59	M	1
2016	奏太	かなた	59	M	1
2016	奏		60	M	1
2016		けいと	60	M	1
2016	学叶	まなと	60	M	1
2016	奏介		61	M	1
2016		けんしん	61	M	1
2016	宗一郎	そういちろう	61	M	1
2016	奏太		62	M	1
2016		こあ	62	M	1
2016	寛大	かんた	62	M	1
2016	学叶		63	M	1
2016		こうし	63	M	1
2016	寧翔	しずと	63	M	1
2016	宗一郎		64	M	1
2016		こうしん	64	M	1
2016	峯生	ねお	64	M	1
2016	寛大		65	M	1
2016		こうた	65	M	1
2016	希	けい	65	M	1
2016	寧翔		66	M	1
2016		こうだい	66	M	1
2016	幸多朗	こうたろう	66	M	1
2016	峯生		67	M	1
2016		こうへい	67	M	1
2016	幸汰	こうた	67	M	1
2016	希		68	M	1
2016		こうま	68	M	1
2016	幸海	ゆきうみ	68	M	1
2016	幸多朗		69	M	1
2016		こくう	69	M	1
2016	康平	こうへい	69	M	1
2016	幸汰		70	M	1
2016		こてつ	70	M	1
2016	弘	ひろ	70	M	1
2016	幸海		71	M	1
2016		こなん	71	M	1
2016	彬	あきら	71	M	1
2016	康平		72	M	1
2016		さくと	72	M	1
2016	彰吾	しょうご	72	M	1
2016	弘		73	M	1
2016		さくら	73	M	1
2016	徠世	らいせ	73	M	1
2016	彬		74	M	1
2016		しき	74	M	1
2016	心綺	こあ	74	M	1
2016	彰吾		75	M	1
2016		しずと	75	M	1
2016	心音	こなん	75	M	1
2016	徠世		76	M	1
2016		しゅうた	76	M	1
2016	志朔	しき	76	M	1
2016	心綺		77	M	1
2016		しゅうと	77	M	1
2016	志津宝	たから	77	M	1
2016	心音		78	M	1
2016		しょう	78	M	1
2016	怜大	りょうた	78	M	1
2016	志朔		79	M	1
2016		しょうご	79	M	1
2016	悠人	はると	79	M	1
2016	志津宝		80	M	1
2016		しょうた	80	M	1
2016	悠月	ゆづき	80	M	1
2016	怜大		81	M	1
2016		じゅん	81	M	1
2016	悠登	はると	81	M	1
2016	悠人		82	M	1
2016		じゅんせい	82	M	1
2016	悠翔	はると	82	M	1
2016	悠月		83	M	1
2016		じょう	83	M	1
2016	惟月	いつき	83	M	1
2016	悠登		84	M	1
2016		じょうのしん	84	M	1
2016	惺也	せいや	84	M	1
2016	悠翔		85	M	1
2016		じん	85	M	1
2016	慧大	けいた	85	M	1
2016	惟月		86	M	1
2016		せいや	86	M	1
2016	慶次	けいじ	86	M	1
2016	惺也		87	M	1
2016		せな	87	M	1
2016	應介	おうすけ	87	M	1
2016	慧大		88	M	1
2016		そういちろう	88	M	1
2016	成生	なるき	88	M	1
2016	慶次		89	M	1
2016		そうご	89	M	1
2016	拓大	たくと	89	M	1
2016	應介		90	M	1
2016		そうし	90	M	1
2016	拓実	たくみ	90	M	1
2016	成生		91	M	1
2016		そうすけ	91	M	1
2016	敦斗	あつと	91	M	1
2016	拓大		92	M	1
2016		そうた	92	M	1
2016	新大	あらた	92	M	1
2016	拓実		93	M	1
2016		たいしろう	93	M	1
2016	旺志郎	おうしろう	93	M	1
2016	敦斗		94	M	1
2016		たから	94	M	1
2016	昇	のぼる	94	M	1
2016	新大		95	M	1
2016		たくと	95	M	1
2016	昊真	こうしん	95	M	1
2016	旺志郎		96	M	1
2016		たくみ	96	M	1
2016	春喜	はるき	96	M	1
2016	昇		97	M	1
2016		たける	97	M	1
2016	春輝	はるき	97	M	1
2016	昊真		98	M	1
2016		だいき	98	M	1
2016	昴天	こうま	98	M	1
2016	春喜		99	M	1
2016		ちあき	99	M	1
2016	晄士	あきと	99	M	1
2016	春輝		100	M	1
2016		ちひろ	100	M	1
2016	晴希	はるき	100	M	1
2016	昴天		101	M	1
2016		つばさ	101	M	1
2016	晴飛	はると	101	M	1
2016	晄士		102	M	1
2016		とあ	102	M	1
2016	暖琉	はる	102	M	1
2016	晴希		103	M	1
2016		とう	103	M	1
2016	朝陽	あさひ	103	M	1
2016	晴飛		104	M	1
2016		とうご	104	M	1
2016	柚人	ゆずと	104	M	1
2016	暖琉		105	M	1
2016		とうま	105	M	1
2016	栄太	えいた	105	M	1
2016	朝陽		106	M	1
2016		としまさ	106	M	1
2016	桜利	さくと	106	M	1
2016	柚人		107	M	1
2016		なおき	107	M	1
2016	桜生	おうせい	107	M	1
2016	栄太		108	M	1
2016		なごむ	108	M	1
2016	森優斗	ゆうと	108	M	1
2016	桜利		109	M	1
2016		なつき	109	M	1
2016	楓叶	ふうと	109	M	1
2016	桜生		110	M	1
2016		なるき	110	M	1
2016	楓希	ふうき	110	M	1
2016	森優斗		111	M	1
2016		ねお	111	M	1
2016	榛人	はると	111	M	1
2016	楓叶		112	M	1
2016		のぼる	112	M	1
2016	橙	とう	112	M	1
2016	楓希		113	M	1
2016		はくと	113	M	1
2016	橙梧	とうご	113	M	1
2016	榛人		114	M	1
2016		はすま	114	M	1
2016	歩	あゆむ	114	M	1
2016	橙		115	M	1
2016		はやて	115	M	1
2016	永眞	はるま	115	M	1
2016	橙梧		116	M	1
2016		はるひ	116	M	1
2016	永航	とわ	116	M	1
2016	歩		117	M	1
2016		はるま	117	M	1
2016	泰成	たいせい	117	M	1
2016	永眞		118	M	1
2016		ひなと	118	M	1
2016	洸史	こうし	118	M	1
2016	永航		119	M	1
2016		ひろ	119	M	1
2016	洸希	こうき	119	M	1
2016	泰成		120	M	1
2016		ひろき	120	M	1
2016	浩矢	ひろや	120	M	1
2016	洸史		121	M	1
2016		ひろや	121	M	1
2016	涼乃介	りょうのすけ	121	M	1
2016	洸希		122	M	1
2016		ふうき	122	M	1
2016	渉	わたる	122	M	1
2016	浩矢		123	M	1
2016		ふうと	123	M	1
2016	湊	みなと	123	M	1
2016	涼乃介		124	M	1
2016		ふく	124	M	1
2016	湊人	みなと	124	M	1
2016	渉		125	M	1
2016		ほうせい	125	M	1
2016	湊仁	みなと	125	M	1
2016	湊		126	M	1
2016		まき	126	M	1
2016	湊樹	こうき	126	M	1
2016	湊人		127	M	1
2016		まさき	127	M	1
2016	滉大	こうだい	127	M	1
2016	湊仁		128	M	1
2016		まさと	128	M	1
2016	潤	じゅん	128	M	1
2016	湊樹		129	M	1
2016		まひろ	129	M	1
2016	瀬那	せな	129	M	1
2016	滉大		130	M	1
2016		みちゆき	130	M	1
2016	燈羽	とわ	130	M	1
2016	潤		131	M	1
2016		やすなり	131	M	1
2016	珀斗	はくと	131	M	1
2016	瀬那		132	M	1
2016		ゆい	132	M	1
2016	理	おさむ	132	M	1
2016	燈羽		133	M	1
2016		ゆいと	133	M	1
2016	理之	みちゆき	133	M	1
2016	珀斗		134	M	1
2016		ゆうし	134	M	1
2016	琉海	るい	134	M	1
2016	理		135	M	1
2016		ゆうせい	135	M	1
2016	琉空	るきあ	135	M	1
2016	理之		136	M	1
2016		ゆうた	136	M	1
2016	琉翔	りゅうと	136	M	1
2016	琉海		137	M	1
2016		ゆうだい	137	M	1
2016	琉翔	るいと	137	M	1
2016	琉空		138	M	1
2016		ゆうのすけ	138	M	1
2016	瑛士	えいじ	138	M	1
2016	瑛士		139	M	1
2016		ゆうは	139	M	1
2016	瑛大	えいた	139	M	1
2016	瑠衣斗		140	M	1
2016		ゆうへい	140	M	1
2016	瑛大	えいと	140	M	1
2016	璃桜斗		141	M	1
2016		ゆうや	141	M	1
2016	瑠衣斗	るいと	141	M	1
2016	直生		142	M	1
2016		ゆうわ	142	M	1
2016	璃桜斗	りおと	142	M	1
2016	真弘		143	M	1
2016		ゆきうみ	143	M	1
2016	直生	なおき	143	M	1
2016	真杜		144	M	1
2016		ゆしん	144	M	1
2016	真弘	まひろ	144	M	1
2016	真生		145	M	1
2016		ゆずと	145	M	1
2016	真杜	まなと	145	M	1
2016	碧斗		146	M	1
2016		ゆづき	146	M	1
2016	真生	まき	146	M	1
2016	福		147	M	1
2016		ゆの	147	M	1
2016	碧斗	あおと	147	M	1
2016	秀斗		148	M	1
2016		ようた	148	M	1
2016	福	ふく	148	M	1
2016	穀雨		149	M	1
2016		よしはる	149	M	1
2016	秀斗	しゅうと	149	M	1
2016	穣之伸		150	M	1
2016		らいせ	150	M	1
2016	穀雨	こくう	150	M	1
2016	空		151	M	1
2016		りおと	151	M	1
2016	穣之伸	じょうのしん	151	M	1
2016	純成		152	M	1
2016		りゅうき	152	M	1
2016	空	そら	152	M	1
2016	紘己		153	M	1
2016		りゅうま	153	M	1
2016	純成	じゅんせい	153	M	1
2016	結也		154	M	1
2016		りょうのすけ	154	M	1
2016	紘己	こうき	154	M	1
2016	結人		155	M	1
2016		りんじ	155	M	1
2016	結也	ゆうや	155	M	1
2016	結心		156	M	1
2016		りんたろう	156	M	1
2016	結人	ゆうと	156	M	1
2016	結望		157	M	1
2016		るきあ	157	M	1
2016	結心	ゆしん	157	M	1
2016	綜悟		158	M	1
2016		れお	158	M	1
2016	結望	ゆの	158	M	1
2016	維吹		159	M	1
2016		れんき	159	M	1
2016	綜悟	そうご	159	M	1
2016	維都		160	M	1
2016		わたる	160	M	1
2016	維吹	いぶき	160	M	1
2016	縁		161	M	1
2016	維都	いと	161	M	1
2016	翔太		162	M	1
2016	縁	えにし	162	M	1
2016	翔空		163	M	1
2016	翔太	しょうた	163	M	1
2016	翼		164	M	1
2016	翔空	とあ	164	M	1
2016	至洋		165	M	1
2016	翼	つばさ	165	M	1
2016	良太		166	M	1
2016	至洋	しょう	166	M	1
2016	莞眞		167	M	1
2016	良太	りょうた	167	M	1
2016	葵人		168	M	1
2016	莞眞	いさな	168	M	1
2016	葵叶		169	M	1
2016	葵人	あおと	169	M	1
2016	蒼真		170	M	1
2016	葵叶	あおと	170	M	1
2016	蒼空		171	M	1
2016	蒼真	そうま	171	M	1
2016	蓬成		172	M	1
2016	蒼空	そら	172	M	1
2016	蓮輝		173	M	1
2016	蓬成	ほうせい	173	M	1
2016	蓮雄		174	M	1
2016	蓮輝	れんき	174	M	1
2016	蓮馬		175	M	1
2016	蓮雄	れお	175	M	1
2016	裕		176	M	1
2016	蓮馬	はすま	176	M	1
2016	裕希		177	M	1
2016	裕	ゆたか	177	M	1
2016	豊		178	M	1
2016	裕希	ひろき	178	M	1
2016	輝星		179	M	1
2016	豊	ゆたか	179	M	1
2016	迅		180	M	1
2016	輝星	そら	180	M	1
2016	透真		181	M	1
2016	迅	じん	181	M	1
2016	逢助		182	M	1
2016	透真	とうま	182	M	1
2016	遙人		183	M	1
2016	逢助	おうすけ	183	M	1
2016	遥希		184	M	1
2016	遙人	はると	184	M	1
2016	遥斗		185	M	1
2016	遥希	はるき	185	M	1
2016	遥稀		186	M	1
2016	遥斗	はると	186	M	1
2016	遥陽		187	M	1
2016	遥稀	はるき	187	M	1
2016	陸仁		188	M	1
2016	遥陽	はるひ	188	M	1
2016	陸斗		189	M	1
2016	陸仁	りくと	189	M	1
2016	陸立		190	M	1
2016	陸斗	りくと	190	M	1
2016	陽太		191	M	1
2016	陸立	りくと	191	M	1
2016	陽斗		192	M	1
2016	陽太	ようた	192	M	1
2016	陽音		193	M	1
2016	陽斗	はると	193	M	1
2016	隆輝		194	M	1
2016	陽音	ひなと	194	M	1
2016	隆麻		195	M	1
2016	隆輝	りゅうき	195	M	1
2016	雄平		196	M	1
2016	隆麻	りゅうま	196	M	1
2016	雅人		197	M	1
2016	雄大	ゆうた	197	M	1
2016	雅紀		198	M	1
2016	雄大	ゆうだい	198	M	1
2016	集大		199	M	1
2016	雄平	ゆうへい	199	M	1
2016	音葉		200	M	1
2016	雅人	まさと	200	M	1
2016	類		201	M	1
2016	雅紀	まさき	201	M	1
2016	颯		202	M	1
2016	集大	しゅうた	202	M	1
2016	颯志		203	M	1
2016	音葉	おとは	203	M	1
2016	颯斗		204	M	1
2016	類	るい	204	M	1
2016	颯汰		205	M	1
2016	颯	はやて	205	M	1
2016	駿丞		206	M	1
2016	颯志	そうし	206	M	1
2016	駿佑		207	M	1
2016	颯斗	はやと	207	M	1
2016	鼓哲		208	M	1
2016	颯汰	そうた	208	M	1
2016	龍人		209	M	1
2016	駿丞	しゅんすけ	209	M	1
2016	駿佑	しゅんすけ	210	M	1
2016	鼓哲	こてつ	211	M	1
2016	龍人	りゅうと	212	M	1
2017	咲良		1	F	5
2017		さくら	1	F	12
2017	咲良	さくら	1	F	5
2017	心春		2	F	5
2017		あかり	2	F	10
2017	心春	こはる	2	F	5
2017	あかり		3	F	4
2017		めい	3	F	10
2017	あかり	あかり	3	F	4
2017	ひかり		4	F	4
2017		こはる	4	F	8
2017	ひかり	ひかり	4	F	4
2017	千晴		5	F	4
2017		りお	5	F	7
2017	千晴	ちはる	5	F	4
2017	芽依		6	F	4
2017		ひなた	6	F	6
2017	芽依	めい	6	F	4
2017	陽葵		7	F	4
2017		ほのか	7	F	6
2017	優	ゆう	7	F	3
2017	優		8	F	3
2017		さら	8	F	5
2017	結愛	ゆあ	8	F	3
2017	心陽		9	F	3
2017		つむぎ	9	F	5
2017	美織	みおり	9	F	3
2017	結愛		10	F	3
2017		ゆあ	10	F	5
2017	芽生	めい	10	F	3
2017	美織		11	F	3
2017		ゆい	11	F	5
2017	陽菜	ひな	11	F	3
2017	芽生		12	F	3
2017		あいり	12	F	4
2017	うた	うた	12	F	2
2017	陽菜		13	F	3
2017		あおい	13	F	4
2017	さくら	さくら	13	F	2
2017	うた		14	F	2
2017		さき	14	F	4
2017	ののか	ののか	14	F	2
2017	さくら		15	F	2
2017		さな	15	F	4
2017	わかな	わかな	15	F	2
2017	ののか		16	F	2
2017		ちはる	16	F	4
2017	凪	なぎ	16	F	2
2017	わかな		17	F	2
2017		はな	17	F	4
2017	千尋	ちひろ	17	F	2
2017	七海		18	F	2
2017		ひかり	18	F	4
2017	咲	さき	18	F	2
2017	凪		19	F	2
2017		ひな	19	F	4
2017	心	こころ	19	F	2
2017	千尋		20	F	2
2017		みお	20	F	4
2017	心陽	こはる	20	F	2
2017	叶彩		21	F	2
2017		ゆうな	21	F	4
2017	愛莉	あいり	21	F	2
2017	和花		22	F	2
2017		ゆずき	22	F	4
2017	杏菜	あんな	22	F	2
2017	咲		23	F	2
2017		りん	23	F	4
2017	柚希	ゆずき	23	F	2
2017	心		24	F	2
2017		わかな	24	F	4
2017	汐里	しおり	24	F	2
2017	心音		25	F	2
2017		あい	25	F	3
2017	理央	りお	25	F	2
2017	愛依		26	F	2
2017		あんな	26	F	3
2017	璃桜	りお	26	F	2
2017	愛莉		27	F	2
2017		いろは	27	F	3
2017	皐月	さつき	27	F	2
2017	日葵		28	F	2
2017		うみ	28	F	3
2017	紗奈	さな	28	F	2
2017	杏菜		29	F	2
2017		えま	29	F	3
2017	紗良	さら	29	F	2
2017	柚希		30	F	2
2017		かのん	30	F	3
2017	紫子	ゆかこ	30	F	2
2017	柚月		31	F	2
2017		かほ	31	F	3
2017	紬	つむぎ	31	F	2
2017	汐里		32	F	2
2017		さつき	32	F	3
2017	紬生	つむぎ	32	F	2
2017	理央		33	F	2
2017		しおり	33	F	3
2017	結衣	ゆい	33	F	2
2017	璃桜		34	F	2
2017		なつき	34	F	3
2017	芽衣子	めいこ	34	F	2
2017	環		35	F	2
2017		はるか	35	F	3
2017	菜月	なつき	35	F	2
2017	皐月		36	F	2
2017		ひなの	36	F	3
2017	虹奈	にな	36	F	2
2017	紗奈		37	F	2
2017		ひまり	37	F	3
2017	陽葵	ひなた	37	F	2
2017	紗良		38	F	2
2017		ふうか	38	F	3
2017	陽葵	ひまり	38	F	2
2017	紫子		39	F	2
2017		みう	39	F	3
2017	あざみ	あざみ	39	F	1
2017	紬		40	F	2
2017		みおり	40	F	3
2017	いろは	いろは	40	F	1
2017	紬生		41	F	2
2017		みゆ	41	F	3
2017	うの	うの	41	F	1
2017	結衣		42	F	2
2017		ゆいな	42	F	3
2017	きっか	きっか	42	F	1
2017	縁		43	F	2
2017		ゆう	43	F	3
2017	くるみ	くるみ	43	F	1
2017	芽衣子		44	F	2
2017		ゆかり	44	F	3
2017	ことは	ことは	44	F	1
2017	菜月		45	F	2
2017		ゆず	45	F	3
2017	こむぎ	こむぎ	45	F	1
2017	虹奈		46	F	2
2017		ゆづき	46	F	3
2017	すず	すず	46	F	1
2017	あざみ		47	F	1
2017		りな	47	F	3
2017	そよ	そよ	47	F	1
2017	いろは		48	F	1
2017		あやね	48	F	2
2017	つばさ	つばさ	48	F	1
2017	うの		49	F	1
2017		あゆな	49	F	2
2017	にこ	にこ	49	F	1
2017	きっか		50	F	1
2017		うた	50	F	2
2017	はな	はな	50	F	1
2017	くるみ		51	F	1
2017		えな	51	F	2
2017	ひより	ひより	51	F	1
2017	ことは		52	F	1
2017		えみり	52	F	2
2017	ほたる	ほたる	52	F	1
2017	こむぎ		53	F	1
2017		おうか	53	F	2
2017	まい	まい	53	F	1
2017	すず		54	F	1
2017		おと	54	F	2
2017	まり花	ありか	54	F	1
2017	そよ		55	F	1
2017		かえで	55	F	2
2017	みあ	みあ	55	F	1
2017	つばさ		56	F	1
2017		かなで	56	F	2
2017	みはる	みはる	56	F	1
2017	にこ		57	F	1
2017		かりん	57	F	2
2017	もも	もも	57	F	1
2017	はな		58	F	1
2017		かれん	58	F	2
2017	ゆかり	ゆかり	58	F	1
2017	ひより		59	F	1
2017		かんな	59	F	2
2017	ゆず葉	ゆずは	59	F	1
2017	ほたる		60	F	1
2017		きさ	60	F	2
2017	ゆら	ゆら	60	F	1
2017	まい		61	F	1
2017		くるみ	61	F	2
2017	よか	よか	61	F	1
2017	まり花		62	F	1
2017		ここな	62	F	2
2017	りのか	りのか	62	F	1
2017	みあ		63	F	1
2017		こころ	63	F	2
2017	るみ	るみ	63	F	1
2017	みはる		64	F	1
2017		こと	64	F	2
2017	一千菜	いちな	64	F	1
2017	もも		65	F	1
2017		ことか	65	F	2
2017	一彩	ひいろ	65	F	1
2017	ゆかり		66	F	1
2017		ことね	66	F	2
2017	一瑠	いちる	66	F	1
2017	ゆず葉		67	F	1
2017		さあや	67	F	2
2017	七寧	ななね	67	F	1
2017	ゆら		68	F	1
2017		さわ	68	F	2
2017	七海	ななみ	68	F	1
2017	よか		69	F	1
2017		しほ	69	F	2
2017	七海	なみ	69	F	1
2017	りのか		70	F	1
2017		すず	70	F	2
2017	三ツ葉	みつは	70	F	1
2017	るみ		71	F	1
2017		すずの	71	F	2
2017	三葉	みつは	71	F	1
2017	一千菜		72	F	1
2017		せな	72	F	2
2017	二瑚	にこ	72	F	1
2017	一彩		73	F	1
2017		ちひろ	73	F	2
2017	亜依	あい	73	F	1
2017	一瑠		74	F	1
2017		つばさ	74	F	2
2017	佑珂	ゆうか	74	F	1
2017	七寧		75	F	1
2017		とあ	75	F	2
2017	來々楠	ここな	75	F	1
2017	三ツ葉		76	F	1
2017		とわ	76	F	2
2017	來美	くるみ	76	F	1
2017	三葉		77	F	1
2017		なお	77	F	2
2017	侑奈	ゆうな	77	F	1
2017	二瑚		78	F	1
2017		なぎ	78	F	2
2017	依茉	いま	78	F	1
2017	亜依		79	F	1
2017		なぎさ	79	F	2
2017	依都	いと	79	F	1
2017	佑珂		80	F	1
2017		ななみ	80	F	2
2017	倖良	さら	80	F	1
2017	來々楠		81	F	1
2017		なみ	81	F	2
2017	優佳梨	ゆかり	81	F	1
2017	來美		82	F	1
2017		にこ	82	F	2
2017	優彩	ゆうさ	82	F	1
2017	侑奈		83	F	1
2017		にな	83	F	2
2017	優芽	ゆめ	83	F	1
2017	依茉		84	F	1
2017		のあ	84	F	2
2017	優莉	ゆうり	84	F	1
2017	依都		85	F	1
2017		のどか	85	F	2
2017	優衣	ゆい	85	F	1
2017	倖良		86	F	1
2017		ののか	86	F	2
2017	優里奈	ゆりな	86	F	1
2017	優佳梨		87	F	1
2017		ののは	87	F	2
2017	光穂	みほ	87	F	1
2017	優彩		88	F	1
2017		ひいろ	88	F	2
2017	八重花	やえか	88	F	1
2017	優芽		89	F	1
2017		ひより	89	F	2
2017	円花	まどか	89	F	1
2017	優莉		90	F	1
2017		ふたば	90	F	2
2017	凛花	りんか	90	F	1
2017	優衣		91	F	1
2017		ほたる	91	F	2
2017	凜	りん	91	F	1
2017	優里奈		92	F	1
2017		ほの	92	F	2
2017	凜音	りん	92	F	1
2017	光穂		93	F	1
2017		みか	93	F	2
2017	凪咲	なぎさ	93	F	1
2017	八重花		94	F	1
2017		みさき	94	F	2
2017	初奈	はな	94	F	1
2017	円花		95	F	1
2017		みすず	95	F	2
2017	加子	かこ	95	F	1
2017	凛花		96	F	1
2017		みずき	96	F	2
2017	千咲	ちさき	96	F	1
2017	凜		97	F	1
2017		みつは	97	F	2
2017	千夏	ちなつ	97	F	1
2017	凜音		98	F	1
2017		みや	98	F	2
2017	千文	ちふみ	98	F	1
2017	凪咲		99	F	1
2017		みゆり	99	F	2
2017	千晃	ちあき	99	F	1
2017	初奈		100	F	1
2017		めいこ	100	F	2
2017	千澄妃	ちずき	100	F	1
2017	加子		101	F	1
2017		ももか	101	F	2
2017	千癒	ちゆ	101	F	1
2017	千咲		102	F	1
2017		ゆうか	102	F	2
2017	千笑里	ちえり	102	F	1
2017	千夏		103	F	1
2017		ゆうさ	103	F	2
2017	千花	ちか	103	F	1
2017	千文		104	F	1
2017		ゆかこ	104	F	2
2017	千鶴	ちづる	104	F	1
2017	千晃		105	F	1
2017		ゆきの	105	F	2
2017	友梨	ゆり	105	F	1
2017	千澄妃		106	F	1
2017		ゆずは	106	F	2
2017	双葉	ふたば	106	F	1
2017	千癒		107	F	1
2017		ゆめ	107	F	2
2017	叶彩	かのあ	107	F	1
2017	千笑里		108	F	1
2017		ゆり	108	F	2
2017	叶彩	とあ	108	F	1
2017	千花		109	F	1
2017		りのか	109	F	2
2017	叶空	くれあ	109	F	1
2017	千鶴		110	F	1
2017		りんか	110	F	2
2017	叶逢	とあ	110	F	1
2017	友梨		111	F	1
2017		れみ	111	F	2
2017	向葵	ひなた	111	F	1
2017	双葉		112	F	1
2017		あいく	112	F	1
2017	和	のどか	112	F	1
2017	叶空		113	F	1
2017		あいら	113	F	1
2017	和夏	あか	113	F	1
2017	叶逢		114	F	1
2017		あおば	114	F	1
2017	和奏	わかな	114	F	1
2017	向葵		115	F	1
2017		あか	115	F	1
2017	和花	のどか	115	F	1
2017	和		116	F	1
2017		あきほ	116	F	1
2017	和花	わか	116	F	1
2017	和夏		117	F	1
2017		あこ	117	F	1
2017	咲凜	えみり	117	F	1
2017	和奏		118	F	1
2017		あさは	118	F	1
2017	咲南	えな	118	F	1
2017	咲凜		119	F	1
2017		あさひ	119	F	1
2017	咲希	さき	119	F	1
2017	咲南		120	F	1
2017		あざみ	120	F	1
2017	咲弥	さくや	120	F	1
2017	咲希		121	F	1
2017		あずさ	121	F	1
2017	咲愛	さえ	121	F	1
2017	咲弥		122	F	1
2017		あのん	122	F	1
2017	咲春	さくら	122	F	1
2017	咲愛		123	F	1
2017		あみ	123	F	1
2017	咲来	さくら	123	F	1
2017	咲春		124	F	1
2017		あやこ	124	F	1
2017	咲樂	さら	124	F	1
2017	咲来		125	F	1
2017		あやみ	125	F	1
2017	咲絢	さあや	125	F	1
2017	咲樂		126	F	1
2017		ありか	126	F	1
2017	咲羽	さわ	126	F	1
2017	咲絢		127	F	1
2017		ありさ	127	F	1
2017	咲菜	さな	127	F	1
2017	咲羽		128	F	1
2017		ありす	128	F	1
2017	咲華	このは	128	F	1
2017	咲菜		129	F	1
2017		あん	129	F	1
2017	咲里	えみり	129	F	1
2017	咲華		130	F	1
2017		あんじゅ	130	F	1
2017	唯愛	ゆあ	130	F	1
2017	咲里		131	F	1
2017		いちか	131	F	1
2017	唯羽	ゆあ	131	F	1
2017	唯愛		132	F	1
2017		いちな	132	F	1
2017	夏奈	かな	132	F	1
2017	唯羽		133	F	1
2017		いちる	133	F	1
2017	夏帆	かほ	133	F	1
2017	夏奈		134	F	1
2017		いと	134	F	1
2017	夏梨	かりん	134	F	1
2017	夏帆		135	F	1
2017		いとか	135	F	1
2017	夏楓	かえで	135	F	1
2017	夏梨		136	F	1
2017		いま	136	F	1
2017	夏芽	なつめ	136	F	1
2017	夏楓		137	F	1
2017		うき	137	F	1
2017	夏音	なつね	137	F	1
2017	夏芽		138	F	1
2017		うたの	138	F	1
2017	夕蒼	ゆずき	138	F	1
2017	夏音		139	F	1
2017		うたは	139	F	1
2017	奈央	なお	139	F	1
2017	夕蒼		140	F	1
2017		うの	140	F	1
2017	奈桜	なお	140	F	1
2017	奈央		141	F	1
2017		えにし	141	F	1
2017	奈津	なつ	141	F	1
2017	奈桜		142	F	1
2017		えれな	142	F	1
2017	奏	かなで	142	F	1
2017	奈津		143	F	1
2017		おとわ	143	F	1
2017	奏乃	かなの	143	F	1
2017	奏		144	F	1
2017		かこ	144	F	1
2017	姫愛	ひな	144	F	1
2017	奏乃		145	F	1
2017		かな	145	F	1
2017	季恋	きこ	145	F	1
2017	姫愛		146	F	1
2017		かなの	146	F	1
2017	宇未	うみ	146	F	1
2017	季恋		147	F	1
2017		かの	147	F	1
2017	実佳	みか	147	F	1
2017	宇未		148	F	1
2017		かのあ	148	F	1
2017	実夏	みか	148	F	1
2017	実佳		149	F	1
2017		きこ	149	F	1
2017	実璃	みのり	149	F	1
2017	実夏		150	F	1
2017		きっか	150	F	1
2017	実結	みゆ	150	F	1
2017	実璃		151	F	1
2017		きづき	151	F	1
2017	実鈴	みすず	151	F	1
2017	実結		152	F	1
2017		きらり	152	F	1
2017	寧音	ねね	152	F	1
2017	実鈴		153	F	1
2017		くれあ	153	F	1
2017	寿花	ことか	153	F	1
2017	寧音		154	F	1
2017		こうめ	154	F	1
2017	小晴	こはる	154	F	1
2017	寿花		155	F	1
2017		ここ	155	F	1
2017	小都璃	ことり	155	F	1
2017	小晴		156	F	1
2017		ここの	156	F	1
2017	帆乃夏	ほのか	156	F	1
2017	小都璃		157	F	1
2017		ここは	157	F	1
2017	帆乃里	ほのり	157	F	1
2017	帆乃夏		158	F	1
2017		ここみ	158	F	1
2017	帆花	ほのか	158	F	1
2017	帆乃里		159	F	1
2017		ことは	159	F	1
2017	帆遥	ほはる	159	F	1
2017	帆花		160	F	1
2017		ことり	160	F	1
2017	帆音	ほの	160	F	1
2017	帆遥		161	F	1
2017		こなつ	161	F	1
2017	希咲	きさ	161	F	1
2017	帆音		162	F	1
2017		この	162	F	1
2017	希紗	きさ	162	F	1
2017	希咲		163	F	1
2017		このは	163	F	1
2017	希羽	ののは	163	F	1
2017	希紗		164	F	1
2017		このみ	164	F	1
2017	幸奈	ゆきな	164	F	1
2017	希羽		165	F	1
2017		こむぎ	165	F	1
2017	幸芽	こうめ	165	F	1
2017	幸奈		166	F	1
2017		さえ	166	F	1
2017	弥沙	みさ	166	F	1
2017	幸芽		167	F	1
2017		さくや	167	F	1
2017	彩	さやか	167	F	1
2017	弥沙		168	F	1
2017		さくらこ	168	F	1
2017	彩乙葉	あおば	168	F	1
2017	彩		169	F	1
2017		さのん	169	F	1
2017	彩千花	いちか	169	F	1
2017	彩乙葉		170	F	1
2017		さふみ	170	F	1
2017	彩句來	さくら	170	F	1
2017	彩千花		171	F	1
2017		さやか	171	F	1
2017	彩子	あやこ	171	F	1
2017	彩句來		172	F	1
2017		さらん	172	F	1
2017	彩文	さふみ	172	F	1
2017	彩子		173	F	1
2017		しいな	173	F	1
2017	彩桜	さくら	173	F	1
2017	彩文		174	F	1
2017		しおん	174	F	1
2017	彩生	さら	174	F	1
2017	彩桜		175	F	1
2017		しずく	175	F	1
2017	彩生里	あいり	175	F	1
2017	彩生		176	F	1
2017		しゅな	176	F	1
2017	彩紗	ありさ	176	F	1
2017	彩生里		177	F	1
2017		じゅな	177	F	1
2017	彩羽	いろは	177	F	1
2017	彩紗		178	F	1
2017		すい	178	F	1
2017	彩莉珠	ありす	178	F	1
2017	彩羽		179	F	1
2017		すずか	179	F	1
2017	彩葉	いろは	179	F	1
2017	彩莉珠		180	F	1
2017		せあ	180	F	1
2017	彩音	あやね	180	F	1
2017	彩葉		181	F	1
2017		せいな	181	F	1
2017	心咲	みさき	181	F	1
2017	彩音		182	F	1
2017		そあら	182	F	1
2017	心埜	ここの	182	F	1
2017	心咲		183	F	1
2017		そよ	183	F	1
2017	心夏	こなつ	183	F	1
2017	心埜		184	F	1
2017		たまき	184	F	1
2017	心実	このみ	184	F	1
2017	心夏		185	F	1
2017		ちあき	185	F	1
2017	心瑚	ここ	185	F	1
2017	心実		186	F	1
2017		ちえり	186	F	1
2017	心美	ここみ	186	F	1
2017	心瑚		187	F	1
2017		ちか	187	F	1
2017	心菜	ここな	187	F	1
2017	心美		188	F	1
2017		ちさ	188	F	1
2017	心陽	ここは	188	F	1
2017	心菜		189	F	1
2017		ちさき	189	F	1
2017	心音	ことね	189	F	1
2017	怜花		190	F	1
2017		ちずき	190	F	1
2017	心音	みお	190	F	1
2017	恵令奈		191	F	1
2017		ちづる	191	F	1
2017	怜花	れいか	191	F	1
2017	恵舞		192	F	1
2017		ちなつ	192	F	1
2017	恵令奈	えれな	192	F	1
2017	悠月		193	F	1
2017		ちふみ	193	F	1
2017	恵舞	えま	193	F	1
2017	惟愛		194	F	1
2017		ちゆ	194	F	1
2017	悠月	ゆづき	194	F	1
2017	想歩		195	F	1
2017		つきか	195	F	1
2017	惟愛	ゆいな	195	F	1
2017	惺奈		196	F	1
2017		つきの	196	F	1
2017	想歩	そあら	196	F	1
2017	愛		197	F	1
2017		つぐみ	197	F	1
2017	惺奈	せいな	197	F	1
2017	愛々		198	F	1
2017		なつ	198	F	1
2017	愛	あい	198	F	1
2017	愛來		199	F	1
2017		なつね	199	F	1
2017	愛々	らら	199	F	1
2017	愛夢菜		200	F	1
2017		なつめ	200	F	1
2017	愛來	あいく	200	F	1
2017	愛桜		201	F	1
2017		ななね	201	F	1
2017	愛依	あい	201	F	1
2017	愛梨		202	F	1
2017		なのは	202	F	1
2017	愛依	めい	202	F	1
2017	愛珠		203	F	1
2017		にじほ	203	F	1
2017	愛夢菜	あゆな	203	F	1
2017	愛華		204	F	1
2017		ねね	204	F	1
2017	愛桜	あおい	204	F	1
2017	愛鈴		205	F	1
2017		のん	205	F	1
2017	愛梨	あいり	205	F	1
2017	日向愛		206	F	1
2017		はなえ	206	F	1
2017	愛珠	あんじゅ	206	F	1
2017	日和		207	F	1
2017		はなか	207	F	1
2017	愛華	まなか	207	F	1
2017	日菜美		208	F	1
2017		はなの	208	F	1
2017	愛鈴	まりん	208	F	1
2017	明歩		209	F	1
2017		はなみ	209	F	1
2017	日向愛	ひなの	209	F	1
2017	明育		210	F	1
2017		はばな	210	F	1
2017	日和	ひより	210	F	1
2017	明花		211	F	1
2017		はる	211	F	1
2017	日菜美	ひなみ	211	F	1
2017	明莉		212	F	1
2017		はるき	212	F	1
2017	日葵	ひなた	212	F	1
2017	星絆		213	F	1
2017		ひさき	213	F	1
2017	日葵	ひまり	213	F	1
2017	晴		214	F	1
2017		ひなこ	214	F	1
2017	明歩	あきほ	214	F	1
2017	智彩		215	F	1
2017		ひなつ	215	F	1
2017	明育	めい	215	F	1
2017	暖心		216	F	1
2017		ひなみ	216	F	1
2017	明花	めいか	216	F	1
2017	月乃		217	F	1
2017		ふうな	217	F	1
2017	明莉	あかり	217	F	1
2017	月花		218	F	1
2017		ふうね	218	F	1
2017	星絆	せな	218	F	1
2017	有美		219	F	1
2017		べに	219	F	1
2017	晴	はる	219	F	1
2017	望愛		220	F	1
2017		ほのり	220	F	1
2017	智彩	ちさ	220	F	1
2017	朝葉		221	F	1
2017		ほはる	221	F	1
2017	暖心	のん	221	F	1
2017	未弥		222	F	1
2017		まい	222	F	1
2017	月乃	つきの	222	F	1
2017	未結里		223	F	1
2017		まいな	223	F	1
2017	月花	つきか	223	F	1
2017	未菜実		224	F	1
2017		まお	224	F	1
2017	有美	あみ	224	F	1
2017	朱夏		225	F	1
2017		まおり	225	F	1
2017	望愛	のあ	225	F	1
2017	朱莉		226	F	1
2017		まかな	226	F	1
2017	朝葉	あさは	226	F	1
2017	杏		227	F	1
2017		ましろ	227	F	1
2017	未弥	みや	227	F	1
2017	杏奈		228	F	1
2017		まつり	228	F	1
2017	未結里	みゆり	228	F	1
2017	杏音		229	F	1
2017		まどか	229	F	1
2017	未菜実	みなみ	229	F	1
2017	来東果		230	F	1
2017		まなか	230	F	1
2017	朱夏	しゅな	230	F	1
2017	柚		231	F	1
2017		まのん	231	F	1
2017	朱莉	あかり	231	F	1
2017	柚乃		232	F	1
2017		まほ	232	F	1
2017	杏	あん	232	F	1
2017	柚奈		233	F	1
2017		まほろ	233	F	1
2017	杏奈	あんな	233	F	1
2017	柚羽		234	F	1
2017		まりん	234	F	1
2017	杏音	あのん	234	F	1
2017	栞歩		235	F	1
2017		みあ	235	F	1
2017	来東果	ことか	235	F	1
2017	栞野		236	F	1
2017		みき	236	F	1
2017	柚	ゆず	236	F	1
2017	桃愛夏		237	F	1
2017		みさ	237	F	1
2017	柚乃	ゆの	237	F	1
2017	桃花		238	F	1
2017		みつき	238	F	1
2017	柚奈	ゆずな	238	F	1
2017	桜々		239	F	1
2017		みづき	239	F	1
2017	柚月	ゆずき	239	F	1
2017	桜子		240	F	1
2017		みと	240	F	1
2017	柚月	ゆづき	240	F	1
2017	桜恋		241	F	1
2017		みなみ	241	F	1
2017	柚羽	ゆずは	241	F	1
2017	桜暖		242	F	1
2017		みのり	242	F	1
2017	栞歩	しほ	242	F	1
2017	桜歌		243	F	1
2017		みはな	243	F	1
2017	栞野	かの	243	F	1
2017	桜菜		244	F	1
2017		みはる	244	F	1
2017	桃愛夏	もあな	244	F	1
2017	桜都		245	F	1
2017		みほ	245	F	1
2017	桃花	ももか	245	F	1
2017	桜音		246	F	1
2017		みやび	246	F	1
2017	桜々	さくら	246	F	1
2017	桧菜子		247	F	1
2017		めあり	247	F	1
2017	桜子	さくらこ	247	F	1
2017	梓		248	F	1
2017		めいか	248	F	1
2017	桜恋	かれん	248	F	1
2017	梨乃花		249	F	1
2017		めいさ	249	F	1
2017	桜暖	さのん	249	F	1
2017	梨紗		250	F	1
2017		もあ	250	F	1
2017	桜歌	おうか	250	F	1
2017	梨花		251	F	1
2017		もあな	251	F	1
2017	桜菜	さな	251	F	1
2017	楓		252	F	1
2017		もな	252	F	1
2017	桜都	おと	252	F	1
2017	楓夏		253	F	1
2017		もも	253	F	1
2017	桜音	ことね	253	F	1
2017	楓寧		254	F	1
2017		ももは	254	F	1
2017	桧菜子	ひなこ	254	F	1
2017	楓恋		255	F	1
2017		やえか	255	F	1
2017	梓	あずさ	255	F	1
2017	楓菜		256	F	1
2017		ゆいか	256	F	1
2017	梨乃花	りのか	256	F	1
2017	楓華		257	F	1
2017		ゆいの	257	F	1
2017	梨紗	りさ	257	F	1
2017	楓香		258	F	1
2017		ゆいは	258	F	1
2017	梨花	りんか	258	F	1
2017	樹菜		259	F	1
2017		ゆいり	259	F	1
2017	楓	かえで	259	F	1
2017	櫻夏		260	F	1
2017		ゆうき	260	F	1
2017	楓夏	ふうか	260	F	1
2017	歩奈		261	F	1
2017		ゆうみ	261	F	1
2017	楓寧	ふうね	261	F	1
2017	歩珠羽		262	F	1
2017		ゆうり	262	F	1
2017	楓恋	かれん	262	F	1
2017	水希		263	F	1
2017		ゆか	263	F	1
2017	楓菜	ふうな	263	F	1
2017	水稀		264	F	1
2017		ゆかな	264	F	1
2017	楓華	ふうか	264	F	1
2017	汐海		265	F	1
2017		ゆきな	265	F	1
2017	楓香	ふうか	265	F	1
2017	沙和		266	F	1
2017		ゆずな	266	F	1
2017	樹菜	じゅな	266	F	1
2017	洸		267	F	1
2017		ゆな	267	F	1
2017	櫻夏	おうか	267	F	1
2017	涼乃		268	F	1
2017		ゆの	268	F	1
2017	歩奈	あゆな	268	F	1
2017	涼香		269	F	1
2017		ゆめか	269	F	1
2017	歩珠羽	ふたば	269	F	1
2017	深乎		270	F	1
2017		ゆゆ	270	F	1
2017	水希	みずき	270	F	1
2017	渚		271	F	1
2017		ゆら	271	F	1
2017	水稀	みずき	271	F	1
2017	湊月		272	F	1
2017		ゆりな	272	F	1
2017	汐海	せあ	272	F	1
2017	湖乃		273	F	1
2017		よか	273	F	1
2017	沙和	さわ	273	F	1
2017	澪		274	F	1
2017		らら	274	F	1
2017	洸	ほのか	274	F	1
2017	瀬奈		275	F	1
2017		らん	275	F	1
2017	涼乃	すずの	275	F	1
2017	灯		276	F	1
2017		りあ	276	F	1
2017	涼香	すずか	276	F	1
2017	灯梨		277	F	1
2017		りあな	277	F	1
2017	深乎	みや	277	F	1
2017	灯里		278	F	1
2017		りいな	278	F	1
2017	渚	なぎさ	278	F	1
2017	玲心		279	F	1
2017		りおん	279	F	1
2017	湊月	みつき	279	F	1
2017	珠花		280	F	1
2017		りこ	280	F	1
2017	湖乃	この	280	F	1
2017	理帆		281	F	1
2017		りさ	281	F	1
2017	澪	みお	281	F	1
2017	理菜		282	F	1
2017		りっか	282	F	1
2017	瀬奈	せな	282	F	1
2017	琴		283	F	1
2017		りのは	283	F	1
2017	灯	あかり	283	F	1
2017	瑞希		284	F	1
2017		りほ	284	F	1
2017	灯梨	あかり	284	F	1
2017	瑠夏		285	F	1
2017		りら	285	F	1
2017	灯里	あかり	285	F	1
2017	瑠杏		286	F	1
2017		るあん	286	F	1
2017	玲心	れみ	286	F	1
2017	瑠莉		287	F	1
2017		るか	287	F	1
2017	珠花	みはな	287	F	1
2017	璃子		288	F	1
2017		るみ	288	F	1
2017	理帆	りほ	288	F	1
2017	環花		289	F	1
2017		るり	289	F	1
2017	理菜	りな	289	F	1
2017	環菜		290	F	1
2017		れいか	290	F	1
2017	琴	こと	290	F	1
2017	環華奈		291	F	1
2017		れいん	291	F	1
2017	瑞希	みづき	291	F	1
2017	由奈		292	F	1
2017		わか	292	F	1
2017	瑠夏	るか	292	F	1
2017	由紀乃		293	F	1
2017	瑠杏	るあん	293	F	1
2017	由結		294	F	1
2017	瑠莉	るり	294	F	1
2017	由莉		295	F	1
2017	璃子	りこ	295	F	1
2017	由香		296	F	1
2017	環	たまき	296	F	1
2017	百波		297	F	1
2017	環	とわ	297	F	1
2017	百環		298	F	1
2017	環花	かんな	298	F	1
2017	百華		299	F	1
2017	環菜	かんな	299	F	1
2017	皐姫		300	F	1
2017	環華奈	わかな	300	F	1
2017	真叶		301	F	1
2017	由奈	ゆな	301	F	1
2017	真幌		302	F	1
2017	由紀乃	ゆきの	302	F	1
2017	真歩		303	F	1
2017	由結	ゆい	303	F	1
2017	真緒		304	F	1
2017	由莉	ゆり	304	F	1
2017	碧		305	F	1
2017	由香	ゆか	305	F	1
2017	碧唯		306	F	1
2017	百波	ももは	306	F	1
2017	礼実		307	F	1
2017	百環	とわ	307	F	1
2017	祐奈		308	F	1
2017	百華	ももか	308	F	1
2017	祐花		309	F	1
2017	皐姫	さつき	309	F	1
2017	祐芽		310	F	1
2017	真叶	まかな	310	F	1
2017	稀羽		311	F	1
2017	真幌	まほろ	311	F	1
2017	稟		312	F	1
2017	真歩	まほ	312	F	1
2017	穂		313	F	1
2017	真緒	まお	313	F	1
2017	穂佳		314	F	1
2017	碧	あおい	314	F	1
2017	穂香		315	F	1
2017	碧唯	あおい	315	F	1
2017	空咲陽		316	F	1
2017	礼実	れみ	316	F	1
2017	空虹		317	F	1
2017	祐奈	ゆうな	317	F	1
2017	立果		318	F	1
2017	祐花	ゆうか	318	F	1
2017	笑奈		319	F	1
2017	祐芽	ゆめ	319	F	1
2017	笑愛		320	F	1
2017	稀羽	ののは	320	F	1
2017	糸叶		321	F	1
2017	稟	りん	321	F	1
2017	紅		322	F	1
2017	穂	ほのか	322	F	1
2017	紗希		323	F	1
2017	穂佳	ほのか	323	F	1
2017	紗彩		324	F	1
2017	穂香	ほのか	324	F	1
2017	紗藍		325	F	1
2017	空咲陽	あさひ	325	F	1
2017	紡実		326	F	1
2017	空虹	あこ	326	F	1
2017	紡希		327	F	1
2017	立果	りっか	327	F	1
2017	紫帆		328	F	1
2017	笑奈	えな	328	F	1
2017	紫音		329	F	1
2017	笑愛	えま	329	F	1
2017	絆月		330	F	1
2017	糸叶	いとか	330	F	1
2017	絆音		331	F	1
2017	紅	べに	331	F	1
2017	結		332	F	1
2017	紗希	さき	332	F	1
2017	結乃		333	F	1
2017	紗彩	さあや	333	F	1
2017	結佳奈		334	F	1
2017	紗藍	さらん	334	F	1
2017	結優		335	F	1
2017	紡実	つぐみ	335	F	1
2017	結咲		336	F	1
2017	紡希	つむぎ	336	F	1
2017	結奈		337	F	1
2017	紫帆	しほ	337	F	1
2017	結実		338	F	1
2017	紫音	しおん	338	F	1
2017	結希		339	F	1
2017	絆月	きづき	339	F	1
2017	結愛花		340	F	1
2017	絆音	こと	340	F	1
2017	結月		341	F	1
2017	結	ゆい	341	F	1
2017	結朱		342	F	1
2017	結乃	ゆいの	342	F	1
2017	結梛		343	F	1
2017	結佳奈	ゆかな	343	F	1
2017	結羽		344	F	1
2017	結優	ゆゆ	344	F	1
2017	結菜		345	F	1
2017	結咲	ゆうさ	345	F	1
2017	結衣吏		346	F	1
2017	結奈	ゆいな	346	F	1
2017	結衣菜		347	F	1
2017	結実	ゆうみ	347	F	1
2017	結鈴		348	F	1
2017	結希	ゆうき	348	F	1
2017	結香		349	F	1
2017	結愛花	ゆめか	349	F	1
2017	絵茉		350	F	1
2017	結月	ゆづき	350	F	1
2017	綸音		351	F	1
2017	結朱	ゆず	351	F	1
2017	綺音		352	F	1
2017	結梛	ゆうな	352	F	1
2017	綾心		353	F	1
2017	結羽	ゆいは	353	F	1
2017	美優里		354	F	1
2017	結菜	ゆうな	354	F	1
2017	美咲		355	F	1
2017	結衣吏	ゆいり	355	F	1
2017	美央		356	F	1
2017	結衣菜	ゆいな	356	F	1
2017	美希		357	F	1
2017	結鈴	ゆず	357	F	1
2017	美柚		358	F	1
2017	結香	ゆいか	358	F	1
2017	美桜		359	F	1
2017	絵茉	えま	359	F	1
2017	美汐		360	F	1
2017	綸音	りおん	360	F	1
2017	美海		361	F	1
2017	綺音	あやね	361	F	1
2017	美結		362	F	1
2017	綾心	あやみ	362	F	1
2017	美羽		363	F	1
2017	縁	えにし	363	F	1
2017	美都		364	F	1
2017	縁	ゆかり	364	F	1
2017	美鈴		365	F	1
2017	美優里	みゆり	365	F	1
2017	羽南		366	F	1
2017	美咲	みさき	366	F	1
2017	羽珠		367	F	1
2017	美央	みお	367	F	1
2017	羽稀		368	F	1
2017	美希	みき	368	F	1
2017	羽美		369	F	1
2017	美柚	みゆ	369	F	1
2017	翠衣		370	F	1
2017	美桜	みお	370	F	1
2017	翼		371	F	1
2017	美汐	みう	371	F	1
2017	舞音		372	F	1
2017	美海	みう	372	F	1
2017	花帆		373	F	1
2017	美結	みゆ	373	F	1
2017	花恵		374	F	1
2017	美羽	みう	374	F	1
2017	花果		375	F	1
2017	美都	みと	375	F	1
2017	花珠		376	F	1
2017	美鈴	みすず	376	F	1
2017	花穂		377	F	1
2017	羽南	はな	377	F	1
2017	花音		378	F	1
2017	羽珠	うみ	378	F	1
2017	芽亜莉		379	F	1
2017	羽稀	うき	379	F	1
2017	芽咲		380	F	1
2017	羽美	うみ	380	F	1
2017	茉央莉		381	F	1
2017	翠衣	すい	381	F	1
2017	茉愛		382	F	1
2017	翼	つばさ	382	F	1
2017	茉白		383	F	1
2017	舞音	まのん	383	F	1
2017	茉莉		384	F	1
2017	花帆	かほ	384	F	1
2017	莉乃羽		385	F	1
2017	花恵	はなえ	385	F	1
2017	莉夢		386	F	1
2017	花果	はなか	386	F	1
2017	莉愛		387	F	1
2017	花珠	はなみ	387	F	1
2017	莉愛菜		388	F	1
2017	花穂	かほ	388	F	1
2017	莉桜		389	F	1
2017	花音	かのん	389	F	1
2017	莉良		390	F	1
2017	芽亜莉	めあり	390	F	1
2017	莉衣奈		391	F	1
2017	芽咲	めいさ	391	F	1
2017	莉那		392	F	1
2017	茉央莉	まおり	392	F	1
2017	莉音		393	F	1
2017	茉愛	まいな	393	F	1
2017	菜々美		394	F	1
2017	茉白	ましろ	394	F	1
2017	菜花		395	F	1
2017	茉莉	まつり	395	F	1
2017	華凛		396	F	1
2017	莉乃羽	りのは	396	F	1
2017	華苑		397	F	1
2017	莉夢	りん	397	F	1
2017	華菜乃		398	F	1
2017	莉愛	りあ	398	F	1
2017	萌奈		399	F	1
2017	莉愛菜	りあな	399	F	1
2017	萌杏		400	F	1
2017	莉桜	りお	400	F	1
2017	萌衣		401	F	1
2017	莉良	りら	401	F	1
2017	葉々奈		402	F	1
2017	莉衣奈	りいな	402	F	1
2017	葉奈		403	F	1
2017	莉那	りな	403	F	1
2017	葵		404	F	1
2017	莉音	りお	404	F	1
2017	藍咲		405	F	1
2017	菜々美	ななみ	405	F	1
2017	蘭		406	F	1
2017	菜花	なのは	406	F	1
2017	虹歩		407	F	1
2017	華凛	かりん	407	F	1
2017	蛍		408	F	1
2017	華苑	かのん	408	F	1
2017	詩乃		409	F	1
2017	華菜乃	はなの	409	F	1
2017	詩奈		410	F	1
2017	萌奈	もな	410	F	1
2017	詩織		411	F	1
2017	萌杏	もあ	411	F	1
2017	詩葵		412	F	1
2017	萌衣	めい	412	F	1
2017	輝理		413	F	1
2017	葉々奈	はばな	413	F	1
2017	遙華		414	F	1
2017	葉奈	はな	414	F	1
2017	遥愛		415	F	1
2017	葵	あおい	415	F	1
2017	遥歌		416	F	1
2017	藍咲	あいら	416	F	1
2017	遥綺		417	F	1
2017	蘭	らん	417	F	1
2017	遥音		418	F	1
2017	虹歩	にじほ	418	F	1
2017	那月		419	F	1
2017	蛍	ほたる	419	F	1
2017	那海		420	F	1
2017	詩乃	うたの	420	F	1
2017	里桜		421	F	1
2017	詩奈	しいな	421	F	1
2017	里那		422	F	1
2017	詩織	しおり	422	F	1
2017	鈴		423	F	1
2017	詩葵	うたは	423	F	1
2017	鈴乃		424	F	1
2017	輝理	きらり	424	F	1
2017	陽		425	F	1
2017	遙華	はるか	425	F	1
2017	陽向		426	F	1
2017	遥愛	のあ	426	F	1
2017	陽咲		427	F	1
2017	遥歌	はるか	427	F	1
2017	陽夏		428	F	1
2017	遥綺	はるき	428	F	1
2017	陽奈詩		429	F	1
2017	遥音	かのん	429	F	1
2017	陽色		430	F	1
2017	那月	なつき	430	F	1
2017	陽莉		431	F	1
2017	那海	なみ	431	F	1
2017	陽菜乃		432	F	1
2017	里桜	りお	432	F	1
2017	陽那乃		433	F	1
2017	里那	りな	433	F	1
2017	陽香		434	F	1
2017	鈴	すず	434	F	1
2017	雅		435	F	1
2017	鈴乃	すずの	435	F	1
2017	雪乃		436	F	1
2017	陽	ほの	436	F	1
2017	雫		437	F	1
2017	陽向	ひなた	437	F	1
2017	音和		438	F	1
2017	陽咲	ひさき	438	F	1
2017	音心		439	F	1
2017	陽夏	ひなつ	439	F	1
2017	香撫		440	F	1
2017	陽奈詩	ひなた	440	F	1
2017	麗音		441	F	1
2017	陽色	ひいろ	441	F	1
2017	陽莉	あかり	442	F	1
2017	陽菜乃	ひなの	443	F	1
2017	陽那乃	ひなの	444	F	1
2017	陽香	はるか	445	F	1
2017	雅	みやび	446	F	1
2017	雪乃	ゆきの	447	F	1
2017	雫	しずく	448	F	1
2017	音和	おとわ	449	F	1
2017	音心	おと	450	F	1
2017	香撫	かなで	451	F	1
2017	麗音	れいん	452	F	1
2017	結人		1	M	3
2017		はると	1	M	9
2017	蓮	れん	1	M	3
2017	蓮		2	M	3
2017		こうき	2	M	8
2017	伊織	いおり	2	M	2
2017	伊織		3	M	2
2017		ゆうと	3	M	8
2017	優宝	ゆうと	3	M	2
2017	優宝		4	M	2
2017		かなた	4	M	7
2017	匠海	たくみ	4	M	2
2017	匠海		5	M	2
2017		あおい	5	M	6
2017	夏隼	なつと	5	M	2
2017	夏隼		6	M	2
2017		そうた	6	M	6
2017	大翔	ひろと	6	M	2
2017	大翔		7	M	2
2017		ゆうき	7	M	6
2017	奏多	かなた	7	M	2
2017	奏多		8	M	2
2017		あきと	8	M	5
2017	奏汰	かなた	8	M	2
2017	奏汰		9	M	2
2017		あさひ	9	M	5
2017	快成	かいせい	9	M	2
2017	快成		10	M	2
2017		そら	10	M	5
2017	悠陽	はるひ	10	M	2
2017	悠陽		11	M	2
2017		はるき	11	M	5
2017	春樹	はるき	11	M	2
2017	春樹		12	M	2
2017		ひろと	12	M	5
2017	春汰	はるた	12	M	2
2017	春汰		13	M	2
2017		ゆきと	13	M	5
2017	朝陽	あさひ	13	M	2
2017	朝陽		14	M	2
2017		りく	14	M	5
2017	桃吾	とうご	14	M	2
2017	桃吾		15	M	2
2017		あおと	15	M	4
2017	桐吾	とうご	15	M	2
2017	桐吾		16	M	2
2017		かいせい	16	M	4
2017	海斗	かいと	16	M	2
2017	樹生		17	M	2
2017		かいと	17	M	4
2017	湊	みなと	17	M	2
2017	海斗		18	M	2
2017		こうが	18	M	4
2017	煌太	おうた	18	M	2
2017	湊		19	M	2
2017		しおん	19	M	4
2017	碧	あおい	19	M	2
2017	煌太		20	M	2
2017		そうま	20	M	4
2017	結人	ゆうと	20	M	2
2017	碧		21	M	2
2017		たくと	21	M	4
2017	翔大	しょうた	21	M	2
2017	翔		22	M	2
2017		たくみ	22	M	4
2017	蒼翔	ひろと	22	M	2
2017	翔大		23	M	2
2017		とうご	23	M	4
2017	陸	りく	23	M	2
2017	蒼翔		24	M	2
2017		はる	24	M	4
2017	あきと	あきと	24	M	1
2017	遥大		25	M	2
2017		はるひ	25	M	4
2017	一人	かずと	25	M	1
2017	陸		26	M	2
2017		ひなた	26	M	4
2017	一叶	いちか	26	M	1
2017	あきと		27	M	1
2017		みなと	27	M	4
2017	一平	いっぺい	27	M	1
2017	一人		28	M	1
2017		れん	28	M	4
2017	一桔	いちきち	28	M	1
2017	一叶		29	M	1
2017		いくと	29	M	3
2017	一陽	あさひ	29	M	1
2017	一平		30	M	1
2017		かずと	30	M	3
2017	一颯	いっさ	30	M	1
2017	一桔		31	M	1
2017		こうた	31	M	3
2017	三稀	みつき	31	M	1
2017	一陽		32	M	1
2017		しょうた	32	M	3
2017	亜羅秀	あらし	32	M	1
2017	一颯		33	M	1
2017		そうすけ	33	M	3
2017	亮和	りょうわ	33	M	1
2017	三稀		34	M	1
2017		はるた	34	M	3
2017	仁	じん	34	M	1
2017	亜羅秀		35	M	1
2017		まさよし	35	M	3
2017	仁哉	じんや	35	M	1
2017	亮和		36	M	1
2017		みつき	36	M	3
2017	伊佐	いさ	36	M	1
2017	仁		37	M	1
2017		ゆうま	37	M	3
2017	伊吹	いぶき	37	M	1
2017	仁哉		38	M	1
2017		ゆずき	38	M	3
2017	佑真	ゆうま	38	M	1
2017	伊佐		39	M	1
2017		りつき	39	M	3
2017	佳聖	かいせい	39	M	1
2017	伊吹		40	M	1
2017		あやと	40	M	2
2017	來輝	らいき	40	M	1
2017	佑真		41	M	1
2017		あらた	41	M	2
2017	俊	しゅん	41	M	1
2017	佳聖		42	M	1
2017		いおり	42	M	2
2017	俊介	しゅんすけ	42	M	1
2017	來輝		43	M	1
2017		いつき	43	M	2
2017	俐月	りつき	43	M	1
2017	俊		44	M	1
2017		えいた	44	M	2
2017	倖叶	ゆきと	44	M	1
2017	俊介		45	M	1
2017		おうが	45	M	2
2017	倖大	こうた	45	M	1
2017	俐月		46	M	1
2017		おうた	46	M	2
2017	健吾	けんご	46	M	1
2017	倖叶		47	M	1
2017		おうり	47	M	2
2017	健心	けんしん	47	M	1
2017	倖大		48	M	1
2017		おと	48	M	2
2017	優	ゆう	48	M	1
2017	健吾		49	M	1
2017		かいり	49	M	2
2017	優弥	ゆうや	49	M	1
2017	健心		50	M	1
2017		けいた	50	M	2
2017	優志	ゆうじ	50	M	1
2017	優		51	M	1
2017		さくと	51	M	2
2017	優李	ゆうり	51	M	1
2017	優弥		52	M	1
2017		しょうき	52	M	2
2017	優磨	ゆうま	52	M	1
2017	優志		53	M	1
2017		しょうご	53	M	2
2017	優輝	ゆうき	53	M	1
2017	優李		54	M	1
2017		しょうま	54	M	2
2017	元希	げんき	54	M	1
2017	優磨		55	M	1
2017		すばる	55	M	2
2017	充輝	みつき	55	M	1
2017	優輝		56	M	1
2017		せんたろう	56	M	2
2017	光	ひかる	56	M	1
2017	元希		57	M	1
2017		そう	57	M	2
2017	光冴	こうが	57	M	1
2017	充輝		58	M	1
2017		そうしろう	58	M	2
2017	光雅	こうが	58	M	1
2017	光		59	M	1
2017		たいせい	59	M	2
2017	公士朗	こうしろう	59	M	1
2017	光冴		60	M	1
2017		たくや	60	M	2
2017	凌太朗	りょうたろう	60	M	1
2017	光雅		61	M	1
2017		たつき	61	M	2
2017	凛	りん	61	M	1
2017	公士朗		62	M	1
2017		つばき	62	M	2
2017	凜	りん	62	M	1
2017	凌太朗		63	M	1
2017		とあ	63	M	2
2017	凜太朗	りんたろう	63	M	1
2017	凛		64	M	1
2017		とうま	64	M	2
2017	凜玖	りく	64	M	1
2017	凜		65	M	1
2017		とき	65	M	2
2017	凪叶	なぎと	65	M	1
2017	凜太朗		66	M	1
2017		なお	66	M	2
2017	凰之助	こうのすけ	66	M	1
2017	凜玖		67	M	1
2017		なつと	67	M	2
2017	凰斗	おと	67	M	1
2017	凪叶		68	M	1
2017		はるま	68	M	2
2017	凰輝	こうき	68	M	1
2017	凰之助		69	M	1
2017		ふうと	69	M	2
2017	剛生	こうき	69	M	1
2017	凰斗		70	M	1
2017		まこと	70	M	2
2017	勇介	ゆうすけ	70	M	1
2017	凰輝		71	M	1
2017		まなと	71	M	2
2017	勇佑	ゆうすけ	71	M	1
2017	剛生		72	M	1
2017		まもる	72	M	2
2017	勇兜	ゆうと	72	M	1
2017	勇介		73	M	1
2017		ゆう	73	M	2
2017	勇貴	ゆうき	73	M	1
2017	勇佑		74	M	1
2017		ゆうすけ	74	M	2
2017	勇飛	ゆうひ	74	M	1
2017	勇兜		75	M	1
2017		ゆうのすけ	75	M	2
2017	匠	たくみ	75	M	1
2017	勇貴		76	M	1
2017		ゆうや	76	M	2
2017	匠吾	しょうご	76	M	1
2017	勇飛		77	M	1
2017		ゆきや	77	M	2
2017	匠翔	たくと	77	M	1
2017	匠		78	M	1
2017		らいき	78	M	2
2017	匠舞	しょうき	78	M	1
2017	匠吾		79	M	1
2017		りゅう	79	M	2
2017	匡翔	まさと	79	M	1
2017	匠翔		80	M	1
2017		りょう	80	M	2
2017	千修	せんしゅう	80	M	1
2017	匠舞		81	M	1
2017		りん	81	M	2
2017	千太郎	せんたろう	81	M	1
2017	匡翔		82	M	1
2017		りんたろう	82	M	2
2017	千寿	せんじゅ	82	M	1
2017	千修		83	M	1
2017		れお	83	M	2
2017	千惺	ちせい	83	M	1
2017	千太郎		84	M	1
2017		あいと	84	M	1
2017	卓弥	たくや	84	M	1
2017	千寿		85	M	1
2017		あお	85	M	1
2017	厘太朗	りんたろう	85	M	1
2017	千惺		86	M	1
2017		あかり	86	M	1
2017	友也	ゆうや	86	M	1
2017	卓弥		87	M	1
2017		あきひと	87	M	1
2017	右京	うきょう	87	M	1
2017	厘太朗		88	M	1
2017		あまと	88	M	1
2017	叶歩	とあ	88	M	1
2017	友也		89	M	1
2017		あやき	89	M	1
2017	叶逢	とあ	89	M	1
2017	右京		90	M	1
2017		あゆき	90	M	1
2017	叶都	かなと	90	M	1
2017	叶歩		91	M	1
2017		あらし	91	M	1
2017	和弘	かずひろ	91	M	1
2017	叶逢		92	M	1
2017		いさ	92	M	1
2017	和永	かずと	92	M	1
2017	叶都		93	M	1
2017		いちか	93	M	1
2017	和翔	かずと	93	M	1
2017	和弘		94	M	1
2017		いちきち	94	M	1
2017	和貴	かずたか	94	M	1
2017	和永		95	M	1
2017		いちと	95	M	1
2017	咲築	さつき	95	M	1
2017	和翔		96	M	1
2017		いっさ	96	M	1
2017	啓一	けいいち	96	M	1
2017	和貴		97	M	1
2017		いっしん	97	M	1
2017	啓汰	けいた	97	M	1
2017	咲築		98	M	1
2017		いっぺい	98	M	1
2017	善	ぜん	98	M	1
2017	啓一		99	M	1
2017		いぶき	99	M	1
2017	士恩	しおん	99	M	1
2017	啓汰		100	M	1
2017		うきょう	100	M	1
2017	壮	そう	100	M	1
2017	善		101	M	1
2017		うと	101	M	1
2017	壮志	そうし	101	M	1
2017	士恩		102	M	1
2017		えいじ	102	M	1
2017	壮汰	そうた	102	M	1
2017	壮		103	M	1
2017		えいと	103	M	1
2017	壮真	そうま	103	M	1
2017	壮志		104	M	1
2017		えいる	104	M	1
2017	壱仁	いっしん	104	M	1
2017	壮汰		105	M	1
2017		えにし	105	M	1
2017	夏凪斗	ななと	105	M	1
2017	壮真		106	M	1
2017		おうせい	106	M	1
2017	夏絃	かいと	106	M	1
2017	壱仁		107	M	1
2017		かい	107	M	1
2017	夏輝	なき	107	M	1
2017	夏凪斗		108	M	1
2017		かえで	108	M	1
2017	夕翔	ひなと	108	M	1
2017	夏絃		109	M	1
2017		かずたか	109	M	1
2017	大和	やまと	109	M	1
2017	夏輝		110	M	1
2017		かずひろ	110	M	1
2017	大希	だいき	110	M	1
2017	夕翔		111	M	1
2017		かなと	111	M	1
2017	大斗	はると	111	M	1
2017	大和		112	M	1
2017		がく	112	M	1
2017	大晟	たいせい	112	M	1
2017	大希		113	M	1
2017		きょうしろう	113	M	1
2017	大晴	たいせい	113	M	1
2017	大斗		114	M	1
2017		きょうたろう	114	M	1
2017	大知	たいち	114	M	1
2017	大晟		115	M	1
2017		きんや	115	M	1
2017	大雅	たいが	115	M	1
2017	大晴		116	M	1
2017		けい	116	M	1
2017	天太	てんた	116	M	1
2017	大知		117	M	1
2017		けいいち	117	M	1
2017	天飛	あまと	117	M	1
2017	大雅		118	M	1
2017		けいしん	118	M	1
2017	太陽	たいよう	118	M	1
2017	天太		119	M	1
2017		けいすけ	119	M	1
2017	央歩	おと	119	M	1
2017	天飛		120	M	1
2017		けん	120	M	1
2017	央理	おうり	120	M	1
2017	太陽		121	M	1
2017		けんご	121	M	1
2017	奏吾	そうご	121	M	1
2017	央歩		122	M	1
2017		けんしん	122	M	1
2017	奏太	かなた	122	M	1
2017	央理		123	M	1
2017		げん	123	M	1
2017	奏太朗	そうたろう	123	M	1
2017	奏吾		124	M	1
2017		げんき	124	M	1
2017	奏羅	そら	124	M	1
2017	奏太		125	M	1
2017		こうしろう	125	M	1
2017	奏翔	たくと	125	M	1
2017	奏太朗		126	M	1
2017		こうすけ	126	M	1
2017	奏舞	そうま	126	M	1
2017	奏羅		127	M	1
2017		こうせい	127	M	1
2017	奏那	かなた	127	M	1
2017	奏翔		128	M	1
2017		こうだい	128	M	1
2017	完仁	ひろと	128	M	1
2017	奏舞		129	M	1
2017		こうのすけ	129	M	1
2017	宗司朗	そうしろう	129	M	1
2017	奏那		130	M	1
2017		こたろう	130	M	1
2017	寛也	ひろや	130	M	1
2017	完仁		131	M	1
2017		こはる	131	M	1
2017	将宗	まさむね	131	M	1
2017	宗司朗		132	M	1
2017		さく	132	M	1
2017	将真	しょうま	132	M	1
2017	寛也		133	M	1
2017		さくな	133	M	1
2017	尊	たける	133	M	1
2017	将宗		134	M	1
2017		さくや	134	M	1
2017	尚	たかし	134	M	1
2017	将真		135	M	1
2017		さつき	135	M	1
2017	尚央	なお	135	M	1
2017	尊		136	M	1
2017		さらん	136	M	1
2017	岳	がく	136	M	1
2017	尚		137	M	1
2017		しの	137	M	1
2017	嶺	れい	137	M	1
2017	尚央		138	M	1
2017		しゅう	138	M	1
2017	巡琉	めぐる	138	M	1
2017	岳		139	M	1
2017		しゅん	139	M	1
2017	市翔	いちと	139	M	1
2017	嶺		140	M	1
2017		しゅんし	140	M	1
2017	希望	そら	140	M	1
2017	巡琉		141	M	1
2017		しゅんすけ	141	M	1
2017	帝月	みかづき	141	M	1
2017	市翔		142	M	1
2017		しょう	142	M	1
2017	幸ノ介	ゆうのすけ	142	M	1
2017	希望		143	M	1
2017		しょうい	143	M	1
2017	幸人	ゆきと	143	M	1
2017	帝月		144	M	1
2017		しょうのすけ	144	M	1
2017	幸希	こうき	144	M	1
2017	幸ノ介		145	M	1
2017		しょうや	145	M	1
2017	幸弥	ゆきや	145	M	1
2017	幸人		146	M	1
2017		しんげん	146	M	1
2017	幸歩	ゆきと	146	M	1
2017	幸希		147	M	1
2017		しんのすけ	147	M	1
2017	幸河	こうが	147	M	1
2017	幸弥		148	M	1
2017		じゅん	148	M	1
2017	広大	こうだい	148	M	1
2017	幸歩		149	M	1
2017		じん	149	M	1
2017	康佑	こうすけ	149	M	1
2017	幸河		150	M	1
2017		じんや	150	M	1
2017	康樹	こうき	150	M	1
2017	広大		151	M	1
2017		すみただ	151	M	1
2017	弘康	ひろやす	151	M	1
2017	康佑		152	M	1
2017		せいあ	152	M	1
2017	弘葵	こうき	152	M	1
2017	康樹		153	M	1
2017		せいたろう	153	M	1
2017	弥來	みつき	153	M	1
2017	弘康		154	M	1
2017		せいや	154	M	1
2017	弥寛	やひろ	154	M	1
2017	弘葵		155	M	1
2017		せな	155	M	1
2017	弾	だん	155	M	1
2017	弥來		156	M	1
2017		せんしゅう	156	M	1
2017	彦太	ひこた	156	M	1
2017	弥寛		157	M	1
2017		せんじゅ	157	M	1
2017	彩人	あやと	157	M	1
2017	弾		158	M	1
2017		せんり	158	M	1
2017	彪輝	あやき	158	M	1
2017	彦太		159	M	1
2017		ぜん	159	M	1
2017	彰人	あきと	159	M	1
2017	彩人		160	M	1
2017		そうげん	160	M	1
2017	彰哉	しょうや	160	M	1
2017	彪輝		161	M	1
2017		そうご	161	M	1
2017	律希	りつき	161	M	1
2017	彰人		162	M	1
2017		そうし	162	M	1
2017	律葵	りつき	162	M	1
2017	彰哉		163	M	1
2017		そうたろう	163	M	1
2017	徠騎	らいき	163	M	1
2017	律希		164	M	1
2017		そうへい	164	M	1
2017	心乃	しの	164	M	1
2017	律葵		165	M	1
2017		そらた	165	M	1
2017	心之介	しんのすけ	165	M	1
2017	徠騎		166	M	1
2017		たいが	166	M	1
2017	志朋	ゆきと	166	M	1
2017	心乃		167	M	1
2017		たいざん	167	M	1
2017	快浬	かいり	167	M	1
2017	心之介		168	M	1
2017		たいじゅ	168	M	1
2017	怜	れん	168	M	1
2017	志朋		169	M	1
2017		たいすけ	169	M	1
2017	怜大	りょうた	169	M	1
2017	快浬		170	M	1
2017		たいち	170	M	1
2017	怜央	れお	170	M	1
2017	怜		171	M	1
2017		たいよう	171	M	1
2017	恒明	つねあき	171	M	1
2017	怜大		172	M	1
2017		たかうみ	172	M	1
2017	恭士郎	きょうしろう	172	M	1
2017	怜央		173	M	1
2017		たかし	173	M	1
2017	恭太郎	きょうたろう	173	M	1
2017	恒明		174	M	1
2017		たかまさ	174	M	1
2017	恵介	けいすけ	174	M	1
2017	恭士郎		175	M	1
2017		たかや	175	M	1
2017	悠	はる	175	M	1
2017	恭太郎		176	M	1
2017		たくま	176	M	1
2017	悠之介	ゆうのすけ	176	M	1
2017	恵介		177	M	1
2017		たける	177	M	1
2017	悠人	はると	177	M	1
2017	悠		178	M	1
2017		だいき	178	M	1
2017	悠伸	ゆうしん	178	M	1
2017	悠之介		179	M	1
2017		だん	179	M	1
2017	悠樹	ゆうき	179	M	1
2017	悠人		180	M	1
2017		ちせい	180	M	1
2017	悠生	ゆう	180	M	1
2017	悠伸		181	M	1
2017		つねあき	181	M	1
2017	悠真	ゆうま	181	M	1
2017	悠樹		182	M	1
2017		つむぐ	182	M	1
2017	悠良	ゆら	182	M	1
2017	悠生		183	M	1
2017		てんた	183	M	1
2017	想	そう	183	M	1
2017	悠真		184	M	1
2017		とうい	184	M	1
2017	想平	そうへい	184	M	1
2017	悠良		185	M	1
2017		とうじ	185	M	1
2017	惺渚	せな	185	M	1
2017	想		186	M	1
2017		とうた	186	M	1
2017	愛大	まなと	186	M	1
2017	想平		187	M	1
2017		としなり	187	M	1
2017	愛翔	まなと	187	M	1
2017	惺渚		188	M	1
2017		としや	188	M	1
2017	慶	けい	188	M	1
2017	愛大		189	M	1
2017		ともき	189	M	1
2017	慶太	けいた	189	M	1
2017	愛翔		190	M	1
2017		ともひと	190	M	1
2017	慶心	けいしん	190	M	1
2017	慶		191	M	1
2017		とらのすけ	191	M	1
2017	應誠	おうせい	191	M	1
2017	慶太		192	M	1
2017		とわ	192	M	1
2017	成琉大	なると	192	M	1
2017	慶心		193	M	1
2017		なおし	193	M	1
2017	扇太朗	せんたろう	193	M	1
2017	應誠		194	M	1
2017		なき	194	M	1
2017	拓晃	ひろあき	194	M	1
2017	成琉大		195	M	1
2017		なぎさ	195	M	1
2017	拓正	たくま	195	M	1
2017	扇太朗		196	M	1
2017		なぎと	196	M	1
2017	拓矢	たくや	196	M	1
2017	拓晃		197	M	1
2017		なつ	197	M	1
2017	拓音	たくと	197	M	1
2017	拓正		198	M	1
2017		ななと	198	M	1
2017	摩星	ましゅう	198	M	1
2017	拓矢		199	M	1
2017		なみと	199	M	1
2017	政良	まさよし	199	M	1
2017	拓音		200	M	1
2017		なると	200	M	1
2017	敬海	たかうみ	200	M	1
2017	摩星		201	M	1
2017		のぼる	201	M	1
2017	文人	ふみと	201	M	1
2017	政良		202	M	1
2017		はすみ	202	M	1
2017	文弥	ふみや	202	M	1
2017	敬海		203	M	1
2017		はせる	203	M	1
2017	新	あらた	203	M	1
2017	文人		204	M	1
2017		はやと	204	M	1
2017	新大	あらた	204	M	1
2017	文弥		205	M	1
2017		はるゆき	205	M	1
2017	旬	とき	205	M	1
2017	新		206	M	1
2017		ひかる	206	M	1
2017	旭	あさひ	206	M	1
2017	新大		207	M	1
2017		ひこた	207	M	1
2017	旭陽	あさひ	207	M	1
2017	旬		208	M	1
2017		ひなと	208	M	1
2017	昇之助	しょうのすけ	208	M	1
2017	旭		209	M	1
2017		ひろあき	209	M	1
2017	昇吾	しょうご	209	M	1
2017	旭陽		210	M	1
2017		ひろき	210	M	1
2017	昌也	まさや	210	M	1
2017	昇之助		211	M	1
2017		ひろや	211	M	1
2017	星空	せいあ	211	M	1
2017	昇吾		212	M	1
2017		ひろやす	212	M	1
2017	春貴	はるき	212	M	1
2017	昌也		213	M	1
2017		ふみと	213	M	1
2017	晃季	こうき	213	M	1
2017	星空		214	M	1
2017		ふみや	214	M	1
2017	晃斗	あきと	214	M	1
2017	春貴		215	M	1
2017		ふわ	215	M	1
2017	晄仁	あきひと	215	M	1
2017	晃季		216	M	1
2017		まきと	216	M	1
2017	晄士	あきと	216	M	1
2017	晃斗		217	M	1
2017		まさき	217	M	1
2017	晴大	はる	217	M	1
2017	晄仁		218	M	1
2017		まさと	218	M	1
2017	晴幸	はるゆき	218	M	1
2017	晄士		219	M	1
2017		まさひろ	219	M	1
2017	晴汰	はるた	219	M	1
2017	晴大		220	M	1
2017		まさむね	220	M	1
2017	晴生	はるき	220	M	1
2017	晴幸		221	M	1
2017		まさや	221	M	1
2017	晴陽	はるひ	221	M	1
2017	晴汰		222	M	1
2017		ましゅう	222	M	1
2017	智仁	ともひと	222	M	1
2017	晴生		223	M	1
2017		まはる	223	M	1
2017	智成	としなり	223	M	1
2017	晴陽		224	M	1
2017		まひろ	224	M	1
2017	智貴	ともき	224	M	1
2017	智仁		225	M	1
2017		まや	225	M	1
2017	暖	はる	225	M	1
2017	智成		226	M	1
2017		みかさ	226	M	1
2017	暖汰	ひなた	226	M	1
2017	智貴		227	M	1
2017		みかづき	227	M	1
2017	暖陽	はると	227	M	1
2017	暖		228	M	1
2017		みずき	228	M	1
2017	暢嘉志	まさよし	228	M	1
2017	暖汰		229	M	1
2017		みち	229	M	1
2017	朔	さく	229	M	1
2017	暖陽		230	M	1
2017		みちと	230	M	1
2017	朔和	さくと	230	M	1
2017	暢嘉志		231	M	1
2017		みはる	231	M	1
2017	朔永	さくと	231	M	1
2017	朔		232	M	1
2017		めい	232	M	1
2017	朔矢	さくや	232	M	1
2017	朔和		233	M	1
2017		めぐる	233	M	1
2017	李都	りく	233	M	1
2017	朔永		234	M	1
2017		もあと	234	M	1
2017	東磨	とうま	234	M	1
2017	朔矢		235	M	1
2017		やひろ	235	M	1
2017	柊羽	しゅう	235	M	1
2017	李都		236	M	1
2017		やまと	236	M	1
2017	柚希	ゆずき	236	M	1
2017	東磨		237	M	1
2017		ゆい	237	M	1
2017	柚李	ゆずき	237	M	1
2017	柊羽		238	M	1
2017		ゆいと	238	M	1
2017	柚貴	ゆずき	238	M	1
2017	柚希		239	M	1
2017		ゆうあ	239	M	1
2017	栄太	えいた	239	M	1
2017	柚李		240	M	1
2017		ゆうしん	240	M	1
2017	桃眞	とうま	240	M	1
2017	柚貴		241	M	1
2017		ゆうじ	241	M	1
2017	桜愛	さらん	241	M	1
2017	栄太		242	M	1
2017		ゆうじろう	242	M	1
2017	桜梛	さくな	242	M	1
2017	桃眞		243	M	1
2017		ゆうたろう	243	M	1
2017	楓	かえで	243	M	1
2017	桜愛		244	M	1
2017		ゆうひ	244	M	1
2017	楓人	ふうと	244	M	1
2017	桜梛		245	M	1
2017		ゆうり	245	M	1
2017	楓和	ふわ	245	M	1
2017	楓		246	M	1
2017		ゆうわ	246	M	1
2017	楓都	ふうと	246	M	1
2017	楓人		247	M	1
2017		ゆたか	247	M	1
2017	楽煌	らきや	247	M	1
2017	楓和		248	M	1
2017		ゆら	248	M	1
2017	榛真	はるま	248	M	1
2017	楓都		249	M	1
2017		よう	249	M	1
2017	槙杜	まきと	249	M	1
2017	楽煌		250	M	1
2017		ようた	250	M	1
2017	樹	いつき	250	M	1
2017	榛真		251	M	1
2017		ようたろう	251	M	1
2017	樹希	たつき	251	M	1
2017	槙杜		252	M	1
2017		よすが	252	M	1
2017	樹生	いつき	252	M	1
2017	樹		253	M	1
2017		らお	253	M	1
2017	樹生	たつき	253	M	1
2017	樹希		254	M	1
2017		らおと	254	M	1
2017	橙次	とうじ	254	M	1
2017	橙次		255	M	1
2017		らきや	255	M	1
2017	櫂	かい	255	M	1
2017	櫂		256	M	1
2017		らん	256	M	1
2017	櫂人	かいと	256	M	1
2017	櫂人		257	M	1
2017		らんま	257	M	1
2017	櫂己	たくみ	257	M	1
2017	櫂己		258	M	1
2017		りあと	258	M	1
2017	櫂聖	かいせい	258	M	1
2017	櫂聖		259	M	1
2017		りお	259	M	1
2017	欣也	きんや	259	M	1
2017	欣也		260	M	1
2017		りおと	260	M	1
2017	歩輝	あゆき	260	M	1
2017	歩輝		261	M	1
2017		りと	261	M	1
2017	永季	とき	261	M	1
2017	永季		262	M	1
2017		りひと	262	M	1
2017	永遠	とわ	262	M	1
2017	永遠		263	M	1
2017		りゅうせい	263	M	1
2017	汐響	しおん	263	M	1
2017	汐響		264	M	1
2017		りゅうのすけ	264	M	1
2017	汰樹	たいじゅ	264	M	1
2017	汰樹		265	M	1
2017		りゅうま	265	M	1
2017	波音	なみと	265	M	1
2017	波音		266	M	1
2017		りょうた	266	M	1
2017	泰介	たいすけ	266	M	1
2017	泰介		267	M	1
2017		りょうたろう	267	M	1
2017	泰山	たいざん	267	M	1
2017	泰山		268	M	1
2017		りょうへい	268	M	1
2017	浩汰	こうた	268	M	1
2017	浩汰		269	M	1
2017		りょうま	269	M	1
2017	海李	かいり	269	M	1
2017	海李		270	M	1
2017		りょうわ	270	M	1
2017	海陽	みはる	270	M	1
2017	海陽		271	M	1
2017		るき	271	M	1
2017	涼平	りょうへい	271	M	1
2017	涼平		272	M	1
2017		れい	272	M	1
2017	渉	わたる	272	M	1
2017	渉		273	M	1
2017		れんと	273	M	1
2017	渚	なぎさ	273	M	1
2017	渚		274	M	1
2017		わたる	274	M	1
2017	温大	はると	274	M	1
2017	温大		275	M	1
2017	湊万	そうま	275	M	1
2017	湊万		276	M	1
2017	湊介	そうすけ	276	M	1
2017	湊介		277	M	1
2017	湊大	そうた	277	M	1
2017	湊大		278	M	1
2017	湊太	そうた	278	M	1
2017	湊太		279	M	1
2017	湊斗	みなと	279	M	1
2017	湊斗		280	M	1
2017	湊翔	みなと	280	M	1
2017	湊翔		281	M	1
2017	満開咲	みかさ	281	M	1
2017	満開咲		282	M	1
2017	源	げん	282	M	1
2017	源		283	M	1
2017	潤	じゅん	283	M	1
2017	潤		284	M	1
2017	澄晴	すばる	284	M	1
2017	澄晴		285	M	1
2017	煌希	こうき	285	M	1
2017	煌希		286	M	1
2017	煌琥	こうが	286	M	1
2017	煌琥		287	M	1
2017	燈	あかり	287	M	1
2017	燈		288	M	1
2017	爽良	そら	288	M	1
2017	爽良		289	M	1
2017	理仁	みちと	289	M	1
2017	理仁		290	M	1
2017	琉	りゅう	290	M	1
2017	琉		291	M	1
2017	琉真	りゅうま	291	M	1
2017	琉真		292	M	1
2017	琉稀	るき	292	M	1
2017	琉稀		293	M	1
2017	琥陽	こはる	293	M	1
2017	琥陽		294	M	1
2017	琳央	りお	294	M	1
2017	琳央		295	M	1
2017	瑛太	えいた	295	M	1
2017	瑛太		296	M	1
2017	瑞季	みずき	296	M	1
2017	瑞季		297	M	1
2017	璃叶	りおと	297	M	1
2017	璃叶		298	M	1
2017	璃愛斗	りあと	298	M	1
2017	璃愛斗		299	M	1
2017	璃灯	りひと	299	M	1
2017	璃灯		300	M	1
2017	由健香	ゆたか	300	M	1
2017	由健香		301	M	1
2017	登琉	のぼる	301	M	1
2017	登琉		302	M	1
2017	皇琥	おうが	302	M	1
2017	皇琥		303	M	1
2017	皇翔	おうが	303	M	1
2017	皇翔		304	M	1
2017	盟	めい	304	M	1
2017	盟		305	M	1
2017	直志	なおし	305	M	1
2017	直志		306	M	1
2017	直朋	なお	306	M	1
2017	直朋		307	M	1
2017	真優	まひろ	307	M	1
2017	真優		308	M	1
2017	真哉	まや	308	M	1
2017	真哉		309	M	1
2017	真大	まさひろ	309	M	1
2017	真大		310	M	1
2017	真慶	まさよし	310	M	1
2017	真慶		311	M	1
2017	真源	しんげん	311	M	1
2017	真源		312	M	1
2017	真琴	まこと	312	M	1
2017	真琴		313	M	1
2017	碧仁	あいと	313	M	1
2017	碧仁		314	M	1
2017	碧空	りく	314	M	1
2017	碧空		315	M	1
2017	碧音	あおと	315	M	1
2017	碧音		316	M	1
2017	祐和	ゆうわ	316	M	1
2017	祐和		317	M	1
2017	祐希	ゆうき	317	M	1
2017	祐希		318	M	1
2017	空	そら	318	M	1
2017	空		319	M	1
2017	空斗	うと	319	M	1
2017	空斗		320	M	1
2017	空汰	そらた	320	M	1
2017	空汰		321	M	1
2017	竣司	しゅんし	321	M	1
2017	竣司		322	M	1
2017	笑瑠	えいる	322	M	1
2017	笑瑠		323	M	1
2017	純正	すみただ	323	M	1
2017	純正		324	M	1
2017	紬功	つむぐ	324	M	1
2017	紬功		325	M	1
2017	結	ゆい	325	M	1
2017	結		326	M	1
2017	結人	ゆいと	326	M	1
2017	結城士		327	M	1
2017	結城士	ゆきと	327	M	1
2017	結斗		328	M	1
2017	結斗	ゆうと	328	M	1
2017	結葵		329	M	1
2017	結葵	ゆうき	329	M	1
2017	絢斗		330	M	1
2017	絢斗	あやと	330	M	1
2017	統偉		331	M	1
2017	統偉	とうい	331	M	1
2017	統太		332	M	1
2017	統太	とうた	332	M	1
2017	縁		333	M	1
2017	縁	よすが	333	M	1
2017	縁司		334	M	1
2017	縁司	えにし	334	M	1
2017	羽澄		335	M	1
2017	羽澄	はすみ	335	M	1
2017	翔偉		336	M	1
2017	翔	しょう	336	M	1
2017	翔太		337	M	1
2017	翔	はると	337	M	1
2017	翔真		338	M	1
2017	翔偉	しょうい	338	M	1
2017	翔稀		339	M	1
2017	翔太	しょうた	339	M	1
2017	翔音		340	M	1
2017	翔真	しょうま	340	M	1
2017	翠遼		341	M	1
2017	翔稀	しょうき	341	M	1
2017	翼		342	M	1
2017	翔音	しおん	342	M	1
2017	翼希		343	M	1
2017	翠遼	すばる	343	M	1
2017	耀		344	M	1
2017	翼	つばき	344	M	1
2017	聡人		345	M	1
2017	翼希	つばき	345	M	1
2017	聡汰		346	M	1
2017	耀	よう	346	M	1
2017	航世		347	M	1
2017	聡人	あきと	347	M	1
2017	航太		348	M	1
2017	聡汰	そうた	348	M	1
2017	航輝		349	M	1
2017	航世	こうせい	349	M	1
2017	英人		350	M	1
2017	航太	こうた	350	M	1
2017	英司		351	M	1
2017	航輝	こうき	351	M	1
2017	茉晴		352	M	1
2017	英人	えいと	352	M	1
2017	茜光		353	M	1
2017	英司	えいじ	353	M	1
2017	萌斗		354	M	1
2017	茉晴	まはる	354	M	1
2017	葵		355	M	1
2017	茜光	せんり	355	M	1
2017	葵叶		356	M	1
2017	萌斗	もあと	356	M	1
2017	葵翔		357	M	1
2017	葵	あおい	357	M	1
2017	葵道		358	M	1
2017	葵叶	あおい	358	M	1
2017	蒼		359	M	1
2017	葵翔	あおと	359	M	1
2017	蒼侑		360	M	1
2017	葵道	あおい	360	M	1
2017	蒼士郎		361	M	1
2017	蒼	あおい	361	M	1
2017	蒼太		362	M	1
2017	蒼侑	そうすけ	362	M	1
2017	蒼斗		363	M	1
2017	蒼士郎	そうしろう	363	M	1
2017	蒼桜		364	M	1
2017	蒼太	そうた	364	M	1
2017	蒼玄		365	M	1
2017	蒼斗	あおと	365	M	1
2017	蒼真		366	M	1
2017	蒼桜	あお	366	M	1
2017	蒼空		367	M	1
2017	蒼玄	そうげん	367	M	1
2017	蒼音		368	M	1
2017	蒼真	そうま	368	M	1
2017	蓮生		369	M	1
2017	蒼空	そら	369	M	1
2017	蓮隼		370	M	1
2017	蒼音	あおと	370	M	1
2017	藍		371	M	1
2017	蓮生	れお	371	M	1
2017	蘭緒		372	M	1
2017	蓮隼	れんと	372	M	1
2017	蘭麻		373	M	1
2017	藍	らん	373	M	1
2017	虎之介		374	M	1
2017	蘭緒	らお	374	M	1
2017	虎信也		375	M	1
2017	蘭麻	らんま	375	M	1
2017	虎太郎		376	M	1
2017	虎之介	とらのすけ	376	M	1
2017	虎皇斗		377	M	1
2017	虎信也	としや	377	M	1
2017	行矢		378	M	1
2017	虎太郎	こたろう	378	M	1
2017	衛		379	M	1
2017	虎皇斗	らおと	379	M	1
2017	裕二朗		380	M	1
2017	行矢	ゆきや	380	M	1
2017	裕翔		381	M	1
2017	衛	まもる	381	M	1
2017	詩音		382	M	1
2017	裕二朗	ゆうじろう	382	M	1
2017	誠		383	M	1
2017	裕翔	ゆうと	383	M	1
2017	誠也		384	M	1
2017	詩音	しおん	384	M	1
2017	誠太郎		385	M	1
2017	誠	まこと	385	M	1
2017	諒		386	M	1
2017	誠也	せいや	386	M	1
2017	謙		387	M	1
2017	誠太郎	せいたろう	387	M	1
2017	護		388	M	1
2017	諒	りょう	388	M	1
2017	迪		389	M	1
2017	謙	けん	389	M	1
2017	逞人		390	M	1
2017	護	まもる	390	M	1
2017	遙人		391	M	1
2017	迪	みち	391	M	1
2017	遥斗		392	M	1
2017	逞人	たくと	392	M	1
2017	遥葵		393	M	1
2017	遙人	はると	393	M	1
2017	遥貴		394	M	1
2017	遥大	かなた	394	M	1
2017	遼真		395	M	1
2017	遥大	はる	395	M	1
2017	那津		396	M	1
2017	遥斗	はると	396	M	1
2017	郁人		397	M	1
2017	遥葵	ゆうあ	397	M	1
2017	郁斗		398	M	1
2017	遥貴	はるき	398	M	1
2017	郁登		399	M	1
2017	遼真	りょうま	399	M	1
2017	釉音		400	M	1
2017	那津	なつ	400	M	1
2017	里杜		401	M	1
2017	郁人	いくと	401	M	1
2017	陵		402	M	1
2017	郁斗	いくと	402	M	1
2017	陽人		403	M	1
2017	郁登	いくと	403	M	1
2017	陽光		404	M	1
2017	釉音	ゆうと	404	M	1
2017	陽向		405	M	1
2017	里杜	りと	405	M	1
2017	陽大		406	M	1
2017	陵	りょう	406	M	1
2017	陽太		407	M	1
2017	陽人	はると	407	M	1
2017	陽太郎		408	M	1
2017	陽光	はるひ	408	M	1
2017	陽汰		409	M	1
2017	陽向	ひなた	409	M	1
2017	陽登		410	M	1
2017	陽大	ひなた	410	M	1
2017	陽真		411	M	1
2017	陽太	ようた	411	M	1
2017	陽輝		412	M	1
2017	陽太郎	ようたろう	412	M	1
2017	隆之助		413	M	1
2017	陽汰	ひなた	413	M	1
2017	雄太郎		414	M	1
2017	陽登	はると	414	M	1
2017	雄希		415	M	1
2017	陽真	はるま	415	M	1
2017	雅基		416	M	1
2017	陽輝	ひろき	416	M	1
2017	颯		417	M	1
2017	隆之助	りゅうのすけ	417	M	1
2017	颯大		418	M	1
2017	雄太郎	ゆうたろう	418	M	1
2017	颯涼		419	M	1
2017	雄希	ゆうき	419	M	1
2017	颯翔		420	M	1
2017	雅基	まさき	420	M	1
2017	馳		421	M	1
2017	颯	りゅう	421	M	1
2017	鳳人		422	M	1
2017	颯大	そうた	422	M	1
2017	鷹也		423	M	1
2017	颯涼	そうすけ	423	M	1
2017	鷹正		424	M	1
2017	颯翔	はやと	424	M	1
2017	龍青		425	M	1
2017	馳	はせる	425	M	1
2017	鳳人	おうり	426	M	1
2017	鷹也	たかや	427	M	1
2017	鷹正	たかまさ	428	M	1
2017	龍青	りゅうせい	429	M	1
2018	陽菜		1	F	7
2018		あかり	1	F	13
2018	琴葉	ことは	1	F	6
2018	琴葉		2	F	6
2018		ひまり	2	F	13
2018	陽菜	ひな	2	F	6
2018	心結		3	F	5
2018		めい	3	F	12
2018	葵	あおい	3	F	5
2018	美結		4	F	5
2018		ひな	4	F	11
2018	詩	うた	4	F	5
2018	葵		5	F	5
2018		みゆ	5	F	10
2018	ひまり	ひまり	5	F	4
2018	詩		6	F	5
2018		ゆい	6	F	10
2018	凛	りん	6	F	4
2018	ひまり		7	F	4
2018		あおい	7	F	8
2018	杏	あん	7	F	4
2018	凛		8	F	4
2018		ことは	8	F	8
2018	結月	ゆづき	8	F	4
2018	杏		9	F	4
2018		さくら	9	F	8
2018	結衣	ゆい	9	F	4
2018	澪		10	F	4
2018		みつき	10	F	8
2018	みのり	みのり	10	F	3
2018	結月		11	F	4
2018		いろは	11	F	7
2018	充希	みつき	11	F	3
2018	結衣		12	F	4
2018		こはる	12	F	7
2018	凪	なぎ	12	F	3
2018	みのり		13	F	3
2018		つむぎ	13	F	7
2018	咲希	さき	13	F	3
2018	充希		14	F	3
2018		みお	14	F	7
2018	朱莉	あかり	14	F	3
2018	凪		15	F	3
2018		ゆうな	15	F	7
2018	楓	かえで	15	F	3
2018	和花		16	F	3
2018		すずか	16	F	6
2018	澪	みお	16	F	3
2018	咲希		17	F	3
2018		ゆあ	17	F	6
2018	美結	みゆ	17	F	3
2018	心晴		18	F	3
2018		ゆづき	18	F	6
2018	芽依	めい	18	F	3
2018	星那		19	F	3
2018		うた	19	F	5
2018	芽生	めい	19	F	3
2018	朱莉		20	F	3
2018		えま	20	F	5
2018	葉月	はづき	20	F	3
2018	楓		21	F	3
2018		かなみ	21	F	5
2018	くるみ	くるみ	21	F	2
2018	芽依		22	F	3
2018		さき	22	F	5
2018	こころ	こころ	22	F	2
2018	芽生		23	F	3
2018		せな	23	F	5
2018	さくら	さくら	23	F	2
2018	葉月		24	F	3
2018		のあ	24	F	5
2018	なつめ	なつめ	24	F	2
2018	陽葵		25	F	3
2018		はる	25	F	5
2018	優那	ゆうな	25	F	2
2018	くるみ		26	F	2
2018		ふうか	26	F	5
2018	千夏	ちなつ	26	F	2
2018	こころ		27	F	2
2018		みおり	27	F	5
2018	和花	わか	27	F	2
2018	さくら		28	F	2
2018		ももか	28	F	5
2018	和香奈	わかな	28	F	2
2018	なつめ		29	F	2
2018		りん	29	F	5
2018	咲月	さつき	29	F	2
2018	優那		30	F	2
2018		るか	30	F	5
2018	咲良	さくら	30	F	2
2018	優里		31	F	2
2018		あん	31	F	4
2018	奏海	かなみ	31	F	2
2018	千夏		32	F	2
2018		かの	32	F	4
2018	小春	こはる	32	F	2
2018	叶愛		33	F	2
2018		かれん	33	F	4
2018	彩羽	いろは	33	F	2
2018	和香奈		34	F	2
2018		さつき	34	F	4
2018	心晴	こはる	34	F	2
2018	咲月		35	F	2
2018		さな	35	F	4
2018	心結	みゆ	35	F	2
2018	咲良		36	F	2
2018		さら	36	F	4
2018	明莉	あかり	36	F	2
2018	唯愛		37	F	2
2018		なつき	37	F	4
2018	星那	せな	37	F	2
2018	夏菜		38	F	2
2018		はな	38	F	4
2018	未桜	みお	38	F	2
2018	奏海		39	F	2
2018		ひより	39	F	4
2018	桜	さくら	39	F	2
2018	小春		40	F	2
2018		まゆ	40	F	4
2018	楓乃	かの	40	F	2
2018	彩羽		41	F	2
2018		りお	41	F	4
2018	櫻子	さくらこ	41	F	2
2018	愛菜		42	F	2
2018		りこ	42	F	4
2018	瑠夏	るか	42	F	2
2018	文乃		43	F	2
2018		りんか	43	F	4
2018	環	たまき	43	F	2
2018	明莉		44	F	2
2018		あやか	44	F	3
2018	紬	つむぎ	44	F	2
2018	未桜		45	F	2
2018		いちか	45	F	3
2018	紬生	つむぎ	45	F	2
2018	桜		46	F	2
2018		かえで	46	F	3
2018	絃葉	いとは	46	F	2
2018	梨音		47	F	2
2018		かんな	47	F	3
2018	美月	みつき	47	F	2
2018	楓乃		48	F	2
2018		こころ	48	F	3
2018	美結	みゆう	48	F	2
2018	櫻子		49	F	2
2018		そら	49	F	3
2018	美織	みおり	49	F	2
2018	沙蘭		50	F	2
2018		つぐみ	50	F	3
2018	羽瑠	はる	50	F	2
2018	瑠夏		51	F	2
2018		なぎ	51	F	3
2018	莉子	りこ	51	F	2
2018	環		52	F	2
2018		なつめ	52	F	3
2018	菜月	なつき	52	F	2
2018	紬		53	F	2
2018		はづき	53	F	3
2018	鈴夏	すずか	53	F	2
2018	紬生		54	F	2
2018		はるか	54	F	3
2018	陽菜乃	ひなの	54	F	2
2018	絃葉		55	F	2
2018		ひなた	55	F	3
2018	陽葵	ひまり	55	F	2
2018	結心		56	F	2
2018		ひなの	56	F	3
2018	雫	しずく	56	F	2
2018	結菜		57	F	2
2018		ほのか	57	F	3
2018	あおい	あおい	57	F	1
2018	結葵		58	F	2
2018		まつり	58	F	3
2018	あかり	あかり	58	F	1
2018	美月		59	F	2
2018		まな	59	F	3
2018	いちか	いちか	59	F	1
2018	美織		60	F	2
2018		みこと	60	F	3
2018	おとね	おとね	60	F	1
2018	羽瑠		61	F	2
2018		みさき	61	F	3
2018	かずは	かずは	61	F	1
2018	芽愛		62	F	2
2018		みのり	62	F	3
2018	かれん	かれん	62	F	1
2018	莉子		63	F	2
2018		みゆう	63	F	3
2018	ことは	ことは	63	F	1
2018	菜月		64	F	2
2018		ゆいか	64	F	3
2018	このみ	このみ	64	F	1
2018	華		65	F	2
2018		ゆうり	65	F	3
2018	さつき	さつき	65	F	1
2018	鈴夏		66	F	2
2018		ゆきな	66	F	3
2018	つぐみ	つぐみ	66	F	1
2018	陽菜乃		67	F	2
2018		ゆずは	67	F	3
2018	つむぎ	つむぎ	67	F	1
2018	雫		68	F	2
2018		ゆな	68	F	3
2018	てまり	てまり	68	F	1
2018	あおい		69	F	1
2018		ゆめ	69	F	3
2018	なゆ	なゆ	69	F	1
2018	あかり		70	F	1
2018		りほ	70	F	3
2018	はなの	はなの	70	F	1
2018	いちか		71	F	1
2018		れい	71	F	3
2018	はなび	はなび	71	F	1
2018	おとね		72	F	1
2018		わか	72	F	3
2018	ひかり	ひかり	72	F	1
2018	かずは		73	F	1
2018		わかな	73	F	3
2018	ひより	ひより	73	F	1
2018	かれん		74	F	1
2018		あやね	74	F	2
2018	まとい	まとい	74	F	1
2018	ことは		75	F	1
2018		あゆか	75	F	2
2018	まゆ	まゆ	75	F	1
2018	このみ		76	F	1
2018		あゆな	76	F	2
2018	みつき	みつき	76	F	1
2018	さつき		77	F	1
2018		いとは	77	F	2
2018	ゆき渚	ゆきな	77	F	1
2018	つぐみ		78	F	1
2018		うみ	78	F	2
2018	ゆめ	ゆめ	78	F	1
2018	つむぎ		79	F	1
2018		かずさ	79	F	2
2018	よつは	よつは	79	F	1
2018	てまり		80	F	1
2018		きほ	80	F	2
2018	らんな	らんな	80	F	1
2018	なゆ		81	F	1
2018		くるみ	81	F	2
2018	わかな	わかな	81	F	1
2018	はなの		82	F	1
2018		このみ	82	F	2
2018	エミリー	えみりー	82	F	1
2018	はなび		83	F	1
2018		こはく	83	F	2
2018	エンミ	えんみ	83	F	1
2018	ひかり		84	F	1
2018		こはな	84	F	2
2018	カレン	かれん	84	F	1
2018	ひより		85	F	1
2018		さあや	85	F	2
2018	テラ	てら	85	F	1
2018	まとい		86	F	1
2018		さくらこ	86	F	2
2018	リタ	りた	86	F	1
2018	まゆ		87	F	1
2018		さらん	87	F	2
2018	一奈	かずな	87	F	1
2018	みつき		88	F	1
2018		しずく	88	F	2
2018	一紗	かずさ	88	F	1
2018	ゆき渚		89	F	1
2018		じゅり	89	F	2
2018	一花	いちか	89	F	1
2018	ゆめ		90	F	1
2018		すずな	90	F	2
2018	一華	いちか	90	F	1
2018	よつは		91	F	1
2018		すずね	91	F	2
2018	七菜	なな	91	F	1
2018	らんな		92	F	1
2018		たまき	92	F	2
2018	三葉	みつは	92	F	1
2018	わかな		93	F	1
2018		ちさ	93	F	2
2018	乃愛	のあ	93	F	1
2018	エミリー		94	F	1
2018		ちなつ	94	F	2
2018	乃衣	のえ	94	F	1
2018	エンミ		95	F	1
2018		なつね	95	F	2
2018	二愛	にな	95	F	1
2018	カレン		96	F	1
2018		なな	96	F	2
2018	亜澄	あすみ	96	F	1
2018	テラ		97	F	1
2018		ねね	97	F	2
2018	仁愛	ひな	97	F	1
2018	リタ		98	F	1
2018		ののか	98	F	2
2018	仁香莉	にこり	98	F	1
2018	一奈		99	F	1
2018		ひかり	99	F	2
2018	伊織	いおり	99	F	1
2018	一紗		100	F	1
2018		ひなこ	100	F	2
2018	伽恋	かれん	100	F	1
2018	一花		101	F	1
2018		ふみか	101	F	2
2018	佳怡	かい	101	F	1
2018	一華		102	F	1
2018		まひろ	102	F	2
2018	佳波	かなみ	102	F	1
2018	七菜		103	F	1
2018		みう	103	F	2
2018	來々	らら	103	F	1
2018	三葉		104	F	1
2018		みき	104	F	2
2018	來希	きの	104	F	1
2018	乃愛		105	F	1
2018		みそら	105	F	2
2018	侑奈	ゆうな	105	F	1
2018	乃衣		106	F	1
2018		みなみ	106	F	2
2018	侑愛	ゆあ	106	F	1
2018	二愛		107	F	1
2018		みはな	107	F	2
2018	侑里	ゆり	107	F	1
2018	亜澄		108	F	1
2018		めいさ	108	F	2
2018	依月稀	いつき	108	F	1
2018	仁愛		109	F	1
2018		めいな	109	F	2
2018	俐乃	りの	109	F	1
2018	仁香莉		110	F	1
2018		ゆえ	110	F	2
2018	優波	ゆうな	110	F	1
2018	伊織		111	F	1
2018		ゆずき	111	F	2
2018	優珠羽	ゆずは	111	F	1
2018	伽恋		112	F	1
2018		ゆま	112	F	2
2018	優空	ゆあ	112	F	1
2018	佳怡		113	F	1
2018		ゆり	113	F	2
2018	優織	ゆうり	113	F	1
2018	佳波		114	F	1
2018		りな	114	F	2
2018	優羽奈	ゆうな	114	F	1
2018	來々		115	F	1
2018		りょうか	115	F	2
2018	優舞	ゆま	115	F	1
2018	來希		116	F	1
2018		りりか	116	F	2
2018	優里	ゆうり	116	F	1
2018	侑奈		117	F	1
2018		れいか	117	F	2
2018	優里	ゆり	117	F	1
2018	侑愛		118	F	1
2018		れん	118	F	2
2018	優音	ゆのん	118	F	1
2018	侑里		119	F	1
2018		わこ	119	F	2
2018	充咲	みさき	119	F	1
2018	依月稀		120	F	1
2018		あい	120	F	1
2018	光夏	みつか	120	F	1
2018	俐乃		121	F	1
2018		あいか	121	F	1
2018	光希	みつき	121	F	1
2018	優波		122	F	1
2018		あいな	122	F	1
2018	円葉	まるは	122	F	1
2018	優珠羽		123	F	1
2018		あいり	123	F	1
2018	凉	りょう	123	F	1
2018	優空		124	F	1
2018		あお	124	F	1
2018	凌佳	りょうか	124	F	1
2018	優織		125	F	1
2018		あおの	125	F	1
2018	凛々花	りりか	125	F	1
2018	優羽奈		126	F	1
2018		あかね	126	F	1
2018	凛咲	りさ	126	F	1
2018	優舞		127	F	1
2018		あきほ	127	F	1
2018	凛環	りんか	127	F	1
2018	優音		128	F	1
2018		あこ	128	F	1
2018	凜夏	りんか	128	F	1
2018	充咲		129	F	1
2018		あさひ	129	F	1
2018	凜星和	りほな	129	F	1
2018	光夏		130	F	1
2018		あしま	130	F	1
2018	凜歩	りほ	130	F	1
2018	光希		131	F	1
2018		あすか	131	F	1
2018	凜生	りお	131	F	1
2018	円葉		132	F	1
2018		あすな	132	F	1
2018	凪紗	なぎさ	132	F	1
2018	凉		133	F	1
2018		あすみ	133	F	1
2018	千咲葵	ちさき	133	F	1
2018	凌佳		134	F	1
2018		あまね	134	F	1
2018	千尋	ちひろ	134	F	1
2018	凛々花		135	F	1
2018		あやせ	135	F	1
2018	千愛	せな	135	F	1
2018	凛咲		136	F	1
2018		あやの	136	F	1
2018	千波	ちなみ	136	F	1
2018	凛環		137	F	1
2018		あやひ	137	F	1
2018	千紗	ちさ	137	F	1
2018	凜夏		138	F	1
2018		あやめ	138	F	1
2018	千陽	ちはる	138	F	1
2018	凜星和		139	F	1
2018		あゆさ	139	F	1
2018	千鶴	ちづる	139	F	1
2018	凜歩		140	F	1
2018		あゆみ	140	F	1
2018	南海	みなみ	140	F	1
2018	凜生		141	F	1
2018		ありさ	141	F	1
2018	友姫菜	ゆきな	141	F	1
2018	凪紗		142	F	1
2018		あれん	142	F	1
2018	友菜	ゆな	142	F	1
2018	千咲葵		143	F	1
2018		あわ	143	F	1
2018	叶実	かなみ	143	F	1
2018	千尋		144	F	1
2018		あんじゅ	144	F	1
2018	叶希	かのん	144	F	1
2018	千愛		145	F	1
2018		いお	145	F	1
2018	叶愛	とわ	145	F	1
2018	千波		146	F	1
2018		いおり	146	F	1
2018	叶愛	のあ	146	F	1
2018	千紗		147	F	1
2018		いつき	147	F	1
2018	向日葵	ひまり	147	F	1
2018	千陽		148	F	1
2018		いとり	148	F	1
2018	吹	ふき	148	F	1
2018	千鶴		149	F	1
2018		いのり	149	F	1
2018	呼春	こはる	149	F	1
2018	南海		150	F	1
2018		うたの	150	F	1
2018	和紗	かずさ	150	F	1
2018	友姫菜		151	F	1
2018		うみか	151	F	1
2018	和花	ののか	151	F	1
2018	友菜		152	F	1
2018		うるは	152	F	1
2018	和鼓	わこ	152	F	1
2018	叶実		153	F	1
2018		えみ	153	F	1
2018	咲愛	さくら	153	F	1
2018	叶希		154	F	1
2018		えみか	154	F	1
2018	咲杜	さと	154	F	1
2018	向日葵		155	F	1
2018		えみりー	155	F	1
2018	咲来	さら	155	F	1
2018	吹		156	F	1
2018		えり	156	F	1
2018	咲空	さくら	156	F	1
2018	呼春		157	F	1
2018		えりか	157	F	1
2018	咲絢	さや	157	F	1
2018	和紗		158	F	1
2018		えりな	158	F	1
2018	咲綾	さあや	158	F	1
2018	和鼓		159	F	1
2018		えれな	159	F	1
2018	咲美	えみ	159	F	1
2018	咲愛		160	F	1
2018		えんみ	160	F	1
2018	咲花	えみか	160	F	1
2018	咲杜		161	F	1
2018		おと	161	F	1
2018	咲茉	えま	161	F	1
2018	咲来		162	F	1
2018		おとね	162	F	1
2018	咲莉菜	さりな	162	F	1
2018	咲空		163	F	1
2018		おとは	163	F	1
2018	咲葵子	さきこ	163	F	1
2018	咲絢		164	F	1
2018		かい	164	F	1
2018	咲蘭	さらん	164	F	1
2018	咲綾		165	F	1
2018		かいり	165	F	1
2018	咲那	さな	165	F	1
2018	咲美		166	F	1
2018		かおる	166	F	1
2018	唯加	ゆいか	166	F	1
2018	咲花		167	F	1
2018		かすみ	167	F	1
2018	唯愛	ゆあ	167	F	1
2018	咲茉		168	F	1
2018		かずな	168	F	1
2018	唯愛	ゆい	168	F	1
2018	咲莉菜		169	F	1
2018		かずは	169	F	1
2018	唯月	ゆづき	169	F	1
2018	咲葵子		170	F	1
2018		かな	170	F	1
2018	唯碧	ゆあ	170	F	1
2018	咲蘭		171	F	1
2018		かなで	171	F	1
2018	嘉乃	かの	171	F	1
2018	咲那		172	F	1
2018		かのん	172	F	1
2018	四季	しき	172	F	1
2018	唯加		173	F	1
2018		かほ	173	F	1
2018	坂池	のあ	173	F	1
2018	唯月		174	F	1
2018		かりん	174	F	1
2018	夏帆	なつほ	174	F	1
2018	唯碧		175	F	1
2018		きい	175	F	1
2018	夏希	なつき	175	F	1
2018	嘉乃		176	F	1
2018		きこ	176	F	1
2018	夏海	なつみ	176	F	1
2018	四季		177	F	1
2018		きさ	177	F	1
2018	夏芽	なつめ	177	F	1
2018	坂池		178	F	1
2018		きっか	178	F	1
2018	夏菜	かな	178	F	1
2018	夏帆		179	F	1
2018		きの	179	F	1
2018	夏菜	なつな	179	F	1
2018	夏希		180	F	1
2018		きよら	180	F	1
2018	夏詩	なつね	180	F	1
2018	夏海		181	F	1
2018		きわ	181	F	1
2018	夏輝	なつき	181	F	1
2018	夏芽		182	F	1
2018		こあ	182	F	1
2018	夏音	なつね	182	F	1
2018	夏詩		183	F	1
2018		こう	183	F	1
2018	多佳子	たかこ	183	F	1
2018	夏輝		184	F	1
2018		ここな	184	F	1
2018	夢	ゆめ	184	F	1
2018	夏音		185	F	1
2018		ここね	185	F	1
2018	夢結	ゆゆ	185	F	1
2018	多佳子		186	F	1
2018		ここみ	186	F	1
2018	夢花	ゆめか	186	F	1
2018	夢		187	F	1
2018		ことこ	187	F	1
2018	夢芽	ゆめ	187	F	1
2018	夢結		188	F	1
2018		ことね	188	F	1
2018	夢葵	むぎ	188	F	1
2018	夢花		189	F	1
2018		ことみ	189	F	1
2018	奈褒	なほ	189	F	1
2018	夢芽		190	F	1
2018		こなつ	190	F	1
2018	奏来	そら	190	F	1
2018	夢葵		191	F	1
2018		この	191	F	1
2018	妃真里	ひまり	191	F	1
2018	奈褒		192	F	1
2018		こひめ	192	F	1
2018	妃菜	ひな	192	F	1
2018	奏来		193	F	1
2018		こゆり	193	F	1
2018	宗花	しゅうか	193	F	1
2018	妃真里		194	F	1
2018		さえ	194	F	1
2018	実咲	みさき	194	F	1
2018	妃菜		195	F	1
2018		さえこ	195	F	1
2018	実夏	みなつ	195	F	1
2018	宗花		196	F	1
2018		さきこ	196	F	1
2018	実宙	みそら	196	F	1
2018	実咲		197	F	1
2018		さきほ	197	F	1
2018	実希	みき	197	F	1
2018	実夏		198	F	1
2018		さと	198	F	1
2018	実弥	みや	198	F	1
2018	実宙		199	F	1
2018		さとみ	199	F	1
2018	実穂	みほ	199	F	1
2018	実希		200	F	1
2018		さほ	200	F	1
2018	実結	みゆ	200	F	1
2018	実弥		201	F	1
2018		さや	201	F	1
2018	宮禾	みやか	201	F	1
2018	実穂		202	F	1
2018		さやの	202	F	1
2018	寧々	ねね	202	F	1
2018	実結		203	F	1
2018		さりな	203	F	1
2018	寧音	ねね	203	F	1
2018	宮禾		204	F	1
2018		さわ	204	F	1
2018	寿々	すず	204	F	1
2018	寧々		205	F	1
2018		しき	205	F	1
2018	嶺実	れみ	205	F	1
2018	寧音		206	F	1
2018		しづき	206	F	1
2018	己采	みこと	206	F	1
2018	寿々		207	F	1
2018		しづく	207	F	1
2018	帆乃梨	ほのり	207	F	1
2018	嶺実		208	F	1
2018		しづる	208	F	1
2018	帆南	はんな	208	F	1
2018	己采		209	F	1
2018		しの	209	F	1
2018	希乃果	ののか	209	F	1
2018	帆乃梨		210	F	1
2018		しのあ	210	F	1
2018	希和	きわ	210	F	1
2018	帆南		211	F	1
2018		しゅう	211	F	1
2018	希咲	きさ	211	F	1
2018	希乃果		212	F	1
2018		しゅうか	212	F	1
2018	希心	のあ	212	F	1
2018	希和		213	F	1
2018		しゅり	213	F	1
2018	希歩	きほ	213	F	1
2018	希咲		214	F	1
2018		しろな	214	F	1
2018	希穂	きほ	214	F	1
2018	希心		215	F	1
2018		じゅの	215	F	1
2018	希美	のぞみ	215	F	1
2018	希歩		216	F	1
2018		じゅら	216	F	1
2018	幸帆	さきほ	216	F	1
2018	希穂		217	F	1
2018		じゅんな	217	F	1
2018	幸華	みはな	217	F	1
2018	希美		218	F	1
2018		すず	218	F	1
2018	弥生	やよい	218	F	1
2018	幸帆		219	F	1
2018		すずの	219	F	1
2018	彩乃	さやの	219	F	1
2018	幸華		220	F	1
2018		すずは	220	F	1
2018	彩初	いろは	220	F	1
2018	弥生		221	F	1
2018		すみか	221	F	1
2018	彩可	あやか	221	F	1
2018	彩乃		222	F	1
2018		すみれ	222	F	1
2018	彩和	いろは	222	F	1
2018	彩初		223	F	1
2018		せいな	223	F	1
2018	彩姫	あやめ	223	F	1
2018	彩可		224	F	1
2018		せり	224	F	1
2018	彩永	さえ	224	F	1
2018	彩和		225	F	1
2018		そのか	225	F	1
2018	彩生	さら	225	F	1
2018	彩姫		226	F	1
2018		たかこ	226	F	1
2018	彩稀	さき	226	F	1
2018	彩永		227	F	1
2018		ちえ	227	F	1
2018	彩花	いろは	227	F	1
2018	彩生		228	F	1
2018		ちか	228	F	1
2018	彩花里	あかり	228	F	1
2018	彩稀		229	F	1
2018		ちさき	229	F	1
2018	彩莉	あかり	229	F	1
2018	彩花		230	F	1
2018		ちづる	230	F	1
2018	彩葉	いろは	230	F	1
2018	彩花里		231	F	1
2018		ちな	231	F	1
2018	彩陽	あやひ	231	F	1
2018	彩莉		232	F	1
2018		ちなみ	232	F	1
2018	彩音	あやね	232	F	1
2018	彩葉		233	F	1
2018		ちはる	233	F	1
2018	心乃美	このみ	233	F	1
2018	彩陽		234	F	1
2018		ちひろ	234	F	1
2018	心乃葵	しのあ	234	F	1
2018	彩音		235	F	1
2018		ちゆみ	235	F	1
2018	心優	みゆ	235	F	1
2018	心乃美		236	F	1
2018		つきひ	236	F	1
2018	心唯	みゆ	236	F	1
2018	心乃葵		237	F	1
2018		つばさ	237	F	1
2018	心愛	ここな	237	F	1
2018	心優		238	F	1
2018		てまり	238	F	1
2018	心春	こはる	238	F	1
2018	心唯		239	F	1
2018		てら	239	F	1
2018	心晴	みはる	239	F	1
2018	心愛		240	F	1
2018		とあ	240	F	1
2018	心結	ここね	240	F	1
2018	心春		241	F	1
2018		とわ	241	F	1
2018	心結	こゆり	241	F	1
2018	心翔		242	F	1
2018		なお	242	F	1
2018	心結	ゆい	242	F	1
2018	心花		243	F	1
2018		なぎさ	243	F	1
2018	心翔	みと	243	F	1
2018	心逢		244	F	1
2018		なつな	244	F	1
2018	心花	こはな	244	F	1
2018	心陽		245	F	1
2018		なつほ	245	F	1
2018	心逢	こあ	245	F	1
2018	志絃		246	F	1
2018		なつみ	246	F	1
2018	心陽	こはる	246	F	1
2018	怜杏		247	F	1
2018		ななこ	247	F	1
2018	志絃	しづる	247	F	1
2018	怜華		248	F	1
2018		なほ	248	F	1
2018	怜杏	れあ	248	F	1
2018	恋		249	F	1
2018		なゆ	249	F	1
2018	怜華	れいか	249	F	1
2018	恵万		250	F	1
2018		にいな	250	F	1
2018	恋	れん	250	F	1
2018	恵伶那		251	F	1
2018		にこり	251	F	1
2018	恵万	えま	251	F	1
2018	恵利		252	F	1
2018		にな	252	F	1
2018	恵伶那	えれな	252	F	1
2018	恵里夏		253	F	1
2018		のえ	253	F	1
2018	恵利	えり	253	F	1
2018	悠月		254	F	1
2018		のぞみ	254	F	1
2018	恵里夏	えりか	254	F	1
2018	惟歩		255	F	1
2018		のわ	255	F	1
2018	悠月	ゆづき	255	F	1
2018	惠麻		256	F	1
2018		はいり	256	F	1
2018	惟歩	いお	256	F	1
2018	愛依		257	F	1
2018		はなの	257	F	1
2018	惠麻	えま	257	F	1
2018	愛弥佳		258	F	1
2018		はなび	258	F	1
2018	愛依	めい	258	F	1
2018	愛惟		259	F	1
2018		はるあ	259	F	1
2018	愛弥佳	あやか	259	F	1
2018	愛琴		260	F	1
2018		はるき	260	F	1
2018	愛惟	めい	260	F	1
2018	愛空		261	F	1
2018		はるな	261	F	1
2018	愛琴	あこ	261	F	1
2018	愛茉		262	F	1
2018		はるね	262	F	1
2018	愛空	のあ	262	F	1
2018	愛華		263	F	1
2018		はるひ	263	F	1
2018	愛茉	えま	263	F	1
2018	愛里		264	F	1
2018		はんな	264	F	1
2018	愛菜	あいな	264	F	1
2018	斗愛		265	F	1
2018		ひいろ	265	F	1
2018	愛菜	まな	265	F	1
2018	新夏		266	F	1
2018		ひない	266	F	1
2018	愛華	あいか	266	F	1
2018	日向		267	F	1
2018		ひのき	267	F	1
2018	愛里	あいり	267	F	1
2018	日和		268	F	1
2018		ひふみ	268	F	1
2018	文乃	あやの	268	F	1
2018	日菜子		269	F	1
2018		ふき	269	F	1
2018	文乃	ふみの	269	F	1
2018	日菜美		270	F	1
2018		ふみ	270	F	1
2018	斗愛	とあ	270	F	1
2018	明彩		271	F	1
2018		ふみの	271	F	1
2018	新夏	にいな	271	F	1
2018	明日菜		272	F	1
2018		ほのり	272	F	1
2018	日向	ひなた	272	F	1
2018	明歩		273	F	1
2018		まあや	273	F	1
2018	日和	ひより	273	F	1
2018	明花		274	F	1
2018		まい	274	F	1
2018	日菜子	ひなこ	274	F	1
2018	明里		275	F	1
2018		まかな	275	F	1
2018	日菜美	かなみ	275	F	1
2018	春陽		276	F	1
2018		まきの	276	F	1
2018	明彩	めいさ	276	F	1
2018	晴		277	F	1
2018		まこ	277	F	1
2018	明日菜	あすな	277	F	1
2018	晴毬		278	F	1
2018		まちみ	278	F	1
2018	明歩	あきほ	278	F	1
2018	晴珂		279	F	1
2018		まとい	279	F	1
2018	明花	めいか	279	F	1
2018	晴香		280	F	1
2018		まや	280	F	1
2018	明里	あかり	280	F	1
2018	智弓		281	F	1
2018		まりあ	281	F	1
2018	星那	せいな	281	F	1
2018	智海		282	F	1
2018		まりえ	282	F	1
2018	春陽	はるひ	282	F	1
2018	智絵		283	F	1
2018		まりん	283	F	1
2018	晴	はる	283	F	1
2018	暖		284	F	1
2018		まるは	284	F	1
2018	晴毬	ひまり	284	F	1
2018	暖和		285	F	1
2018		みあ	285	F	1
2018	晴珂	はるか	285	F	1
2018	月陽		286	F	1
2018		みおな	286	F	1
2018	晴香	はるか	286	F	1
2018	有希菜		287	F	1
2018		みおん	287	F	1
2018	智弓	ちゆみ	287	F	1
2018	有紗		288	F	1
2018		みかさ	288	F	1
2018	智海	さとみ	288	F	1
2018	望杏		289	F	1
2018		みさと	289	F	1
2018	智絵	ちえ	289	F	1
2018	望莉		290	F	1
2018		みちか	290	F	1
2018	暖	ひなた	290	F	1
2018	朝咲		291	F	1
2018		みちる	291	F	1
2018	暖和	のわ	291	F	1
2018	未悠		292	F	1
2018		みつか	292	F	1
2018	月陽	つきひ	292	F	1
2018	未琴		293	F	1
2018		みつは	293	F	1
2018	有希菜	ゆきな	293	F	1
2018	未菜		294	F	1
2018		みと	294	F	1
2018	有紗	ありさ	294	F	1
2018	朱々寧		295	F	1
2018		みな	295	F	1
2018	望杏	みあ	295	F	1
2018	朱々花		296	F	1
2018		みなぎ	296	F	1
2018	望莉	みり	296	F	1
2018	朱志茉		297	F	1
2018		みなつ	297	F	1
2018	朝咲	あさひ	297	F	1
2018	朱梨		298	F	1
2018		みはね	298	F	1
2018	未悠	みゆ	298	F	1
2018	朱織		299	F	1
2018		みはる	299	F	1
2018	未琴	みこと	299	F	1
2018	朱里		300	F	1
2018		みほ	300	F	1
2018	未菜	みな	300	F	1
2018	李緒奈		301	F	1
2018		みみ	301	F	1
2018	朱々寧	すずね	301	F	1
2018	杏果		302	F	1
2018		みや	302	F	1
2018	朱々花	すずか	302	F	1
2018	杏桜		303	F	1
2018		みやか	303	F	1
2018	朱志茉	あしま	303	F	1
2018	杏珠		304	F	1
2018		みやび	304	F	1
2018	朱梨	あかり	304	F	1
2018	杷香		305	F	1
2018		みり	305	F	1
2018	朱織	あかり	305	F	1
2018	枇希		306	F	1
2018		むぎ	306	F	1
2018	朱里	あかり	306	F	1
2018	果穂		307	F	1
2018		めいか	307	F	1
2018	李緒奈	りおな	307	F	1
2018	柊奈		308	F	1
2018		もあ	308	F	1
2018	杏果	ももか	308	F	1
2018	柑成		309	F	1
2018		ももな	309	F	1
2018	杏桜	あお	309	F	1
2018	柚希		310	F	1
2018		ももは	310	F	1
2018	杏珠	あんじゅ	310	F	1
2018	柚月		311	F	1
2018		やよい	311	F	1
2018	杷香	わか	311	F	1
2018	柚羽		312	F	1
2018		ゆいな	312	F	1
2018	枇希	ひまり	312	F	1
2018	柚花		313	F	1
2018		ゆお	313	F	1
2018	果穂	かほ	313	F	1
2018	柚華		314	F	1
2018		ゆか	314	F	1
2018	柊奈	ひな	314	F	1
2018	柚衣		315	F	1
2018		ゆかり	315	F	1
2018	柑成	かんな	315	F	1
2018	栞菜		316	F	1
2018		ゆき	316	F	1
2018	柚希	ゆずき	316	F	1
2018	桃嘉		317	F	1
2018		ゆず	317	F	1
2018	柚月	ゆずき	317	F	1
2018	桃羽		318	F	1
2018		ゆずか	318	F	1
2018	柚羽	ゆずは	318	F	1
2018	桃花		319	F	1
2018		ゆづは	319	F	1
2018	柚花	ゆずか	319	F	1
2018	桃萌佳		320	F	1
2018		ゆの	320	F	1
2018	柚華	ゆずは	320	F	1
2018	桜和		321	F	1
2018		ゆのん	321	F	1
2018	柚衣	ゆい	321	F	1
2018	桜都		322	F	1
2018		ゆめか	322	F	1
2018	栞菜	かんな	322	F	1
2018	梨央		323	F	1
2018		ゆゆ	323	F	1
2018	桃嘉	ももか	323	F	1
2018	梨桜		324	F	1
2018		ゆりな	324	F	1
2018	桃羽	ももは	324	F	1
2018	梨珠		325	F	1
2018		よつは	325	F	1
2018	桃花	ももか	325	F	1
2018	梨瑚		326	F	1
2018		らら	326	F	1
2018	桃萌佳	ももか	326	F	1
2018	梨花		327	F	1
2018		らん	327	F	1
2018	桜和	さわ	327	F	1
2018	椛		328	F	1
2018		らんな	328	F	1
2018	桜都	おと	328	F	1
2018	椛彩		329	F	1
2018		りあ	329	F	1
2018	梨央	りお	329	F	1
2018	椿禾		330	F	1
2018		りおな	330	F	1
2018	梨桜	りお	330	F	1
2018	楓佳		331	F	1
2018		りおん	331	F	1
2018	梨珠	りじゅ	331	F	1
2018	楓夏		332	F	1
2018		りさ	332	F	1
2018	梨瑚	りこ	332	F	1
2018	楓実		333	F	1
2018		りじゅ	333	F	1
2018	梨花	りんか	333	F	1
2018	楓花		334	F	1
2018		りた	334	F	1
2018	梨音	りおん	334	F	1
2018	樹乃		335	F	1
2018		りつ	335	F	1
2018	梨音	りと	335	F	1
2018	樹里		336	F	1
2018		りと	336	F	1
2018	椛	いろは	336	F	1
2018	樺恋		337	F	1
2018		りの	337	F	1
2018	椛彩	もあ	337	F	1
2018	檜		338	F	1
2018		りほな	338	F	1
2018	椿禾	ちか	338	F	1
2018	歩乃		339	F	1
2018		りょう	339	F	1
2018	楓佳	ふうか	339	F	1
2018	歩凪		340	F	1
2018		りんな	340	F	1
2018	楓夏	ふうか	340	F	1
2018	歩咲		341	F	1
2018		るり	341	F	1
2018	楓実	ふみ	341	F	1
2018	歩実		342	F	1
2018		るりこ	342	F	1
2018	楓花	ふうか	342	F	1
2018	歩愛		343	F	1
2018		れあ	343	F	1
2018	樹乃	じゅの	343	F	1
2018	歩果		344	F	1
2018		れいじゅ	344	F	1
2018	樹里	じゅり	344	F	1
2018	歩華		345	F	1
2018		れいな	345	F	1
2018	樺恋	かれん	345	F	1
2018	歩音花		346	F	1
2018		れの	346	F	1
2018	檜	ひのき	346	F	1
2018	比奈子		347	F	1
2018		れのあ	347	F	1
2018	歩乃	ほのか	347	F	1
2018	沙季		348	F	1
2018		れみ	348	F	1
2018	歩凪	あゆな	348	F	1
2018	沙彩		349	F	1
2018		わかば	349	F	1
2018	歩咲	あゆさ	349	F	1
2018	沢田		350	F	1
2018	歩実	あゆみ	350	F	1
2018	海凪		351	F	1
2018	歩愛	あゆな	351	F	1
2018	海夏		352	F	1
2018	歩果	あゆか	352	F	1
2018	海美		353	F	1
2018	歩華	あゆか	353	F	1
2018	海羽		354	F	1
2018	歩音花	ほのか	354	F	1
2018	海采		355	F	1
2018	比奈子	ひなこ	355	F	1
2018	海音		356	F	1
2018	沙季	さき	356	F	1
2018	涼乃		357	F	1
2018	沙彩	さあや	357	F	1
2018	涼夏		358	F	1
2018	沙蘭	さら	358	F	1
2018	涼楓		359	F	1
2018	沙蘭	さらん	359	F	1
2018	涼華		360	F	1
2018	沢田	ひまり	360	F	1
2018	涼葉		361	F	1
2018	海凪	みなぎ	361	F	1
2018	深優		362	F	1
2018	海夏	うみか	362	F	1
2018	満架		363	F	1
2018	海美	うみ	363	F	1
2018	澪凛		364	F	1
2018	海羽	みはね	364	F	1
2018	澪奈		365	F	1
2018	海采	みこと	365	F	1
2018	澪桜		366	F	1
2018	海音	あまね	366	F	1
2018	瀬央		367	F	1
2018	涼乃	すずの	367	F	1
2018	燈		368	F	1
2018	涼夏	りょうか	368	F	1
2018	玲		369	F	1
2018	涼楓	すずか	369	F	1
2018	玲希愛		370	F	1
2018	涼華	すずか	370	F	1
2018	玲衣		371	F	1
2018	涼葉	すずは	371	F	1
2018	珠々奈		372	F	1
2018	深優	みゆう	372	F	1
2018	珠寧		373	F	1
2018	満架	みちか	373	F	1
2018	珠星		374	F	1
2018	澪	れい	374	F	1
2018	珠理		375	F	1
2018	澪凛	みおり	375	F	1
2018	珠里		376	F	1
2018	澪奈	みおな	376	F	1
2018	琉月		377	F	1
2018	澪桜	みお	377	F	1
2018	琥博		378	F	1
2018	瀬央	せな	378	F	1
2018	琳月		379	F	1
2018	燈	あかり	379	F	1
2018	琳花		380	F	1
2018	玲	れい	380	F	1
2018	琴子		381	F	1
2018	玲希愛	れのあ	381	F	1
2018	琶子		382	F	1
2018	玲衣	れい	382	F	1
2018	瑚		383	F	1
2018	珠々奈	すずな	383	F	1
2018	瑚々海		384	F	1
2018	珠寧	すずね	384	F	1
2018	瑚乃		385	F	1
2018	珠星	じゅら	385	F	1
2018	瑚夏		386	F	1
2018	珠理	じゅり	386	F	1
2018	瑚白		387	F	1
2018	珠里	しゅり	387	F	1
2018	瑛麻		388	F	1
2018	琉月	るか	388	F	1
2018	瑠璃		389	F	1
2018	琥博	こはく	389	F	1
2018	瑠璃子		390	F	1
2018	琳月	りつ	390	F	1
2018	瑠花		391	F	1
2018	琳花	りんか	391	F	1
2018	瑠華		392	F	1
2018	琴子	ことこ	392	F	1
2018	璃々花		393	F	1
2018	琶子	わこ	393	F	1
2018	環那		394	F	1
2018	瑚	こう	394	F	1
2018	由依		395	F	1
2018	瑚々海	ここみ	395	F	1
2018	由希		396	F	1
2018	瑚乃	この	396	F	1
2018	由珠		397	F	1
2018	瑚夏	こなつ	397	F	1
2018	由莉		398	F	1
2018	瑚白	こはく	398	F	1
2018	由香莉		399	F	1
2018	瑛麻	えま	399	F	1
2018	白夏		400	F	1
2018	瑠璃	るり	400	F	1
2018	百萌歌		401	F	1
2018	瑠璃子	るりこ	401	F	1
2018	百那		402	F	1
2018	瑠花	るか	402	F	1
2018	眞夕		403	F	1
2018	瑠華	るか	403	F	1
2018	真優		404	F	1
2018	璃々花	りりか	404	F	1
2018	真凛		405	F	1
2018	環那	かんな	405	F	1
2018	真彩		406	F	1
2018	由依	ゆい	406	F	1
2018	真愛		407	F	1
2018	由希	ゆき	407	F	1
2018	真絢		408	F	1
2018	由珠	ゆず	408	F	1
2018	知奈		409	F	1
2018	由莉	ゆうり	409	F	1
2018	碧乃		410	F	1
2018	由香莉	ゆかり	410	F	1
2018	礼花		411	F	1
2018	白夏	しろな	411	F	1
2018	礼香		412	F	1
2018	百萌歌	ももか	412	F	1
2018	祈		413	F	1
2018	百那	ももな	413	F	1
2018	祐那		414	F	1
2018	眞夕	まゆ	414	F	1
2018	祷理		415	F	1
2018	真優	まゆ	415	F	1
2018	稟		416	F	1
2018	真凛	まりん	416	F	1
2018	穂苺		417	F	1
2018	真彩	まや	417	F	1
2018	空		418	F	1
2018	真愛	まな	418	F	1
2018	紅音		419	F	1
2018	真絢	まあや	419	F	1
2018	純利		420	F	1
2018	知奈	ちな	420	F	1
2018	純榎		421	F	1
2018	碧乃	あおの	421	F	1
2018	純美礼		422	F	1
2018	礼花	れいか	422	F	1
2018	純菜		423	F	1
2018	礼香	あやか	423	F	1
2018	紗叶		424	F	1
2018	祈	いのり	424	F	1
2018	紗夏		425	F	1
2018	祐那	ゆうな	425	F	1
2018	紗奈		426	F	1
2018	祷理	まつり	426	F	1
2018	紗穂		427	F	1
2018	稟	りん	427	F	1
2018	紗英子		428	F	1
2018	穂苺	ひない	428	F	1
2018	紗菜		429	F	1
2018	空	そら	429	F	1
2018	紗蘭		430	F	1
2018	紅音	あかね	430	F	1
2018	紡生		431	F	1
2018	純利	いとり	431	F	1
2018	紫月		432	F	1
2018	純榎	すみか	432	F	1
2018	紬乃		433	F	1
2018	純美礼	すみれ	433	F	1
2018	紬実		434	F	1
2018	純菜	じゅんな	434	F	1
2018	紬心		435	F	1
2018	紗叶	すずか	435	F	1
2018	紬葵		436	F	1
2018	紗夏	さな	436	F	1
2018	結		437	F	1
2018	紗奈	さな	437	F	1
2018	結夏		438	F	1
2018	紗穂	さほ	438	F	1
2018	結愛		439	F	1
2018	紗英子	さえこ	439	F	1
2018	結桜		440	F	1
2018	紗菜	さな	440	F	1
2018	結琉華		441	F	1
2018	紗蘭	さら	441	F	1
2018	結璃奈		442	F	1
2018	紡生	つむぎ	442	F	1
2018	結笑		443	F	1
2018	紫月	しづき	443	F	1
2018	結絵		444	F	1
2018	紬乃	ゆの	444	F	1
2018	結羽		445	F	1
2018	紬実	つぐみ	445	F	1
2018	結花		446	F	1
2018	紬心	つぐみ	446	F	1
2018	結華		447	F	1
2018	紬葵	つむぎ	447	F	1
2018	結葉		448	F	1
2018	結	ゆい	448	F	1
2018	結香		449	F	1
2018	結夏	ゆうな	449	F	1
2018	結麻		450	F	1
2018	結心	こころ	450	F	1
2018	絢聖		451	F	1
2018	結心	ゆな	451	F	1
2018	絵里奈		452	F	1
2018	結愛	ゆあ	452	F	1
2018	綾梨		453	F	1
2018	結桜	ゆお	453	F	1
2018	綾音		454	F	1
2018	結琉華	うるは	454	F	1
2018	緋來乃		455	F	1
2018	結璃奈	ゆりな	455	F	1
2018	緋那		456	F	1
2018	結笑	ゆえ	456	F	1
2018	美々		457	F	1
2018	結絵	ゆえ	457	F	1
2018	美佳沙		458	F	1
2018	結羽	みう	458	F	1
2018	美優		459	F	1
2018	結花	ゆか	459	F	1
2018	美央理		460	F	1
2018	結菜	ゆいな	460	F	1
2018	美智		461	F	1
2018	結菜	ゆな	461	F	1
2018	美杏		462	F	1
2018	結華	ゆいか	462	F	1
2018	美桜		463	F	1
2018	結葉	ゆづは	463	F	1
2018	美樹		464	F	1
2018	結葵	ゆあ	464	F	1
2018	美沙希		465	F	1
2018	結葵	ゆい	465	F	1
2018	美波		466	F	1
2018	結香	ゆいか	466	F	1
2018	美空		467	F	1
2018	結麻	ゆま	467	F	1
2018	美紀渉		468	F	1
2018	絢聖	あやせ	468	F	1
2018	美翔		469	F	1
2018	絵里奈	えりな	469	F	1
2018	美華		470	F	1
2018	綾梨	りんな	470	F	1
2018	美郁		471	F	1
2018	綾音	あやね	471	F	1
2018	美音		472	F	1
2018	緋來乃	ひなの	472	F	1
2018	羽美		473	F	1
2018	緋那	ひな	473	F	1
2018	翼		474	F	1
2018	美々	みみ	474	F	1
2018	聖奈		475	F	1
2018	美佳沙	みかさ	475	F	1
2018	聖莉		476	F	1
2018	美優	みゆ	476	F	1
2018	胡花		477	F	1
2018	美央理	みおり	477	F	1
2018	舞		478	F	1
2018	美智	みさと	478	F	1
2018	芙実香		479	F	1
2018	美杏	みつき	479	F	1
2018	花埜		480	F	1
2018	美桜	みお	480	F	1
2018	花奏		481	F	1
2018	美樹	みき	481	F	1
2018	花衣梨		482	F	1
2018	美沙希	みさき	482	F	1
2018	芽彩		483	F	1
2018	美波	みなみ	483	F	1
2018	芽衣		484	F	1
2018	美空	みそら	484	F	1
2018	芽衣菜		485	F	1
2018	美紀渉	みおり	485	F	1
2018	芽郁		486	F	1
2018	美翔	みう	486	F	1
2018	若葉		487	F	1
2018	美華	みはな	487	F	1
2018	英		488	F	1
2018	美郁	ふみか	488	F	1
2018	茅咲		489	F	1
2018	美音	みおん	489	F	1
2018	茉優		490	F	1
2018	羽美	うみ	490	F	1
2018	茉凛		491	F	1
2018	翼	つばさ	491	F	1
2018	茉叶		492	F	1
2018	聖奈	せな	492	F	1
2018	茉寛		493	F	1
2018	聖莉	せり	493	F	1
2018	茉由		494	F	1
2018	胡花	こはな	494	F	1
2018	茉莉		495	F	1
2018	舞	まい	495	F	1
2018	茉莉愛		496	F	1
2018	芙実香	ふみか	496	F	1
2018	茉莉衣		497	F	1
2018	花埜	かの	497	F	1
2018	莉奈		498	F	1
2018	花奏	かなで	498	F	1
2018	莉好		499	F	1
2018	花衣梨	はいり	499	F	1
2018	莉愛		500	F	1
2018	芽彩	めい	500	F	1
2018	莉於		501	F	1
2018	芽愛	めい	501	F	1
2018	莉歩		502	F	1
2018	芽愛	めいな	502	F	1
2018	菜々		503	F	1
2018	芽衣	めい	503	F	1
2018	菜々子		504	F	1
2018	芽衣菜	めいな	504	F	1
2018	菜央		505	F	1
2018	芽郁	めい	505	F	1
2018	華依里		506	F	1
2018	若葉	わかば	506	F	1
2018	華己		507	F	1
2018	英	はな	507	F	1
2018	華梨		508	F	1
2018	茅咲	ちさ	508	F	1
2018	華純		509	F	1
2018	茉優	まひろ	509	F	1
2018	萌生咲		510	F	1
2018	茉凛	まつり	510	F	1
2018	萌花		511	F	1
2018	茉叶	まかな	511	F	1
2018	葉楠		512	F	1
2018	茉寛	まひろ	512	F	1
2018	葵佳		513	F	1
2018	茉由	まゆ	513	F	1
2018	葵子		514	F	1
2018	茉莉	まつり	514	F	1
2018	葵彩		515	F	1
2018	茉莉愛	まりあ	515	F	1
2018	葵心		516	F	1
2018	茉莉衣	まりえ	516	F	1
2018	葵羽		517	F	1
2018	莉奈	りな	517	F	1
2018	蒔乃		518	F	1
2018	莉好	りこ	518	F	1
2018	蒔奈		519	F	1
2018	莉愛	りあ	519	F	1
2018	蒼來		520	F	1
2018	莉於	りお	520	F	1
2018	蒼依		521	F	1
2018	莉歩	りほ	521	F	1
2018	蒼生		522	F	1
2018	菜々	なな	522	F	1
2018	蓮		523	F	1
2018	菜々子	ななこ	523	F	1
2018	蓮乃		524	F	1
2018	菜央	なお	524	F	1
2018	薗楓		525	F	1
2018	華	はな	525	F	1
2018	薫		526	F	1
2018	華	はる	526	F	1
2018	藍		527	F	1
2018	華依里	かいり	527	F	1
2018	蘭		528	F	1
2018	華己	はな	528	F	1
2018	虎愛姫		529	F	1
2018	華梨	かりん	529	F	1
2018	街路果		530	F	1
2018	華純	かすみ	530	F	1
2018	詞葉		531	F	1
2018	萌生咲	めいさ	531	F	1
2018	詩乃		532	F	1
2018	萌花	ほのか	532	F	1
2018	詩夕		533	F	1
2018	葉楠	はな	533	F	1
2018	誌乃		534	F	1
2018	葵佳	きっか	534	F	1
2018	識月紅		535	F	1
2018	葵子	まこ	535	F	1
2018	逢恋		536	F	1
2018	葵彩	きい	536	F	1
2018	遥加		537	F	1
2018	葵心	きこ	537	F	1
2018	遥琉		538	F	1
2018	葵羽	あわ	538	F	1
2018	遥瑠		539	F	1
2018	蒔乃	まきの	539	F	1
2018	采純		540	F	1
2018	蒔奈	まな	540	F	1
2018	采音		541	F	1
2018	蒼來	そら	541	F	1
2018	里奈		542	F	1
2018	蒼依	あおい	542	F	1
2018	里帆		543	F	1
2018	蒼生	あおい	543	F	1
2018	鈴姫		544	F	1
2018	蓮	れん	544	F	1
2018	鈴菜		545	F	1
2018	蓮乃	れの	545	F	1
2018	陽依		546	F	1
2018	薗楓	そのか	546	F	1
2018	陽和		547	F	1
2018	薫	かおる	547	F	1
2018	陽希		548	F	1
2018	藍	あい	548	F	1
2018	陽彩		549	F	1
2018	蘭	らん	549	F	1
2018	陽愛		550	F	1
2018	虎愛姫	こひめ	550	F	1
2018	陽文		551	F	1
2018	街路果	まちみ	551	F	1
2018	陽果凜		552	F	1
2018	詞葉	ことは	552	F	1
2018	陽梨		553	F	1
2018	詩乃	うたの	553	F	1
2018	陽波		554	F	1
2018	詩夕	しゅう	554	F	1
2018	陽茉莉		555	F	1
2018	誌乃	しの	555	F	1
2018	陽音		556	F	1
2018	識月紅	しづく	556	F	1
2018	雅		557	F	1
2018	逢恋	あれん	557	F	1
2018	青空		558	F	1
2018	遥加	はるか	558	F	1
2018	音羽		559	F	1
2018	遥琉	みちる	559	F	1
2018	風奏		560	F	1
2018	遥瑠	はる	560	F	1
2018	風花		561	F	1
2018	采純	ことみ	561	F	1
2018	颯希		562	F	1
2018	采音	ことね	562	F	1
2018	飛鳥		563	F	1
2018	里奈	りな	563	F	1
2018	麗奈		564	F	1
2018	里帆	りほ	564	F	1
2018	鈴姫	れいじゅ	565	F	1
2018	鈴菜	すずな	566	F	1
2018	陽依	ひより	567	F	1
2018	陽和	ひより	568	F	1
2018	陽希	はるき	569	F	1
2018	陽彩	ひいろ	570	F	1
2018	陽愛	はるあ	571	F	1
2018	陽文	ひふみ	572	F	1
2018	陽果凜	ひかり	573	F	1
2018	陽梨	ひまり	574	F	1
2018	陽波	ひな	575	F	1
2018	陽茉莉	ひまり	576	F	1
2018	陽菜	はるな	577	F	1
2018	陽葵	ひなた	578	F	1
2018	陽音	はるね	579	F	1
2018	雅	みやび	580	F	1
2018	青空	きよら	581	F	1
2018	音羽	おとは	582	F	1
2018	風奏	ふうか	583	F	1
2018	風花	ふうか	584	F	1
2018	颯希	さつき	585	F	1
2018	飛鳥	あすか	586	F	1
2018	麗奈	れいな	587	F	1
2018	悠斗		1	M	5
2018		はると	1	M	27
2018	湊	みなと	1	M	5
2018	湊		2	M	5
2018		そうすけ	2	M	12
2018	蓮	れん	2	M	5
2018	蓮		3	M	5
2018		みなと	3	M	12
2018	朝陽	あさひ	3	M	4
2018	悠真		4	M	4
2018		こうき	4	M	11
2018	伊織	いおり	4	M	3
2018	朝陽		5	M	4
2018		はるき	5	M	11
2018	凪	なぎ	5	M	3
2018	陽大		6	M	4
2018		かなた	6	M	9
2018	奏太	かなた	6	M	3
2018	陽太		7	M	4
2018		ゆうと	7	M	9
2018	快晴	かいせい	7	M	3
2018	伊織		8	M	3
2018		ゆうま	8	M	9
2018	結翔	ゆいと	8	M	3
2018	健		9	M	3
2018		あおと	9	M	8
2018	翼	つばさ	9	M	3
2018	凪		10	M	3
2018		そら	10	M	8
2018	健	たける	10	M	2
2018	奏太		11	M	3
2018		たける	11	M	8
2018	健斗	けんと	11	M	2
2018	快晴		12	M	3
2018		れん	12	M	8
2018	優太	ゆうた	12	M	2
2018	悠人		13	M	3
2018		たくみ	13	M	7
2018	優真	ゆうま	13	M	2
2018	暖		14	M	3
2018		ゆいと	14	M	7
2018	光汰	こうた	14	M	2
2018	瑛大		15	M	3
2018		ゆうた	15	M	7
2018	千颯	ちはや	15	M	2
2018	結翔		16	M	3
2018		りく	16	M	7
2018	叶大	かなた	16	M	2
2018	翔		17	M	3
2018		あおい	17	M	6
2018	大智	だいち	17	M	2
2018	翼		18	M	3
2018		あきと	18	M	6
2018	実	みのる	18	M	2
2018	蒼空		19	M	3
2018		あさひ	19	M	6
2018	岳	がく	19	M	2
2018	陽斗		20	M	3
2018		えいた	20	M	6
2018	律	りつ	20	M	2
2018	丞		21	M	2
2018		そうた	21	M	6
2018	悠人	ゆうと	21	M	2
2018	健斗		22	M	2
2018		ひなた	22	M	6
2018	悠叶	はると	22	M	2
2018	健生		23	M	2
2018		かずき	23	M	5
2018	悠斗	はると	23	M	2
2018	優太		24	M	2
2018		けいすけ	24	M	5
2018	悠斗	ゆうと	24	M	2
2018	優斗		25	M	2
2018		けんと	25	M	5
2018	悠真	はるま	25	M	2
2018	優真		26	M	2
2018		こう	26	M	5
2018	悠真	ゆうま	26	M	2
2018	光汰		27	M	2
2018		はやと	27	M	5
2018	慶	けい	27	M	2
2018	千颯		28	M	2
2018		はるま	28	M	5
2018	拓実	たくみ	28	M	2
2018	叶大		29	M	2
2018		りくと	29	M	5
2018	旭	あさひ	29	M	2
2018	咲斗		30	M	2
2018		りょう	30	M	5
2018	晃佑	こうすけ	30	M	2
2018	大智		31	M	2
2018		あおば	31	M	4
2018	晴斗	はると	31	M	2
2018	大翔		32	M	2
2018		いつき	32	M	4
2018	晴陽	はるひ	32	M	2
2018	実		33	M	2
2018		かなと	33	M	4
2018	智貴	ともき	33	M	2
2018	岳		34	M	2
2018		こうせい	34	M	4
2018	暖	だん	34	M	2
2018	律		35	M	2
2018		しょう	35	M	4
2018	朋輝	ともき	35	M	2
2018	悠叶		36	M	2
2018		しょうた	36	M	4
2018	楓	かえで	36	M	2
2018	慶		37	M	2
2018		しょうま	37	M	4
2018	湊人	みなと	37	M	2
2018	拓実		38	M	2
2018		とうま	38	M	4
2018	湊翔	みなと	38	M	2
2018	旭		39	M	2
2018		ともき	39	M	4
2018	瑛太	えいた	39	M	2
2018	晃佑		40	M	2
2018		なぎ	40	M	4
2018	璃音	りお	40	M	2
2018	晴斗		41	M	2
2018		なつき	41	M	4
2018	睦人	りくと	41	M	2
2018	晴陽		42	M	2
2018		ひろと	42	M	4
2018	碧	あおい	42	M	2
2018	智貴		43	M	2
2018		ようた	43	M	4
2018	翔	かける	43	M	2
2018	朋輝		44	M	2
2018		りょうた	44	M	4
2018	英汰	えいた	44	M	2
2018	楓		45	M	2
2018		るい	45	M	4
2018	葵翔	あおと	45	M	2
2018	湊人		46	M	2
2018		いおり	46	M	3
2018	蒼空	そら	46	M	2
2018	湊翔		47	M	2
2018		えいと	47	M	3
2018	陸	りく	47	M	2
2018	瑛太		48	M	2
2018		おうが	48	M	3
2018	陽大	はると	48	M	2
2018	璃音		49	M	2
2018		かいせい	49	M	3
2018	陽大	ひなた	49	M	2
2018	睦人		50	M	2
2018		かえで	50	M	3
2018	陽太	はるた	50	M	2
2018	碧		51	M	2
2018		かける	51	M	3
2018	陽太	ようた	51	M	2
2018	空叶		52	M	2
2018		がく	52	M	3
2018	陽斗	あきと	52	M	2
2018	航希		53	M	2
2018		こうすけ	53	M	3
2018	陽登	はると	53	M	2
2018	英汰		54	M	2
2018		こうた	54	M	3
2018	陽翔	はると	54	M	2
2018	葵翔		55	M	2
2018		こはく	55	M	3
2018	颯	はやて	55	M	2
2018	蒼士		56	M	2
2018		さくら	56	M	3
2018	颯介	そうすけ	56	M	2
2018	陸		57	M	2
2018		しょうご	57	M	3
2018	龍哉	りゅうや	57	M	2
2018	陽登		58	M	2
2018		せな	58	M	3
2018	みき	みき	58	M	1
2018	陽翔		59	M	2
2018		そう	59	M	3
2018	一	はじめ	59	M	1
2018	颯		60	M	2
2018		たいが	60	M	3
2018	一之助	いちのすけ	60	M	1
2018	颯人		61	M	2
2018		たいせい	61	M	3
2018	一千翔	いちか	61	M	1
2018	颯介		62	M	2
2018		ちはや	62	M	3
2018	一咲	かずさ	62	M	1
2018	龍哉		63	M	2
2018		つばさ	63	M	3
2018	一平	いっぺい	63	M	1
2018	みき		64	M	1
2018		はるた	64	M	3
2018	一汰	いった	64	M	1
2018	一		65	M	1
2018		まなと	65	M	3
2018	一輝	かずき	65	M	1
2018	一之助		66	M	1
2018		みのる	66	M	3
2018	一陽	かずや	66	M	1
2018	一千翔		67	M	1
2018		やまと	67	M	3
2018	万葉	かずは	67	M	1
2018	一咲		68	M	1
2018		ゆう	68	M	3
2018	丈晴	たけはる	68	M	1
2018	一平		69	M	1
2018		ゆうき	69	M	3
2018	世一	せいいち	69	M	1
2018	一汰		70	M	1
2018		ゆうせい	70	M	3
2018	丞	じょう	70	M	1
2018	一輝		71	M	1
2018		りょうすけ	71	M	3
2018	丞	たすく	71	M	1
2018	一陽		72	M	1
2018		りょうせい	72	M	3
2018	之嘉	のか	72	M	1
2018	万葉		73	M	1
2018		りょうま	73	M	3
2018	井波	たいき	73	M	1
2018	丈晴		74	M	1
2018		あつと	74	M	2
2018	亜杜琉	あどる	74	M	1
2018	世一		75	M	1
2018		あやと	75	M	2
2018	京人	けいと	75	M	1
2018	之嘉		76	M	1
2018		あらた	76	M	2
2018	仁	いつむ	76	M	1
2018	井波		77	M	1
2018		いちのすけ	77	M	2
2018	仁一朗	じんいちろう	77	M	1
2018	亜杜琉		78	M	1
2018		いぶき	78	M	2
2018	仁太	じんた	78	M	1
2018	京人		79	M	1
2018		かい	79	M	2
2018	伍紀	いつき	79	M	1
2018	仁		80	M	1
2018		かいと	80	M	2
2018	伶	りょう	80	M	1
2018	仁一朗		81	M	1
2018		くうと	81	M	2
2018	佑	たすく	81	M	1
2018	仁太		82	M	1
2018		けい	82	M	2
2018	佑弥	ゆうや	82	M	1
2018	伍紀		83	M	1
2018		けいご	83	M	2
2018	佑成	ゆうせい	83	M	1
2018	伶		84	M	1
2018		けいた	84	M	2
2018	佑瑚	ゆうご	84	M	1
2018	佑		85	M	1
2018		けいと	85	M	2
2018	佑真	ゆうま	85	M	1
2018	佑弥		86	M	1
2018		けん	86	M	2
2018	佑輔	ゆうすけ	86	M	1
2018	佑成		87	M	1
2018		こうや	87	M	2
2018	佑采	ゆうと	87	M	1
2018	佑瑚		88	M	1
2018		こたろう	88	M	2
2018	佑馬	ゆうま	88	M	1
2018	佑真		89	M	1
2018		ごう	89	M	2
2018	佑麻	ゆうま	89	M	1
2018	佑輔		90	M	1
2018		さくと	90	M	2
2018	來叶	らいと	90	M	1
2018	佑采		91	M	1
2018		しおん	91	M	2
2018	侑	ゆう	91	M	1
2018	佑馬		92	M	1
2018		しゅうと	92	M	2
2018	侑叶	ゆいと	92	M	1
2018	佑麻		93	M	1
2018		しょうたろう	93	M	2
2018	侑希	ゆうき	93	M	1
2018	來叶		94	M	1
2018		しょうや	94	M	2
2018	侑志	ゆうし	94	M	1
2018	侑		95	M	1
2018		しんたろう	95	M	2
2018	侑斗	ゆうと	95	M	1
2018	侑叶		96	M	1
2018		そうあ	96	M	2
2018	侑暉	ゆうき	96	M	1
2018	侑希		97	M	1
2018		そうし	97	M	2
2018	侑泰	ゆうた	97	M	1
2018	侑志		98	M	1
2018		たいち	98	M	2
2018	俊哉	としや	98	M	1
2018	侑斗		99	M	1
2018		たお	99	M	2
2018	修司	しゅうじ	99	M	1
2018	侑暉		100	M	1
2018		たかや	100	M	2
2018	倭	やまと	100	M	1
2018	侑泰		101	M	1
2018		たくと	101	M	2
2018	偉月	いつき	101	M	1
2018	俊哉		102	M	1
2018		たすく	102	M	2
2018	健	けん	102	M	1
2018	修司		103	M	1
2018		だいち	103	M	2
2018	健一郎	けんいちろう	103	M	1
2018	倭		104	M	1
2018		だん	104	M	2
2018	健人	けんと	104	M	1
2018	偉月		105	M	1
2018		とわ	105	M	2
2018	健瑠	たける	105	M	1
2018	健一郎		106	M	1
2018		なお	106	M	2
2018	健生	けんせい	106	M	1
2018	健人		107	M	1
2018		なおと	107	M	2
2018	健生	たける	107	M	1
2018	健瑠		108	M	1
2018		はやて	108	M	2
2018	僚桜	ともはる	108	M	1
2018	僚桜		109	M	1
2018		はる	109	M	2
2018	優光	ゆうひ	109	M	1
2018	優光		110	M	1
2018		はるひ	110	M	2
2018	優希	ゆうき	110	M	1
2018	優希		111	M	1
2018		はるよし	111	M	2
2018	優弥	ゆうや	111	M	1
2018	優弥		112	M	1
2018		まさむね	112	M	2
2018	優志	まさむね	112	M	1
2018	優志		113	M	1
2018		まひろ	113	M	2
2018	優成	ゆうせい	113	M	1
2018	優成		114	M	1
2018		みずき	114	M	2
2018	優斗	ひろと	114	M	1
2018	優李		115	M	1
2018		みつき	115	M	2
2018	優斗	ゆうと	115	M	1
2018	優杜		116	M	1
2018		ゆうご	116	M	2
2018	優李	ゆうり	116	M	1
2018	優空		117	M	1
2018		ゆうぜん	117	M	2
2018	優杜	まなと	117	M	1
2018	優舞		118	M	1
2018		ゆうや	118	M	2
2018	優空	ゆう	118	M	1
2018	元榛		119	M	1
2018		ゆうり	119	M	2
2018	優舞	ゆうま	119	M	1
2018	元翔		120	M	1
2018		ゆずき	120	M	2
2018	元榛	もとはる	120	M	1
2018	充紀		121	M	1
2018		ゆたか	121	M	2
2018	元翔	げんと	121	M	1
2018	充里		122	M	1
2018		ようすけ	122	M	2
2018	充紀	みつき	122	M	1
2018	光		123	M	1
2018		よしき	123	M	2
2018	充里	じゅうり	123	M	1
2018	光一郎		124	M	1
2018		らいと	124	M	2
2018	光	こう	124	M	1
2018	光優		125	M	1
2018		りお	125	M	2
2018	光一郎	こういちろう	125	M	1
2018	光希		126	M	1
2018		りつ	126	M	2
2018	光優	こう	126	M	1
2018	光成		127	M	1
2018		りゅうや	127	M	2
2018	光希	こうき	127	M	1
2018	光祥		128	M	1
2018		りょうが	128	M	2
2018	光成	こうせい	128	M	1
2018	光翔		129	M	1
2018		りんたろう	129	M	2
2018	光祥	こうしょう	129	M	1
2018	全		130	M	1
2018		りんと	130	M	2
2018	光翔	ひろと	130	M	1
2018	冬真		131	M	1
2018		れい	131	M	2
2018	全	ぜん	131	M	1
2018	凌介		132	M	1
2018		れおん	132	M	2
2018	冬真	とうま	132	M	1
2018	凌太郎		133	M	1
2018		れんと	133	M	2
2018	凌介	りょうすけ	133	M	1
2018	凌雅		134	M	1
2018		あおし	134	M	1
2018	凌太郎	りょうたろう	134	M	1
2018	凛大朗		135	M	1
2018		あかつき	135	M	1
2018	凌雅	りょうが	135	M	1
2018	凜人		136	M	1
2018		あきなり	136	M	1
2018	凛大朗	りんたろう	136	M	1
2018	凰揮		137	M	1
2018		あきひさ	137	M	1
2018	凜人	りんと	137	M	1
2018	凰牙		138	M	1
2018		あきら	138	M	1
2018	凰揮	こうき	138	M	1
2018	利音		139	M	1
2018		あずま	139	M	1
2018	凰牙	おうが	139	M	1
2018	剛生		140	M	1
2018		あたる	140	M	1
2018	利音	りおん	140	M	1
2018	勇二		141	M	1
2018		あつき	141	M	1
2018	剛生	ごうき	141	M	1
2018	勇斗		142	M	1
2018		あつし	142	M	1
2018	勇二	ゆうじ	142	M	1
2018	勇昇		143	M	1
2018		あつひろ	143	M	1
2018	勇斗	はやと	143	M	1
2018	勇杜		144	M	1
2018		あどる	144	M	1
2018	勇昇	ゆたか	144	M	1
2018	勘太		145	M	1
2018		あまね	145	M	1
2018	勇杜	はやと	145	M	1
2018	匠悟		146	M	1
2018		あゆと	146	M	1
2018	勘太	かんた	146	M	1
2018	匠海		147	M	1
2018		あゆむ	147	M	1
2018	匠悟	しょうご	147	M	1
2018	匠生		148	M	1
2018		いちか	148	M	1
2018	匠海	たくみ	148	M	1
2018	十介		149	M	1
2018		いっしん	149	M	1
2018	匠生	たくみ	149	M	1
2018	十衣		150	M	1
2018		いった	150	M	1
2018	十介	とおすけ	150	M	1
2018	千尋		151	M	1
2018		いっぺい	151	M	1
2018	十衣	とおい	151	M	1
2018	千昭		152	M	1
2018		いつ	152	M	1
2018	千尋	ちひろ	152	M	1
2018	千樹		153	M	1
2018		いつむ	153	M	1
2018	千昭	ちあき	153	M	1
2018	千隼		154	M	1
2018		いろ	154	M	1
2018	千樹	かずき	154	M	1
2018	博俊		155	M	1
2018		えいしん	155	M	1
2018	千隼	ちはや	155	M	1
2018	友禅		156	M	1
2018		えいじ	156	M	1
2018	博俊	ひろとし	156	M	1
2018	叶多		157	M	1
2018		えいだい	157	M	1
2018	友禅	ゆうぜん	157	M	1
2018	叶絆		158	M	1
2018		えん	158	M	1
2018	叶多	かなた	158	M	1
2018	叶采		159	M	1
2018		おうき	159	M	1
2018	叶絆	るき	159	M	1
2018	周		160	M	1
2018		おうし	160	M	1
2018	叶采	かなと	160	M	1
2018	周叶		161	M	1
2018		おうすけ	161	M	1
2018	周	あまね	161	M	1
2018	和樹		162	M	1
2018		おうせい	162	M	1
2018	周叶	しゅうと	162	M	1
2018	和毅		163	M	1
2018		おうたろう	163	M	1
2018	和樹	かずき	163	M	1
2018	和眞		164	M	1
2018		おうのすけ	164	M	1
2018	和毅	かずき	164	M	1
2018	和睦		165	M	1
2018		かいしゅう	165	M	1
2018	和眞	かずま	165	M	1
2018	和虎		166	M	1
2018		かいり	166	M	1
2018	和睦	なごむ	166	M	1
2018	和詩		167	M	1
2018		かずさ	167	M	1
2018	和虎	かずと	167	M	1
2018	和諒		168	M	1
2018		かずし	168	M	1
2018	和詩	かずし	168	M	1
2018	咲有		169	M	1
2018		かずと	169	M	1
2018	和諒	かずみち	169	M	1
2018	咲来		170	M	1
2018		かずは	170	M	1
2018	咲斗	さきと	170	M	1
2018	咲楽		171	M	1
2018		かずま	171	M	1
2018	咲斗	さくと	171	M	1
2018	咲登		172	M	1
2018		かずみち	172	M	1
2018	咲有	しょう	172	M	1
2018	咲輔		173	M	1
2018		かずや	173	M	1
2018	咲来	さくら	173	M	1
2018	哲		174	M	1
2018		かなで	174	M	1
2018	咲楽	さくら	174	M	1
2018	唯叶		175	M	1
2018		かん	175	M	1
2018	咲登	さくと	175	M	1
2018	唯希		176	M	1
2018		かんた	176	M	1
2018	咲輔	しょうすけ	176	M	1
2018	啓介		177	M	1
2018		かんたろう	177	M	1
2018	哲	あきら	177	M	1
2018	啓伍		178	M	1
2018		かんだい	178	M	1
2018	唯叶	ゆいと	178	M	1
2018	喜久士		179	M	1
2018		がくし	179	M	1
2018	唯希	いぶき	179	M	1
2018	嘉章		180	M	1
2018		きいち	180	M	1
2018	啓介	けいすけ	180	M	1
2018	堅		181	M	1
2018		きくと	181	M	1
2018	啓伍	けいご	181	M	1
2018	堅志		182	M	1
2018		きゅうま	182	M	1
2018	喜久士	きくと	182	M	1
2018	士音		183	M	1
2018		きよと	183	M	1
2018	嘉章	よしあき	183	M	1
2018	壮人		184	M	1
2018		けいしん	184	M	1
2018	堅	けん	184	M	1
2018	壱信		185	M	1
2018		けんいちろう	185	M	1
2018	堅志	けんし	185	M	1
2018	壱城		186	M	1
2018		けんし	186	M	1
2018	士音	しおん	186	M	1
2018	夏樹		187	M	1
2018		けんしん	187	M	1
2018	壮人	あきと	187	M	1
2018	夏生		188	M	1
2018		けんせい	188	M	1
2018	壱信	いっしん	188	M	1
2018	夏維		189	M	1
2018		げんと	189	M	1
2018	壱城	いつき	189	M	1
2018	多希		190	M	1
2018		こういちろう	190	M	1
2018	夏樹	なつき	190	M	1
2018	夢人		191	M	1
2018		こうが	191	M	1
2018	夏生	なつき	191	M	1
2018	夢大		192	M	1
2018		こうしょう	192	M	1
2018	夏維	かい	192	M	1
2018	大也		193	M	1
2018		こうだい	193	M	1
2018	多希	たき	193	M	1
2018	大偉		194	M	1
2018		こうりゅう	194	M	1
2018	夢人	ゆうと	194	M	1
2018	大和		195	M	1
2018		ごうき	195	M	1
2018	夢大	ゆめと	195	M	1
2018	大成		196	M	1
2018		さきと	196	M	1
2018	大也	だいや	196	M	1
2018	大真		197	M	1
2018		さくあ	197	M	1
2018	大偉	だい	197	M	1
2018	大芽		198	M	1
2018		さんじ	198	M	1
2018	大和	やまと	198	M	1
2018	大輔		199	M	1
2018		ざいでん	199	M	1
2018	大成	たいせい	199	M	1
2018	大雅		200	M	1
2018		しせい	200	M	1
2018	大真	はるま	200	M	1
2018	天翔		201	M	1
2018		しづき	201	M	1
2018	大翔	ひろと	201	M	1
2018	太慈		202	M	1
2018		しはん	202	M	1
2018	大翔	やまと	202	M	1
2018	太馳		203	M	1
2018		しゅう	203	M	1
2018	大芽	たいが	203	M	1
2018	太鳳		204	M	1
2018		しゅうじ	204	M	1
2018	大輔	だいすけ	204	M	1
2018	奏		205	M	1
2018		しゅうじろう	205	M	1
2018	大雅	たいが	205	M	1
2018	奏人		206	M	1
2018		しゅうた	206	M	1
2018	天翔	そら	206	M	1
2018	奏佑		207	M	1
2018		しゅうたろう	207	M	1
2018	太慈	たいじ	207	M	1
2018	奏助		208	M	1
2018		しゅうま	208	M	1
2018	太馳	たいち	208	M	1
2018	奏向		209	M	1
2018		しゅん	209	M	1
2018	太鳳	たお	209	M	1
2018	奏多		210	M	1
2018		しゅんき	210	M	1
2018	奏	かなで	210	M	1
2018	奏斗		211	M	1
2018		しゅんすけ	211	M	1
2018	奏人	かなと	211	M	1
2018	奏汰		212	M	1
2018		しゅんぺい	212	M	1
2018	奏佑	そうすけ	212	M	1
2018	奏良		213	M	1
2018		しゅんま	213	M	1
2018	奏助	そうすけ	213	M	1
2018	奏裕		214	M	1
2018		しゅんや	214	M	1
2018	奏向	かなた	214	M	1
2018	奏音		215	M	1
2018		しょうすけ	215	M	1
2018	奏多	かなた	215	M	1
2018	奨眞		216	M	1
2018		しょうせい	216	M	1
2018	奏斗	かなと	216	M	1
2018	孝		217	M	1
2018		しんじろう	217	M	1
2018	奏汰	そうた	217	M	1
2018	孝希		218	M	1
2018		しんや	218	M	1
2018	奏良	そら	218	M	1
2018	季埜		219	M	1
2018		じえい	219	M	1
2018	奏裕	そうすけ	219	M	1
2018	宏吉		220	M	1
2018		じゅうり	220	M	1
2018	奏音	かなと	220	M	1
2018	宏弥		221	M	1
2018		じゅん	221	M	1
2018	奨眞	しょうま	221	M	1
2018	宗典		222	M	1
2018		じょう	222	M	1
2018	孝	こう	222	M	1
2018	宙		223	M	1
2018		じょうすけ	223	M	1
2018	孝希	こうき	223	M	1
2018	寛		224	M	1
2018		じん	224	M	1
2018	季埜	ときや	224	M	1
2018	寛人		225	M	1
2018		じんいちろう	225	M	1
2018	宏吉	こうき	225	M	1
2018	寛大		226	M	1
2018		じんた	226	M	1
2018	宏弥	こうや	226	M	1
2018	寛太郎		227	M	1
2018		せいいち	227	M	1
2018	宗典	そうすけ	227	M	1
2018	寛文		228	M	1
2018		せいご	228	M	1
2018	宙	そら	228	M	1
2018	寿		229	M	1
2018		せいのすけ	229	M	1
2018	寛	かん	229	M	1
2018	将磨		230	M	1
2018		せお	230	M	1
2018	寛人	ひろと	230	M	1
2018	尊		231	M	1
2018		せら	231	M	1
2018	寛大	かんだい	231	M	1
2018	尊斗		232	M	1
2018		ぜん	232	M	1
2018	寛太郎	かんたろう	232	M	1
2018	尊琉		233	M	1
2018		そういちろう	233	M	1
2018	寛文	ひろふみ	233	M	1
2018	尚央		234	M	1
2018		そうご	234	M	1
2018	寿	ひさし	234	M	1
2018	尚翔		235	M	1
2018		そうしろう	235	M	1
2018	将磨	しょうま	235	M	1
2018	岳登		236	M	1
2018		そうたろう	236	M	1
2018	尊	たける	236	M	1
2018	崇佑		237	M	1
2018		そうま	237	M	1
2018	尊斗	みこと	237	M	1
2018	嵐人		238	M	1
2018		そらと	238	M	1
2018	尊琉	たける	238	M	1
2018	嶺良		239	M	1
2018		たいき	239	M	1
2018	尚央	なお	239	M	1
2018	巧		240	M	1
2018		たいじ	240	M	1
2018	尚翔	なおと	240	M	1
2018	巧望		241	M	1
2018		たいふく	241	M	1
2018	岳登	たくと	241	M	1
2018	市之助		242	M	1
2018		たかゆき	242	M	1
2018	崇佑	そうすけ	242	M	1
2018	幸佑		243	M	1
2018		たき	243	M	1
2018	嵐人	らんと	243	M	1
2018	幸希		244	M	1
2018		たくま	244	M	1
2018	嶺良	れお	244	M	1
2018	幸空		245	M	1
2018		たくや	245	M	1
2018	巧	たくみ	245	M	1
2018	幸輝		246	M	1
2018		たけはる	246	M	1
2018	巧望	たくみ	246	M	1
2018	広真		247	M	1
2018		たつき	247	M	1
2018	市之助	いちのすけ	247	M	1
2018	康太		248	M	1
2018		たつゆき	248	M	1
2018	幸佑	こうすけ	248	M	1
2018	康生		249	M	1
2018		だい	249	M	1
2018	幸希	こうき	249	M	1
2018	庸汰		250	M	1
2018		だいすけ	250	M	1
2018	幸空	こう	250	M	1
2018	弥太朗		251	M	1
2018		だいや	251	M	1
2018	幸輝	こうき	251	M	1
2018	強仁		252	M	1
2018		ちあき	252	M	1
2018	広真	とうま	252	M	1
2018	彪真		253	M	1
2018		ちから	253	M	1
2018	康太	こうた	253	M	1
2018	彰真		254	M	1
2018		ちひろ	254	M	1
2018	康生	こうせい	254	M	1
2018	律生		255	M	1
2018		つなぐ	255	M	1
2018	庸汰	ようた	255	M	1
2018	徠翔		256	M	1
2018		つむぐ	256	M	1
2018	弥太朗	やたろう	256	M	1
2018	心太良		257	M	1
2018		てるき	257	M	1
2018	強仁	あつと	257	M	1
2018	志月		258	M	1
2018		とあ	258	M	1
2018	彪真	ひゅうま	258	M	1
2018	怜		259	M	1
2018		とうや	259	M	1
2018	彰真	しょうま	259	M	1
2018	怜夢		260	M	1
2018		とおい	260	M	1
2018	律生	りつき	260	M	1
2018	怜来		261	M	1
2018		とおすけ	261	M	1
2018	徠翔	らいど	261	M	1
2018	怜真		262	M	1
2018		ときや	262	M	1
2018	心太良	こたろう	262	M	1
2018	恵佑		263	M	1
2018		としや	263	M	1
2018	志月	しづき	263	M	1
2018	恵汰		264	M	1
2018		ともたか	264	M	1
2018	怜	れん	264	M	1
2018	恵豊		265	M	1
2018		ともはる	265	M	1
2018	怜夢	れん	265	M	1
2018	悠一		266	M	1
2018		なおき	266	M	1
2018	怜来	りく	266	M	1
2018	悠仁		267	M	1
2018		なおや	267	M	1
2018	怜真	りょうま	267	M	1
2018	悠剛		268	M	1
2018		なおゆき	268	M	1
2018	恵佑	けいすけ	268	M	1
2018	悠太		269	M	1
2018		なごむ	269	M	1
2018	恵汰	けいた	269	M	1
2018	悠市		270	M	1
2018		なるき	270	M	1
2018	恵豊	けいと	270	M	1
2018	悠希		271	M	1
2018		にこあ	271	M	1
2018	悠一	ゆういち	271	M	1
2018	悠晴		272	M	1
2018		にじろう	272	M	1
2018	悠人	はると	272	M	1
2018	悠暉		273	M	1
2018		のか	273	M	1
2018	悠仁	はると	273	M	1
2018	悠李		274	M	1
2018		のぞむ	274	M	1
2018	悠剛	ゆうご	274	M	1
2018	悠永		275	M	1
2018		はく	275	M	1
2018	悠太	ゆうた	275	M	1
2018	悠磨		276	M	1
2018		はじめ	276	M	1
2018	悠市	はるいち	276	M	1
2018	悠禅		277	M	1
2018		はづき	277	M	1
2018	悠希	はるき	277	M	1
2018	悠羽		278	M	1
2018		はやき	278	M	1
2018	悠斗	しゅうと	278	M	1
2018	悠翔		279	M	1
2018		はるいち	279	M	1
2018	悠晴	ゆうせい	279	M	1
2018	悠葵		280	M	1
2018		はるおみ	280	M	1
2018	悠暉	はるき	280	M	1
2018	惇人		281	M	1
2018		はるか	281	M	1
2018	悠李	ゆうり	281	M	1
2018	惟吹		282	M	1
2018		はるや	282	M	1
2018	悠永	ひさつね	282	M	1
2018	想介		283	M	1
2018		はるゆき	283	M	1
2018	悠磨	はるま	283	M	1
2018	想叶		284	M	1
2018		ひさし	284	M	1
2018	悠禅	ゆうぜん	284	M	1
2018	想布		285	M	1
2018		ひさつね	285	M	1
2018	悠羽	ゆう	285	M	1
2018	想発		286	M	1
2018		ひすい	286	M	1
2018	悠翔	ゆうと	286	M	1
2018	想空		287	M	1
2018		ひでと	287	M	1
2018	悠葵	はるき	287	M	1
2018	愛叶		288	M	1
2018		ひなと	288	M	1
2018	惇人	あつと	288	M	1
2018	愛大		289	M	1
2018		ひびき	289	M	1
2018	惟吹	いぶき	289	M	1
2018	愛尋		290	M	1
2018		ひびと	290	M	1
2018	想介	そうすけ	290	M	1
2018	愛翔		291	M	1
2018		ひゅうが	291	M	1
2018	想叶	そう	291	M	1
2018	慈		292	M	1
2018		ひゅうま	292	M	1
2018	想布	そう	292	M	1
2018	慈英		293	M	1
2018		ひろあ	293	M	1
2018	想発	そうた	293	M	1
2018	慎二朗		294	M	1
2018		ひろとし	294	M	1
2018	想空	そうあ	294	M	1
2018	慶丞		295	M	1
2018		ひろふみ	295	M	1
2018	愛叶	まなと	295	M	1
2018	慶信		296	M	1
2018		ふうが	296	M	1
2018	愛大	かなた	296	M	1
2018	慶典		297	M	1
2018		ふうた	297	M	1
2018	愛尋	まひろ	297	M	1
2018	憐		298	M	1
2018		ふうま	298	M	1
2018	愛翔	まなと	298	M	1
2018	應佑		299	M	1
2018		ふうや	299	M	1
2018	慈	いつ	299	M	1
2018	成央		300	M	1
2018		ふくと	300	M	1
2018	慈英	じえい	300	M	1
2018	成希		301	M	1
2018		まお	301	M	1
2018	慎二朗	しんじろう	301	M	1
2018	戸田		302	M	1
2018		まさゆき	302	M	1
2018	慶丞	けいすけ	302	M	1
2018	拓哉		303	M	1
2018		みおと	303	M	1
2018	慶信	けいしん	303	M	1
2018	拓海		304	M	1
2018		みき	304	M	1
2018	慶典	けいすけ	304	M	1
2018	拓隼		305	M	1
2018		みこと	305	M	1
2018	憐	れん	305	M	1
2018	捺貴		306	M	1
2018		みらい	306	M	1
2018	應佑	おうすけ	306	M	1
2018	政吾		307	M	1
2018		むぎ	307	M	1
2018	成央	なお	307	M	1
2018	敦宏		308	M	1
2018		むつき	308	M	1
2018	成希	なるき	308	M	1
2018	敦貴		309	M	1
2018		むつみ	309	M	1
2018	戸田	りょうせい	309	M	1
2018	敬太		310	M	1
2018		もとはる	310	M	1
2018	拓哉	たくや	310	M	1
2018	斗真		311	M	1
2018		もものすけ	311	M	1
2018	拓海	たくみ	311	M	1
2018	新		312	M	1
2018		やたろう	312	M	1
2018	拓隼	たくと	312	M	1
2018	新汰		313	M	1
2018		ゆい	313	M	1
2018	捺貴	なつき	313	M	1
2018	日向		314	M	1
2018		ゆういち	314	M	1
2018	政吾	せいご	314	M	1
2018	日希		315	M	1
2018		ゆうし	315	M	1
2018	敦宏	あつひろ	315	M	1
2018	旺之介		316	M	1
2018		ゆうしん	316	M	1
2018	敦貴	あつき	316	M	1
2018	旺季		317	M	1
2018		ゆうじ	317	M	1
2018	敬太	けいた	317	M	1
2018	旺雅		318	M	1
2018		ゆうすけ	318	M	1
2018	斗真	とうま	318	M	1
2018	昂生		319	M	1
2018		ゆうひ	319	M	1
2018	新	あらた	319	M	1
2018	昇汰		320	M	1
2018		ゆめと	320	M	1
2018	新汰	あらた	320	M	1
2018	昇護		321	M	1
2018		よう	321	M	1
2018	日向	ひなた	321	M	1
2018	昊		322	M	1
2018		よういちろう	322	M	1
2018	日希	はるき	322	M	1
2018	昊希		323	M	1
2018		よしあき	323	M	1
2018	旺之介	おうのすけ	323	M	1
2018	昊龍		324	M	1
2018		よしと	324	M	1
2018	旺季	おうき	324	M	1
2018	昌幸		325	M	1
2018		よしひこ	325	M	1
2018	旺雅	おうが	325	M	1
2018	明成		326	M	1
2018		らい	326	M	1
2018	昂生	こうき	326	M	1
2018	映太		327	M	1
2018		らいき	327	M	1
2018	昇汰	しょうた	327	M	1
2018	春大		328	M	1
2018		らいど	328	M	1
2018	昇護	しょうご	328	M	1
2018	春都		329	M	1
2018		らお	329	M	1
2018	昊	そら	329	M	1
2018	昭太郎		330	M	1
2018		らんと	330	M	1
2018	昊希	こうき	330	M	1
2018	晃希		331	M	1
2018		りおん	331	M	1
2018	昊龍	こうりゅう	331	M	1
2018	晃成		332	M	1
2018		りた	332	M	1
2018	昌幸	まさゆき	332	M	1
2018	晃我		333	M	1
2018		りつき	333	M	1
2018	明成	あきなり	333	M	1
2018	晃誠		334	M	1
2018		りゅうが	334	M	1
2018	映太	えいた	334	M	1
2018	晄士		335	M	1
2018		りゅうき	335	M	1
2018	春大	はるき	335	M	1
2018	晄生		336	M	1
2018		りゅうご	336	M	1
2018	春都	はると	336	M	1
2018	晋也		337	M	1
2018		りゅうしん	337	M	1
2018	昭太郎	しょうたろう	337	M	1
2018	景琥		338	M	1
2018		りゅうと	338	M	1
2018	晃希	こうき	338	M	1
2018	晴		339	M	1
2018		りゅうのすけ	339	M	1
2018	晃成	こうせい	339	M	1
2018	晴也		340	M	1
2018		りょうき	340	M	1
2018	晃我	こうが	340	M	1
2018	晴人		341	M	1
2018		りょうたろう	341	M	1
2018	晃誠	こうせい	341	M	1
2018	晴太		342	M	1
2018		るあ	342	M	1
2018	晄士	あきと	342	M	1
2018	晴月		343	M	1
2018		るいと	343	M	1
2018	晄生	るい	343	M	1
2018	晴架		344	M	1
2018		るうく	344	M	1
2018	晋也	しんや	344	M	1
2018	晴綺		345	M	1
2018		るき	345	M	1
2018	景琥	けいご	345	M	1
2018	晴義		346	M	1
2018		れいり	346	M	1
2018	晴	はると	346	M	1
2018	晴臣		347	M	1
2018		れお	347	M	1
2018	晴也	はるや	347	M	1
2018	晴葵		348	M	1
2018		れおと	348	M	1
2018	晴人	はると	348	M	1
2018	晴都		349	M	1
2018		れんたろう	349	M	1
2018	晴太	はるた	349	M	1
2018	智隆		350	M	1
2018	晴月	はづき	350	M	1
2018	暁		351	M	1
2018	晴架	はるか	351	M	1
2018	暁寿		352	M	1
2018	晴綺	はるき	352	M	1
2018	暖人		353	M	1
2018	晴義	はるよし	353	M	1
2018	暖大		354	M	1
2018	晴臣	はるおみ	354	M	1
2018	暖留		355	M	1
2018	晴葵	はるき	355	M	1
2018	暖音		356	M	1
2018	晴都	はると	356	M	1
2018	未來		357	M	1
2018	智隆	ともたか	357	M	1
2018	朱真		358	M	1
2018	暁	あかつき	358	M	1
2018	来聡		359	M	1
2018	暁寿	あきひさ	359	M	1
2018	来輝		360	M	1
2018	暖	ひなた	360	M	1
2018	柊二朗		361	M	1
2018	暖人	はると	361	M	1
2018	柚希		362	M	1
2018	暖大	はると	362	M	1
2018	栄陽		363	M	1
2018	暖留	あたる	363	M	1
2018	桃之介		364	M	1
2018	暖音	はると	364	M	1
2018	桜太郎		365	M	1
2018	未來	みらい	365	M	1
2018	桜志		366	M	1
2018	朱真	しゅうま	366	M	1
2018	桜成		367	M	1
2018	来聡	らいと	367	M	1
2018	桜空		368	M	1
2018	来輝	らいき	368	M	1
2018	桜翔		369	M	1
2018	柊二朗	しゅうじろう	369	M	1
2018	梓真		370	M	1
2018	柚希	ゆずき	370	M	1
2018	梓韓		371	M	1
2018	栄陽	はる	371	M	1
2018	梛		372	M	1
2018	桃之介	もものすけ	372	M	1
2018	梨翔		373	M	1
2018	桜太郎	おうたろう	373	M	1
2018	椋喜		374	M	1
2018	桜志	おうし	374	M	1
2018	楓士		375	M	1
2018	桜成	おうせい	375	M	1
2018	楓太		376	M	1
2018	桜空	さくあ	376	M	1
2018	楓真		377	M	1
2018	桜翔	おうが	377	M	1
2018	楽偉		378	M	1
2018	梓真	あずま	378	M	1
2018	楽心		379	M	1
2018	梓韓	しはん	379	M	1
2018	槍悟		380	M	1
2018	梛	なぎ	380	M	1
2018	橙生		381	M	1
2018	梨翔	りんと	381	M	1
2018	櫻虎		382	M	1
2018	椋喜	りょうき	382	M	1
2018	正太郎		383	M	1
2018	楓士	かえで	383	M	1
2018	正宗		384	M	1
2018	楓太	ふうた	384	M	1
2018	歩杜		385	M	1
2018	楓真	ふうま	385	M	1
2018	歩睦		386	M	1
2018	楽偉	らい	386	M	1
2018	歩笑		387	M	1
2018	楽心	がくし	387	M	1
2018	汰成		388	M	1
2018	槍悟	そうご	388	M	1
2018	波久		389	M	1
2018	橙生	ゆずき	389	M	1
2018	泰地		390	M	1
2018	櫻虎	さくら	390	M	1
2018	泰我		391	M	1
2018	正太郎	しょうたろう	391	M	1
2018	泰福		392	M	1
2018	正宗	まさむね	392	M	1
2018	泰緒		393	M	1
2018	歩杜	あゆと	393	M	1
2018	泰誠		394	M	1
2018	歩睦	あゆむ	394	M	1
2018	洸輝		395	M	1
2018	歩笑	とわ	395	M	1
2018	海凜		396	M	1
2018	汰成	たいせい	396	M	1
2018	海斗		397	M	1
2018	波久	はく	397	M	1
2018	海翔		398	M	1
2018	泰地	たいち	398	M	1
2018	海舟		399	M	1
2018	泰我	たいが	399	M	1
2018	海衣		400	M	1
2018	泰福	たいふく	400	M	1
2018	涼		401	M	1
2018	泰緒	たお	401	M	1
2018	涼太		402	M	1
2018	泰誠	たいせい	402	M	1
2018	涼正		403	M	1
2018	洸輝	こうき	403	M	1
2018	涼真		404	M	1
2018	海凜	かいり	404	M	1
2018	清登		405	M	1
2018	海斗	かいと	405	M	1
2018	済佃		406	M	1
2018	海翔	かいと	406	M	1
2018	湊仁		407	M	1
2018	海舟	かいしゅう	407	M	1
2018	湊介		408	M	1
2018	海衣	かい	408	M	1
2018	湊士郎		409	M	1
2018	涼	りょう	409	M	1
2018	湊斗		410	M	1
2018	涼太	りょうた	410	M	1
2018	湊月		411	M	1
2018	涼正	りょうせい	411	M	1
2018	湊飛		412	M	1
2018	涼真	りょうま	412	M	1
2018	滉大		413	M	1
2018	清登	きよと	413	M	1
2018	澪人		414	M	1
2018	済佃	ざいでん	414	M	1
2018	澪音		415	M	1
2018	湊仁	みなと	415	M	1
2018	瀬夏		416	M	1
2018	湊介	そうすけ	416	M	1
2018	瀬成		417	M	1
2018	湊士郎	そうしろう	417	M	1
2018	灯真		418	M	1
2018	湊斗	みなと	418	M	1
2018	煌也		419	M	1
2018	湊月	みつき	419	M	1
2018	煌仁		420	M	1
2018	湊飛	みなと	420	M	1
2018	煌琥		421	M	1
2018	滉大	こうだい	421	M	1
2018	燈翠		422	M	1
2018	澪人	みおと	422	M	1
2018	燎		423	M	1
2018	澪音	れおん	423	M	1
2018	爽楽		424	M	1
2018	瀬夏	せな	424	M	1
2018	獅星		425	M	1
2018	瀬成	せな	425	M	1
2018	玄		426	M	1
2018	灯真	とうま	426	M	1
2018	玄也		427	M	1
2018	煌也	こうや	427	M	1
2018	玄真		428	M	1
2018	煌仁	あきと	428	M	1
2018	玄翔		429	M	1
2018	煌琥	こはく	429	M	1
2018	玲偉		430	M	1
2018	燈翠	ひすい	430	M	1
2018	玲空		431	M	1
2018	燎	りょう	431	M	1
2018	玲音		432	M	1
2018	爽楽	そら	432	M	1
2018	珊蒔		433	M	1
2018	獅星	しせい	433	M	1
2018	理太		434	M	1
2018	玄	はると	434	M	1
2018	理空		435	M	1
2018	玄也	とうや	435	M	1
2018	理翔		436	M	1
2018	玄真	はるま	436	M	1
2018	琉亜		437	M	1
2018	玄翔	はると	437	M	1
2018	琉吾		438	M	1
2018	玲偉	れい	438	M	1
2018	琉海		439	M	1
2018	玲空	りく	439	M	1
2018	琉空		440	M	1
2018	玲音	れおと	440	M	1
2018	琉維		441	M	1
2018	珊蒔	さんじ	441	M	1
2018	琉雅		442	M	1
2018	理太	りた	442	M	1
2018	琥珀		443	M	1
2018	理空	りく	443	M	1
2018	琥白玖		444	M	1
2018	理翔	あやと	444	M	1
2018	琳太郎		445	M	1
2018	琉亜	るあ	445	M	1
2018	瑛士		446	M	1
2018	琉吾	りゅうご	446	M	1
2018	瑛心		447	M	1
2018	琉海	るい	447	M	1
2018	瑛斗		448	M	1
2018	琉空	るうく	448	M	1
2018	瑞紀		449	M	1
2018	琉維	るい	449	M	1
2018	瑞貴		450	M	1
2018	琉雅	りゅうが	450	M	1
2018	瑠一		451	M	1
2018	琥珀	こはく	451	M	1
2018	瑠斗		452	M	1
2018	琥白玖	こはく	452	M	1
2018	璃空		453	M	1
2018	琳太郎	りんたろう	453	M	1
2018	由依		454	M	1
2018	瑛士	えいじ	454	M	1
2018	由幸		455	M	1
2018	瑛大	えいた	455	M	1
2018	由真		456	M	1
2018	瑛大	えいだい	456	M	1
2018	直幸		457	M	1
2018	瑛大	えいと	457	M	1
2018	直弥		458	M	1
2018	瑛心	えいしん	458	M	1
2018	直澄		459	M	1
2018	瑛斗	えいと	459	M	1
2018	直貴		460	M	1
2018	瑞紀	みずき	460	M	1
2018	眞宏		461	M	1
2018	瑞貴	みずき	461	M	1
2018	真太朗		462	M	1
2018	瑠一	るい	462	M	1
2018	真桜		463	M	1
2018	瑠斗	るいと	463	M	1
2018	睦		464	M	1
2018	璃空	りく	464	M	1
2018	睦空		465	M	1
2018	由依	ゆい	465	M	1
2018	睦貴		466	M	1
2018	由幸	ゆたか	466	M	1
2018	睦透		467	M	1
2018	由真	ゆうま	467	M	1
2018	瞬		468	M	1
2018	直幸	なおゆき	468	M	1
2018	瞬義		469	M	1
2018	直弥	なおや	469	M	1
2018	瞭佑		470	M	1
2018	直澄	なおと	470	M	1
2018	研人		471	M	1
2018	直貴	なおき	471	M	1
2018	碧斗		472	M	1
2018	眞宏	まひろ	472	M	1
2018	碧海		473	M	1
2018	真太朗	しんたろう	473	M	1
2018	碧音		474	M	1
2018	真桜	まお	474	M	1
2018	祥多		475	M	1
2018	睦	むつみ	475	M	1
2018	福弦		476	M	1
2018	睦空	ちから	476	M	1
2018	秀都		477	M	1
2018	睦貴	むつき	477	M	1
2018	稀輝		478	M	1
2018	睦透	りくと	478	M	1
2018	稜天		479	M	1
2018	瞬	しゅん	479	M	1
2018	稜汰		480	M	1
2018	瞬義	しゅんき	480	M	1
2018	穂		481	M	1
2018	瞭佑	りょうすけ	481	M	1
2018	究真		482	M	1
2018	研人	けんと	482	M	1
2018	空冬		483	M	1
2018	碧斗	あおと	483	M	1
2018	空澄		484	M	1
2018	碧海	あおい	484	M	1
2018	空音		485	M	1
2018	碧音	あおと	485	M	1
2018	立幸		486	M	1
2018	祥多	しょうた	486	M	1
2018	竜乃介		487	M	1
2018	福弦	ふくと	487	M	1
2018	笑空		488	M	1
2018	秀都	ひでと	488	M	1
2018	篤志		489	M	1
2018	稀輝	せら	489	M	1
2018	紡		490	M	1
2018	稜天	りょうた	490	M	1
2018	絆		491	M	1
2018	稜汰	りょうた	491	M	1
2018	結仁		492	M	1
2018	穂	みのる	492	M	1
2018	結士		493	M	1
2018	究真	きゅうま	493	M	1
2018	結太		494	M	1
2018	空冬	くうと	494	M	1
2018	結心		495	M	1
2018	空叶	くうと	495	M	1
2018	絢心		496	M	1
2018	空叶	そらと	496	M	1
2018	維月		497	M	1
2018	空澄	あきと	497	M	1
2018	綾人		498	M	1
2018	空音	あおと	498	M	1
2018	縁		499	M	1
2018	立幸	たつゆき	499	M	1
2018	繋佑		500	M	1
2018	竜乃介	りゅうのすけ	500	M	1
2018	美輝		501	M	1
2018	笑空	にこあ	501	M	1
2018	義樹		502	M	1
2018	篤志	あつし	502	M	1
2018	義都		503	M	1
2018	紡	つむぐ	503	M	1
2018	翔也		504	M	1
2018	絆	つなぐ	504	M	1
2018	翔剛		505	M	1
2018	結仁	ゆいと	505	M	1
2018	翔和		506	M	1
2018	結士	ゆいと	506	M	1
2018	翔大		507	M	1
2018	結太	ゆうた	507	M	1
2018	翔太		508	M	1
2018	結心	ゆうしん	508	M	1
2018	翔弥		509	M	1
2018	絢心	けんしん	509	M	1
2018	翔正		510	M	1
2018	維月	いつき	510	M	1
2018	翔真		511	M	1
2018	綾人	あやと	511	M	1
2018	翔空		512	M	1
2018	縁	えん	512	M	1
2018	耀一朗		513	M	1
2018	繋佑	けいすけ	513	M	1
2018	耀介		514	M	1
2018	美輝	よしき	514	M	1
2018	耀太		515	M	1
2018	義樹	よしき	515	M	1
2018	聖		516	M	1
2018	義都	よしと	516	M	1
2018	聖七		517	M	1
2018	翔	しょう	517	M	1
2018	聡介		518	M	1
2018	翔也	しょうや	518	M	1
2018	聡太		519	M	1
2018	翔剛	しょうご	519	M	1
2018	臨夢		520	M	1
2018	翔和	とわ	520	M	1
2018	舜脩		521	M	1
2018	翔大	しょうた	521	M	1
2018	航		522	M	1
2018	翔太	しょうた	522	M	1
2018	良亮		523	M	1
2018	翔弥	しょうや	523	M	1
2018	良彦		524	M	1
2018	翔正	しょうせい	524	M	1
2018	良河		525	M	1
2018	翔真	しょうま	525	M	1
2018	色		526	M	1
2018	翔空	とあ	526	M	1
2018	芽久		527	M	1
2018	耀一朗	よういちろう	527	M	1
2018	萩大		528	M	1
2018	耀介	ようすけ	528	M	1
2018	葵		529	M	1
2018	耀太	ようた	529	M	1
2018	葵大		530	M	1
2018	聖	しょう	530	M	1
2018	葵晴		531	M	1
2018	聖七	せな	531	M	1
2018	葵登		532	M	1
2018	聡介	そうすけ	532	M	1
2018	蒔桜		533	M	1
2018	聡太	そうた	533	M	1
2018	蒼依		534	M	1
2018	臨夢	のぞむ	534	M	1
2018	蒼助		535	M	1
2018	舜脩	しゅんすけ	535	M	1
2018	蒼太		536	M	1
2018	航	こう	536	M	1
2018	蒼太郎		537	M	1
2018	航希	かずき	537	M	1
2018	蒼斗		538	M	1
2018	航希	こうき	538	M	1
2018	蒼汰		539	M	1
2018	良亮	りょうすけ	539	M	1
2018	蒼葉		540	M	1
2018	良彦	よしひこ	540	M	1
2018	蓮凰		541	M	1
2018	良河	りょうが	541	M	1
2018	蓮叶		542	M	1
2018	色	いろ	542	M	1
2018	蓮太郎		543	M	1
2018	芽久	がく	543	M	1
2018	蓮海		544	M	1
2018	萩大	しゅうた	544	M	1
2018	虎太郎		545	M	1
2018	葵	あおい	545	M	1
2018	虹郎		546	M	1
2018	葵大	あおと	546	M	1
2018	裕亜		547	M	1
2018	葵晴	あおば	547	M	1
2018	裕太		548	M	1
2018	葵登	あおと	548	M	1
2018	詠斗		549	M	1
2018	蒔桜	しおん	549	M	1
2018	諒		550	M	1
2018	蒼依	あおい	550	M	1
2018	諒真		551	M	1
2018	蒼助	そうすけ	551	M	1
2018	謙都		552	M	1
2018	蒼士	あおし	552	M	1
2018	譲介		553	M	1
2018	蒼士	そうし	553	M	1
2018	豪		554	M	1
2018	蒼太	そうた	554	M	1
2018	豪琉		555	M	1
2018	蒼太郎	そうたろう	555	M	1
2018	貴一		556	M	1
2018	蒼斗	あおと	556	M	1
2018	貴也		557	M	1
2018	蒼汰	そうた	557	M	1
2018	輝希		558	M	1
2018	蒼空	そうあ	558	M	1
2018	轟		559	M	1
2018	蒼葉	あおば	559	M	1
2018	迅		560	M	1
2018	蓮凰	れおん	560	M	1
2018	逞馬		561	M	1
2018	蓮叶	れんと	561	M	1
2018	進太郎		562	M	1
2018	蓮太郎	れんたろう	562	M	1
2018	遥人		563	M	1
2018	蓮海	れんと	563	M	1
2018	遥介		564	M	1
2018	虎太郎	こたろう	564	M	1
2018	遥聖		565	M	1
2018	虹郎	にじろう	565	M	1
2018	遵		566	M	1
2018	裕亜	ひろあ	566	M	1
2018	遼		567	M	1
2018	裕太	ゆうた	567	M	1
2018	遼太		568	M	1
2018	詠斗	えいと	568	M	1
2018	遼晟		569	M	1
2018	諒	りょう	569	M	1
2018	遼樹		570	M	1
2018	諒真	りょうま	570	M	1
2018	那樹		571	M	1
2018	謙都	けんと	571	M	1
2018	郷		572	M	1
2018	譲介	じょうすけ	572	M	1
2018	里緒		573	M	1
2018	豪	たける	573	M	1
2018	陸叶		574	M	1
2018	豪琉	たける	574	M	1
2018	陸斗		575	M	1
2018	貴一	きいち	575	M	1
2018	陸翔		576	M	1
2018	貴也	たかや	576	M	1
2018	陽		577	M	1
2018	輝希	てるき	577	M	1
2018	陽之		578	M	1
2018	轟	ごう	578	M	1
2018	陽仁		579	M	1
2018	迅	じん	579	M	1
2018	陽叶		580	M	1
2018	逞馬	たくま	580	M	1
2018	陽吉		581	M	1
2018	進太郎	しんたろう	581	M	1
2018	陽向		582	M	1
2018	遥人	はると	582	M	1
2018	陽樹		583	M	1
2018	遥介	ようすけ	583	M	1
2018	陽琉		584	M	1
2018	遥聖	はるき	584	M	1
2018	陽稀		585	M	1
2018	遵	じゅん	585	M	1
2018	隆心		586	M	1
2018	遼	りょう	586	M	1
2018	隆行		587	M	1
2018	遼太	りょうた	587	M	1
2018	隼也		588	M	1
2018	遼晟	りょうせい	588	M	1
2018	隼也士		589	M	1
2018	遼樹	はるき	589	M	1
2018	隼平		590	M	1
2018	那樹	なつき	590	M	1
2018	雄太		591	M	1
2018	郷	ごう	591	M	1
2018	零		592	M	1
2018	里緒	らお	592	M	1
2018	零琉		593	M	1
2018	陸叶	りくと	593	M	1
2018	青之介		594	M	1
2018	陸斗	りくと	594	M	1
2018	青依		595	M	1
2018	陸翔	りく	595	M	1
2018	青央		596	M	1
2018	陽	よう	596	M	1
2018	青波		597	M	1
2018	陽之	はるゆき	597	M	1
2018	青空		598	M	1
2018	陽仁	はると	598	M	1
2018	青葉		599	M	1
2018	陽叶	はると	599	M	1
2018	鞘		600	M	1
2018	陽吉	はるよし	600	M	1
2018	響仁		601	M	1
2018	陽向	ひなた	601	M	1
2018	響喜		602	M	1
2018	陽斗	ひなと	602	M	1
2018	風谷		603	M	1
2018	陽樹	はるき	603	M	1
2018	颯一郎		604	M	1
2018	陽琉	はる	604	M	1
2018	颯佑		605	M	1
2018	陽稀	はるき	605	M	1
2018	颯大		606	M	1
2018	隆心	りゅうしん	606	M	1
2018	颯希		607	M	1
2018	隆行	たかゆき	607	M	1
2018	颯志		608	M	1
2018	隼也	しゅんや	608	M	1
2018	颯斗		609	M	1
2018	隼也士	はやと	609	M	1
2018	颯真		610	M	1
2018	隼平	しゅんぺい	610	M	1
2018	颯羽		611	M	1
2018	雄太	ゆうた	611	M	1
2018	颯雅		612	M	1
2018	零	れい	612	M	1
2018	飛向		613	M	1
2018	零琉	れいり	613	M	1
2018	飛翔		614	M	1
2018	青之介	せいのすけ	614	M	1
2018	駿		615	M	1
2018	青依	あおい	615	M	1
2018	駿真		616	M	1
2018	青央	せお	616	M	1
2018	鷲		617	M	1
2018	青波	あおば	617	M	1
2018	鷲大朗		618	M	1
2018	青空	そら	618	M	1
2018	鷹也		619	M	1
2018	青葉	あおば	619	M	1
2018	麦		620	M	1
2018	鞘	しょう	620	M	1
2018	龍仁		621	M	1
2018	響仁	ひびと	621	M	1
2018	龍樹		622	M	1
2018	響喜	ひびき	622	M	1
2018	龍輝		623	M	1
2018	風谷	ふうや	623	M	1
2018	颯一郎	そういちろう	624	M	1
2018	颯人	はやと	625	M	1
2018	颯人	はると	626	M	1
2018	颯佑	そうすけ	627	M	1
2018	颯大	そうた	628	M	1
2018	颯希	はやき	629	M	1
2018	颯志	そうし	630	M	1
2018	颯斗	はやと	631	M	1
2018	颯真	そうま	632	M	1
2018	颯羽	そう	633	M	1
2018	颯雅	ふうが	634	M	1
2018	飛向	ひなた	635	M	1
2018	飛翔	ひゅうが	636	M	1
2018	駿	かける	637	M	1
2018	駿真	しゅんま	638	M	1
2018	鷲	しゅう	639	M	1
2018	鷲大朗	しゅうたろう	640	M	1
2018	鷹也	たかや	641	M	1
2018	麦	むぎ	642	M	1
2018	龍仁	りゅうと	643	M	1
2018	龍樹	たつき	644	M	1
2018	龍輝	りゅうき	645	M	1
2019	結月		1	F	6
2019		ほのか	1	F	15
2019	結月	ゆづき	1	F	6
2019	美月		2	F	6
2019		あかり	2	F	11
2019	陽菜	ひな	2	F	6
2019	陽菜		3	F	6
2019		みお	3	F	11
2019	凜	りん	3	F	5
2019	凜		4	F	5
2019		りん	4	F	11
2019	穂乃花	ほのか	4	F	4
2019	結愛		5	F	5
2019		ひな	5	F	10
2019	結愛	ゆあ	5	F	4
2019	杏		6	F	4
2019		めい	6	F	10
2019	美桜	みお	6	F	4
2019	穂乃花		7	F	4
2019		ゆあ	7	F	10
2019	ひなた	ひなた	7	F	3
2019	美桜		8	F	4
2019		いちか	8	F	9
2019	一花	いちか	8	F	3
2019	ひなた		9	F	3
2019		えま	9	F	9
2019	凛	りん	9	F	3
2019	一花		10	F	3
2019		こはる	10	F	9
2019	咲希	さき	10	F	3
2019	凛		11	F	3
2019		さくら	11	F	9
2019	彩葉	いろは	11	F	3
2019	咲希		12	F	3
2019		ひなた	12	F	9
2019	愛莉	あいり	12	F	3
2019	咲花		13	F	3
2019		ゆいな	13	F	9
2019	日葵	ひまり	13	F	3
2019	彩葉		14	F	3
2019		ゆづき	14	F	9
2019	杏	あん	14	F	3
2019	愛莉		15	F	3
2019		いろは	15	F	8
2019	澪	みお	15	F	3
2019	愛菜		16	F	3
2019		ひまり	16	F	8
2019	結菜	ゆいな	16	F	3
2019	日葵		17	F	3
2019		みゆ	17	F	8
2019	美月	みつき	17	F	3
2019	朱莉		18	F	3
2019		ゆな	18	F	8
2019	美月	みづき	18	F	3
2019	澪		19	F	3
2019		りお	19	F	8
2019	芽依	めい	19	F	3
2019	結菜		20	F	3
2019		れな	20	F	8
2019	こはる	こはる	20	F	2
2019	芽依		21	F	3
2019		あおい	21	F	7
2019	さくら	さくら	21	F	2
2019	葉月		22	F	3
2019		さき	22	F	7
2019	ひかり	ひかり	22	F	2
2019	鈴		23	F	3
2019		さな	23	F	7
2019	ひまり	ひまり	23	F	2
2019	こはる		24	F	2
2019		ひより	24	F	7
2019	三結	みゆ	24	F	2
2019	さくら		25	F	2
2019		ゆい	25	F	7
2019	優愛	ゆあ	25	F	2
2019	ひかり		26	F	2
2019		あいり	26	F	6
2019	優結	ゆい	26	F	2
2019	ひまり		27	F	2
2019		すみれ	27	F	6
2019	光莉	ひかり	27	F	2
2019	万葉		28	F	2
2019		つむぎ	28	F	6
2019	凪紗	なぎさ	28	F	2
2019	三結		29	F	2
2019		ひかり	29	F	6
2019	千陽	ちはる	29	F	2
2019	優愛		30	F	2
2019		かほ	30	F	5
2019	和奏	わかな	30	F	2
2019	優結		31	F	2
2019		しおり	31	F	5
2019	和心	わこ	31	F	2
2019	優莉		32	F	2
2019		なぎさ	32	F	5
2019	和葉	かずは	32	F	2
2019	優菜		33	F	2
2019		はる	33	F	5
2019	咲良	さくら	33	F	2
2019	光莉		34	F	2
2019		はるか	34	F	5
2019	実咲	みさき	34	F	2
2019	凪紗		35	F	2
2019		ふうか	35	F	5
2019	寧々	ねね	35	F	2
2019	千陽		36	F	2
2019		みつき	36	F	5
2019	小晴	こはる	36	F	2
2019	和奏		37	F	2
2019		ゆうな	37	F	5
2019	怜那	れな	37	F	2
2019	和心		38	F	2
2019		ゆの	38	F	5
2019	愛菜	あいな	38	F	2
2019	和葉		39	F	2
2019		れい	39	F	5
2019	新菜	にいな	39	F	2
2019	咲良		40	F	2
2019		わか	40	F	5
2019	朱莉	しゅり	40	F	2
2019	実咲		41	F	2
2019		あんな	41	F	4
2019	杏奈	あんな	41	F	2
2019	寧々		42	F	2
2019		えな	42	F	4
2019	果穂	かほ	42	F	2
2019	小晴		43	F	2
2019		かんな	43	F	4
2019	柚葉	ゆずは	43	F	2
2019	幸来		44	F	2
2019		さえ	44	F	4
2019	栞	しおり	44	F	2
2019	心晴		45	F	2
2019		さら	45	F	4
2019	桜	さくら	45	F	2
2019	心結		46	F	2
2019		すず	46	F	4
2019	桜和	さわ	46	F	2
2019	怜奈		47	F	2
2019		そら	47	F	4
2019	桜子	さくらこ	47	F	2
2019	怜那		48	F	2
2019		のぞみ	48	F	4
2019	桜都	おと	48	F	2
2019	新菜		49	F	2
2019		はづき	49	F	4
2019	海花	うみか	49	F	2
2019	明奈		50	F	2
2019		はな	50	F	4
2019	涼音	すずね	50	F	2
2019	杏奈		51	F	2
2019		まほ	51	F	4
2019	渚	なぎさ	51	F	2
2019	果穂		52	F	2
2019		みずき	52	F	4
2019	琴音	ことね	52	F	2
2019	柚月		53	F	2
2019		めいさ	53	F	4
2019	環奈	かんな	53	F	2
2019	柚葉		54	F	2
2019		ゆいか	54	F	4
2019	環希	たまき	54	F	2
2019	栞		55	F	2
2019		ゆうり	55	F	4
2019	百花	ももか	55	F	2
2019	桜		56	F	2
2019		りこ	56	F	4
2019	真帆	まほ	56	F	2
2019	桜和		57	F	2
2019		りんか	57	F	4
2019	稟	りん	57	F	2
2019	桜子		58	F	2
2019		るな	58	F	4
2019	穂花	ほのか	58	F	2
2019	桜都		59	F	2
2019		れいな	59	F	4
2019	空	そら	59	F	2
2019	永愛		60	F	2
2019		あお	60	F	3
2019	笑愛	えま	60	F	2
2019	海花		61	F	2
2019		あき	61	F	3
2019	紗那	さな	61	F	2
2019	涼音		62	F	2
2019		あん	62	F	3
2019	結	ゆい	62	F	2
2019	渚		63	F	2
2019		あんじゅ	63	F	3
2019	美玖	みく	63	F	2
2019	玲那		64	F	2
2019		あんず	64	F	3
2019	芽生	めい	64	F	2
2019	琴音		65	F	2
2019		いおり	65	F	3
2019	茉緒	まお	65	F	2
2019	環奈		66	F	2
2019		おと	66	F	3
2019	莉緒	りお	66	F	2
2019	環希		67	F	2
2019		おとは	67	F	3
2019	菫	すみれ	67	F	2
2019	百花		68	F	2
2019		かずは	68	F	3
2019	萌	もえ	68	F	2
2019	真帆		69	F	2
2019		かのん	69	F	3
2019	葉月	はづき	69	F	2
2019	稟		70	F	2
2019		ことね	70	F	3
2019	葵唯	あおい	70	F	2
2019	穂花		71	F	2
2019		ことは	71	F	3
2019	蒼	あおい	71	F	2
2019	空		72	F	2
2019		さくらこ	72	F	3
2019	遥	はる	72	F	2
2019	笑愛		73	F	2
2019		さや	73	F	3
2019	鈴	すず	73	F	2
2019	紗那		74	F	2
2019		さわ	74	F	3
2019	陽奈	ひな	74	F	2
2019	結		75	F	2
2019		しずく	75	F	3
2019	風花	ふうか	75	F	2
2019	結心		76	F	2
2019		すずか	76	F	3
2019	麦	むぎ	76	F	2
2019	美玖		77	F	2
2019		すずね	77	F	3
2019	あかり	あかり	77	F	1
2019	美羽		78	F	2
2019		たまき	78	F	3
2019	あき	あき	78	F	1
2019	芽生		79	F	2
2019		ちはる	79	F	3
2019	あすか	あすか	79	F	1
2019	英奈		80	F	2
2019		なな	80	F	3
2019	あすみ	あすみ	80	F	1
2019	茉緒		81	F	2
2019		にいな	81	F	3
2019	いさ	いさ	81	F	1
2019	莉緒		82	F	2
2019		のあ	82	F	3
2019	いづみ	いづみ	82	F	1
2019	菫		83	F	2
2019		はるき	83	F	3
2019	いろは	いろは	83	F	1
2019	萌		84	F	2
2019		はるひ	84	F	3
2019	えれな	えれな	84	F	1
2019	葵唯		85	F	2
2019		まお	85	F	3
2019	かのん	かのん	85	F	1
2019	蒼		86	F	2
2019		まどか	86	F	3
2019	こうり	こうり	86	F	1
2019	虹		87	F	2
2019		まゆ	87	F	3
2019	ここ	ここ	87	F	1
2019	遥		88	F	2
2019		みく	88	F	3
2019	こころ	こころ	88	F	1
2019	鈴菜		89	F	2
2019		みづき	89	F	3
2019	このみ	このみ	89	F	1
2019	鈴音		90	F	2
2019		みれい	90	F	3
2019	さつき	さつき	90	F	1
2019	陽		91	F	2
2019		もえ	91	F	3
2019	しおり	しおり	91	F	1
2019	陽南		92	F	2
2019		ゆき	92	F	3
2019	すずか	すずか	92	F	1
2019	陽奈		93	F	2
2019		ゆず	93	F	3
2019	すみれ	すみれ	93	F	1
2019	陽莉		94	F	2
2019		るか	94	F	3
2019	そら	そら	94	F	1
2019	風花		95	F	2
2019		わかな	95	F	3
2019	ちえり	ちえり	95	F	1
2019	麦		96	F	2
2019		わこ	96	F	3
2019	ちひろ	ちひろ	96	F	1
2019	あかり		97	F	1
2019		あいな	97	F	2
2019	つむぎ	つむぎ	97	F	1
2019	あき		98	F	1
2019		あすか	98	F	2
2019	なつめ	なつめ	98	F	1
2019	あすか		99	F	1
2019		あすな	99	F	2
2019	ねい	ねい	99	F	1
2019	あすみ		100	F	1
2019		あすみ	100	F	2
2019	はるひ	はるひ	100	F	1
2019	いさ		101	F	1
2019		あやめ	101	F	2
2019	ひよの	ひよの	101	F	1
2019	いづみ		102	F	1
2019		ありさ	102	F	2
2019	ほがら	ほがら	102	F	1
2019	いろは		103	F	1
2019		いと	103	F	2
2019	ほの花	ほのか	103	F	1
2019	えれな		104	F	1
2019		うたは	104	F	2
2019	ほの香	ほのか	104	F	1
2019	かのん		105	F	1
2019		うみか	105	F	2
2019	みさ	みさ	105	F	1
2019	こうり		106	F	1
2019		かすみ	106	F	2
2019	みずき	みずき	106	F	1
2019	ここ		107	F	1
2019		かな	107	F	2
2019	みつき	みつき	107	F	1
2019	こころ		108	F	1
2019		かなこ	108	F	2
2019	もえ	もえ	108	F	1
2019	このみ		109	F	1
2019		かの	109	F	2
2019	ゆう	ゆう	109	F	1
2019	さつき		110	F	1
2019		かや	110	F	2
2019	ゆりな	ゆりな	110	F	1
2019	しおり		111	F	1
2019		きこ	111	F	2
2019	れい	れい	111	F	1
2019	すずか		112	F	1
2019		ここ	112	F	2
2019	メイサ	めいさ	112	F	1
2019	すみれ		113	F	1
2019		ここな	113	F	2
2019	一樺	いちか	113	F	1
2019	そら		114	F	1
2019		ここみ	114	F	2
2019	一華	いちか	114	F	1
2019	ちえり		115	F	1
2019		こと	115	F	2
2019	一葉	いちは	115	F	1
2019	ちひろ		116	F	1
2019		こよみ	116	F	2
2019	七星	ななせ	116	F	1
2019	つむぎ		117	F	1
2019		さあや	117	F	2
2019	七望	ななみ	117	F	1
2019	なつめ		118	F	1
2019		さつき	118	F	2
2019	七渚	なな	118	F	1
2019	ねい		119	F	1
2019		しおん	119	F	2
2019	七瑠美	なるみ	119	F	1
2019	はるひ		120	F	1
2019		しき	120	F	2
2019	七葉	なのは	120	F	1
2019	ひよの		121	F	1
2019		しの	121	F	2
2019	万希望	まきの	121	F	1
2019	ほがら		122	F	1
2019		しゅり	122	F	2
2019	万葉	かずは	122	F	1
2019	ほの花		123	F	1
2019		ちえ	123	F	2
2019	万葉	まなは	123	F	1
2019	ほの香		124	F	1
2019		ちせ	124	F	2
2019	三葉	みつは	124	F	1
2019	みさ		125	F	1
2019		ちづる	125	F	2
2019	乃々香	ののか	125	F	1
2019	みずき		126	F	1
2019		なつ	126	F	2
2019	乃愛実	のえみ	126	F	1
2019	みつき		127	F	1
2019		なつき	127	F	2
2019	乙葉	おとは	127	F	1
2019	もえ		128	F	1
2019		なつめ	128	F	2
2019	也美	なるみ	128	F	1
2019	ゆう		129	F	1
2019		ななみ	129	F	2
2019	亜紀	あき	129	F	1
2019	ゆりな		130	F	1
2019		なるみ	130	F	2
2019	仁梛	にな	130	F	1
2019	れい		131	F	1
2019		にな	131	F	2
2019	仁菜	にな	131	F	1
2019	メイサ		132	F	1
2019		ねね	132	F	2
2019	令奈	はるな	132	F	1
2019	一樺		133	F	1
2019		はるこ	133	F	2
2019	令彩	れあ	133	F	1
2019	一華		134	F	1
2019		はるな	134	F	2
2019	令栞	れいか	134	F	1
2019	一葉		135	F	1
2019		ひなこ	135	F	2
2019	伊織	いおり	135	F	1
2019	七星		136	F	1
2019		ひなの	136	F	2
2019	伎那	きな	136	F	1
2019	七望		137	F	1
2019		ひなみ	137	F	2
2019	佑奈	ゆな	137	F	1
2019	七渚		138	F	1
2019		ふみか	138	F	2
2019	佑実	ゆみ	138	F	1
2019	七瑠美		139	F	1
2019		まき	139	F	2
2019	佳子	かこ	139	F	1
2019	七葉		140	F	1
2019		まなか	140	F	2
2019	佳弥	かや	140	F	1
2019	万希望		141	F	1
2019		まゆか	141	F	2
2019	佳菜子	かなこ	141	F	1
2019	三葉		142	F	1
2019		みう	142	F	2
2019	來奈	らな	142	F	1
2019	乃々香		143	F	1
2019		みか	143	F	2
2019	來麗羽	くれは	143	F	1
2019	乃愛実		144	F	1
2019		みこ	144	F	2
2019	侑奈	ゆうな	144	F	1
2019	乙葉		145	F	1
2019		みさ	145	F	2
2019	侑愛	ゆな	145	F	1
2019	也美		146	F	1
2019		みさき	146	F	2
2019	侑稀	ゆず	146	F	1
2019	亜紀		147	F	1
2019		みな	147	F	2
2019	侑茉	ゆま	147	F	1
2019	仁梛		148	F	1
2019		むぎ	148	F	2
2019	侑那	ゆな	148	F	1
2019	仁菜		149	F	1
2019		ももか	149	F	2
2019	侑里	ゆり	149	F	1
2019	令奈		150	F	1
2019		ゆう	150	F	2
2019	依穂璃	いおり	150	F	1
2019	令彩		151	F	1
2019		ゆきか	151	F	2
2019	依茉	えま	151	F	1
2019	令栞		152	F	1
2019		ゆずき	152	F	2
2019	信乃	しの	152	F	1
2019	伊織		153	F	1
2019		ゆずは	153	F	2
2019	倖妃	ゆき	153	F	1
2019	伎那		154	F	1
2019		ゆま	154	F	2
2019	優乃	ゆの	154	F	1
2019	佑奈		155	F	1
2019		ゆみ	155	F	2
2019	優亜	ゆあ	155	F	1
2019	佑実		156	F	1
2019		ゆら	156	F	2
2019	優和	ゆうな	156	F	1
2019	佳子		157	F	1
2019		ゆり	157	F	2
2019	優寿	ゆず	157	F	1
2019	佳弥		158	F	1
2019		ゆりな	158	F	2
2019	優希	ゆうき	158	F	1
2019	佳菜子		159	F	1
2019		ゆわ	159	F	2
2019	優月	ゆづき	159	F	1
2019	來奈		160	F	1
2019		りおん	160	F	2
2019	優波	ゆわ	160	F	1
2019	來麗羽		161	F	1
2019		りさ	161	F	2
2019	優涼	すず	161	F	1
2019	侑奈		162	F	1
2019		るい	162	F	2
2019	優緑	ゆうみ	162	F	1
2019	侑愛		163	F	1
2019		るいか	163	F	2
2019	優羽	ゆわ	163	F	1
2019	侑稀		164	F	1
2019		れおな	164	F	2
2019	優羽莉	ゆうり	164	F	1
2019	侑茉		165	F	1
2019		あい	165	F	1
2019	優莉	ゆうり	165	F	1
2019	侑那		166	F	1
2019		あいか	166	F	1
2019	優莉	ゆり	166	F	1
2019	侑里		167	F	1
2019		あいさ	167	F	1
2019	優菜	ゆうな	167	F	1
2019	依穂璃		168	F	1
2019		あいみ	168	F	1
2019	優菜	ゆな	168	F	1
2019	依茉		169	F	1
2019		あおか	169	F	1
2019	優里佳	ゆりか	169	F	1
2019	信乃		170	F	1
2019		あおの	170	F	1
2019	光璃	ひかり	170	F	1
2019	倖妃		171	F	1
2019		あおは	171	F	1
2019	八咲華	やえか	171	F	1
2019	優乃		172	F	1
2019		あおり	172	F	1
2019	八重	やえ	172	F	1
2019	優亜		173	F	1
2019		あかな	173	F	1
2019	六花	りっか	173	F	1
2019	優和		174	F	1
2019		あかね	174	F	1
2019	円	まどか	174	F	1
2019	優寿		175	F	1
2019		あきら	175	F	1
2019	円花	まどか	175	F	1
2019	優希		176	F	1
2019		あこ	176	F	1
2019	冴來	さら	176	F	1
2019	優月		177	F	1
2019		あさひ	177	F	1
2019	凛桜	りさ	177	F	1
2019	優波		178	F	1
2019		あずさ	178	F	1
2019	凛花	りんか	178	F	1
2019	優涼		179	F	1
2019		あまは	179	F	1
2019	凜奈	りな	179	F	1
2019	優緑		180	F	1
2019		あみ	180	F	1
2019	凜生	りお	180	F	1
2019	優羽		181	F	1
2019		あみり	181	F	1
2019	凜花	りんか	181	F	1
2019	優羽莉		182	F	1
2019		あやか	182	F	1
2019	凜音	りおん	182	F	1
2019	優里佳		183	F	1
2019		あやさ	183	F	1
2019	凜香	りんか	183	F	1
2019	光璃		184	F	1
2019		あやな	184	F	1
2019	凪咲	なぎさ	184	F	1
2019	八咲華		185	F	1
2019		あやは	185	F	1
2019	初妃	はづき	185	F	1
2019	八重		186	F	1
2019		あやみ	186	F	1
2019	勇美	いさみ	186	F	1
2019	六花		187	F	1
2019		あゆ	187	F	1
2019	包美	くるみ	187	F	1
2019	円		188	F	1
2019		ありす	188	F	1
2019	千咲	ちさ	188	F	1
2019	円花		189	F	1
2019		いお	189	F	1
2019	千映	ちはゆ	189	F	1
2019	冴來		190	F	1
2019		いさ	190	F	1
2019	千暖	ちはる	190	F	1
2019	凛桜		191	F	1
2019		いさみ	191	F	1
2019	千瑛	ちえ	191	F	1
2019	凛花		192	F	1
2019		いずみ	192	F	1
2019	千笑	ちえ	192	F	1
2019	凜奈		193	F	1
2019		いちは	193	F	1
2019	千翔	ゆきか	193	F	1
2019	凜生		194	F	1
2019		いづみ	194	F	1
2019	千聖	ちせ	194	F	1
2019	凜花		195	F	1
2019		いとか	195	F	1
2019	千花菜	ちはな	195	F	1
2019	凜音		196	F	1
2019		いとは	196	F	1
2019	千英華	ちえか	196	F	1
2019	凜香		197	F	1
2019		うの	197	F	1
2019	千鶴	ちづる	197	F	1
2019	凪咲		198	F	1
2019		うみ	198	F	1
2019	南津	なつ	198	F	1
2019	初妃		199	F	1
2019		うるは	199	F	1
2019	友乃	ゆの	199	F	1
2019	勇美		200	F	1
2019		えみ	200	F	1
2019	友愛花	ゆめか	200	F	1
2019	包美		201	F	1
2019		えみか	201	F	1
2019	友稀	ゆき	201	F	1
2019	千咲		202	F	1
2019		えみな	202	F	1
2019	友菜	ゆな	202	F	1
2019	千映		203	F	1
2019		えみり	203	F	1
2019	双葉	ふたば	203	F	1
2019	千暖		204	F	1
2019		えれな	204	F	1
2019	可奈	かんな	204	F	1
2019	千瑛		205	F	1
2019		おうか	205	F	1
2019	史桜	みお	205	F	1
2019	千笑		206	F	1
2019		おとか	206	F	1
2019	史穏	しおん	206	F	1
2019	千翔		207	F	1
2019		おりは	207	F	1
2019	叶乃	かの	207	F	1
2019	千聖		208	F	1
2019		おん	208	F	1
2019	向日葵	ひまわり	208	F	1
2019	千花菜		209	F	1
2019		かえで	209	F	1
2019	和々羽	ななは	209	F	1
2019	千英華		210	F	1
2019		かこ	210	F	1
2019	和咲	あいさ	210	F	1
2019	千鶴		211	F	1
2019		かづき	211	F	1
2019	和楓	わか	211	F	1
2019	南津		212	F	1
2019		かなほ	212	F	1
2019	和結	あゆ	212	F	1
2019	友乃		213	F	1
2019		かのか	213	F	1
2019	和花	わか	213	F	1
2019	友愛花		214	F	1
2019		かやの	214	F	1
2019	和華	わか	214	F	1
2019	友稀		215	F	1
2019		から	215	F	1
2019	和香	わか	215	F	1
2019	友菜		216	F	1
2019		かりな	216	F	1
2019	咲凪	さな	216	F	1
2019	双葉		217	F	1
2019		かりん	217	F	1
2019	咲喜	さき	217	F	1
2019	可奈		218	F	1
2019		きい	218	F	1
2019	咲奈	えみな	218	F	1
2019	史桜		219	F	1
2019		きいこ	219	F	1
2019	咲恵	さえ	219	F	1
2019	史穏		220	F	1
2019		きき	220	F	1
2019	咲空	さくら	220	F	1
2019	叶乃		221	F	1
2019		きせ	221	F	1
2019	咲笑	さくら	221	F	1
2019	向日葵		222	F	1
2019		きな	222	F	1
2019	咲絵	さえ	222	F	1
2019	和々羽		223	F	1
2019		きみの	223	F	1
2019	咲美	えみ	223	F	1
2019	和咲		224	F	1
2019		くるみ	224	F	1
2019	咲花	えな	224	F	1
2019	和楓		225	F	1
2019		くれは	225	F	1
2019	咲花	えみか	225	F	1
2019	和結		226	F	1
2019		こう	226	F	1
2019	咲花	さな	226	F	1
2019	和花		227	F	1
2019		こうり	227	F	1
2019	咲葵	さき	227	F	1
2019	和華		228	F	1
2019		ここあ	228	F	1
2019	咲里	さと	228	F	1
2019	和香		229	F	1
2019		ここは	229	F	1
2019	唯愛	ゆあ	229	F	1
2019	咲凪		230	F	1
2019		こころ	230	F	1
2019	埜愛	のあ	230	F	1
2019	咲喜		231	F	1
2019		ことみ	231	F	1
2019	夏凪	かな	231	F	1
2019	咲奈		232	F	1
2019		こなつ	232	F	1
2019	夏奈	なな	232	F	1
2019	咲恵		233	F	1
2019		このか	233	F	1
2019	夏希	なつき	233	F	1
2019	咲空		234	F	1
2019		このみ	234	F	1
2019	夏空	から	234	F	1
2019	咲笑		235	F	1
2019		こはく	235	F	1
2019	夏緒	なお	235	F	1
2019	咲絵		236	F	1
2019		こはれ	236	F	1
2019	夏花	なつか	236	F	1
2019	咲美		237	F	1
2019		こゆき	237	F	1
2019	夏芽	なつめ	237	F	1
2019	咲葵		238	F	1
2019		さえか	238	F	1
2019	夏那	なな	238	F	1
2019	咲里		239	F	1
2019		さくや	239	F	1
2019	夕貴	ゆき	239	F	1
2019	唯愛		240	F	1
2019		さち	240	F	1
2019	夢乃	ゆめの	240	F	1
2019	埜愛		241	F	1
2019		さと	241	F	1
2019	夢徠	ゆら	241	F	1
2019	夏凪		242	F	1
2019		さほ	242	F	1
2019	夢莉	ゆめり	242	F	1
2019	夏奈		243	F	1
2019		しいな	243	F	1
2019	天葉	あまは	243	F	1
2019	夏希		244	F	1
2019		しずの	244	F	1
2019	天那	てんな	244	F	1
2019	夏空		245	F	1
2019		しほ	245	F	1
2019	奈那実	ななみ	245	F	1
2019	夏緒		246	F	1
2019		しほこ	246	F	1
2019	奏帆	かなほ	246	F	1
2019	夏花		247	F	1
2019		しまん	247	F	1
2019	奏羽	そうは	247	F	1
2019	夏芽		248	F	1
2019		じゅな	248	F	1
2019	奏音	かのん	248	F	1
2019	夏那		249	F	1
2019		すずな	249	F	1
2019	好音	みお	249	F	1
2019	夕貴		250	F	1
2019		せいらん	250	F	1
2019	好麗	みれい	250	F	1
2019	夢乃		251	F	1
2019		せと	251	F	1
2019	妃世	きせ	251	F	1
2019	夢徠		252	F	1
2019		せな	252	F	1
2019	妃栞	ひより	252	F	1
2019	夢莉		253	F	1
2019		せりか	253	F	1
2019	妃桜	ひいら	253	F	1
2019	天葉		254	F	1
2019		そあ	254	F	1
2019	妃莉	ひまり	254	F	1
2019	天那		255	F	1
2019		そう	255	F	1
2019	姫依紗	めいさ	255	F	1
2019	奈那実		256	F	1
2019		そうは	256	F	1
2019	姫梨	ひより	256	F	1
2019	奏帆		257	F	1
2019		ちえか	257	F	1
2019	実乃梨	みのり	257	F	1
2019	奏羽		258	F	1
2019		ちえり	258	F	1
2019	実永	みな	258	F	1
2019	奏音		259	F	1
2019		ちさ	259	F	1
2019	実花	みか	259	F	1
2019	好音		260	F	1
2019		ちの	260	F	1
2019	小春	こはる	260	F	1
2019	好麗		261	F	1
2019		ちはな	261	F	1
2019	小綾	さあや	261	F	1
2019	妃世		262	F	1
2019		ちはゆ	262	F	1
2019	小雪	こゆき	262	F	1
2019	妃栞		263	F	1
2019		ちひろ	263	F	1
2019	市佳	いちか	263	F	1
2019	妃桜		264	F	1
2019		つかさ	264	F	1
2019	市純	いずみ	264	F	1
2019	妃莉		265	F	1
2019		つばめ	265	F	1
2019	帆香	ほのか	265	F	1
2019	姫依紗		266	F	1
2019		てんな	266	F	1
2019	希	のぞみ	266	F	1
2019	姫梨		267	F	1
2019		とあ	267	F	1
2019	希嬉	きき	267	F	1
2019	実乃梨		268	F	1
2019		とき	268	F	1
2019	希実	きみの	268	F	1
2019	実永		269	F	1
2019		とわ	269	F	1
2019	希幸	きこ	269	F	1
2019	実花		270	F	1
2019		なお	270	F	1
2019	希愛	のあ	270	F	1
2019	小春		271	F	1
2019		なつか	271	F	1
2019	希望	のぞみ	271	F	1
2019	小綾		272	F	1
2019		ななか	272	F	1
2019	希桜	こはる	272	F	1
2019	小雪		273	F	1
2019		ななこ	273	F	1
2019	希海	のぞみ	273	F	1
2019	市佳		274	F	1
2019		ななせ	274	F	1
2019	希空	のあ	274	F	1
2019	市純		275	F	1
2019		ななは	275	F	1
2019	希羽	のわ	275	F	1
2019	帆香		276	F	1
2019		なのか	276	F	1
2019	幸彩	さや	276	F	1
2019	希		277	F	1
2019		なのは	277	F	1
2019	幸来	さら	277	F	1
2019	希嬉		278	F	1
2019		なほ	278	F	1
2019	幸来	ゆら	278	F	1
2019	希実		279	F	1
2019		なら	279	F	1
2019	幸花	ゆきか	279	F	1
2019	希幸		280	F	1
2019		にき	280	F	1
2019	彩七	いろは	280	F	1
2019	希愛		281	F	1
2019		にこ	281	F	1
2019	彩央	あお	281	F	1
2019	希望		282	F	1
2019		にじ	282	F	1
2019	彩幸	さち	282	F	1
2019	希桜		283	F	1
2019		ねい	283	F	1
2019	彩月	さつき	283	F	1
2019	希海		284	F	1
2019		のえみ	284	F	1
2019	彩織	いおり	284	F	1
2019	希空		285	F	1
2019		ののか	285	F	1
2019	彩美	あやみ	285	F	1
2019	希羽		286	F	1
2019		のわ	286	F	1
2019	彩羽	いろは	286	F	1
2019	幸彩		287	F	1
2019		はすな	287	F	1
2019	彩芽	あやめ	287	F	1
2019	幸花		288	F	1
2019		はつき	288	F	1
2019	彩菜	さな	288	F	1
2019	彩七		289	F	1
2019		はなえ	289	F	1
2019	律穂	りつほ	289	F	1
2019	彩央		290	F	1
2019		はなり	290	F	1
2019	律花	りつか	290	F	1
2019	彩幸		291	F	1
2019		はやと	291	F	1
2019	心來	ここな	291	F	1
2019	彩月		292	F	1
2019		ひいら	292	F	1
2019	心優	ここみ	292	F	1
2019	彩織		293	F	1
2019		ひおり	293	F	1
2019	心彩	みあ	293	F	1
2019	彩美		294	F	1
2019		ひのか	294	F	1
2019	心愛	ここあ	294	F	1
2019	彩羽		295	F	1
2019		ひまわり	295	F	1
2019	心春	こはる	295	F	1
2019	彩芽		296	F	1
2019		ひよの	296	F	1
2019	心晴	こはる	296	F	1
2019	彩菜		297	F	1
2019		ひろな	297	F	1
2019	心晴	こはれ	297	F	1
2019	律穂		298	F	1
2019		ふいか	298	F	1
2019	心暖	こはる	298	F	1
2019	律花		299	F	1
2019		ふう	299	F	1
2019	心月	みつき	299	F	1
2019	心來		300	F	1
2019		ふたば	300	F	1
2019	心満	しまん	300	F	1
2019	心優		301	F	1
2019		ふのか	301	F	1
2019	心結	ここな	301	F	1
2019	心彩		302	F	1
2019		ふゆ	302	F	1
2019	心結	みゆ	302	F	1
2019	心愛		303	F	1
2019		ほがら	303	F	1
2019	心美	ここみ	303	F	1
2019	心春		304	F	1
2019		ほの	304	F	1
2019	心華	このか	304	F	1
2019	心暖		305	F	1
2019		ほのり	305	F	1
2019	心葉	ここは	305	F	1
2019	心月		306	F	1
2019		まきの	306	F	1
2019	心葵	しき	306	F	1
2019	心満		307	F	1
2019		まさき	307	F	1
2019	心都	こと	307	F	1
2019	心美		308	F	1
2019		ましろ	308	F	1
2019	志歩	しほ	308	F	1
2019	心華		309	F	1
2019		まつり	309	F	1
2019	志穂子	しほこ	309	F	1
2019	心葉		310	F	1
2019		まな	310	F	1
2019	志紀	しき	310	F	1
2019	心葵		311	F	1
2019		まなは	311	F	1
2019	怜	れい	311	F	1
2019	心都		312	F	1
2019		まみか	312	F	1
2019	怜乃	れの	312	F	1
2019	志歩		313	F	1
2019		まみず	313	F	1
2019	怜凪	れいな	313	F	1
2019	志穂子		314	F	1
2019		まゆな	314	F	1
2019	怜咲	れいら	314	F	1
2019	志紀		315	F	1
2019		みあ	315	F	1
2019	怜奈	れいな	315	F	1
2019	怜		316	F	1
2019		みいな	316	F	1
2019	怜奈	れな	316	F	1
2019	怜乃		317	F	1
2019		みおこ	317	F	1
2019	怜実	れみ	317	F	1
2019	怜凪		318	F	1
2019		みこと	318	F	1
2019	怜菜	れな	318	F	1
2019	怜咲		319	F	1
2019		みさと	319	F	1
2019	恩	おん	319	F	1
2019	怜実		320	F	1
2019		みつは	320	F	1
2019	恵麻	えま	320	F	1
2019	怜菜		321	F	1
2019		みなと	321	F	1
2019	悠子	ゆうこ	321	F	1
2019	恩		322	F	1
2019		みのり	322	F	1
2019	悠禾	ゆうか	322	F	1
2019	恵麻		323	F	1
2019		みはね	323	F	1
2019	想	そう	323	F	1
2019	悠子		324	F	1
2019		みはる	324	F	1
2019	惺久	しずく	324	F	1
2019	悠禾		325	F	1
2019		みほ	325	F	1
2019	愛叶	いと	325	F	1
2019	想		326	F	1
2019		みまり	326	F	1
2019	愛希	あき	326	F	1
2019	惺久		327	F	1
2019		みゆな	327	F	1
2019	愛望	あいみ	327	F	1
2019	愛叶		328	F	1
2019		みりあ	328	F	1
2019	愛未	あみ	328	F	1
2019	愛希		329	F	1
2019		めいか	329	F	1
2019	愛桜	あおい	329	F	1
2019	愛望		330	F	1
2019		めいこ	330	F	1
2019	愛梨	あいり	330	F	1
2019	愛未		331	F	1
2019		もえか	331	F	1
2019	愛沙姫	あさひ	331	F	1
2019	愛桜		332	F	1
2019		もか	332	F	1
2019	愛理	あいり	332	F	1
2019	愛梨		333	F	1
2019		もな	333	F	1
2019	愛花	あいか	333	F	1
2019	愛沙姫		334	F	1
2019		ももえ	334	F	1
2019	愛莉咲	ありさ	334	F	1
2019	愛理		335	F	1
2019		ももは	335	F	1
2019	愛菜	あすな	335	F	1
2019	愛花		336	F	1
2019		やえ	336	F	1
2019	愛華	まなか	336	F	1
2019	愛莉咲		337	F	1
2019		やえか	337	F	1
2019	文香	ふみか	337	F	1
2019	愛華		338	F	1
2019		ゆうか	338	F	1
2019	日七海	ひなみ	338	F	1
2019	文香		339	F	1
2019		ゆうき	339	F	1
2019	日向子	ひなこ	339	F	1
2019	日七海		340	F	1
2019		ゆうこ	340	F	1
2019	日和	ひより	340	F	1
2019	日向子		341	F	1
2019		ゆうの	341	F	1
2019	日咲	ひなた	341	F	1
2019	日和		342	F	1
2019		ゆうみ	342	F	1
2019	日嘉	ひのか	342	F	1
2019	日咲		343	F	1
2019		ゆきの	343	F	1
2019	日央里	ひおり	343	F	1
2019	日嘉		344	F	1
2019		ゆずか	344	F	1
2019	日鞠	ひまり	344	F	1
2019	日央里		345	F	1
2019		ゆずな	345	F	1
2019	早希	さき	345	F	1
2019	日鞠		346	F	1
2019		ゆのは	346	F	1
2019	明依	めい	346	F	1
2019	早希		347	F	1
2019		ゆめ	347	F	1
2019	明奈	あんな	347	F	1
2019	明依		348	F	1
2019		ゆめか	348	F	1
2019	明奈	みいな	348	F	1
2019	明日菜		349	F	1
2019		ゆめこ	349	F	1
2019	明日菜	あすな	349	F	1
2019	明日香		350	F	1
2019		ゆめの	350	F	1
2019	明日香	あすか	350	F	1
2019	明花		351	F	1
2019		ゆめり	351	F	1
2019	明花	めいか	351	F	1
2019	明花莉		352	F	1
2019		ゆりか	352	F	1
2019	明花莉	あかり	352	F	1
2019	明香里		353	F	1
2019		よう	353	F	1
2019	明香里	あかり	353	F	1
2019	春成		354	F	1
2019		らな	354	F	1
2019	春成	はるな	354	F	1
2019	春花		355	F	1
2019		らん	355	F	1
2019	春花	はるか	355	F	1
2019	春輝		356	F	1
2019		りあ	356	F	1
2019	春輝	はるき	356	F	1
2019	晴子		357	F	1
2019		りあの	357	F	1
2019	晴子	はるこ	357	F	1
2019	智乃		358	F	1
2019		りい	358	F	1
2019	智乃	ちの	358	F	1
2019	暉莉		359	F	1
2019		りいさ	359	F	1
2019	暉莉	ひかり	359	F	1
2019	暦美		360	F	1
2019		りさき	360	F	1
2019	暦美	こよみ	360	F	1
2019	月咲		361	F	1
2019		りっか	361	F	1
2019	月咲	つかさ	361	F	1
2019	有桜		362	F	1
2019		りつか	362	F	1
2019	有桜	ありさ	362	F	1
2019	有里采		363	F	1
2019		りつほ	363	F	1
2019	有里采	ありす	363	F	1
2019	朔弥		364	F	1
2019		りと	364	F	1
2019	朔弥	さくや	364	F	1
2019	望叶		365	F	1
2019		りな	365	F	1
2019	望叶	もか	365	F	1
2019	望澪		366	F	1
2019		りの	366	F	1
2019	望澪	みれい	366	F	1
2019	望笑		367	F	1
2019		りほ	367	F	1
2019	望笑	のぞみ	367	F	1
2019	未優菜		368	F	1
2019		りりい	368	F	1
2019	未優菜	みゆな	368	F	1
2019	未里愛		369	F	1
2019		るり	369	F	1
2019	未里愛	みりあ	369	F	1
2019	朱		370	F	1
2019		れあ	370	F	1
2019	朱	あかり	370	F	1
2019	朱李		371	F	1
2019		れいか	371	F	1
2019	朱李	あかり	371	F	1
2019	朱璃		372	F	1
2019		れいら	372	F	1
2019	朱璃	あかり	372	F	1
2019	朱里		373	F	1
2019		れいり	373	F	1
2019	朱莉	あかり	373	F	1
2019	朱音		374	F	1
2019		れおん	374	F	1
2019	朱里	あかり	374	F	1
2019	李咲		375	F	1
2019		れに	375	F	1
2019	朱音	あかね	375	F	1
2019	杏咲		376	F	1
2019		れの	376	F	1
2019	李咲	りさき	376	F	1
2019	杏柚		377	F	1
2019		れみ	377	F	1
2019	杏	あんず	377	F	1
2019	杏樹		378	F	1
2019	杏咲	あずさ	378	F	1
2019	杏珠		379	F	1
2019	杏柚	あんず	379	F	1
2019	杏純		380	F	1
2019	杏樹	あんじゅ	380	F	1
2019	杏花		381	F	1
2019	杏珠	あんじゅ	381	F	1
2019	杏菜		382	F	1
2019	杏純	あすみ	382	F	1
2019	杏雛		383	F	1
2019	杏花	あんず	383	F	1
2019	果歩		384	F	1
2019	杏菜	あんな	384	F	1
2019	果澄		385	F	1
2019	杏雛	あんじゅ	385	F	1
2019	架月		386	F	1
2019	果歩	かほ	386	F	1
2019	柚依花		387	F	1
2019	果澄	かすみ	387	F	1
2019	柚叶		388	F	1
2019	架月	かづき	388	F	1
2019	柚希		389	F	1
2019	柚依花	ゆいか	389	F	1
2019	柚花		390	F	1
2019	柚叶	ゆの	390	F	1
2019	柚菜		391	F	1
2019	柚希	ゆずき	391	F	1
2019	柚衣		392	F	1
2019	柚月	ゆずき	392	F	1
2019	栞凪		393	F	1
2019	柚月	ゆづき	393	F	1
2019	栞里		394	F	1
2019	柚花	ゆずか	394	F	1
2019	桃恵		395	F	1
2019	柚菜	ゆずな	395	F	1
2019	桃菜		396	F	1
2019	柚衣	ゆい	396	F	1
2019	桔衣		397	F	1
2019	栞凪	かんな	397	F	1
2019	桜優		398	F	1
2019	栞里	しおり	398	F	1
2019	桜冬		399	F	1
2019	桃恵	ももえ	399	F	1
2019	桜帆		400	F	1
2019	桃菜	もな	400	F	1
2019	桜希		401	F	1
2019	桔衣	きい	401	F	1
2019	桜禾		402	F	1
2019	桜優	みゆ	402	F	1
2019	桜羽		403	F	1
2019	桜冬	おと	403	F	1
2019	桜良		404	F	1
2019	桜帆	さほ	404	F	1
2019	桜香		405	F	1
2019	桜希	さき	405	F	1
2019	梨桜		406	F	1
2019	桜禾	おうか	406	F	1
2019	梨生		407	F	1
2019	桜羽	おとは	407	F	1
2019	梨里衣		408	F	1
2019	桜良	さくら	408	F	1
2019	椿芽		409	F	1
2019	桜香	ほのか	409	F	1
2019	楓		410	F	1
2019	梨桜	りお	410	F	1
2019	楢		411	F	1
2019	梨生	りお	411	F	1
2019	樺乃		412	F	1
2019	梨里衣	りりい	412	F	1
2019	櫻子		413	F	1
2019	椿芽	つばめ	413	F	1
2019	歩乃嘉		414	F	1
2019	楓	かえで	414	F	1
2019	歩優		415	F	1
2019	楢	なら	415	F	1
2019	水葵		416	F	1
2019	樺乃	かの	416	F	1
2019	永夏		417	F	1
2019	櫻子	さくらこ	417	F	1
2019	波菜		418	F	1
2019	歩乃嘉	ほのか	418	F	1
2019	海		419	F	1
2019	歩優	ふゆ	419	F	1
2019	海空		420	F	1
2019	水葵	みずき	420	F	1
2019	海虹		421	F	1
2019	永夏	えな	421	F	1
2019	涼花		422	F	1
2019	永愛	えま	422	F	1
2019	涼風		423	F	1
2019	永愛	とあ	423	F	1
2019	清夏		424	F	1
2019	波菜	はな	424	F	1
2019	温花		425	F	1
2019	海	うみ	425	F	1
2019	湊音		426	F	1
2019	海空	みく	426	F	1
2019	澄恋		427	F	1
2019	海虹	みこ	427	F	1
2019	瀬戸		428	F	1
2019	涼花	すずか	428	F	1
2019	灯		429	F	1
2019	涼風	すずか	429	F	1
2019	爽		430	F	1
2019	清夏	さえか	430	F	1
2019	玲仁		431	F	1
2019	温花	ほのか	431	F	1
2019	玲李		432	F	1
2019	湊音	みなと	432	F	1
2019	玲桜奈		433	F	1
2019	澄恋	すみれ	433	F	1
2019	玲花		434	F	1
2019	瀬戸	せと	434	F	1
2019	玲音那		435	F	1
2019	灯	あかり	435	F	1
2019	珈帆		436	F	1
2019	爽	さや	436	F	1
2019	珠妃		437	F	1
2019	玲仁	れに	437	F	1
2019	理乃		438	F	1
2019	玲李	れいり	438	F	1
2019	理心		439	F	1
2019	玲桜奈	れおな	439	F	1
2019	琉叶		440	F	1
2019	玲花	れな	440	F	1
2019	琉夏		441	F	1
2019	玲那	れいな	441	F	1
2019	琉愛		442	F	1
2019	玲那	れな	442	F	1
2019	琉生		443	F	1
2019	玲音那	れおな	443	F	1
2019	琉翔		444	F	1
2019	珈帆	かほ	444	F	1
2019	琥珀		445	F	1
2019	珠妃	たまき	445	F	1
2019	琴珀		446	F	1
2019	理乃	りの	446	F	1
2019	琴美		447	F	1
2019	理心	りこ	447	F	1
2019	琴葉		448	F	1
2019	琉叶	るか	448	F	1
2019	琴遥		449	F	1
2019	琉夏	るか	449	F	1
2019	瑚々		450	F	1
2019	琉愛	るな	450	F	1
2019	瑚十		451	F	1
2019	琉生	るい	451	F	1
2019	瑚夏		452	F	1
2019	琉翔	るか	452	F	1
2019	瑛真		453	F	1
2019	琥珀	こはく	453	F	1
2019	瑞姫		454	F	1
2019	琴珀	ことは	454	F	1
2019	瑞季		455	F	1
2019	琴美	ことみ	455	F	1
2019	瑞彩		456	F	1
2019	琴葉	ことは	456	F	1
2019	瑠唯		457	F	1
2019	琴遥	ことは	457	F	1
2019	瑠唯香		458	F	1
2019	瑚々	ここ	458	F	1
2019	瑠奈		459	F	1
2019	瑚十	こと	459	F	1
2019	瑠花		460	F	1
2019	瑚夏	こなつ	460	F	1
2019	瑠莉		461	F	1
2019	瑛真	えま	461	F	1
2019	瑠菜		462	F	1
2019	瑞姫	みずき	462	F	1
2019	瑠那		463	F	1
2019	瑞季	みずき	463	F	1
2019	璃咲		464	F	1
2019	瑞彩	みさ	464	F	1
2019	璃心		465	F	1
2019	瑠唯	るい	465	F	1
2019	由		466	F	1
2019	瑠唯香	るいか	466	F	1
2019	由愛		467	F	1
2019	瑠奈	るな	467	F	1
2019	由芽子		468	F	1
2019	瑠花	るいか	468	F	1
2019	由菜		469	F	1
2019	瑠莉	るり	469	F	1
2019	百々葉		470	F	1
2019	瑠菜	るな	470	F	1
2019	真咲		471	F	1
2019	瑠那	るな	471	F	1
2019	真希		472	F	1
2019	璃咲	りさ	472	F	1
2019	真桜		473	F	1
2019	璃心	りこ	473	F	1
2019	真穂		474	F	1
2019	由	ゆう	474	F	1
2019	真結		475	F	1
2019	由愛	ゆあ	475	F	1
2019	真結花		476	F	1
2019	由芽子	ゆめこ	476	F	1
2019	真結華		477	F	1
2019	由菜	ゆな	477	F	1
2019	真菜果		478	F	1
2019	百々葉	ももは	478	F	1
2019	知世		479	F	1
2019	真咲	まさき	479	F	1
2019	碧莉		480	F	1
2019	真希	まき	480	F	1
2019	禾椰		481	F	1
2019	真桜	まお	481	F	1
2019	稟乃華		482	F	1
2019	真穂	まほ	482	F	1
2019	穂		483	F	1
2019	真結	まゆ	483	F	1
2019	穂ノ佳		484	F	1
2019	真結花	まゆか	484	F	1
2019	穂乃		485	F	1
2019	真結華	まゆか	485	F	1
2019	穂果		486	F	1
2019	真菜果	まなか	486	F	1
2019	空桜		487	F	1
2019	知世	ちせ	487	F	1
2019	笑子		488	F	1
2019	碧莉	あおり	488	F	1
2019	笑瑚		489	F	1
2019	禾椰	かや	489	F	1
2019	笑璃		490	F	1
2019	稟乃華	ふのか	490	F	1
2019	糸		491	F	1
2019	穂	ほのり	491	F	1
2019	糸華		492	F	1
2019	穂ノ佳	ほのか	492	F	1
2019	紀衣子		493	F	1
2019	穂乃	ほの	493	F	1
2019	純夏		494	F	1
2019	穂果	ほのか	494	F	1
2019	純歌		495	F	1
2019	空桜	あお	495	F	1
2019	紗和		496	F	1
2019	笑子	わこ	496	F	1
2019	紗奈		497	F	1
2019	笑瑚	にこ	497	F	1
2019	紗彩		498	F	1
2019	笑璃	えみり	498	F	1
2019	紗愛		499	F	1
2019	糸	いと	499	F	1
2019	紗来		500	F	1
2019	糸華	いとか	500	F	1
2019	紗穂		501	F	1
2019	紀衣子	きいこ	501	F	1
2019	紗良		502	F	1
2019	純夏	じゅな	502	F	1
2019	紗衣		503	F	1
2019	純歌	あやか	503	F	1
2019	紡生		504	F	1
2019	紗和	さわ	504	F	1
2019	紫乃		505	F	1
2019	紗奈	さな	505	F	1
2019	紬		506	F	1
2019	紗彩	さあや	506	F	1
2019	紬希		507	F	1
2019	紗愛	さな	507	F	1
2019	紬生		508	F	1
2019	紗来	さら	508	F	1
2019	紬葵		509	F	1
2019	紗穂	さや	509	F	1
2019	絃葉		510	F	1
2019	紗良	さら	510	F	1
2019	結乃葉		511	F	1
2019	紗衣	さえ	511	F	1
2019	結依		512	F	1
2019	紡生	つむぎ	512	F	1
2019	結南		513	F	1
2019	紫乃	しの	513	F	1
2019	結唯菜		514	F	1
2019	紬	つむぎ	514	F	1
2019	結夢		515	F	1
2019	紬希	つむぎ	515	F	1
2019	結奈		516	F	1
2019	紬生	つむぎ	516	F	1
2019	結希		517	F	1
2019	紬葵	つむぎ	517	F	1
2019	結望		518	F	1
2019	絃葉	いとは	518	F	1
2019	結梨		519	F	1
2019	結乃葉	ゆのは	519	F	1
2019	結梨奈		520	F	1
2019	結依	ゆい	520	F	1
2019	結海		521	F	1
2019	結南	ゆな	521	F	1
2019	結珠		522	F	1
2019	結唯菜	ゆいな	522	F	1
2019	結禾		523	F	1
2019	結夢	ゆめ	523	F	1
2019	結花		524	F	1
2019	結奈	ゆいな	524	F	1
2019	結華		525	F	1
2019	結希	ゆづき	525	F	1
2019	結葵		526	F	1
2019	結心	ゆいな	526	F	1
2019	結蒔		527	F	1
2019	結心	ゆうな	527	F	1
2019	結那		528	F	1
2019	結愛	ゆいな	528	F	1
2019	結音		529	F	1
2019	結望	ゆの	529	F	1
2019	結香		530	F	1
2019	結梨	ゆうり	530	F	1
2019	絢葉		531	F	1
2019	結梨奈	ゆりな	531	F	1
2019	絢陽		532	F	1
2019	結海	ゆい	532	F	1
2019	絵舞		533	F	1
2019	結珠	ゆず	533	F	1
2019	維菜		534	F	1
2019	結禾	ゆいか	534	F	1
2019	綾咲		535	F	1
2019	結花	ゆいか	535	F	1
2019	綾奈		536	F	1
2019	結華	ゆいな	536	F	1
2019	緋奈		537	F	1
2019	結葵	ゆあ	537	F	1
2019	縁茉		538	F	1
2019	結蒔	ゆま	538	F	1
2019	美侑		539	F	1
2019	結那	ゆな	539	F	1
2019	美友		540	F	1
2019	結音	ゆの	540	F	1
2019	美寿		541	F	1
2019	結香	ゆいか	541	F	1
2019	美巴		542	F	1
2019	絢葉	あやは	542	F	1
2019	美帆		543	F	1
2019	絢陽	はるひ	543	F	1
2019	美憂		544	F	1
2019	絵舞	えま	544	F	1
2019	美晴		545	F	1
2019	維菜	ゆいな	545	F	1
2019	美智		546	F	1
2019	綾咲	あやさ	546	F	1
2019	美桜子		547	F	1
2019	綾奈	あやな	547	F	1
2019	美瑚		548	F	1
2019	緋奈	あかな	548	F	1
2019	美空		549	F	1
2019	縁茉	えま	549	F	1
2019	美紅		550	F	1
2019	美侑	みゆ	550	F	1
2019	美結		551	F	1
2019	美友	みゆ	551	F	1
2019	美花		552	F	1
2019	美寿	みこと	552	F	1
2019	美茉莉		553	F	1
2019	美巴	うるは	553	F	1
2019	美音		554	F	1
2019	美帆	みほ	554	F	1
2019	羽奏		555	F	1
2019	美憂	みゆ	555	F	1
2019	羽花		556	F	1
2019	美晴	みはる	556	F	1
2019	翠		557	F	1
2019	美智	みさと	557	F	1
2019	翠桜		558	F	1
2019	美桜子	みおこ	558	F	1
2019	翠珠		559	F	1
2019	美瑚	みこ	559	F	1
2019	聖奈		560	F	1
2019	美空	みう	560	F	1
2019	聖藍		561	F	1
2019	美紅	みれい	561	F	1
2019	胡代美		562	F	1
2019	美結	みゆ	562	F	1
2019	舞結		563	F	1
2019	美羽	みう	563	F	1
2019	舞華		564	F	1
2019	美羽	みはね	564	F	1
2019	色葉		565	F	1
2019	美花	みか	565	F	1
2019	芙		566	F	1
2019	美茉莉	みまり	566	F	1
2019	芙海佳		567	F	1
2019	美音	みお	567	F	1
2019	花		568	F	1
2019	羽奏	わかな	568	F	1
2019	花乃鹿		569	F	1
2019	羽花	わか	569	F	1
2019	花咲		570	F	1
2019	翠	あきら	570	F	1
2019	花奈		571	F	1
2019	翠桜	みお	571	F	1
2019	花彩		572	F	1
2019	翠珠	すず	572	F	1
2019	花瑠		573	F	1
2019	聖奈	みな	573	F	1
2019	花那		574	F	1
2019	聖藍	せいらん	574	F	1
2019	花音		575	F	1
2019	胡代美	こよみ	575	F	1
2019	芹佳		576	F	1
2019	舞結	まゆ	576	F	1
2019	芽唯		577	F	1
2019	舞華	ふうか	577	F	1
2019	芽彩		578	F	1
2019	色葉	いろは	578	F	1
2019	芽彩子		579	F	1
2019	芙	ふう	579	F	1
2019	芽郁		580	F	1
2019	芙海佳	ふみか	580	F	1
2019	英愛		581	F	1
2019	花	はな	581	F	1
2019	英舞		582	F	1
2019	花乃鹿	かのか	582	F	1
2019	苺依		583	F	1
2019	花咲	はなえ	583	F	1
2019	苺禾		584	F	1
2019	花奈	かな	584	F	1
2019	苺花		585	F	1
2019	花彩	はなり	585	F	1
2019	茅弦		586	F	1
2019	花瑠	はる	586	F	1
2019	茉奈		587	F	1
2019	花那	はな	587	F	1
2019	茉徽		588	F	1
2019	花音	かのん	588	F	1
2019	茉由		589	F	1
2019	芹佳	せりか	589	F	1
2019	茉白		590	F	1
2019	芽唯	めい	590	F	1
2019	茉穂		591	F	1
2019	芽彩	めいさ	591	F	1
2019	茉美佳		592	F	1
2019	芽彩子	めいこ	592	F	1
2019	茉花		593	F	1
2019	芽郁	めい	593	F	1
2019	茉莉		594	F	1
2019	英奈	えな	594	F	1
2019	莉子		595	F	1
2019	英奈	はな	595	F	1
2019	莉帆		596	F	1
2019	英愛	えな	596	F	1
2019	莉彩乃		597	F	1
2019	英舞	えま	597	F	1
2019	莉愛		598	F	1
2019	苺依	めい	598	F	1
2019	莉沙		599	F	1
2019	苺禾	いちか	599	F	1
2019	莉生		600	F	1
2019	苺花	いちか	600	F	1
2019	莉苑		601	F	1
2019	茅弦	ちづる	601	F	1
2019	莉衣		602	F	1
2019	茉奈	まな	602	F	1
2019	莉音		603	F	1
2019	茉徽	まき	603	F	1
2019	菖		604	F	1
2019	茉由	まゆ	604	F	1
2019	菜々子		605	F	1
2019	茉白	ましろ	605	F	1
2019	菜々花		606	F	1
2019	茉穂	まほ	606	F	1
2019	菜乃花		607	F	1
2019	茉美佳	まみか	607	F	1
2019	菜月		608	F	1
2019	茉花	まどか	608	F	1
2019	菜穂		609	F	1
2019	茉莉	まつり	609	F	1
2019	菜紘		610	F	1
2019	莉子	りこ	610	F	1
2019	菫令		611	F	1
2019	莉帆	りほ	611	F	1
2019	菫玲		612	F	1
2019	莉彩乃	りあの	612	F	1
2019	華也乃		613	F	1
2019	莉愛	りあ	613	F	1
2019	華帆		614	F	1
2019	莉沙	りいさ	614	F	1
2019	華梨		615	F	1
2019	莉生	りお	615	F	1
2019	華澄		616	F	1
2019	莉苑	りおん	616	F	1
2019	華瑠		617	F	1
2019	莉衣	りい	617	F	1
2019	華里凪		618	F	1
2019	莉音	りと	618	F	1
2019	萌乃夏		619	F	1
2019	菖	あやめ	619	F	1
2019	萌桜		620	F	1
2019	菜々子	ななこ	620	F	1
2019	萌瑛香		621	F	1
2019	菜々花	ななか	621	F	1
2019	萌衣		622	F	1
2019	菜乃花	なのか	622	F	1
2019	葉		623	F	1
2019	菜月	なつき	623	F	1
2019	葵		624	F	1
2019	菜穂	なほ	624	F	1
2019	葵依		625	F	1
2019	菜紘	なつ	625	F	1
2019	葵加里		626	F	1
2019	菫令	すみれ	626	F	1
2019	葵央		627	F	1
2019	菫玲	すみれ	627	F	1
2019	葵心		628	F	1
2019	華也乃	かやの	628	F	1
2019	葵晴		629	F	1
2019	華帆	かほ	629	F	1
2019	葵桜香		630	F	1
2019	華梨	かりん	630	F	1
2019	葵美令		631	F	1
2019	華澄	かすみ	631	F	1
2019	蒼乃		632	F	1
2019	華瑠	はる	632	F	1
2019	蒼愛		633	F	1
2019	華里凪	かりな	633	F	1
2019	蒼羅		634	F	1
2019	萌乃夏	ほのか	634	F	1
2019	蓮月		635	F	1
2019	萌桜	めいさ	635	F	1
2019	蓮菜		636	F	1
2019	萌瑛香	もえか	636	F	1
2019	藍		637	F	1
2019	萌衣	めい	637	F	1
2019	蘭		638	F	1
2019	葉	よう	638	F	1
2019	虹依那		639	F	1
2019	葉月	はつき	639	F	1
2019	虹希		640	F	1
2019	葵	あおい	640	F	1
2019	衣千佳		641	F	1
2019	葵依	あおい	641	F	1
2019	衣桜		642	F	1
2019	葵加里	あかり	642	F	1
2019	裕乃		643	F	1
2019	葵央	あお	643	F	1
2019	裕奈		644	F	1
2019	葵心	きこ	644	F	1
2019	裕由里		645	F	1
2019	葵晴	あおは	645	F	1
2019	裕美		646	F	1
2019	葵桜香	あおか	646	F	1
2019	詠葉		647	F	1
2019	葵美令	あみり	647	F	1
2019	詩奈		648	F	1
2019	蒼乃	あおの	648	F	1
2019	詩葉		649	F	1
2019	蒼愛	そあ	649	F	1
2019	誌織		650	F	1
2019	蒼羅	そら	650	F	1
2019	輪香		651	F	1
2019	蓮月	はづき	651	F	1
2019	透羽		652	F	1
2019	蓮菜	はすな	652	F	1
2019	逢璃		653	F	1
2019	藍	あい	653	F	1
2019	逢虹		654	F	1
2019	蘭	らん	654	F	1
2019	遙夏		655	F	1
2019	虹	こう	655	F	1
2019	遙輝		656	F	1
2019	虹	にじ	656	F	1
2019	遥子		657	F	1
2019	虹依那	にいな	657	F	1
2019	遥陽		658	F	1
2019	虹希	にき	658	F	1
2019	遥香		659	F	1
2019	衣千佳	いちか	659	F	1
2019	遼佳		660	F	1
2019	衣桜	いお	660	F	1
2019	都季		661	F	1
2019	裕乃	ゆうの	661	F	1
2019	都愛		662	F	1
2019	裕奈	ゆうな	662	F	1
2019	采音		663	F	1
2019	裕由里	ゆうり	663	F	1
2019	里來		664	F	1
2019	裕美	ゆみ	664	F	1
2019	里桜		665	F	1
2019	詠葉	うたは	665	F	1
2019	里緒		666	F	1
2019	詩奈	しいな	666	F	1
2019	陽依		667	F	1
2019	詩葉	うたは	667	F	1
2019	陽南子		668	F	1
2019	誌織	しおり	668	F	1
2019	陽向		669	F	1
2019	輪香	りんか	669	F	1
2019	陽和		670	F	1
2019	透羽	とわ	670	F	1
2019	陽和梨		671	F	1
2019	逢璃	あいり	671	F	1
2019	陽咲		672	F	1
2019	逢虹	あこ	672	F	1
2019	陽希		673	F	1
2019	遙夏	はるか	673	F	1
2019	陽愛		674	F	1
2019	遙輝	はるき	674	F	1
2019	陽花		675	F	1
2019	遥子	はるこ	675	F	1
2019	陽茉莉		676	F	1
2019	遥陽	はるひ	676	F	1
2019	陽菜乃		677	F	1
2019	遥香	はるか	677	F	1
2019	陽葵		678	F	1
2019	遼佳	はるか	678	F	1
2019	陽詩		679	F	1
2019	都季	とき	679	F	1
2019	陽音		680	F	1
2019	都愛	ひろな	680	F	1
2019	雪乃		681	F	1
2019	采音	ことね	681	F	1
2019	雪華		682	F	1
2019	里來	りこ	682	F	1
2019	雫月		683	F	1
2019	里桜	りお	683	F	1
2019	雫音		684	F	1
2019	里緒	りお	684	F	1
2019	雲埜		685	F	1
2019	鈴	りん	685	F	1
2019	零		686	F	1
2019	鈴菜	すずな	686	F	1
2019	零夏		687	F	1
2019	鈴菜	れいな	687	F	1
2019	靖乃		688	F	1
2019	鈴音	すずね	688	F	1
2019	静玖		689	F	1
2019	鈴音	れおん	689	F	1
2019	音梨羽		690	F	1
2019	陽	はる	690	F	1
2019	音羽		691	F	1
2019	陽	ひなた	691	F	1
2019	音花		692	F	1
2019	陽依	ひより	692	F	1
2019	風果		693	F	1
2019	陽南	ひな	693	F	1
2019	風香		694	F	1
2019	陽南	ひなみ	694	F	1
2019	颯咲		695	F	1
2019	陽南子	ひなこ	695	F	1
2019	颯斗		696	F	1
2019	陽向	ひなた	696	F	1
2019	颯華		697	F	1
2019	陽和	ひより	697	F	1
2019	香帆		698	F	1
2019	陽和梨	ひより	698	F	1
2019	香菜子		699	F	1
2019	陽咲	ひなた	699	F	1
2019	麗奈		700	F	1
2019	陽希	はるき	700	F	1
2019	麗生		701	F	1
2019	陽愛	ひなた	701	F	1
2019	麗衣		702	F	1
2019	陽花	はるか	702	F	1
2019	麻瑞		703	F	1
2019	陽茉莉	ひまり	703	F	1
2019	麻里奈		704	F	1
2019	陽莉	あかり	704	F	1
2019	陽莉	ひより	705	F	1
2019	陽菜乃	ひなの	706	F	1
2019	陽葵	ひな	707	F	1
2019	陽詩	ひなた	708	F	1
2019	陽音	ひなの	709	F	1
2019	雪乃	ゆきの	710	F	1
2019	雪華	せな	711	F	1
2019	雫月	しずく	712	F	1
2019	雫音	しおん	713	F	1
2019	雲埜	うの	714	F	1
2019	零	れい	715	F	1
2019	零夏	れな	716	F	1
2019	靖乃	しずの	717	F	1
2019	静玖	しずく	718	F	1
2019	音梨羽	おりは	719	F	1
2019	音羽	おとは	720	F	1
2019	音花	おとか	721	F	1
2019	風果	ふうか	722	F	1
2019	風香	ふうか	723	F	1
2019	颯咲	さえ	724	F	1
2019	颯斗	はやと	725	F	1
2019	颯華	ふいか	726	F	1
2019	香帆	いろは	727	F	1
2019	香菜子	かなこ	728	F	1
2019	麗奈	れな	729	F	1
2019	麗生	れい	730	F	1
2019	麗衣	れい	731	F	1
2019	麻瑞	まみず	732	F	1
2019	麻里奈	まゆな	733	F	1
2019	海斗		1	M	4
2019		はると	1	M	27
2019	海斗	かいと	1	M	4
2019	蓮		2	M	4
2019		ゆいと	2	M	17
2019	蓮	れん	2	M	4
2019	颯真		3	M	4
2019		そうた	3	M	16
2019	仁	じん	3	M	3
2019	仁		4	M	3
2019		はるき	4	M	13
2019	旭	あさひ	4	M	3
2019	優真		5	M	3
2019		かいと	5	M	10
2019	昴	すばる	5	M	3
2019	大翔		6	M	3
2019		あおい	6	M	9
2019	朔	さく	6	M	3
2019	悠斗		7	M	3
2019		ゆうと	7	M	9
2019	湊斗	みなと	7	M	3
2019	悠真		8	M	3
2019		あおと	8	M	8
2019	碧人	あおと	8	M	3
2019	旭		9	M	3
2019		はる	9	M	8
2019	結人	ゆいと	9	M	3
2019	昴		10	M	3
2019		ひなた	10	M	8
2019	遥斗	はると	10	M	3
2019	朔		11	M	3
2019		りく	11	M	8
2019	陽翔	はると	11	M	3
2019	湊斗		12	M	3
2019		れお	12	M	8
2019	颯真	そうま	12	M	3
2019	碧人		13	M	3
2019		いつき	13	M	7
2019	一颯	いぶき	13	M	2
2019	結人		14	M	3
2019		いぶき	14	M	7
2019	丈太郎	じょうたろう	14	M	2
2019	結心		15	M	3
2019		かい	15	M	7
2019	健斗	けんと	15	M	2
2019	遥斗		16	M	3
2019		こうせい	16	M	7
2019	優真	ゆうま	16	M	2
2019	陽		17	M	3
2019		そうま	17	M	7
2019	凪	なぎ	17	M	2
2019	陽翔		18	M	3
2019		そら	18	M	7
2019	叶真	とうま	18	M	2
2019	一颯		19	M	2
2019		はるま	19	M	7
2019	叶羽	とわ	19	M	2
2019	丈太郎		20	M	2
2019		みなと	20	M	7
2019	司	つかさ	20	M	2
2019	健斗		21	M	2
2019		あきと	21	M	6
2019	和弥	かずや	21	M	2
2019	凪		22	M	2
2019		けんと	22	M	6
2019	善	ぜん	22	M	2
2019	叶真		23	M	2
2019		こうき	23	M	6
2019	大和	やまと	23	M	2
2019	叶羽		24	M	2
2019		こうたろう	24	M	6
2019	大喜	だいき	24	M	2
2019	司		25	M	2
2019		はやと	25	M	6
2019	大誠	たいせい	25	M	2
2019	和弥		26	M	2
2019		ひろと	26	M	6
2019	奏	かなで	26	M	2
2019	善		27	M	2
2019		ゆうま	27	M	6
2019	奏太	かなた	27	M	2
2019	大和		28	M	2
2019		あやと	28	M	5
2019	律希	りつき	28	M	2
2019	大喜		29	M	2
2019		あゆむ	29	M	5
2019	律稀	りつき	29	M	2
2019	大誠		30	M	2
2019		さく	30	M	5
2019	怜央	れお	30	M	2
2019	奏		31	M	2
2019		すばる	31	M	5
2019	悠斗	はると	31	M	2
2019	奏多		32	M	2
2019		そうすけ	32	M	5
2019	悠真	ゆうま	32	M	2
2019	奏太		33	M	2
2019		ともき	33	M	5
2019	想真	そうま	33	M	2
2019	奏空		34	M	2
2019		とわ	34	M	5
2019	晴樹	はるき	34	M	2
2019	奏音		35	M	2
2019		はるた	35	M	5
2019	暁斗	あきと	35	M	2
2019	帆高		36	M	2
2019		りくと	36	M	5
2019	樹	いつき	36	M	2
2019	律希		37	M	2
2019		りつき	37	M	5
2019	櫂	かい	37	M	2
2019	律稀		38	M	2
2019		るい	38	M	5
2019	歩	あゆむ	38	M	2
2019	怜央		39	M	2
2019		れん	39	M	5
2019	浬	かいり	39	M	2
2019	想真		40	M	2
2019		あお	40	M	4
2019	湊太	そうた	40	M	2
2019	春樹		41	M	2
2019		あらた	41	M	4
2019	理斗	りつ	41	M	2
2019	晴樹		42	M	2
2019		かなた	42	M	4
2019	琉雅	りゅうが	42	M	2
2019	暁斗		43	M	2
2019		さくと	43	M	4
2019	碧海	あおい	43	M	2
2019	樹		44	M	2
2019		しょうま	44	M	4
2019	結心	ゆいしん	44	M	2
2019	櫂		45	M	2
2019		じょうたろう	45	M	4
2019	結月	ゆづき	45	M	2
2019	歩		46	M	2
2019		たいが	46	M	4
2019	結翔	ゆいと	46	M	2
2019	浬		47	M	2
2019		たいち	47	M	4
2019	翔琉	かける	47	M	2
2019	湊太		48	M	2
2019		とうま	48	M	4
2019	翼	つばさ	48	M	2
2019	煌		49	M	2
2019		みつき	49	M	4
2019	莉玖斗	りくと	49	M	2
2019	燈志		50	M	2
2019		ゆうしん	50	M	4
2019	蒼太	そうた	50	M	2
2019	理斗		51	M	2
2019		ゆきと	51	M	4
2019	蒼空	そら	51	M	2
2019	琉叶		52	M	2
2019		りつ	52	M	4
2019	薫	かおる	52	M	2
2019	琉心		53	M	2
2019		るいと	53	M	4
2019	遥士	はると	53	M	2
2019	琉海		54	M	2
2019		あさひ	54	M	3
2019	遥太	はるた	54	M	2
2019	琉雅		55	M	2
2019		いっせい	55	M	3
2019	陽	はる	55	M	2
2019	瑛翔		56	M	2
2019		えいた	56	M	3
2019	陽真	はるま	56	M	2
2019	睦		57	M	2
2019		えいと	57	M	3
2019	陽稀	はるき	57	M	2
2019	碧海		58	M	2
2019		かいり	58	M	3
2019	颯人	はやと	58	M	2
2019	結月		59	M	2
2019		かおる	59	M	3
2019	颯太	そうた	59	M	2
2019	結翔		60	M	2
2019		かずや	60	M	3
2019	颯星	りゅうせい	60	M	2
2019	縁		61	M	2
2019		かなと	61	M	3
2019	龍來	りく	61	M	2
2019	翔琉		62	M	2
2019		けい	62	M	3
2019	いとま	いとま	62	M	1
2019	翼		63	M	2
2019		けいた	63	M	3
2019	はじめ	はじめ	63	M	1
2019	莉玖斗		64	M	2
2019		こうた	64	M	3
2019	れと	れと	64	M	1
2019	蒼大		65	M	2
2019		しん	65	M	3
2019	一乃介	いちのすけ	65	M	1
2019	蒼太		66	M	2
2019		じん	66	M	3
2019	一成	いっせい	66	M	1
2019	蒼生		67	M	2
2019		せな	67	M	3
2019	一晴	いっせい	67	M	1
2019	蒼空		68	M	2
2019		たいせい	68	M	3
2019	一杜	かずと	68	M	1
2019	薫		69	M	2
2019		たける	69	M	3
2019	一翔	かずと	69	M	1
2019	遥士		70	M	2
2019		だいき	70	M	3
2019	一華	いちか	70	M	1
2019	遥太		71	M	2
2019		つばさ	71	M	3
2019	一葵	いつき	71	M	1
2019	陸斗		72	M	2
2019		とあ	72	M	3
2019	七橙	ななと	72	M	1
2019	陽太		73	M	2
2019		なお	73	M	3
2019	丈	じょう	73	M	1
2019	陽真		74	M	2
2019		ひかる	74	M	3
2019	丈瑠	たける	74	M	1
2019	陽稀		75	M	2
2019		まなと	75	M	3
2019	丞多郎	じょうたろう	75	M	1
2019	颯人		76	M	2
2019		やまと	76	M	3
2019	久登	ひさと	76	M	1
2019	颯太		77	M	2
2019		ゆうき	77	M	3
2019	亜結夢	あゆむ	77	M	1
2019	颯星		78	M	2
2019		ゆうせい	78	M	3
2019	亨也	きょうや	78	M	1
2019	龍來		79	M	2
2019		ゆづき	79	M	3
2019	京汰	けいた	79	M	1
2019	いとま		80	M	1
2019		りと	80	M	3
2019	京祐	きょうすけ	80	M	1
2019	はじめ		81	M	1
2019		りゅうせい	81	M	3
2019	亮一	りょういち	81	M	1
2019	れと		82	M	1
2019		りょう	82	M	3
2019	人楽	とら	82	M	1
2019	一乃介		83	M	1
2019		りょうが	83	M	3
2019	仁人	ひろと	83	M	1
2019	一成		84	M	1
2019		りんたろう	84	M	3
2019	仁基	とき	84	M	1
2019	一晴		85	M	1
2019		れい	85	M	3
2019	仁稀	ひろき	85	M	1
2019	一杜		86	M	1
2019		れんと	86	M	3
2019	令大	りょうた	86	M	1
2019	一翔		87	M	1
2019		あきふみ	87	M	2
2019	伊吹	いぶき	87	M	1
2019	一華		88	M	1
2019		いちか	88	M	2
2019	伊槻	いつき	88	M	1
2019	一葵		89	M	1
2019		うた	89	M	2
2019	伶朗	れお	89	M	1
2019	七橙		90	M	1
2019		えにし	90	M	2
2019	伸樹	のぶき	90	M	1
2019	丈		91	M	1
2019		おうが	91	M	2
2019	佑真	ゆうま	91	M	1
2019	丈瑠		92	M	1
2019		おうせい	92	M	2
2019	佳佑	けいすけ	92	M	1
2019	丞多郎		93	M	1
2019		おうたろう	93	M	2
2019	佳生	かい	93	M	1
2019	久登		94	M	1
2019		かいせい	94	M	2
2019	來	らい	94	M	1
2019	亜結夢		95	M	1
2019		かける	95	M	2
2019	來空	らいく	95	M	1
2019	亨也		96	M	1
2019		かずき	96	M	2
2019	來駕	らいが	96	M	1
2019	京汰		97	M	1
2019		かずと	97	M	2
2019	侑	ゆう	97	M	1
2019	京祐		98	M	1
2019		かなで	98	M	2
2019	侑吾	ゆうご	98	M	1
2019	亮一		99	M	1
2019		きょう	99	M	2
2019	侑翔	ゆうと	99	M	1
2019	人楽		100	M	1
2019		きょうや	100	M	2
2019	俊晴	としはる	100	M	1
2019	仁人		101	M	1
2019		けんしん	101	M	2
2019	俐希	りき	101	M	1
2019	仁基		102	M	1
2019		けんた	102	M	2
2019	俐杜	りと	102	M	1
2019	仁稀		103	M	1
2019		げん	103	M	2
2019	信英	あきふさ	103	M	1
2019	令大		104	M	1
2019		こう	104	M	2
2019	修哉	しゅうや	104	M	1
2019	伊吹		105	M	1
2019		こうしろう	105	M	2
2019	倫太朗	りんたろう	105	M	1
2019	伊槻		106	M	1
2019		こうすけ	106	M	2
2019	健	たける	106	M	1
2019	伶朗		107	M	1
2019		こたろう	107	M	2
2019	健大	けんた	107	M	1
2019	伸樹		108	M	1
2019		ごう	108	M	2
2019	健太朗	けんたろう	108	M	1
2019	佑真		109	M	1
2019		さくま	109	M	2
2019	健汰	けんた	109	M	1
2019	佳佑		110	M	1
2019		しゅう	110	M	2
2019	健生	けんせい	110	M	1
2019	佳生		111	M	1
2019		しゅうと	111	M	2
2019	健真	けんしん	111	M	1
2019	來		112	M	1
2019		しゅうや	112	M	2
2019	健翔	けんと	112	M	1
2019	來空		113	M	1
2019		しゅん	113	M	2
2019	優之介	ゆうのすけ	113	M	1
2019	來駕		114	M	1
2019		ぜん	114	M	2
2019	優仁	ゆうじん	114	M	1
2019	侑		115	M	1
2019		そう	115	M	2
2019	優吏真	ゆりまさ	115	M	1
2019	侑吾		116	M	1
2019		たかひろ	116	M	2
2019	優吾	ゆうご	116	M	1
2019	侑翔		117	M	1
2019		たくま	117	M	2
2019	優大	ゆうだい	117	M	1
2019	俊晴		118	M	1
2019		だいち	118	M	2
2019	優愛	ゆいと	118	M	1
2019	俐希		119	M	1
2019		ちあき	119	M	2
2019	優真	まさみ	119	M	1
2019	俐杜		120	M	1
2019		つかさ	120	M	2
2019	優翔	ゆうと	120	M	1
2019	信英		121	M	1
2019		とうじ	121	M	2
2019	優聖	ゆうせい	121	M	1
2019	修哉		122	M	1
2019		とうや	122	M	2
2019	優輝	ゆうき	122	M	1
2019	倫太朗		123	M	1
2019		とら	123	M	2
2019	優馬	ゆうま	123	M	1
2019	健		124	M	1
2019		なぎ	124	M	2
2019	元	げん	124	M	1
2019	健大		125	M	1
2019		ななと	125	M	2
2019	元悠	もとはる	125	M	1
2019	健太朗		126	M	1
2019		はくと	126	M	2
2019	充	みつる	126	M	1
2019	健汰		127	M	1
2019		はやて	127	M	2
2019	充希	みつき	127	M	1
2019	健生		128	M	1
2019		はるひ	128	M	2
2019	光	ひかる	128	M	1
2019	健真		129	M	1
2019		ひろむ	129	M	2
2019	光冴	こうが	129	M	1
2019	健翔		130	M	1
2019		ほだか	130	M	2
2019	光希	みつき	130	M	1
2019	優之介		131	M	1
2019		みやび	131	M	2
2019	光稀	こうき	131	M	1
2019	優仁		132	M	1
2019		ゆいしん	132	M	2
2019	光葉	みつくに	132	M	1
2019	優吏真		133	M	1
2019		ゆうご	133	M	2
2019	光陽	ひかる	133	M	1
2019	優吾		134	M	1
2019		ゆうた	134	M	2
2019	八雲	やくも	134	M	1
2019	優大		135	M	1
2019		ゆうや	135	M	2
2019	公星	こうせい	135	M	1
2019	優愛		136	M	1
2019		ようすけ	136	M	2
2019	冬弥	とうや	136	M	1
2019	優翔		137	M	1
2019		ようた	137	M	2
2019	凌一	りひと	137	M	1
2019	優聖		138	M	1
2019		らいが	138	M	2
2019	凌久	りく	138	M	1
2019	優輝		139	M	1
2019		りお	139	M	2
2019	凌哉	りょうや	139	M	1
2019	優馬		140	M	1
2019		りき	140	M	2
2019	凌玖	りく	140	M	1
2019	元		141	M	1
2019		りゅうが	141	M	2
2019	凌駕	りょうが	141	M	1
2019	元悠		142	M	1
2019		りょうせい	142	M	2
2019	凜久	りく	142	M	1
2019	充		143	M	1
2019		あいき	143	M	1
2019	凜太朗	りんたろう	143	M	1
2019	充希		144	M	1
2019		あいすけ	144	M	1
2019	凪登	なぎと	144	M	1
2019	光		145	M	1
2019		あいと	145	M	1
2019	凰生	おうせい	145	M	1
2019	光冴		146	M	1
2019		あいな	146	M	1
2019	凱人	かいと	146	M	1
2019	光希		147	M	1
2019		あいのすけ	147	M	1
2019	凱晴	かいせい	147	M	1
2019	光稀		148	M	1
2019		あいる	148	M	1
2019	利來	りく	148	M	1
2019	光葉		149	M	1
2019		あおし	149	M	1
2019	利斗	りと	149	M	1
2019	光陽		150	M	1
2019		あおは	150	M	1
2019	剛幸	まさゆき	150	M	1
2019	八雲		151	M	1
2019		あおら	151	M	1
2019	剣芯	けんしん	151	M	1
2019	公星		152	M	1
2019		あき	152	M	1
2019	創	そう	152	M	1
2019	冬弥		153	M	1
2019		あきか	153	M	1
2019	力	りき	153	M	1
2019	凌一		154	M	1
2019		あきひろ	154	M	1
2019	勇吹	いぶき	154	M	1
2019	凌久		155	M	1
2019		あきふさ	155	M	1
2019	勇慎	ゆうしん	155	M	1
2019	凌哉		156	M	1
2019		あきまさ	156	M	1
2019	勇斗	ゆうと	156	M	1
2019	凌玖		157	M	1
2019		あきや	157	M	1
2019	勇翔	はやと	157	M	1
2019	凌駕		158	M	1
2019		あきら	158	M	1
2019	勇輝	ゆうき	158	M	1
2019	凜久		159	M	1
2019		あすか	159	M	1
2019	匠	たくみ	159	M	1
2019	凜太朗		160	M	1
2019		あずみ	160	M	1
2019	匠真	たくま	160	M	1
2019	凪登		161	M	1
2019		あせい	161	M	1
2019	匠輝	なるき	161	M	1
2019	凰生		162	M	1
2019		あたる	162	M	1
2019	匡	たすく	162	M	1
2019	凱人		163	M	1
2019		あつき	163	M	1
2019	匡平	きょうへい	163	M	1
2019	凱晴		164	M	1
2019		あつと	164	M	1
2019	匡弥	きょうや	164	M	1
2019	利來		165	M	1
2019		あれん	165	M	1
2019	十誠	とうま	165	M	1
2019	利斗		166	M	1
2019		いおり	166	M	1
2019	千煌	ちあき	166	M	1
2019	剛幸		167	M	1
2019		いちのすけ	167	M	1
2019	千輝	ちあき	167	M	1
2019	剣芯		168	M	1
2019		いっさ	168	M	1
2019	博人	ひろと	168	M	1
2019	創		169	M	1
2019		いと	169	M	1
2019	卯タ	うた	169	M	1
2019	力		170	M	1
2019		いとま	170	M	1
2019	友侑也	ゆうや	170	M	1
2019	勇吹		171	M	1
2019		いふ	171	M	1
2019	友希	ともき	171	M	1
2019	勇慎		172	M	1
2019		いろり	172	M	1
2019	友志朗	ゆうしろう	172	M	1
2019	勇斗		173	M	1
2019		えいしん	173	M	1
2019	友絃	ゆいと	173	M	1
2019	勇翔		174	M	1
2019		えいすい	174	M	1
2019	可惟	かい	174	M	1
2019	勇輝		175	M	1
2019		えいとく	175	M	1
2019	叶多	かなた	175	M	1
2019	匠		176	M	1
2019		えいな	176	M	1
2019	吟	うた	176	M	1
2019	匠真		177	M	1
2019		える	177	M	1
2019	呂雄以	ろおい	177	M	1
2019	匠輝		178	M	1
2019		えん	178	M	1
2019	和哉	かずや	178	M	1
2019	匡		179	M	1
2019		おうま	179	M	1
2019	和大	かずひろ	179	M	1
2019	匡平		180	M	1
2019		おうり	180	M	1
2019	和瑚	わこ	180	M	1
2019	匡弥		181	M	1
2019		おと	181	M	1
2019	和登	おと	181	M	1
2019	十誠		182	M	1
2019		おとや	182	M	1
2019	和盟	かなめ	182	M	1
2019	千煌		183	M	1
2019		おみ	183	M	1
2019	和真	かずま	183	M	1
2019	千輝		184	M	1
2019		かいる	184	M	1
2019	和紀	かずき	184	M	1
2019	博人		185	M	1
2019		かずさ	185	M	1
2019	和翼	かずさ	185	M	1
2019	卯タ		186	M	1
2019		かずひろ	186	M	1
2019	和輝	かずき	186	M	1
2019	友侑也		187	M	1
2019		かずま	187	M	1
2019	咲人	さくと	187	M	1
2019	友希		188	M	1
2019		かなめ	188	M	1
2019	咲友	さくと	188	M	1
2019	友志朗		189	M	1
2019		かなや	189	M	1
2019	咲太朗	さくたろう	189	M	1
2019	友絃		190	M	1
2019		かのあ	190	M	1
2019	咲真	さくま	190	M	1
2019	可惟		191	M	1
2019		かん	191	M	1
2019	咲磨	さくま	191	M	1
2019	叶多		192	M	1
2019		かんすけ	192	M	1
2019	咲空	さく	192	M	1
2019	吟		193	M	1
2019		かんた	193	M	1
2019	唯斗	ゆいと	193	M	1
2019	呂雄以		194	M	1
2019		かんめい	194	M	1
2019	啓斗	ひろと	194	M	1
2019	和哉		195	M	1
2019		きお	195	M	1
2019	善晴	よしはる	195	M	1
2019	和大		196	M	1
2019		きはる	196	M	1
2019	喜晴	きはる	196	M	1
2019	和瑚		197	M	1
2019		きょうあ	197	M	1
2019	塁都	るいと	197	M	1
2019	和登		198	M	1
2019		きょうすけ	198	M	1
2019	士	まもる	198	M	1
2019	和盟		199	M	1
2019		きょうへい	199	M	1
2019	壮介	そうすけ	199	M	1
2019	和真		200	M	1
2019		けいご	200	M	1
2019	壮太	そうた	200	M	1
2019	和紀		201	M	1
2019		けいじ	201	M	1
2019	壮汰	そうた	201	M	1
2019	和翼		202	M	1
2019		けいすけ	202	M	1
2019	壱咲	いっさ	202	M	1
2019	和輝		203	M	1
2019		けいでん	203	M	1
2019	壱季	いつき	203	M	1
2019	咲人		204	M	1
2019		けいと	204	M	1
2019	壱清	いっせい	204	M	1
2019	咲友		205	M	1
2019		けんせい	205	M	1
2019	壱珂	いちか	205	M	1
2019	咲太朗		206	M	1
2019		けんたろう	206	M	1
2019	夏央	なお	206	M	1
2019	咲真		207	M	1
2019		げんおう	207	M	1
2019	夏維	かい	207	M	1
2019	咲磨		208	M	1
2019		げんき	208	M	1
2019	夢生弥	むうや	208	M	1
2019	咲空		209	M	1
2019		こうが	209	M	1
2019	大夢	ひろむ	209	M	1
2019	唯斗		210	M	1
2019		こうげん	210	M	1
2019	大智	たいち	210	M	1
2019	啓斗		211	M	1
2019		こうさく	211	M	1
2019	大樹	たいじゅ	211	M	1
2019	善晴		212	M	1
2019		こうし	212	M	1
2019	大河	たいが	212	M	1
2019	喜晴		213	M	1
2019		こうだい	213	M	1
2019	大知	だいち	213	M	1
2019	塁都		214	M	1
2019		こうのすけ	214	M	1
2019	大空	そら	214	M	1
2019	士		215	M	1
2019		こうへい	215	M	1
2019	大翔	つばさ	215	M	1
2019	壮介		216	M	1
2019		こうや	216	M	1
2019	大翔	ひろと	216	M	1
2019	壮太		217	M	1
2019		こうよう	217	M	1
2019	大翔	やまと	217	M	1
2019	壮汰		218	M	1
2019		こお	218	M	1
2019	大華	たいが	218	M	1
2019	壱咲		219	M	1
2019		こてつ	219	M	1
2019	大貴	だいき	219	M	1
2019	壱季		220	M	1
2019		さくたろう	220	M	1
2019	大輔	だいすけ	220	M	1
2019	壱清		221	M	1
2019		さくや	221	M	1
2019	大雅	たいが	221	M	1
2019	壱珂		222	M	1
2019		さくら	222	M	1
2019	天	てん	222	M	1
2019	夏央		223	M	1
2019		さつき	223	M	1
2019	天晴	たかはる	223	M	1
2019	夏維		224	M	1
2019		さねよし	224	M	1
2019	天正	てんしょう	224	M	1
2019	夢生弥		225	M	1
2019		さやと	225	M	1
2019	天陽	てんよう	225	M	1
2019	大夢		226	M	1
2019		しあ	226	M	1
2019	太凰	たお	226	M	1
2019	大智		227	M	1
2019		しうと	227	M	1
2019	太知	たいち	227	M	1
2019	大樹		228	M	1
2019		しどう	228	M	1
2019	太稀	たいき	228	M	1
2019	大河		229	M	1
2019		しはる	229	M	1
2019	太陽	たいよう	229	M	1
2019	大知		230	M	1
2019		しゅうた	230	M	1
2019	奏和	そあ	230	M	1
2019	大空		231	M	1
2019		しゅうたろう	231	M	1
2019	奏喜	みき	231	M	1
2019	大華		232	M	1
2019		しゅんき	232	M	1
2019	奏多	かなた	232	M	1
2019	大貴		233	M	1
2019		しゅんすけ	233	M	1
2019	奏多	そうた	233	M	1
2019	大輔		234	M	1
2019		しょう	234	M	1
2019	奏心	かなと	234	M	1
2019	大雅		235	M	1
2019		しょううん	235	M	1
2019	奏斗	かなと	235	M	1
2019	天		236	M	1
2019		しょうご	236	M	1
2019	奏歌	そうた	236	M	1
2019	天晴		237	M	1
2019		しょうせい	237	M	1
2019	奏汰	そうた	237	M	1
2019	天正		238	M	1
2019		しょうた	238	M	1
2019	奏空	かのあ	238	M	1
2019	天陽		239	M	1
2019		しょうたろう	239	M	1
2019	奏空	そら	239	M	1
2019	太凰		240	M	1
2019		しょうの	240	M	1
2019	奏良	そら	240	M	1
2019	太知		241	M	1
2019		しょうや	241	M	1
2019	奏音	かなと	241	M	1
2019	太稀		242	M	1
2019		しょうら	242	M	1
2019	奏音	みなと	242	M	1
2019	太陽		243	M	1
2019		しんのすけ	243	M	1
2019	奨	しょう	243	M	1
2019	奏和		244	M	1
2019		しんぺい	244	M	1
2019	奨也	しょうや	244	M	1
2019	奏喜		245	M	1
2019		じゅんた	245	M	1
2019	奨真	しょうま	245	M	1
2019	奏心		246	M	1
2019		じょう	246	M	1
2019	孔貴	こうき	246	M	1
2019	奏斗		247	M	1
2019		じょうじ	247	M	1
2019	宏嗣朗	こうしろう	247	M	1
2019	奏歌		248	M	1
2019		せいあ	248	M	1
2019	宥辰	ゆうしん	248	M	1
2019	奏汰		249	M	1
2019		せいじ	249	M	1
2019	寿明	すばる	249	M	1
2019	奏良		250	M	1
2019		せいた	250	M	1
2019	将紀	まさき	250	M	1
2019	奨		251	M	1
2019		せいや	251	M	1
2019	尚司	ひさし	251	M	1
2019	奨也		252	M	1
2019		せん	252	M	1
2019	尚央	なお	252	M	1
2019	奨真		253	M	1
2019		そあ	253	M	1
2019	崇人	たかと	253	M	1
2019	孔貴		254	M	1
2019		そうご	254	M	1
2019	嵩央	たかお	254	M	1
2019	宏嗣朗		255	M	1
2019		そうし	255	M	1
2019	嵩幸	たかゆき	255	M	1
2019	宥辰		256	M	1
2019		そうや	256	M	1
2019	巴希	ともき	256	M	1
2019	寿明		257	M	1
2019		たいき	257	M	1
2019	帆音	はのん	257	M	1
2019	将紀		258	M	1
2019		たいじゅ	258	M	1
2019	帆高	ほたか	258	M	1
2019	尚司		259	M	1
2019		たいすけ	259	M	1
2019	帆高	ほだか	259	M	1
2019	尚央		260	M	1
2019		たいよう	260	M	1
2019	平助	へいすけ	260	M	1
2019	崇人		261	M	1
2019		たいり	261	M	1
2019	平祥	さねよし	261	M	1
2019	嵩央		262	M	1
2019		たお	262	M	1
2019	幸之助	こうのすけ	262	M	1
2019	嵩幸		263	M	1
2019		たかお	263	M	1
2019	幸亞	ゆきあ	263	M	1
2019	巴希		264	M	1
2019		たかと	264	M	1
2019	幸大	こうだい	264	M	1
2019	帆音		265	M	1
2019		たかはる	265	M	1
2019	幸大朗	こうたろう	265	M	1
2019	平助		266	M	1
2019		たかや	266	M	1
2019	幸太郎	こうたろう	266	M	1
2019	平祥		267	M	1
2019		たかゆき	267	M	1
2019	幸弥	ゆきや	267	M	1
2019	幸之助		268	M	1
2019		たき	268	M	1
2019	幸暮人	さくと	268	M	1
2019	幸亞		269	M	1
2019		たくみ	269	M	1
2019	幸歩	しあ	269	M	1
2019	幸大		270	M	1
2019		たけいち	270	M	1
2019	幸生	こお	270	M	1
2019	幸大朗		271	M	1
2019		たすく	271	M	1
2019	幸育	こうすけ	271	M	1
2019	幸太郎		272	M	1
2019		ただおき	272	M	1
2019	幸誠	こうせい	272	M	1
2019	幸弥		273	M	1
2019		たつき	273	M	1
2019	幸貴斗	ゆきと	273	M	1
2019	幸暮人		274	M	1
2019		だいすけ	274	M	1
2019	広	こう	274	M	1
2019	幸歩		275	M	1
2019		ちはや	275	M	1
2019	広渡	ひろと	275	M	1
2019	幸生		276	M	1
2019		ちふゆ	276	M	1
2019	庵	いおり	276	M	1
2019	幸育		277	M	1
2019		つむぎ	277	M	1
2019	康太郎	こうたろう	277	M	1
2019	幸誠		278	M	1
2019		つむぐ	278	M	1
2019	康孝	やすたか	278	M	1
2019	幸貴斗		279	M	1
2019		てる	279	M	1
2019	康希	こうき	279	M	1
2019	広		280	M	1
2019		てん	280	M	1
2019	康貴	こうき	280	M	1
2019	広渡		281	M	1
2019		てんしょう	281	M	1
2019	弘太郎	こうたろう	281	M	1
2019	庵		282	M	1
2019		てんよう	282	M	1
2019	弥央	みお	282	M	1
2019	康太郎		283	M	1
2019		とうあ	283	M	1
2019	弥糸	やいと	283	M	1
2019	康孝		284	M	1
2019		とうご	284	M	1
2019	弥葵	みつき	284	M	1
2019	康希		285	M	1
2019		とうし	285	M	1
2019	弦葵	げんき	285	M	1
2019	康貴		286	M	1
2019		とうり	286	M	1
2019	彦鷹	げんおう	286	M	1
2019	弘太郎		287	M	1
2019		とうわ	287	M	1
2019	彩人	いろり	287	M	1
2019	弥央		288	M	1
2019		とおや	288	M	1
2019	彬史	あきふみ	288	M	1
2019	弥糸		289	M	1
2019		とき	289	M	1
2019	律	りつ	289	M	1
2019	弥葵		290	M	1
2019		ときは	290	M	1
2019	律人	りつと	290	M	1
2019	弦葵		291	M	1
2019		としはる	291	M	1
2019	律月	りつ	291	M	1
2019	彦鷹		292	M	1
2019		としや	292	M	1
2019	心乃助	しんのすけ	292	M	1
2019	彩人		293	M	1
2019		ともひろ	293	M	1
2019	心音	あいと	293	M	1
2019	彬史		294	M	1
2019		なおき	294	M	1
2019	志成	ゆきなり	294	M	1
2019	律		295	M	1
2019		なおや	295	M	1
2019	志道	しどう	295	M	1
2019	律人		296	M	1
2019		なぎと	296	M	1
2019	志都	ゆきと	296	M	1
2019	律月		297	M	1
2019		なつ	297	M	1
2019	忠興	ただおき	297	M	1
2019	心乃助		298	M	1
2019		なるき	298	M	1
2019	快	かい	298	M	1
2019	心音		299	M	1
2019		なると	299	M	1
2019	快人	かいと	299	M	1
2019	志成		300	M	1
2019		のぞむ	300	M	1
2019	怜	れい	300	M	1
2019	志道		301	M	1
2019		のぶき	301	M	1
2019	怜斗	れいと	301	M	1
2019	志都		302	M	1
2019		はじめ	302	M	1
2019	怜旺	れお	302	M	1
2019	忠興		303	M	1
2019		はずき	303	M	1
2019	怜桜	れお	303	M	1
2019	快		304	M	1
2019		はなと	304	M	1
2019	恵伝	けいでん	304	M	1
2019	快人		305	M	1
2019		はのん	305	M	1
2019	恵太	えいた	305	M	1
2019	怜		306	M	1
2019		はるたか	306	M	1
2019	恵生	けい	306	M	1
2019	怜斗		307	M	1
2019		はるみち	307	M	1
2019	悠	はる	307	M	1
2019	怜旺		308	M	1
2019		ひいろ	308	M	1
2019	悠也	ゆうや	308	M	1
2019	怜桜		309	M	1
2019		ひさし	309	M	1
2019	悠人	ゆうと	309	M	1
2019	恵伝		310	M	1
2019		ひさと	310	M	1
2019	悠仁	はると	310	M	1
2019	恵太		311	M	1
2019		ひなと	311	M	1
2019	悠信	ゆうしん	311	M	1
2019	恵生		312	M	1
2019		ひびき	312	M	1
2019	悠凛	ゆうり	312	M	1
2019	悠		313	M	1
2019		ひまる	313	M	1
2019	悠叶	ゆうと	313	M	1
2019	悠也		314	M	1
2019		ひろき	314	M	1
2019	悠慎	ゆうしん	314	M	1
2019	悠人		315	M	1
2019		ひろや	315	M	1
2019	悠成	ゆうせい	315	M	1
2019	悠仁		316	M	1
2019		ふうた	316	M	1
2019	悠斗	ゆうと	316	M	1
2019	悠信		317	M	1
2019		ふうま	317	M	1
2019	悠月	ゆづき	317	M	1
2019	悠凛		318	M	1
2019		へいすけ	318	M	1
2019	悠永	ゆいと	318	M	1
2019	悠叶		319	M	1
2019		ほたか	319	M	1
2019	悠海	ゆうと	319	M	1
2019	悠慎		320	M	1
2019		まう	320	M	1
2019	悠生	ゆうい	320	M	1
2019	悠成		321	M	1
2019		まおり	321	M	1
2019	悠真	はるま	321	M	1
2019	悠月		322	M	1
2019		まこと	322	M	1
2019	悠誠	ゆうせい	322	M	1
2019	悠永		323	M	1
2019		まさき	323	M	1
2019	悠輝	はるき	323	M	1
2019	悠海		324	M	1
2019		まさたか	324	M	1
2019	惟人	ゆいと	324	M	1
2019	悠生		325	M	1
2019		まさとら	325	M	1
2019	惠太	けいた	325	M	1
2019	悠誠		326	M	1
2019		まさみ	326	M	1
2019	想	そう	326	M	1
2019	悠輝		327	M	1
2019		まさゆき	327	M	1
2019	想将	そうすけ	327	M	1
2019	惟人		328	M	1
2019		ましろ	328	M	1
2019	惺愛	しょうま	328	M	1
2019	惠太		329	M	1
2019		まなや	329	M	1
2019	惺絆	せな	329	M	1
2019	想		330	M	1
2019		まひろ	330	M	1
2019	惺逢	せいあ	330	M	1
2019	想将		331	M	1
2019		まもる	331	M	1
2019	愛也	まなや	331	M	1
2019	惺愛		332	M	1
2019		みお	332	M	1
2019	愛夏	あいな	332	M	1
2019	惺絆		333	M	1
2019		みき	333	M	1
2019	愛将	あいすけ	333	M	1
2019	惺逢		334	M	1
2019		みずき	334	M	1
2019	愛正	あせい	334	M	1
2019	愛也		335	M	1
2019		みち	335	M	1
2019	愛純	あずみ	335	M	1
2019	愛夏		336	M	1
2019		みちる	336	M	1
2019	愛翔	まなと	336	M	1
2019	愛将		337	M	1
2019		みつくに	337	M	1
2019	慎平	しんぺい	337	M	1
2019	愛正		338	M	1
2019		みつる	338	M	1
2019	慎織	まおり	338	M	1
2019	愛純		339	M	1
2019		みと	339	M	1
2019	慧也	としや	339	M	1
2019	愛翔		340	M	1
2019		むうや	340	M	1
2019	慶	けい	340	M	1
2019	慎平		341	M	1
2019		むつき	341	M	1
2019	慶一	けいと	341	M	1
2019	慎織		342	M	1
2019		もとはる	342	M	1
2019	慶碧	きょうあ	342	M	1
2019	慧也		343	M	1
2019		やいと	343	M	1
2019	憩	けい	343	M	1
2019	慶		344	M	1
2019		やくも	344	M	1
2019	懸斗	けんと	344	M	1
2019	慶一		345	M	1
2019		やすたか	345	M	1
2019	成仁	じょうじ	345	M	1
2019	慶碧		346	M	1
2019		ゆあん	346	M	1
2019	成叶	なると	346	M	1
2019	憩		347	M	1
2019		ゆう	347	M	1
2019	成太郎	じょうたろう	347	M	1
2019	懸斗		348	M	1
2019		ゆうい	348	M	1
2019	捺	なつ	348	M	1
2019	成仁		349	M	1
2019		ゆうしろう	349	M	1
2019	敢助	かんすけ	349	M	1
2019	成叶		350	M	1
2019		ゆうじん	350	M	1
2019	敢明	かんめい	350	M	1
2019	成太郎		351	M	1
2019		ゆうだい	351	M	1
2019	敬太	けいた	351	M	1
2019	捺		352	M	1
2019		ゆうのすけ	352	M	1
2019	斗葵	とうあ	352	M	1
2019	敢助		353	M	1
2019		ゆうひ	353	M	1
2019	新	あらた	353	M	1
2019	敢明		354	M	1
2019		ゆうり	354	M	1
2019	新太	あらた	354	M	1
2019	敬太		355	M	1
2019		ゆき	355	M	1
2019	新汰	あらた	355	M	1
2019	斗葵		356	M	1
2019		ゆきあ	356	M	1
2019	方宗	まさたか	356	M	1
2019	新		357	M	1
2019		ゆきなり	357	M	1
2019	日々樹	ひびき	357	M	1
2019	新太		358	M	1
2019		ゆきや	358	M	1
2019	日向	ひなた	358	M	1
2019	新汰		359	M	1
2019		ゆずき	359	M	1
2019	旬希	しゅんき	359	M	1
2019	方宗		360	M	1
2019		ゆずる	360	M	1
2019	旺太朗	おうたろう	360	M	1
2019	日々樹		361	M	1
2019		ゆりまさ	361	M	1
2019	旺晟	おうせい	361	M	1
2019	日向		362	M	1
2019		ようじろう	362	M	1
2019	旺臣	おみ	362	M	1
2019	旬希		363	M	1
2019		よしき	363	M	1
2019	昂弥	たかや	363	M	1
2019	旺太朗		364	M	1
2019		よしはる	364	M	1
2019	昊弥	こうや	364	M	1
2019	旺晟		365	M	1
2019		より	365	M	1
2019	昊晟	こうせい	365	M	1
2019	旺臣		366	M	1
2019		らい	366	M	1
2019	昊汰	こうた	366	M	1
2019	昂弥		367	M	1
2019		らいく	367	M	1
2019	昊玄	こうげん	367	M	1
2019	昊弥		368	M	1
2019		らいせい	368	M	1
2019	昊頼	そら	368	M	1
2019	昊晟		369	M	1
2019		らいと	369	M	1
2019	明佳	あきか	369	M	1
2019	昊汰		370	M	1
2019		らく	370	M	1
2019	明弥	あきや	370	M	1
2019	昊玄		371	M	1
2019		りおう	371	M	1
2019	明福	あたる	371	M	1
2019	昊頼		372	M	1
2019		りおと	372	M	1
2019	星凪	せな	372	M	1
2019	明佳		373	M	1
2019		りつと	373	M	1
2019	春人	はると	373	M	1
2019	明弥		374	M	1
2019		りひと	374	M	1
2019	春樹	はるき	374	M	1
2019	明福		375	M	1
2019		りゅうだい	375	M	1
2019	春樹	はるた	375	M	1
2019	星凪		376	M	1
2019		りゅうと	376	M	1
2019	春真	はるま	376	M	1
2019	春人		377	M	1
2019		りゅうのすけ	377	M	1
2019	春陽	はるひ	377	M	1
2019	春真		378	M	1
2019		りょういち	378	M	1
2019	晃士朗	こうしろう	378	M	1
2019	春陽		379	M	1
2019		りょうすけ	379	M	1
2019	晃成	こうせい	379	M	1
2019	晃士朗		380	M	1
2019		りょうた	380	M	1
2019	晃暉	こうき	380	M	1
2019	晃成		381	M	1
2019		りょうたろう	381	M	1
2019	晃生	みつき	381	M	1
2019	晃暉		382	M	1
2019		りょうま	382	M	1
2019	晃良	あきら	382	M	1
2019	晃生		383	M	1
2019		りょうや	383	M	1
2019	晄大	あきひろ	383	M	1
2019	晃良		384	M	1
2019		りんしん	384	M	1
2019	晄杜	あきと	384	M	1
2019	晄大		385	M	1
2019		るあ	385	M	1
2019	晟那	せな	385	M	1
2019	晄杜		386	M	1
2019		るおん	386	M	1
2019	景伍	けいご	386	M	1
2019	晟那		387	M	1
2019		るか	387	M	1
2019	晴	はる	387	M	1
2019	景伍		388	M	1
2019		るわ	388	M	1
2019	晴仁	はると	388	M	1
2019	晴		389	M	1
2019		れいしろう	389	M	1
2019	晴大	はるた	389	M	1
2019	晴仁		390	M	1
2019		れいと	390	M	1
2019	晴己	はるき	390	M	1
2019	晴大		391	M	1
2019		れおと	391	M	1
2019	晴斗	はると	391	M	1
2019	晴己		392	M	1
2019		れつ	392	M	1
2019	晴琉	はる	392	M	1
2019	晴斗		393	M	1
2019		れと	393	M	1
2019	晴登	はると	393	M	1
2019	晴琉		394	M	1
2019		ろあ	394	M	1
2019	晴真	はるま	394	M	1
2019	晴登		395	M	1
2019		ろおい	395	M	1
2019	晴稀	はるき	395	M	1
2019	晴真		396	M	1
2019		わこ	396	M	1
2019	晴翔	はると	396	M	1
2019	晴稀		397	M	1
2019		わたる	397	M	1
2019	晴葵	はるき	397	M	1
2019	晴翔		398	M	1
2019	晴輝	はるき	398	M	1
2019	晴葵		399	M	1
2019	晴道	はるみち	399	M	1
2019	晴輝		400	M	1
2019	晴隆	はるたか	400	M	1
2019	晴道		401	M	1
2019	智貴	ともき	401	M	1
2019	晴隆		402	M	1
2019	暁	きょう	402	M	1
2019	智貴		403	M	1
2019	暁人	あきと	403	M	1
2019	暁		404	M	1
2019	暁叶	あきと	404	M	1
2019	暁人		405	M	1
2019	暁葉	ときは	405	M	1
2019	暁叶		406	M	1
2019	暖	はる	406	M	1
2019	暁葉		407	M	1
2019	暖基	はるき	407	M	1
2019	暖		408	M	1
2019	暖大	ひなた	408	M	1
2019	暖基		409	M	1
2019	暖希	はるき	409	M	1
2019	暖大		410	M	1
2019	有晏	ゆあん	410	M	1
2019	暖希		411	M	1
2019	朔也	さくや	411	M	1
2019	有晏		412	M	1
2019	朔人	さくと	412	M	1
2019	朔也		413	M	1
2019	朔生	さつき	413	M	1
2019	朔人		414	M	1
2019	朔良	さくら	414	M	1
2019	朔生		415	M	1
2019	望亜	なお	415	M	1
2019	朔良		416	M	1
2019	望夢	のぞむ	416	M	1
2019	望亜		417	M	1
2019	未采	みと	417	M	1
2019	望夢		418	M	1
2019	来晴	らいせい	418	M	1
2019	未采		419	M	1
2019	柊人	しゅうと	419	M	1
2019	来晴		420	M	1
2019	柊哉	しゅうや	420	M	1
2019	柊人		421	M	1
2019	柊太	しゅうた	421	M	1
2019	柊哉		422	M	1
2019	柊太郎	しゅうたろう	422	M	1
2019	柊太		423	M	1
2019	柊斗	しゅうと	423	M	1
2019	柊太郎		424	M	1
2019	柊羽	しゅう	424	M	1
2019	柊斗		425	M	1
2019	柚希	ゆずき	425	M	1
2019	柊羽		426	M	1
2019	柚陽	ゆうひ	426	M	1
2019	柚希		427	M	1
2019	栄翠	えいすい	427	M	1
2019	柚陽		428	M	1
2019	桐士	とうじ	428	M	1
2019	栄翠		429	M	1
2019	桜太朗	おうたろう	429	M	1
2019	桐士		430	M	1
2019	桜李	おうり	430	M	1
2019	桜太朗		431	M	1
2019	桜真	おうま	431	M	1
2019	桜李		432	M	1
2019	桜空	さく	432	M	1
2019	桜真		433	M	1
2019	桜芽	おうが	433	M	1
2019	桜空		434	M	1
2019	椋星	りょうせい	434	M	1
2019	桜芽		435	M	1
2019	楓大	そうた	435	M	1
2019	椋星		436	M	1
2019	楷生	かいせい	436	M	1
2019	楓大		437	M	1
2019	榛真	はるま	437	M	1
2019	楷生		438	M	1
2019	榮徳	えいとく	438	M	1
2019	榛真		439	M	1
2019	榮都	えいと	439	M	1
2019	榮徳		440	M	1
2019	樂	らく	440	M	1
2019	榮都		441	M	1
2019	樹季	いつき	441	M	1
2019	樂		442	M	1
2019	橙俐	とうり	442	M	1
2019	樹季		443	M	1
2019	橙智	だいち	443	M	1
2019	橙俐		444	M	1
2019	橙矢	とうや	444	M	1
2019	橙智		445	M	1
2019	櫂音	かいと	445	M	1
2019	橙矢		446	M	1
2019	歓	かん	446	M	1
2019	櫂音		447	M	1
2019	正太	しょうた	447	M	1
2019	歓		448	M	1
2019	正虎	まさとら	448	M	1
2019	正太		449	M	1
2019	正誠	しょうせい	449	M	1
2019	正虎		450	M	1
2019	武壱	たけいち	450	M	1
2019	正誠		451	M	1
2019	歩夢	あゆむ	451	M	1
2019	武壱		452	M	1
2019	歩武	あゆむ	452	M	1
2019	歩夢		453	M	1
2019	歩輝	いぶき	453	M	1
2019	歩武		454	M	1
2019	永梛	えいな	454	M	1
2019	歩輝		455	M	1
2019	永琉	える	455	M	1
2019	永梛		456	M	1
2019	永翔	はると	456	M	1
2019	永琉		457	M	1
2019	汐晴	しはる	457	M	1
2019	永翔		458	M	1
2019	汰俐	たいり	458	M	1
2019	汐晴		459	M	1
2019	泰一	たいち	459	M	1
2019	汰俐		460	M	1
2019	泰助	たいすけ	460	M	1
2019	泰一		461	M	1
2019	泰生	たいせい	461	M	1
2019	泰助		462	M	1
2019	泰知	たいち	462	M	1
2019	泰生		463	M	1
2019	洸作	こうさく	463	M	1
2019	泰知		464	M	1
2019	流渚斗	りおと	464	M	1
2019	洸作		465	M	1
2019	浩太朗	こうたろう	465	M	1
2019	流渚斗		466	M	1
2019	海人	かいと	466	M	1
2019	浩太朗		467	M	1
2019	海吏	かいり	467	M	1
2019	海人		468	M	1
2019	海翔	かいと	468	M	1
2019	海吏		469	M	1
2019	海騎	かい	469	M	1
2019	海翔		470	M	1
2019	涼牙	りょうが	470	M	1
2019	海騎		471	M	1
2019	涼雅	りょうが	471	M	1
2019	涼牙		472	M	1
2019	清太	せいた	472	M	1
2019	涼雅		473	M	1
2019	渉太郎	しょうたろう	473	M	1
2019	清太		474	M	1
2019	港太	こうた	474	M	1
2019	渉太郎		475	M	1
2019	湊	みなと	475	M	1
2019	港太		476	M	1
2019	湊人	みなと	476	M	1
2019	湊		477	M	1
2019	湊真	そうま	477	M	1
2019	湊人		478	M	1
2019	湊都	みなと	478	M	1
2019	湊真		479	M	1
2019	滉晟	こうせい	479	M	1
2019	湊都		480	M	1
2019	滝	たき	480	M	1
2019	滉晟		481	M	1
2019	漣	れん	481	M	1
2019	滝		482	M	1
2019	澄真	とうま	482	M	1
2019	漣		483	M	1
2019	澪	れい	483	M	1
2019	澄真		484	M	1
2019	灯悟	とうご	484	M	1
2019	澪		485	M	1
2019	灼	あらた	485	M	1
2019	灯悟		486	M	1
2019	煌	こう	486	M	1
2019	灼		487	M	1
2019	煌	てる	487	M	1
2019	煌賀		488	M	1
2019	煌賀	おうが	488	M	1
2019	煌青		489	M	1
2019	煌青	こうせい	489	M	1
2019	照雲		490	M	1
2019	照雲	しょううん	490	M	1
2019	燈和		491	M	1
2019	燈和	とうわ	491	M	1
2019	爽斗		492	M	1
2019	燈志	とうし	492	M	1
2019	獅士		493	M	1
2019	燈志	とうじ	493	M	1
2019	玄		494	M	1
2019	爽斗	さやと	494	M	1
2019	玲央		495	M	1
2019	獅士	れおと	495	M	1
2019	玲於		496	M	1
2019	玄	げん	496	M	1
2019	珀兎		497	M	1
2019	玲央	れお	497	M	1
2019	珠悠		498	M	1
2019	玲於	れお	498	M	1
2019	理将		499	M	1
2019	珀兎	はくと	499	M	1
2019	理月		500	M	1
2019	珠悠	すばる	500	M	1
2019	琉愛		501	M	1
2019	理将	りお	501	M	1
2019	琉斗		502	M	1
2019	理月	りつき	502	M	1
2019	琉環		503	M	1
2019	琉叶	るいと	503	M	1
2019	琉生		504	M	1
2019	琉叶	るか	504	M	1
2019	琉維		505	M	1
2019	琉心	りんしん	505	M	1
2019	琉音		506	M	1
2019	琉心	るいと	506	M	1
2019	琥大朗		507	M	1
2019	琉愛	るあ	507	M	1
2019	琥大郎		508	M	1
2019	琉斗	るいと	508	M	1
2019	琥徹		509	M	1
2019	琉海	るい	509	M	1
2019	琳太郎		510	M	1
2019	琉海	ろあ	510	M	1
2019	瑛大		511	M	1
2019	琉環	るわ	511	M	1
2019	瑛心		512	M	1
2019	琉生	るい	512	M	1
2019	瑛文		513	M	1
2019	琉維	るい	513	M	1
2019	瑛登		514	M	1
2019	琉音	るい	514	M	1
2019	瑞		515	M	1
2019	琥大朗	こたろう	515	M	1
2019	瑞地		516	M	1
2019	琥大郎	こたろう	516	M	1
2019	瑠唯		517	M	1
2019	琥徹	こてつ	517	M	1
2019	瑠穏		518	M	1
2019	琳太郎	りんたろう	518	M	1
2019	璃希		519	M	1
2019	瑛大	えいた	519	M	1
2019	璃晟		520	M	1
2019	瑛心	えいしん	520	M	1
2019	生吹		521	M	1
2019	瑛文	あきふみ	521	M	1
2019	由暉		522	M	1
2019	瑛登	えいと	522	M	1
2019	皐誠		523	M	1
2019	瑛翔	あきと	523	M	1
2019	直弥		524	M	1
2019	瑛翔	えいと	524	M	1
2019	直樹		525	M	1
2019	瑞	みずき	525	M	1
2019	眞白		526	M	1
2019	瑞地	みち	526	M	1
2019	眞那斗		527	M	1
2019	瑠唯	るい	527	M	1
2019	真人		528	M	1
2019	瑠穏	るおん	528	M	1
2019	真大		529	M	1
2019	璃希	あき	529	M	1
2019	睦士		530	M	1
2019	璃晟	あきまさ	530	M	1
2019	瞬祐		531	M	1
2019	生吹	いぶき	531	M	1
2019	瞭輔		532	M	1
2019	由暉	ゆうき	532	M	1
2019	知冬		533	M	1
2019	皐誠	こうせい	533	M	1
2019	知広		534	M	1
2019	直弥	なおや	534	M	1
2019	知樹		535	M	1
2019	直樹	なおき	535	M	1
2019	知輝		536	M	1
2019	眞白	ましろ	536	M	1
2019	知隼		537	M	1
2019	眞那斗	まなと	537	M	1
2019	碧		538	M	1
2019	真人	まなと	538	M	1
2019	碧斗		539	M	1
2019	真大	まひろ	539	M	1
2019	碧生		540	M	1
2019	睦	むつき	540	M	1
2019	碧空		541	M	1
2019	睦	りく	541	M	1
2019	礼		542	M	1
2019	睦士	りくと	542	M	1
2019	礼桜		543	M	1
2019	瞬祐	しゅんすけ	543	M	1
2019	祐人		544	M	1
2019	瞭輔	りょうすけ	544	M	1
2019	祐季斗		545	M	1
2019	知冬	ちふゆ	545	M	1
2019	祐貴人		546	M	1
2019	知広	ともひろ	546	M	1
2019	禅		547	M	1
2019	知樹	ともき	547	M	1
2019	秀		548	M	1
2019	知輝	ともき	548	M	1
2019	稀生		549	M	1
2019	知隼	ちはや	549	M	1
2019	稜惺		550	M	1
2019	碧	あお	550	M	1
2019	穂高		551	M	1
2019	碧斗	あおと	551	M	1
2019	穹		552	M	1
2019	碧生	あおい	552	M	1
2019	章真		553	M	1
2019	碧空	あおら	553	M	1
2019	竹流		554	M	1
2019	礼	れい	554	M	1
2019	笑楓		555	M	1
2019	礼桜	れお	555	M	1
2019	笑楽		556	M	1
2019	祐人	ゆうと	556	M	1
2019	篤斗		557	M	1
2019	祐季斗	ゆきと	557	M	1
2019	純翔		558	M	1
2019	祐貴人	ゆきと	558	M	1
2019	紘弥		559	M	1
2019	禅	ゆずる	559	M	1
2019	紘都		560	M	1
2019	秀	しゅう	560	M	1
2019	紡久		561	M	1
2019	稀生	きお	561	M	1
2019	紬葵		562	M	1
2019	稜惺	りょうせい	562	M	1
2019	絃		563	M	1
2019	穂高	ほだか	563	M	1
2019	絆翔		564	M	1
2019	穹	そら	564	M	1
2019	結友		565	M	1
2019	章真	しょうま	565	M	1
2019	結叶		566	M	1
2019	竹流	たける	566	M	1
2019	結士		567	M	1
2019	笑楓	いふ	567	M	1
2019	結大		568	M	1
2019	笑楽	しょうら	568	M	1
2019	結斗		569	M	1
2019	篤斗	あつと	569	M	1
2019	結汰		570	M	1
2019	純翔	あやと	570	M	1
2019	結登		571	M	1
2019	紘弥	ひろや	571	M	1
2019	結都		572	M	1
2019	紘都	ひろと	572	M	1
2019	絢人		573	M	1
2019	紡久	つむぐ	573	M	1
2019	絢士		574	M	1
2019	紬葵	つむぎ	574	M	1
2019	絢大		575	M	1
2019	絃	いと	575	M	1
2019	絢斗		576	M	1
2019	絆翔	はると	576	M	1
2019	維斗		577	M	1
2019	結友	ゆいと	577	M	1
2019	維月		578	M	1
2019	結叶	ゆいと	578	M	1
2019	維風		579	M	1
2019	結士	ゆいと	579	M	1
2019	綾		580	M	1
2019	結大	ゆうた	580	M	1
2019	綾人		581	M	1
2019	結心	ゆいと	581	M	1
2019	縁侍		582	M	1
2019	結斗	ゆいと	582	M	1
2019	羽功斗		583	M	1
2019	結汰	ゆうた	583	M	1
2019	翔埜		584	M	1
2019	結登	ゆうと	584	M	1
2019	翔悟		585	M	1
2019	結都	ゆいと	585	M	1
2019	翔環		586	M	1
2019	絢人	あやと	586	M	1
2019	翔矢		587	M	1
2019	絢士	けんと	587	M	1
2019	翔空		588	M	1
2019	絢大	じゅんた	588	M	1
2019	翔聖		589	M	1
2019	絢斗	あやと	589	M	1
2019	翔誠		590	M	1
2019	維斗	ゆいと	590	M	1
2019	耀		591	M	1
2019	維月	いつき	591	M	1
2019	耀士		592	M	1
2019	維風	いぶき	592	M	1
2019	聖矢		593	M	1
2019	綾	りょう	593	M	1
2019	肇虹		594	M	1
2019	綾人	あやと	594	M	1
2019	航		595	M	1
2019	縁	えにし	595	M	1
2019	航太		596	M	1
2019	縁	えん	596	M	1
2019	航平		597	M	1
2019	縁侍	えにし	597	M	1
2019	航志		598	M	1
2019	羽功斗	はくと	598	M	1
2019	航輔		599	M	1
2019	翔埜	しょうの	599	M	1
2019	良大郎		600	M	1
2019	翔悟	しょうご	600	M	1
2019	芯		601	M	1
2019	翔環	とわ	601	M	1
2019	英翔		602	M	1
2019	翔矢	かなや	602	M	1
2019	莉生		603	M	1
2019	翔空	とあ	603	M	1
2019	菖人		604	M	1
2019	翔聖	とあ	604	M	1
2019	華琉		605	M	1
2019	翔誠	しょうま	605	M	1
2019	葉介		606	M	1
2019	耀	ひかる	606	M	1
2019	葉太		607	M	1
2019	耀士	らいと	607	M	1
2019	葵		608	M	1
2019	聖矢	せいや	608	M	1
2019	葵偉		609	M	1
2019	肇虹	けいじ	609	M	1
2019	葵大		610	M	1
2019	航	わたる	610	M	1
2019	葵心		611	M	1
2019	航太	こうた	611	M	1
2019	葵斗		612	M	1
2019	航平	こうへい	612	M	1
2019	葵蓮		613	M	1
2019	航志	こうし	613	M	1
2019	蒼		614	M	1
2019	航輔	こうすけ	614	M	1
2019	蒼也		615	M	1
2019	良大郎	りょうたろう	615	M	1
2019	蒼介		616	M	1
2019	芯	しん	616	M	1
2019	蒼佑		617	M	1
2019	英翔	はなと	617	M	1
2019	蒼叶		618	M	1
2019	莉生	りお	618	M	1
2019	蒼士		619	M	1
2019	菖人	あやと	619	M	1
2019	蒼斗		620	M	1
2019	華琉	はる	620	M	1
2019	蒼真		621	M	1
2019	葉介	ようすけ	621	M	1
2019	蒼紫		622	M	1
2019	葉太	ようた	622	M	1
2019	蒼翔		623	M	1
2019	葵	あおい	623	M	1
2019	蓮人		624	M	1
2019	葵偉	あおい	624	M	1
2019	蓮稀		625	M	1
2019	葵大	あおい	625	M	1
2019	蓮都		626	M	1
2019	葵心	あいる	626	M	1
2019	藍之助		627	M	1
2019	葵斗	あおと	627	M	1
2019	藍輝		628	M	1
2019	葵蓮	あれん	628	M	1
2019	虎		629	M	1
2019	蒼	あお	629	M	1
2019	虎叶		630	M	1
2019	蒼也	そうや	630	M	1
2019	虎輝		631	M	1
2019	蒼介	そうすけ	631	M	1
2019	虹夢		632	M	1
2019	蒼佑	そうすけ	632	M	1
2019	虹陽		633	M	1
2019	蒼叶	あおと	633	M	1
2019	裕夢		634	M	1
2019	蒼士	そうし	634	M	1
2019	裕貴		635	M	1
2019	蒼大	あおい	635	M	1
2019	詠太		636	M	1
2019	蒼大	そうた	636	M	1
2019	詩友翔		637	M	1
2019	蒼斗	あおと	637	M	1
2019	誠		638	M	1
2019	蒼生	あお	638	M	1
2019	誠治		639	M	1
2019	蒼生	あおい	639	M	1
2019	諒		640	M	1
2019	蒼真	そうま	640	M	1
2019	諒真		641	M	1
2019	蒼紫	あおし	641	M	1
2019	豪生		642	M	1
2019	蒼翔	あおと	642	M	1
2019	貫太		643	M	1
2019	蓮人	れんと	643	M	1
2019	貴紀		644	M	1
2019	蓮稀	はずき	644	M	1
2019	賢橙		645	M	1
2019	蓮都	れんと	645	M	1
2019	輝向		646	M	1
2019	藍之助	あいのすけ	646	M	1
2019	轟		647	M	1
2019	藍輝	あいき	647	M	1
2019	辰		648	M	1
2019	虎	とら	648	M	1
2019	迅		649	M	1
2019	虎叶	とわ	649	M	1
2019	透和		650	M	1
2019	虎輝	たいが	650	M	1
2019	逞		651	M	1
2019	虹夢	ななと	651	M	1
2019	連叶		652	M	1
2019	虹陽	こうよう	652	M	1
2019	進		653	M	1
2019	裕夢	ひろむ	653	M	1
2019	道瑠		654	M	1
2019	裕貴	よしき	654	M	1
2019	遥也		655	M	1
2019	詠太	えいた	655	M	1
2019	遥人		656	M	1
2019	詩友翔	しうと	656	M	1
2019	遥仁		657	M	1
2019	誠	まこと	657	M	1
2019	遥己		658	M	1
2019	誠治	せいじ	658	M	1
2019	遥陽		659	M	1
2019	諒	りょう	659	M	1
2019	遥音		660	M	1
2019	諒真	りょうま	660	M	1
2019	遼		661	M	1
2019	豪生	ごう	661	M	1
2019	郁		662	M	1
2019	貫太	かんた	662	M	1
2019	都琵		663	M	1
2019	貴紀	あつき	663	M	1
2019	里想羽		664	M	1
2019	賢橙	けんと	664	M	1
2019	閃		665	M	1
2019	輝向	ひなた	665	M	1
2019	陸		666	M	1
2019	轟	ごう	666	M	1
2019	陸杜		667	M	1
2019	辰	しん	667	M	1
2019	陽丸		668	M	1
2019	迅	しゅん	668	M	1
2019	陽二朗		669	M	1
2019	透和	とわ	669	M	1
2019	陽人		670	M	1
2019	逞	たくま	670	M	1
2019	陽優		671	M	1
2019	連叶	れんと	671	M	1
2019	陽冬		672	M	1
2019	進	しん	672	M	1
2019	陽向		673	M	1
2019	道瑠	みちる	673	M	1
2019	陽夏音		674	M	1
2019	遥也	とおや	674	M	1
2019	陽心		675	M	1
2019	遥人	はると	675	M	1
2019	陽斗		676	M	1
2019	遥仁	はると	676	M	1
2019	陽汰		677	M	1
2019	遥己	はるき	677	M	1
2019	陽海		678	M	1
2019	遥陽	はるひ	678	M	1
2019	陽琉		679	M	1
2019	遥音	はると	679	M	1
2019	陽登		680	M	1
2019	遼	りょう	680	M	1
2019	陽詩		681	M	1
2019	郁	かおる	681	M	1
2019	陽資		682	M	1
2019	都琵	みやび	682	M	1
2019	陽音		683	M	1
2019	里想羽	りおう	683	M	1
2019	陽馬		684	M	1
2019	閃	せん	684	M	1
2019	隆ノ介		685	M	1
2019	陸	りく	685	M	1
2019	隆光		686	M	1
2019	陸斗	りくと	686	M	1
2019	隆寛		687	M	1
2019	陸斗	りと	687	M	1
2019	隆生		688	M	1
2019	陸杜	りくと	688	M	1
2019	隼		689	M	1
2019	陽	ひなた	689	M	1
2019	隼士		690	M	1
2019	陽丸	ひまる	690	M	1
2019	隼颯		691	M	1
2019	陽二朗	ようじろう	691	M	1
2019	雅		692	M	1
2019	陽人	はると	692	M	1
2019	雪		693	M	1
2019	陽優	ひなた	693	M	1
2019	零都		694	M	1
2019	陽冬	はると	694	M	1
2019	雷雅		695	M	1
2019	陽向	ひなた	695	M	1
2019	青大		696	M	1
2019	陽夏音	ひなと	696	M	1
2019	青泉		697	M	1
2019	陽太	はるた	697	M	1
2019	青波		698	M	1
2019	陽太	ようた	698	M	1
2019	音空		699	M	1
2019	陽心	ひいろ	699	M	1
2019	音陽		700	M	1
2019	陽斗	はると	700	M	1
2019	響		701	M	1
2019	陽汰	ひなた	701	M	1
2019	頼		702	M	1
2019	陽海	はると	702	M	1
2019	風汰		703	M	1
2019	陽琉	はる	703	M	1
2019	颯		704	M	1
2019	陽登	はると	704	M	1
2019	颯冴		705	M	1
2019	陽詩	ひなた	705	M	1
2019	颯大		706	M	1
2019	陽資	ようすけ	706	M	1
2019	颯斗		707	M	1
2019	陽音	はると	707	M	1
2019	颯汰		708	M	1
2019	陽馬	はるま	708	M	1
2019	颯泰		709	M	1
2019	隆ノ介	りゅうのすけ	709	M	1
2019	颯祐		710	M	1
2019	隆光	たかひろ	710	M	1
2019	飛鳥		711	M	1
2019	隆寛	たかひろ	711	M	1
2019	香太郎		712	M	1
2019	隆生	りゅうせい	712	M	1
2019	馬羽		713	M	1
2019	隼	はやと	713	M	1
2019	駿		714	M	1
2019	隼士	はやと	714	M	1
2019	魁人		715	M	1
2019	隼颯	はやて	715	M	1
2019	魁琉		716	M	1
2019	雅	みやび	716	M	1
2019	鴻輝		717	M	1
2019	雪	ゆき	717	M	1
2019	麗史郎		718	M	1
2019	零都	れつ	718	M	1
2019	龍大		719	M	1
2019	雷雅	らいが	719	M	1
2019	龍季		720	M	1
2019	青大	あお	720	M	1
2019	龍都		721	M	1
2019	青泉	あおい	721	M	1
2019	青波	あおは	722	M	1
2019	音空	とあ	723	M	1
2019	音陽	おとや	724	M	1
2019	響	きょう	725	M	1
2019	頼	より	726	M	1
2019	風汰	ふうた	727	M	1
2019	颯	はやて	728	M	1
2019	颯冴	そうご	729	M	1
2019	颯大	そうた	730	M	1
2019	颯斗	はやと	731	M	1
2019	颯汰	そうた	732	M	1
2019	颯泰	そうた	733	M	1
2019	颯真	ふうま	734	M	1
2019	颯祐	そうすけ	735	M	1
2019	飛鳥	あすか	736	M	1
2019	香太郎	こうたろう	737	M	1
2019	馬羽	まう	738	M	1
2019	駿	しゅん	739	M	1
2019	魁人	かいと	740	M	1
2019	魁琉	かいる	741	M	1
2019	鴻輝	こうき	742	M	1
2019	麗史郎	れいしろう	743	M	1
2019	龍大	りゅうだい	744	M	1
2019	龍季	たつき	745	M	1
2019	龍都	りゅうと	746	M	1
2020	結愛		1	F	6
2020		あおい	1	F	11
2020	柚葉	ゆずは	1	F	5
2020	柚葉		2	F	5
2020		ひまり	2	F	11
2020	結愛	ゆあ	2	F	4
2020	結菜		3	F	5
2020		えま	3	F	10
2020	凛	りん	3	F	3
2020	心結		4	F	4
2020		ゆい	4	F	10
2020	彩葉	いろは	4	F	3
2020	優珠		5	F	3
2020		あかり	5	F	8
2020	心春	こはる	5	F	3
2020	凛		6	F	3
2020		ひな	6	F	8
2020	結菜	ゆな	6	F	3
2020	彩葉		7	F	3
2020		かのん	7	F	7
2020	華	はな	7	F	3
2020	心春		8	F	3
2020		はな	8	F	7
2020	あかり	あかり	8	F	2
2020	柚月		9	F	3
2020		ゆあ	9	F	7
2020	一花	いちか	9	F	2
2020	華		10	F	3
2020		さな	10	F	6
2020	千咲	ちさき	10	F	2
2020	陽葵		11	F	3
2020		みお	11	F	6
2020	咲	さき	11	F	2
2020	あかり		12	F	2
2020		めい	12	F	6
2020	咲羽	さわ	12	F	2
2020	一花		13	F	2
2020		いちか	13	F	5
2020	季奈	きな	13	F	2
2020	七海		14	F	2
2020		いろは	14	F	5
2020	寧々	ねね	14	F	2
2020	優愛		15	F	2
2020		こはる	15	F	5
2020	彩桜	あお	15	F	2
2020	千咲		16	F	2
2020		ゆずは	16	F	5
2020	心結	ここみ	16	F	2
2020	叶夢		17	F	2
2020		ゆな	17	F	5
2020	恵茉	えま	17	F	2
2020	咲		18	F	2
2020		ゆの	18	F	5
2020	朱莉	あかり	18	F	2
2020	咲羽		19	F	2
2020		うみ	19	F	4
2020	柚月	ゆづき	19	F	2
2020	咲良		20	F	2
2020		さき	20	F	4
2020	楓	かえで	20	F	2
2020	季奈		21	F	2
2020		さくら	21	F	4
2020	琴音	ことね	21	F	2
2020	寧々		22	F	2
2020		ちさき	22	F	4
2020	百花	ももか	22	F	2
2020	希		23	F	2
2020		ほのか	23	F	4
2020	結	ゆい	23	F	2
2020	彩七		24	F	2
2020		ゆいな	24	F	4
2020	芽依	めい	24	F	2
2020	彩桜		25	F	2
2020		ゆめか	25	F	4
2020	芽生	めい	25	F	2
2020	恵茉		26	F	2
2020		りん	26	F	4
2020	葵	あおい	26	F	2
2020	月海		27	F	2
2020		あいら	27	F	3
2020	葵衣	あおい	27	F	2
2020	朱莉		28	F	2
2020		うた	28	F	3
2020	詩	うた	28	F	2
2020	柚乃		29	F	2
2020		おと	29	F	3
2020	陽咲	ひなた	29	F	2
2020	桜音		30	F	2
2020		かんな	30	F	3
2020	陽菜	ひな	30	F	2
2020	楓		31	F	2
2020		きこ	31	F	3
2020	陽葵	ひまり	31	F	2
2020	琴音		32	F	2
2020		ここみ	32	F	3
2020	あいら	あいら	32	F	1
2020	百花		33	F	2
2020		こと	33	F	3
2020	あおい	あおい	33	F	1
2020	結		34	F	2
2020		ことね	34	F	3
2020	あさ	あさ	34	F	1
2020	結彩		35	F	2
2020		さえ	35	F	3
2020	あさ美	あさみ	35	F	1
2020	美月		36	F	2
2020		さら	36	F	3
2020	あずき	あずき	36	F	1
2020	芽依		37	F	2
2020		つむぎ	37	F	3
2020	ありあ	ありあ	37	F	1
2020	芽生		38	F	2
2020		ななみ	38	F	3
2020	いろは	いろは	38	F	1
2020	葵		39	F	2
2020		はるか	39	F	3
2020	このか	このか	39	F	1
2020	葵衣		40	F	2
2020		ひより	40	F	3
2020	こはく	こはく	40	F	1
2020	詩		41	F	2
2020		みあ	41	F	3
2020	さくら	さくら	41	F	1
2020	陽咲		42	F	2
2020		みつき	42	F	3
2020	すずか	すずか	42	F	1
2020	陽莉		43	F	2
2020		みな	43	F	3
2020	なつめ	なつめ	43	F	1
2020	陽菜		44	F	2
2020		みゆ	44	F	3
2020	ひかり	ひかり	44	F	1
2020	あいら		45	F	1
2020		ゆいか	45	F	3
2020	ひな	ひな	45	F	1
2020	あおい		46	F	1
2020		ゆずき	46	F	3
2020	ひまり	ひまり	46	F	1
2020	あさ		47	F	1
2020		ゆづき	47	F	3
2020	まつり	まつり	47	F	1
2020	あさ美		48	F	1
2020		りお	48	F	3
2020	まゆ	まゆ	48	F	1
2020	あずき		49	F	1
2020		りりか	49	F	3
2020	みず季	みずき	49	F	1
2020	ありあ		50	F	1
2020		れい	50	F	3
2020	みのり	みのり	50	F	1
2020	いろは		51	F	1
2020		あいな	51	F	2
2020	めぐ瑠	めぐる	51	F	1
2020	このか		52	F	1
2020		あいり	52	F	2
2020	もも	もも	52	F	1
2020	こはく		53	F	1
2020		あお	53	F	2
2020	ゆの	ゆの	53	F	1
2020	さくら		54	F	1
2020		あこ	54	F	2
2020	よつ葉	よつは	54	F	1
2020	すずか		55	F	1
2020		あずさ	55	F	2
2020	りん	りん	55	F	1
2020	なつめ		56	F	1
2020		あやか	56	F	2
2020	れあ	れあ	56	F	1
2020	ひかり		57	F	1
2020		あんな	57	F	2
2020	れい	れい	57	F	1
2020	ひな		58	F	1
2020		いと	58	F	2
2020	ルミ	るみ	58	F	1
2020	ひまり		59	F	1
2020		かえで	59	F	2
2020	一禾	いちか	59	F	1
2020	まつり		60	F	1
2020		かなみ	60	F	2
2020	一華	いちか	60	F	1
2020	まゆ		61	F	1
2020		きな	61	F	2
2020	七海	ななか	61	F	1
2020	みず季		62	F	1
2020		きほ	62	F	2
2020	七海	ななみ	62	F	1
2020	みのり		63	F	1
2020		ことは	63	F	2
2020	七美	ななみ	63	F	1
2020	めぐ瑠		64	F	1
2020		さわ	64	F	2
2020	亜澄紗	あずさ	64	F	1
2020	もも		65	F	1
2020		しおり	65	F	2
2020	亜香里	あかり	65	F	1
2020	ゆの		66	F	1
2020		しずく	66	F	2
2020	仁伽	にか	66	F	1
2020	よつ葉		67	F	1
2020		すず	67	F	2
2020	仁琴	にこ	67	F	1
2020	りん		68	F	1
2020		すずは	68	F	2
2020	令央愛	れおな	68	F	1
2020	れあ		69	F	1
2020		せな	69	F	2
2020	令愛	れあ	69	F	1
2020	れい		70	F	1
2020		ちひろ	70	F	2
2020	佳凛	かりん	70	F	1
2020	ルミ		71	F	1
2020		なぎさ	71	F	2
2020	佳音	かのん	71	F	1
2020	一禾		72	F	1
2020		なつき	72	F	2
2020	來穂	きほ	72	F	1
2020	一華		73	F	1
2020		ねね	73	F	2
2020	侑海	うみ	73	F	1
2020	七美		74	F	1
2020		のどか	74	F	2
2020	依橙	いと	74	F	1
2020	亜澄紗		75	F	1
2020		ひかり	75	F	2
2020	依茉	えま	75	F	1
2020	亜香里		76	F	1
2020		ひなた	76	F	2
2020	俐咲	りさき	76	F	1
2020	仁伽		77	F	1
2020		ひなみ	77	F	2
2020	優咲	ゆら	77	F	1
2020	仁琴		78	F	1
2020		まこ	78	F	2
2020	優愛	ゆあ	78	F	1
2020	令央愛		79	F	1
2020		まつり	79	F	2
2020	優愛	ゆな	79	F	1
2020	令愛		80	F	1
2020		まゆ	80	F	2
2020	優海	うみ	80	F	1
2020	佳凛		81	F	1
2020		みき	81	F	2
2020	優珠	うた	81	F	1
2020	佳音		82	F	1
2020		みこと	82	F	2
2020	優珠	うみ	82	F	1
2020	來穂		83	F	1
2020		みのり	83	F	2
2020	優珠	ゆず	83	F	1
2020	侑海		84	F	1
2020		ももか	84	F	2
2020	優留実	うるみ	84	F	1
2020	依橙		85	F	1
2020		ももこ	85	F	2
2020	優那	ゆうな	85	F	1
2020	依茉		86	F	1
2020		ゆうな	86	F	2
2020	優里	ゆうり	86	F	1
2020	俐咲		87	F	1
2020		ゆず	87	F	2
2020	優音	ゆの	87	F	1
2020	優咲		88	F	1
2020		ゆら	88	F	2
2020	光	ひかり	88	F	1
2020	優海		89	F	1
2020		りこ	89	F	2
2020	光希	みつき	89	F	1
2020	優留実		90	F	1
2020		りな	90	F	2
2020	光桜	みお	90	F	1
2020	優那		91	F	1
2020		りほ	91	F	2
2020	六花	りっか	91	F	1
2020	優里		92	F	1
2020		りんか	92	F	2
2020	円花	まどか	92	F	1
2020	優音		93	F	1
2020		るあな	93	F	2
2020	冬	ふゆ	93	F	1
2020	光		94	F	1
2020		れあ	94	F	2
2020	凉葉	すずは	94	F	1
2020	光希		95	F	1
2020		あいか	95	F	1
2020	凛子	りこ	95	F	1
2020	光桜		96	F	1
2020		あいは	96	F	1
2020	凪心	なこ	96	F	1
2020	六花		97	F	1
2020		あおば	97	F	1
2020	凪沙	なぎさ	97	F	1
2020	円花		98	F	1
2020		あさ	98	F	1
2020	凪結	なゆ	98	F	1
2020	冬		99	F	1
2020		あさひ	99	F	1
2020	凰華	おうか	99	F	1
2020	凉葉		100	F	1
2020		あさみ	100	F	1
2020	初依	うい	100	F	1
2020	凛子		101	F	1
2020		あずき	101	F	1
2020	千尋	ちひろ	101	F	1
2020	凪心		102	F	1
2020		あまね	102	F	1
2020	千春	ちはる	102	F	1
2020	凪沙		103	F	1
2020		あやな	103	F	1
2020	千朝	ちあさ	103	F	1
2020	凪結		104	F	1
2020		あやの	104	F	1
2020	千桜姫	ちさき	104	F	1
2020	凰華		105	F	1
2020		あやめ	105	F	1
2020	千歳	ちとせ	105	F	1
2020	初依		106	F	1
2020		ありあ	106	F	1
2020	千紘	ちひろ	106	F	1
2020	千尋		107	F	1
2020		うい	107	F	1
2020	千葵	ちさき	107	F	1
2020	千春		108	F	1
2020		うるみ	108	F	1
2020	叶來	かこ	108	F	1
2020	千朝		109	F	1
2020		える	109	F	1
2020	叶夢	かなめ	109	F	1
2020	千桜姫		110	F	1
2020		えるか	110	F	1
2020	叶夢	かのん	110	F	1
2020	千歳		111	F	1
2020		おうか	111	F	1
2020	叶波	かなみ	111	F	1
2020	千紘		112	F	1
2020		おとか	112	F	1
2020	名咲	めいさ	112	F	1
2020	千葵		113	F	1
2020		おりびあ	113	F	1
2020	向葵	ひまり	113	F	1
2020	叶來		114	F	1
2020		かえ	114	F	1
2020	呼幸	こゆき	114	F	1
2020	叶波		115	F	1
2020		かこ	115	F	1
2020	和花	のどか	115	F	1
2020	名咲		116	F	1
2020		かなで	116	F	1
2020	咲喜	さゆき	116	F	1
2020	向葵		117	F	1
2020		かなほ	117	F	1
2020	咲悠	さゆ	117	F	1
2020	呼幸		118	F	1
2020		かなめ	118	F	1
2020	咲月	さつき	118	F	1
2020	和花		119	F	1
2020		かなん	119	F	1
2020	咲来	さくら	119	F	1
2020	咲喜		120	F	1
2020		かりん	120	F	1
2020	咲瑛	さえ	120	F	1
2020	咲悠		121	F	1
2020		きか	121	F	1
2020	咲舞	えま	121	F	1
2020	咲月		122	F	1
2020		きの	122	F	1
2020	咲良	さくら	122	F	1
2020	咲来		123	F	1
2020		きょう	123	F	1
2020	咲良	さら	123	F	1
2020	咲瑛		124	F	1
2020		きょうか	124	F	1
2020	咲茉	えま	124	F	1
2020	咲舞		125	F	1
2020		ここ	125	F	1
2020	咲葉	さよ	125	F	1
2020	咲茉		126	F	1
2020		ここな	126	F	1
2020	咲葵	さき	126	F	1
2020	咲葉		127	F	1
2020		ことい	127	F	1
2020	咲衣	さえ	127	F	1
2020	咲葵		128	F	1
2020		ことこ	128	F	1
2020	咲那	さな	128	F	1
2020	咲衣		129	F	1
2020		このか	129	F	1
2020	唯	ゆい	129	F	1
2020	咲那		130	F	1
2020		こはく	130	F	1
2020	唯華	ゆいか	130	F	1
2020	唯		131	F	1
2020		こゆき	131	F	1
2020	唯那	ゆいな	131	F	1
2020	唯華		132	F	1
2020		さあや	132	F	1
2020	夏乃花	なのは	132	F	1
2020	唯那		133	F	1
2020		さつき	133	F	1
2020	夏帆	なつほ	133	F	1
2020	夏乃花		134	F	1
2020		さほ	134	F	1
2020	夏希	なつき	134	F	1
2020	夏帆		135	F	1
2020		さや	135	F	1
2020	夏葵	なつき	135	F	1
2020	夏希		136	F	1
2020		さゆ	136	F	1
2020	夏蓮	なぎ	136	F	1
2020	夏葵		137	F	1
2020		さゆき	137	F	1
2020	夕依	ゆい	137	F	1
2020	夏蓮		138	F	1
2020		さよ	138	F	1
2020	夢禾	ゆめか	138	F	1
2020	夕依		139	F	1
2020		しあ	139	F	1
2020	夢華	ゆめか	139	F	1
2020	夢禾		140	F	1
2020		しいな	140	F	1
2020	天嶺	あまね	140	F	1
2020	夢華		141	F	1
2020		しう	141	F	1
2020	奈々未	ななみ	141	F	1
2020	天嶺		142	F	1
2020		しき	142	F	1
2020	奏穂	かなほ	142	F	1
2020	奈々未		143	F	1
2020		しづく	143	F	1
2020	妃奈	ひな	143	F	1
2020	奏穂		144	F	1
2020		じゅり	144	F	1
2020	妃来	きこ	144	F	1
2020	妃奈		145	F	1
2020		じゅれいな	145	F	1
2020	妃真里	ひまり	145	F	1
2020	妃来		146	F	1
2020		すずか	146	F	1
2020	姫叶	ひな	146	F	1
2020	妃真里		147	F	1
2020		せいな	147	F	1
2020	姫茉里	ひまり	147	F	1
2020	姫叶		148	F	1
2020		せり	148	F	1
2020	実侑	みゆ	148	F	1
2020	姫茉里		149	F	1
2020		せりな	149	F	1
2020	実思	みこと	149	F	1
2020	実侑		150	F	1
2020		そあら	150	F	1
2020	実愛	みあ	150	F	1
2020	実思		151	F	1
2020		ちあさ	151	F	1
2020	実絆	みき	151	F	1
2020	実愛		152	F	1
2020		ちお	152	F	1
2020	実緒	みお	152	F	1
2020	実絆		153	F	1
2020		ちとせ	153	F	1
2020	実那	みな	153	F	1
2020	実緒		154	F	1
2020		ちはる	154	F	1
2020	小遥	こはる	154	F	1
2020	実那		155	F	1
2020		ちよ	155	F	1
2020	嶺	れい	155	F	1
2020	小遥		156	F	1
2020		つぐみ	156	F	1
2020	帆ノ歌	ほのか	156	F	1
2020	嶺		157	F	1
2020		つばき	157	F	1
2020	帆乃花	ほのか	157	F	1
2020	帆ノ歌		158	F	1
2020		とうり	158	F	1
2020	帆夏	ほのか	158	F	1
2020	帆乃花		159	F	1
2020		なぎ	159	F	1
2020	帆鳥	ほとり	159	F	1
2020	帆夏		160	F	1
2020		なこ	160	F	1
2020	希	のぞみ	160	F	1
2020	帆鳥		161	F	1
2020		なずな	161	F	1
2020	希	まれ	161	F	1
2020	希帆		162	F	1
2020		なつ	162	F	1
2020	希帆	きほ	162	F	1
2020	幸乃愛		163	F	1
2020		なつほ	163	F	1
2020	幸乃愛	ゆのあ	163	F	1
2020	彩乃		164	F	1
2020		なつめ	164	F	1
2020	彩七	あやな	164	F	1
2020	彩千華		165	F	1
2020		なづな	165	F	1
2020	彩七	さな	165	F	1
2020	彩心		166	F	1
2020		なな	166	F	1
2020	彩乃	あやの	166	F	1
2020	彩明		167	F	1
2020		ななか	167	F	1
2020	彩千華	いちか	167	F	1
2020	彩羽		168	F	1
2020		なのは	168	F	1
2020	彩心	あこ	168	F	1
2020	彩花		169	F	1
2020		なゆ	169	F	1
2020	彩明	あやめ	169	F	1
2020	彩誉		170	F	1
2020		にか	170	F	1
2020	彩羽	いろは	170	F	1
2020	心		171	F	1
2020		にこ	171	F	1
2020	彩花	あやか	171	F	1
2020	心奏		172	F	1
2020		のぞみ	172	F	1
2020	彩誉	さほ	172	F	1
2020	心晴		173	F	1
2020		はずき	173	F	1
2020	心	ここ	173	F	1
2020	心歩		174	F	1
2020		はづき	174	F	1
2020	心奏	かなで	174	F	1
2020	心美		175	F	1
2020		はの	175	F	1
2020	心晴	みはる	175	F	1
2020	心菜		176	F	1
2020		はやね	176	F	1
2020	心歩	こと	176	F	1
2020	思寧		177	F	1
2020		はる	177	F	1
2020	心結	みゆ	177	F	1
2020	恭華		178	F	1
2020		はるあ	178	F	1
2020	心結	ゆい	178	F	1
2020	悠乃		179	F	1
2020		はるひ	179	F	1
2020	心美	ここみ	179	F	1
2020	悠未		180	F	1
2020		はるみ	180	F	1
2020	心菜	ここな	180	F	1
2020	愛叶		181	F	1
2020		はんな	181	F	1
2020	思寧	ことね	181	F	1
2020	愛心花		182	F	1
2020		ひいろ	182	F	1
2020	恭華	きょうか	182	F	1
2020	愛惟		183	F	1
2020		ひさの	183	F	1
2020	悠乃	ゆの	183	F	1
2020	愛海		184	F	1
2020		ひづき	184	F	1
2020	悠未	はるみ	184	F	1
2020	愛真		185	F	1
2020		ひなこ	185	F	1
2020	愛叶	あいか	185	F	1
2020	愛絆		186	F	1
2020		ひなつ	186	F	1
2020	愛心花	えるか	186	F	1
2020	愛羅		187	F	1
2020		ひなの	187	F	1
2020	愛惟	めい	187	F	1
2020	愛翔		188	F	1
2020		ひのは	188	F	1
2020	愛海	かなみ	188	F	1
2020	愛茉		189	F	1
2020		ふうか	189	F	1
2020	愛真	えま	189	F	1
2020	愛莉		190	F	1
2020		ふゆ	190	F	1
2020	愛絆	あいは	190	F	1
2020	愛菜		191	F	1
2020		ほうか	191	F	1
2020	愛羅	あいら	191	F	1
2020	愛藍		192	F	1
2020		ほとり	192	F	1
2020	愛翔	おと	192	F	1
2020	日向子		193	F	1
2020		ほなみ	193	F	1
2020	愛茉	えま	193	F	1
2020	日向美		194	F	1
2020		ほの	194	F	1
2020	愛莉	あいり	194	F	1
2020	日和		195	F	1
2020		まあ	195	F	1
2020	愛菜	あいな	195	F	1
2020	日捺		196	F	1
2020		まあや	196	F	1
2020	愛藍	あいら	196	F	1
2020	日真梨		197	F	1
2020		まお	197	F	1
2020	日向子	ひなこ	197	F	1
2020	日真莉		198	F	1
2020		まかな	198	F	1
2020	日向美	ひなみ	198	F	1
2020	日紗乃		199	F	1
2020		まどか	199	F	1
2020	日和	ひより	199	F	1
2020	早貴		200	F	1
2020		まな	200	F	1
2020	日捺	ひなつ	200	F	1
2020	旭		201	F	1
2020		まれ	201	F	1
2020	日真梨	ひまり	201	F	1
2020	星奈		202	F	1
2020		みう	202	F	1
2020	日真莉	ひまり	202	F	1
2020	春寿姫		203	F	1
2020		みおな	203	F	1
2020	日紗乃	ひさの	203	F	1
2020	晏奈		204	F	1
2020		みか	204	F	1
2020	早貴	さき	204	F	1
2020	晴		205	F	1
2020		みく	205	F	1
2020	旭	あさひ	205	F	1
2020	晴夏		206	F	1
2020		みこ	206	F	1
2020	星奈	せな	206	F	1
2020	晴花		207	F	1
2020		みさ	207	F	1
2020	春寿姫	はずき	207	F	1
2020	晴香		208	F	1
2020		みずき	208	F	1
2020	晏奈	あんな	208	F	1
2020	望琴		209	F	1
2020		みずは	209	F	1
2020	晴	はる	209	F	1
2020	木音		210	F	1
2020		みそら	210	F	1
2020	晴夏	はな	210	F	1
2020	未乃莉		211	F	1
2020		みなみ	211	F	1
2020	晴花	はるか	211	F	1
2020	未桜		212	F	1
2020		みはな	212	F	1
2020	晴香	はるか	212	F	1
2020	未桜菜		213	F	1
2020		みはる	213	F	1
2020	月海	つぐみ	213	F	1
2020	未菜		214	F	1
2020		みゆう	214	F	1
2020	月海	るな	214	F	1
2020	李乃亜		215	F	1
2020		みりあ	215	F	1
2020	望琴	みこと	215	F	1
2020	杏來		216	F	1
2020		みる	216	F	1
2020	木音	こと	216	F	1
2020	杏菜		217	F	1
2020		みれい	217	F	1
2020	未乃莉	みのり	217	F	1
2020	枇由		218	F	1
2020		みわ	218	F	1
2020	未桜	みお	218	F	1
2020	果永		219	F	1
2020		めいさ	219	F	1
2020	未桜菜	みおな	219	F	1
2020	柑菜		220	F	1
2020		めいり	220	F	1
2020	未菜	みな	220	F	1
2020	柑音		221	F	1
2020		めぐる	221	F	1
2020	李乃亜	りのあ	221	F	1
2020	柚		222	F	1
2020		もあ	222	F	1
2020	杏來	あこ	222	F	1
2020	柚季		223	F	1
2020		もね	223	F	1
2020	杏菜	あんな	223	F	1
2020	柚希		224	F	1
2020		もも	224	F	1
2020	枇由	ひより	224	F	1
2020	柚心		225	F	1
2020		ももえ	225	F	1
2020	果永	かえ	225	F	1
2020	柚花		226	F	1
2020		ゆいこ	226	F	1
2020	柑菜	かんな	226	F	1
2020	栞奈		227	F	1
2020		ゆうの	227	F	1
2020	柑音	かのん	227	F	1
2020	栞杏		228	F	1
2020		ゆうり	228	F	1
2020	柚	ゆず	228	F	1
2020	栞那		229	F	1
2020		ゆきの	229	F	1
2020	柚乃	ゆずの	229	F	1
2020	桃々子		230	F	1
2020		ゆずか	230	F	1
2020	柚乃	ゆの	230	F	1
2020	桃子		231	F	1
2020		ゆずの	231	F	1
2020	柚季	ゆずき	231	F	1
2020	桃鈴		232	F	1
2020		ゆのあ	232	F	1
2020	柚希	ゆずき	232	F	1
2020	桜乙煌		233	F	1
2020		ゆりは	233	F	1
2020	柚心	ゆら	233	F	1
2020	桜彩		234	F	1
2020		よつは	234	F	1
2020	柚月	ゆずき	234	F	1
2020	桜愛		235	F	1
2020		らん	235	F	1
2020	柚花	ゆずか	235	F	1
2020	桜渚		236	F	1
2020		りおか	236	F	1
2020	栞奈	かんな	236	F	1
2020	桜都		237	F	1
2020		りおの	237	F	1
2020	栞杏	しあ	237	F	1
2020	梓		238	F	1
2020		りさき	238	F	1
2020	栞那	かんな	238	F	1
2020	梗		239	F	1
2020		りた	239	F	1
2020	桃々子	ももこ	239	F	1
2020	梨々花		240	F	1
2020		りっか	240	F	1
2020	桃子	ももこ	240	F	1
2020	梨々華		241	F	1
2020		りのあ	241	F	1
2020	桃鈴	とうり	241	F	1
2020	梨友		242	F	1
2020		りゆ	242	F	1
2020	桜乙煌	おとか	242	F	1
2020	梨珠		243	F	1
2020		りり	243	F	1
2020	桜彩	さや	243	F	1
2020	梨那		244	F	1
2020		りりこ	244	F	1
2020	桜愛	はな	244	F	1
2020	梨里花		245	F	1
2020		るい	245	F	1
2020	桜渚	さな	245	F	1
2020	椎菜		246	F	1
2020		るか	246	F	1
2020	桜都	おと	246	F	1
2020	椛暖		247	F	1
2020		るな	247	F	1
2020	桜音	おと	247	F	1
2020	椿		248	F	1
2020		るみ	248	F	1
2020	桜音	さくら	248	F	1
2020	歩乃		249	F	1
2020		るり	249	F	1
2020	梓	あずさ	249	F	1
2020	歩乃花		250	F	1
2020		るりか	250	F	1
2020	梗	きょう	250	F	1
2020	水惺		251	F	1
2020		るる	251	F	1
2020	梨々花	りりか	251	F	1
2020	水芭		252	F	1
2020		れいか	252	F	1
2020	梨々華	りりか	252	F	1
2020	水葵		253	F	1
2020		れいら	253	F	1
2020	梨友	りゆ	253	F	1
2020	永茉		254	F	1
2020		れおな	254	F	1
2020	梨珠	りた	254	F	1
2020	汐莉		255	F	1
2020		れんか	255	F	1
2020	梨那	りな	255	F	1
2020	汐里		256	F	1
2020		ろな	256	F	1
2020	梨里花	りりか	256	F	1
2020	沙桜		257	F	1
2020	椎菜	しいな	257	F	1
2020	波望		258	F	1
2020	椛暖	かのん	258	F	1
2020	波那		259	F	1
2020	椿	つばき	259	F	1
2020	海心		260	F	1
2020	歩乃	ほの	260	F	1
2020	涼生		261	F	1
2020	歩乃花	ほのか	261	F	1
2020	涼葉		262	F	1
2020	水惺	みさ	262	F	1
2020	渚		263	F	1
2020	水芭	みずは	263	F	1
2020	満月		264	F	1
2020	水葵	みき	264	F	1
2020	澪		265	F	1
2020	永茉	えま	265	F	1
2020	澪花		266	F	1
2020	汐莉	しおり	266	F	1
2020	澪藍		267	F	1
2020	汐里	しおり	267	F	1
2020	瀬凪		268	F	1
2020	沙桜	さら	268	F	1
2020	灯		269	F	1
2020	波望	はの	269	F	1
2020	珠々		270	F	1
2020	波那	はな	270	F	1
2020	珠怜菜		271	F	1
2020	海心	みこ	271	F	1
2020	珠波		272	F	1
2020	涼生	りお	272	F	1
2020	珠花		273	F	1
2020	涼葉	すずは	273	F	1
2020	珠莉		274	F	1
2020	渚	なぎさ	274	F	1
2020	理央		275	F	1
2020	満月	みつき	275	F	1
2020	理桜		276	F	1
2020	澪	みお	276	F	1
2020	理稟子		277	F	1
2020	澪花	れいか	277	F	1
2020	理莉		278	F	1
2020	澪藍	まあ	278	F	1
2020	琉々		279	F	1
2020	瀬凪	せな	279	F	1
2020	琉衣		280	F	1
2020	灯	あかり	280	F	1
2020	琴		281	F	1
2020	珠々	すず	281	F	1
2020	琴子		282	F	1
2020	珠怜菜	じゅれいな	282	F	1
2020	琴維		283	F	1
2020	珠波	みなみ	283	F	1
2020	琴葉		284	F	1
2020	珠花	みはな	284	F	1
2020	瑞和		285	F	1
2020	珠莉	じゅり	285	F	1
2020	瑠		286	F	1
2020	理央	りお	286	F	1
2020	瑠杏夏		287	F	1
2020	理桜	りお	287	F	1
2020	瑠海		288	F	1
2020	理稟子	りりこ	288	F	1
2020	瑠花		289	F	1
2020	理莉	りり	289	F	1
2020	瑠莉栞		290	F	1
2020	琉々	るる	290	F	1
2020	璃子		291	F	1
2020	琉衣	るい	291	F	1
2020	璃桜乃		292	F	1
2020	琴	こと	292	F	1
2020	由乃		293	F	1
2020	琴子	ことこ	293	F	1
2020	由唯		294	F	1
2020	琴維	ことい	294	F	1
2020	由惟		295	F	1
2020	琴葉	ことは	295	F	1
2020	百恵		296	F	1
2020	瑞和	みわ	296	F	1
2020	百杏		297	F	1
2020	瑠	るり	297	F	1
2020	真心		298	F	1
2020	瑠杏夏	るあな	298	F	1
2020	真緒		299	F	1
2020	瑠海	るか	299	F	1
2020	碧		300	F	1
2020	瑠花	るあな	300	F	1
2020	碧葉		301	F	1
2020	瑠莉栞	るりか	301	F	1
2020	祐莉葉		302	F	1
2020	璃子	りこ	302	F	1
2020	祐衣佳		303	F	1
2020	璃桜乃	りおの	303	F	1
2020	穂七実		304	F	1
2020	由乃	ゆの	304	F	1
2020	笑琉		305	F	1
2020	由唯	ゆい	305	F	1
2020	笑茉		306	F	1
2020	由惟	ゆい	306	F	1
2020	紐乃葉		307	F	1
2020	百恵	ももえ	307	F	1
2020	紗凪		308	F	1
2020	百杏	もあ	308	F	1
2020	紗和		309	F	1
2020	真心	まこ	309	F	1
2020	紗朱		310	F	1
2020	真緒	まお	310	F	1
2020	紗来		311	F	1
2020	碧	あおい	311	F	1
2020	紗衣		312	F	1
2020	碧葉	あおば	312	F	1
2020	紗那		313	F	1
2020	祐莉葉	ゆりは	313	F	1
2020	紫月		314	F	1
2020	祐衣佳	ゆいか	314	F	1
2020	紬		315	F	1
2020	穂七実	ほなみ	315	F	1
2020	紬季		316	F	1
2020	笑琉	える	316	F	1
2020	紬麦		317	F	1
2020	笑茉	えま	317	F	1
2020	絆七		318	F	1
2020	紐乃葉	ひのは	318	F	1
2020	結乃		319	F	1
2020	紗凪	さな	319	F	1
2020	結夢花		320	F	1
2020	紗和	さな	320	F	1
2020	結奈		321	F	1
2020	紗朱	さあや	321	F	1
2020	結子		322	F	1
2020	紗来	さら	322	F	1
2020	結希乃		323	F	1
2020	紗衣	さえ	323	F	1
2020	結心		324	F	1
2020	紗那	さな	324	F	1
2020	結愛香		325	F	1
2020	紫月	しづく	325	F	1
2020	結月		326	F	1
2020	紬	つむぎ	326	F	1
2020	結糸		327	F	1
2020	紬季	つむぎ	327	F	1
2020	結絆		328	F	1
2020	紬麦	つむぎ	328	F	1
2020	結花		329	F	1
2020	絆七	はんな	329	F	1
2020	結衣		330	F	1
2020	結乃	ゆうの	330	F	1
2020	絵麻		331	F	1
2020	結夢花	ゆめか	331	F	1
2020	綸夏		332	F	1
2020	結奈	ゆいな	332	F	1
2020	綺楓		333	F	1
2020	結子	ゆいこ	333	F	1
2020	織美亜		334	F	1
2020	結希乃	ゆきの	334	F	1
2020	美凪		335	F	1
2020	結彩	ゆあ	335	F	1
2020	美宇		336	F	1
2020	結彩	ゆい	336	F	1
2020	美愛		337	F	1
2020	結心	ゆあ	337	F	1
2020	美星		338	F	1
2020	結愛	ゆい	338	F	1
2020	美桜		339	F	1
2020	結愛	ゆな	339	F	1
2020	美玲		340	F	1
2020	結愛香	ゆめか	340	F	1
2020	美瑠		341	F	1
2020	結月	ゆづき	341	F	1
2020	美由		342	F	1
2020	結糸	いと	342	F	1
2020	美空		343	F	1
2020	結絆	ゆいな	343	F	1
2020	美結		344	F	1
2020	結花	ゆいか	344	F	1
2020	美葵		345	F	1
2020	結菜	ゆいな	345	F	1
2020	美虹		346	F	1
2020	結菜	ゆうな	346	F	1
2020	美鈴愛		347	F	1
2020	結衣	ゆい	347	F	1
2020	美音		348	F	1
2020	絵麻	えま	348	F	1
2020	美香		349	F	1
2020	綸夏	りんか	349	F	1
2020	羽美		350	F	1
2020	綺楓	あやか	350	F	1
2020	聖奈		351	F	1
2020	織美亜	おりびあ	351	F	1
2020	舞好		352	F	1
2020	美凪	みな	352	F	1
2020	色		353	F	1
2020	美宇	みう	353	F	1
2020	芦那		354	F	1
2020	美愛	みあ	354	F	1
2020	花南		355	F	1
2020	美星	あかり	355	F	1
2020	花穏		356	F	1
2020	美月	かのん	356	F	1
2020	花音		357	F	1
2020	美月	みつき	357	F	1
2020	芹		358	F	1
2020	美桜	みお	358	F	1
2020	芹奈		359	F	1
2020	美玲	みれい	359	F	1
2020	芽衣里		360	F	1
2020	美瑠	みる	360	F	1
2020	芽郁		361	F	1
2020	美由	みゆ	361	F	1
2020	茅依		362	F	1
2020	美空	みそら	362	F	1
2020	茅生		363	F	1
2020	美結	みゆう	363	F	1
2020	茉優		364	F	1
2020	美葵	みあ	364	F	1
2020	茉叶		365	F	1
2020	美虹	みく	365	F	1
2020	茉礼		366	F	1
2020	美鈴愛	みりあ	366	F	1
2020	茉莉		367	F	1
2020	美音	みお	367	F	1
2020	莉愛		368	F	1
2020	美香	みか	368	F	1
2020	莉歩		369	F	1
2020	羽美	うみ	369	F	1
2020	莉穂		370	F	1
2020	聖奈	せいな	370	F	1
2020	莉緒花		371	F	1
2020	舞好	まこ	371	F	1
2020	菜摘那		372	F	1
2020	色	しき	372	F	1
2020	菜沙		373	F	1
2020	芦那	ろな	373	F	1
2020	菜那		374	F	1
2020	花南	はな	374	F	1
2020	萌音		375	F	1
2020	花穏	かのん	375	F	1
2020	葉月		376	F	1
2020	花音	かのん	376	F	1
2020	葵乃		377	F	1
2020	芹	せり	377	F	1
2020	葵夏夢		378	F	1
2020	芹奈	せりな	378	F	1
2020	葵子		379	F	1
2020	芽衣里	めいり	379	F	1
2020	葵心		380	F	1
2020	芽郁	めい	380	F	1
2020	葵生		381	F	1
2020	茅依	ちよ	381	F	1
2020	葵禾		382	F	1
2020	茅生	ちお	382	F	1
2020	葵音		383	F	1
2020	茉優	まゆ	383	F	1
2020	蒼		384	F	1
2020	茉叶	まかな	384	F	1
2020	蒼彩		385	F	1
2020	茉礼	まあや	385	F	1
2020	蒼愛		386	F	1
2020	茉莉	まつり	386	F	1
2020	蓮華		387	F	1
2020	莉愛	れいら	387	F	1
2020	藍莉		388	F	1
2020	莉歩	りほ	388	F	1
2020	藍菜		389	F	1
2020	莉穂	りほ	389	F	1
2020	蘭		390	F	1
2020	莉緒花	りおか	390	F	1
2020	虹春		391	F	1
2020	菜摘那	なづな	391	F	1
2020	詞葉		392	F	1
2020	菜沙	なずな	392	F	1
2020	詩羽		393	F	1
2020	菜那	なな	393	F	1
2020	詩雫		394	F	1
2020	萌音	もね	394	F	1
2020	遥		395	F	1
2020	葉月	はづき	395	F	1
2020	那津		396	F	1
2020	葵乃	きの	396	F	1
2020	野花		397	F	1
2020	葵夏夢	かなん	397	F	1
2020	鈴		398	F	1
2020	葵子	きこ	398	F	1
2020	鈴叶		399	F	1
2020	葵心	きこ	399	F	1
2020	鈴和		400	F	1
2020	葵生	あおい	400	F	1
2020	陽七		401	F	1
2020	葵禾	きか	401	F	1
2020	陽南		402	F	1
2020	葵音	あおい	402	F	1
2020	陽和梨		403	F	1
2020	蒼	あおい	403	F	1
2020	陽奈乃		404	F	1
2020	蒼彩	あおい	404	F	1
2020	陽妃		405	F	1
2020	蒼愛	そあら	405	F	1
2020	陽愛		406	F	1
2020	蓮華	れんか	406	F	1
2020	陽愛莉		407	F	1
2020	藍莉	あいり	407	F	1
2020	陽月		408	F	1
2020	藍菜	あいな	408	F	1
2020	陽梨		409	F	1
2020	蘭	らん	409	F	1
2020	陽綺		410	F	1
2020	虹春	こはる	410	F	1
2020	陽菜美		411	F	1
2020	詞葉	ことは	411	F	1
2020	雫		412	F	1
2020	詩羽	しう	412	F	1
2020	青李		413	F	1
2020	詩雫	しずく	413	F	1
2020	風花		414	F	1
2020	遥	はるか	414	F	1
2020	颯音		415	F	1
2020	那津	なつ	415	F	1
2020	鳳花		416	F	1
2020	野花	のどか	416	F	1
2020	麗		417	F	1
2020	鈴	すず	417	F	1
2020	麻奈		418	F	1
2020	鈴叶	りんか	418	F	1
2020	鈴和	りな	419	F	1
2020	陽七	ひな	420	F	1
2020	陽南	ひな	421	F	1
2020	陽和梨	ひより	422	F	1
2020	陽奈乃	ひなの	423	F	1
2020	陽妃	はるひ	424	F	1
2020	陽愛	はるあ	425	F	1
2020	陽愛莉	ひまり	426	F	1
2020	陽月	ひづき	427	F	1
2020	陽梨	ひまり	428	F	1
2020	陽綺	ひいろ	429	F	1
2020	陽莉	あかり	430	F	1
2020	陽莉	ひまり	431	F	1
2020	陽菜美	ひなみ	432	F	1
2020	陽葵	ひな	433	F	1
2020	雫	しずく	434	F	1
2020	青李	あおい	435	F	1
2020	風花	ふうか	436	F	1
2020	颯音	はやね	437	F	1
2020	鳳花	ほうか	438	F	1
2020	麗	れい	439	F	1
2020	麻奈	まな	440	F	1
2020	律		1	M	4
2020		はるき	1	M	16
2020	律	りつ	1	M	4
2020	悠真		2	M	3
2020		そうた	2	M	10
2020	悠翔	はると	2	M	3
2020	悠翔		3	M	3
2020		そら	3	M	10
2020	瑛太	えいた	3	M	3
2020	瑛太		4	M	3
2020		はると	4	M	10
2020	蓮	れん	4	M	3
2020	蓮		5	M	3
2020		ゆいと	5	M	8
2020	陽向	ひなた	5	M	3
2020	陽向		6	M	3
2020		こうき	6	M	7
2020	佑	たすく	6	M	2
2020	佑		7	M	2
2020		ひなた	7	M	7
2020	優心	ゆうしん	7	M	2
2020	優心		8	M	2
2020		りく	8	M	7
2020	圭悟	けいご	8	M	2
2020	優陽		9	M	2
2020		いつき	9	M	6
2020	大和	やまと	9	M	2
2020	咲弥		10	M	2
2020		かいと	10	M	6
2020	大河	たいが	10	M	2
2020	圭悟		11	M	2
2020		かなた	11	M	6
2020	大空	そら	11	M	2
2020	大和		12	M	2
2020		たいが	12	M	5
2020	守	まもる	12	M	2
2020	大河		13	M	2
2020		みなと	13	M	5
2020	惟月	いつき	13	M	2
2020	大空		14	M	2
2020		りつ	14	M	5
2020	新史	あらし	14	M	2
2020	守		15	M	2
2020		れん	15	M	5
2020	晴希	はるき	15	M	2
2020	悠		16	M	2
2020		あおい	16	M	4
2020	楓	かえで	16	M	2
2020	惟月		17	M	2
2020		あおと	17	M	4
2020	湊大	そうた	17	M	2
2020	新史		18	M	2
2020		あきと	18	M	4
2020	湊斗	みなと	18	M	2
2020	晴希		19	M	2
2020		えいと	19	M	4
2020	煌士	こうし	19	M	2
2020	楓		20	M	2
2020		そうすけ	20	M	4
2020	結人	ゆいと	20	M	2
2020	湊大		21	M	2
2020		なつ	21	M	4
2020	結斗	ゆいと	21	M	2
2020	湊斗		22	M	2
2020		はやと	22	M	4
2020	縁	えにし	22	M	2
2020	煌士		23	M	2
2020		はるま	23	M	4
2020	翔海	かける	23	M	2
2020	碧生		24	M	2
2020		ゆうせい	24	M	4
2020	蒼	あおい	24	M	2
2020	竜輝		25	M	2
2020		ゆうま	25	M	4
2020	蒼介	そうすけ	25	M	2
2020	紡		26	M	2
2020		りつき	26	M	4
2020	遥都	はると	26	M	2
2020	結人		27	M	2
2020		りゅうせい	27	M	4
2020	陽大	ひなた	27	M	2
2020	結斗		28	M	2
2020		るい	28	M	4
2020	龍音	りおん	28	M	2
2020	結翔		29	M	2
2020		れお	29	M	4
2020	フェルナンド	ふぇるなんど	29	M	1
2020	縁		30	M	2
2020		あお	30	M	3
2020	ルーク	るーく	30	M	1
2020	翔海		31	M	2
2020		あさひ	31	M	3
2020	一咲	いっさく	31	M	1
2020	蒼		32	M	2
2020		あやと	32	M	3
2020	一希	かずき	32	M	1
2020	蒼介		33	M	2
2020		えいた	33	M	3
2020	一朔	いっさ	33	M	1
2020	蒼生		34	M	2
2020		かい	34	M	3
2020	一稀	いつき	34	M	1
2020	遥都		35	M	2
2020		かいり	35	M	3
2020	一翔	かずと	35	M	1
2020	陽大		36	M	2
2020		かえで	36	M	3
2020	一誓	いっせい	36	M	1
2020	青空		37	M	2
2020		かける	37	M	3
2020	一陽	ひなた	37	M	1
2020	颯		38	M	2
2020		けいご	38	M	3
2020	一音	かずと	38	M	1
2020	龍音		39	M	2
2020		こうし	39	M	3
2020	七央	なお	39	M	1
2020	フェルナンド		40	M	1
2020		さくと	40	M	3
2020	七椿	なつ	40	M	1
2020	ルーク		41	M	1
2020		さつき	41	M	3
2020	世唯	せい	41	M	1
2020	一咲		42	M	1
2020		しゅうと	42	M	3
2020	亜琉斗	あると	42	M	1
2020	一希		43	M	1
2020		じゅん	43	M	3
2020	京	きょう	43	M	1
2020	一朔		44	M	1
2020		そうし	44	M	3
2020	京悟	きょうご	44	M	1
2020	一稀		45	M	1
2020		たくみ	45	M	3
2020	仁己	にこ	45	M	1
2020	一翔		46	M	1
2020		とあ	46	M	3
2020	今生	きょう	46	M	1
2020	一誓		47	M	1
2020		とうま	47	M	3
2020	令	れい	47	M	1
2020	一陽		48	M	1
2020		やまと	48	M	3
2020	伊織	いおり	48	M	1
2020	一音		49	M	1
2020		ゆうしん	49	M	3
2020	伶旺	れお	49	M	1
2020	七央		50	M	1
2020		ゆうと	50	M	3
2020	伶渚	れお	50	M	1
2020	七椿		51	M	1
2020		ゆうひ	51	M	3
2020	佑典	ゆうすけ	51	M	1
2020	世唯		52	M	1
2020		りおん	52	M	3
2020	佑真	ゆうま	52	M	1
2020	亜琉斗		53	M	1
2020		あおば	53	M	2
2020	佳志	けいし	53	M	1
2020	京		54	M	1
2020		あらし	54	M	2
2020	佳音	けいと	54	M	1
2020	京悟		55	M	1
2020		いくと	55	M	2
2020	侑	あつむ	55	M	1
2020	仁己		56	M	1
2020		えにし	56	M	2
2020	侑大	ゆうだい	56	M	1
2020	今生		57	M	1
2020		おうしろう	57	M	2
2020	侑晟	ゆうせい	57	M	1
2020	令		58	M	1
2020		かいせい	58	M	2
2020	侑磨	ゆうま	58	M	1
2020	伊織		59	M	1
2020		かずき	59	M	2
2020	侑聖	ゆうせい	59	M	1
2020	伶旺		60	M	1
2020		かずと	60	M	2
2020	依来	いく	60	M	1
2020	伶渚		61	M	1
2020		がく	61	M	2
2020	修斗	しゅうと	61	M	1
2020	佑典		62	M	1
2020		きょう	62	M	2
2020	倫都	りんと	62	M	1
2020	佑真		63	M	1
2020		けい	63	M	2
2020	健叶	けんと	63	M	1
2020	佳志		64	M	1
2020		けいし	64	M	2
2020	健吾	けんご	64	M	1
2020	佳音		65	M	1
2020		けいと	65	M	2
2020	健成	けんせい	65	M	1
2020	侑		66	M	1
2020		けんご	66	M	2
2020	優	ゆう	66	M	1
2020	侑大		67	M	1
2020		けんし	67	M	2
2020	優太	ゆうた	67	M	1
2020	侑晟		68	M	1
2020		げん	68	M	2
2020	優斗	ゆうと	68	M	1
2020	侑磨		69	M	1
2020		こうせい	69	M	2
2020	優晴	ゆうせい	69	M	1
2020	侑聖		70	M	1
2020		こうた	70	M	2
2020	優磨	ゆうま	70	M	1
2020	依来		71	M	1
2020		さく	71	M	2
2020	優緋	ゆうひ	71	M	1
2020	修斗		72	M	1
2020		さくや	72	M	2
2020	優陽	ひろや	72	M	1
2020	倫都		73	M	1
2020		しょうた	73	M	2
2020	優陽	ゆうひ	73	M	1
2020	健叶		74	M	1
2020		そう	74	M	2
2020	充	みちる	74	M	1
2020	健吾		75	M	1
2020		たいせい	75	M	2
2020	充桔	みつき	75	M	1
2020	健成		76	M	1
2020		たすく	76	M	2
2020	光人	あきと	76	M	1
2020	優		77	M	1
2020		たつき	77	M	2
2020	光希	みつき	77	M	1
2020	優太		78	M	1
2020		だいち	78	M	2
2020	光晴	みつはる	78	M	1
2020	優斗		79	M	1
2020		とうり	79	M	2
2020	光理	みこと	79	M	1
2020	優晴		80	M	1
2020		なお	80	M	2
2020	光起	こうき	80	M	1
2020	優磨		81	M	1
2020		はくと	81	M	2
2020	克之辰	かつのしん	81	M	1
2020	優緋		82	M	1
2020		はる	82	M	2
2020	凌久	りく	82	M	1
2020	充		83	M	1
2020		はるか	83	M	2
2020	凌佑	りょうすけ	83	M	1
2020	充桔		84	M	1
2020		ひかる	84	M	2
2020	凌玖	りく	84	M	1
2020	光人		85	M	1
2020		まひろ	85	M	2
2020	凌生	りお	85	M	1
2020	光希		86	M	1
2020		まもる	86	M	2
2020	凛	りん	86	M	1
2020	光晴		87	M	1
2020		みこと	87	M	2
2020	凪瑳	なぎさ	87	M	1
2020	光理		88	M	1
2020		みつき	88	M	2
2020	凪都	なつ	88	M	1
2020	光起		89	M	1
2020		ゆきと	89	M	2
2020	凱成	かいせい	89	M	1
2020	克之辰		90	M	1
2020		りと	90	M	2
2020	凱星	かいせい	90	M	1
2020	凌久		91	M	1
2020		りゅうのすけ	91	M	2
2020	剣	つるぎ	91	M	1
2020	凌佑		92	M	1
2020		りん	92	M	2
2020	創士	そうし	92	M	1
2020	凌玖		93	M	1
2020		るか	93	M	2
2020	力樹	りき	93	M	1
2020	凌生		94	M	1
2020		あいいちろう	94	M	1
2020	匡悠	ただはる	94	M	1
2020	凛		95	M	1
2020		あいと	95	M	1
2020	十空	とあ	95	M	1
2020	凪瑳		96	M	1
2020		あおし	96	M	1
2020	千暁	ちあき	96	M	1
2020	凪都		97	M	1
2020		あき	97	M	1
2020	千陽	ちはる	97	M	1
2020	凱成		98	M	1
2020		あきよし	98	M	1
2020	千颯	ちはや	98	M	1
2020	凱星		99	M	1
2020		あきら	99	M	1
2020	叶夏大	かなた	99	M	1
2020	剣		100	M	1
2020		あつむ	100	M	1
2020	叶多	かなた	100	M	1
2020	創士		101	M	1
2020		あやき	101	M	1
2020	叶大	かなた	101	M	1
2020	力樹		102	M	1
2020		あやせ	102	M	1
2020	叶真	とうま	102	M	1
2020	匡悠		103	M	1
2020		あらた	103	M	1
2020	叶詩	かなた	103	M	1
2020	十空		104	M	1
2020		あると	104	M	1
2020	吏玖	りく	104	M	1
2020	千暁		105	M	1
2020		いおり	105	M	1
2020	吏紡	りつ	105	M	1
2020	千陽		106	M	1
2020		いく	106	M	1
2020	向葵	こうき	106	M	1
2020	千颯		107	M	1
2020		いずみ	107	M	1
2020	周真	しゅうま	107	M	1
2020	叶夏大		108	M	1
2020		いっさ	108	M	1
2020	和弦	かいと	108	M	1
2020	叶多		109	M	1
2020		いっさく	109	M	1
2020	和桜	かぐら	109	M	1
2020	叶大		110	M	1
2020		いっせい	110	M	1
2020	和礼	まさゆき	110	M	1
2020	叶真		111	M	1
2020		いづき	111	M	1
2020	和輝	かずき	111	M	1
2020	叶詩		112	M	1
2020		いと	112	M	1
2020	咲	さく	112	M	1
2020	吏玖		113	M	1
2020		うた	113	M	1
2020	咲弥	さくや	113	M	1
2020	吏紡		114	M	1
2020		えいき	114	M	1
2020	咲弥	しょうや	114	M	1
2020	向葵		115	M	1
2020		おうが	115	M	1
2020	咲斗	さくと	115	M	1
2020	周真		116	M	1
2020		おうすけ	116	M	1
2020	咲樹	さつき	116	M	1
2020	和弦		117	M	1
2020		かいき	117	M	1
2020	咲登	さくと	117	M	1
2020	和桜		118	M	1
2020		かぐら	118	M	1
2020	哲太	てった	118	M	1
2020	和礼		119	M	1
2020		かずは	119	M	1
2020	唯馬	ゆいま	119	M	1
2020	和輝		120	M	1
2020		かつのしん	120	M	1
2020	善	ぜん	120	M	1
2020	咲		121	M	1
2020		かなと	121	M	1
2020	嘉真	よしまさ	121	M	1
2020	咲斗		122	M	1
2020		かん	122	M	1
2020	圭眞	けいしん	122	M	1
2020	咲樹		123	M	1
2020		かんた	123	M	1
2020	圭翔	けいと	123	M	1
2020	咲登		124	M	1
2020		きこう	124	M	1
2020	壮志	そうし	124	M	1
2020	哲太		125	M	1
2020		きはる	125	M	1
2020	壮良	そら	125	M	1
2020	唯馬		126	M	1
2020		きょうご	126	M	1
2020	夏向	かなた	126	M	1
2020	善		127	M	1
2020		きょうや	127	M	1
2020	夏楓	かえで	127	M	1
2020	嘉真		128	M	1
2020		きりや	128	M	1
2020	夏輝	なつき	128	M	1
2020	圭眞		129	M	1
2020		ぎゆう	129	M	1
2020	大叶	たいが	129	M	1
2020	圭翔		130	M	1
2020		ぎんじ	130	M	1
2020	大地	だいち	130	M	1
2020	壮志		131	M	1
2020		けいしん	131	M	1
2020	大悟	だいご	131	M	1
2020	壮良		132	M	1
2020		けいた	132	M	1
2020	大粋	たいき	132	M	1
2020	夏向		133	M	1
2020		けんしろう	133	M	1
2020	大翔	ひろと	133	M	1
2020	夏楓		134	M	1
2020		けんせい	134	M	1
2020	天	てん	134	M	1
2020	夏輝		135	M	1
2020		けんだい	135	M	1
2020	太一	たいち	135	M	1
2020	大叶		136	M	1
2020		けんと	136	M	1
2020	太晴	たいせい	136	M	1
2020	大地		137	M	1
2020		こういち	137	M	1
2020	太朗	たろう	137	M	1
2020	大悟		138	M	1
2020		こういちろう	138	M	1
2020	太聖	たいせい	138	M	1
2020	大粋		139	M	1
2020		こうが	139	M	1
2020	太陽	ひかる	139	M	1
2020	大翔		140	M	1
2020		こうすけ	140	M	1
2020	奈一駕	たいが	140	M	1
2020	天		141	M	1
2020		こうだい	141	M	1
2020	奈志	たいし	141	M	1
2020	太一		142	M	1
2020		こよみ	142	M	1
2020	奏向	かなた	142	M	1
2020	太晴		143	M	1
2020		ごうた	143	M	1
2020	奏拓	そうた	143	M	1
2020	太朗		144	M	1
2020		さくたろう	144	M	1
2020	奏汰	そうた	144	M	1
2020	太聖		145	M	1
2020		さくなり	145	M	1
2020	奏良	そら	145	M	1
2020	太陽		146	M	1
2020		さのひと	146	M	1
2020	孝一朗	こういちろう	146	M	1
2020	奈一駕		147	M	1
2020		しおう	147	M	1
2020	宗奨	そうすけ	147	M	1
2020	奈志		148	M	1
2020		しおん	148	M	1
2020	寅之助	とらのすけ	148	M	1
2020	奏向		149	M	1
2020		しゅうじ	149	M	1
2020	寛	かん	149	M	1
2020	奏拓		150	M	1
2020		しゅうた	150	M	1
2020	寿也	としや	150	M	1
2020	奏汰		151	M	1
2020		しゅうま	151	M	1
2020	寿羽	かずは	151	M	1
2020	奏良		152	M	1
2020		しゅんき	152	M	1
2020	尚昊	なおひろ	152	M	1
2020	孝一朗		153	M	1
2020		しゅんた	153	M	1
2020	岳	がく	153	M	1
2020	宗奨		154	M	1
2020		しょうたろう	154	M	1
2020	崇士	しゅうじ	154	M	1
2020	寅之助		155	M	1
2020		しょうま	155	M	1
2020	巧望	たくみ	155	M	1
2020	寛		156	M	1
2020		しょうや	156	M	1
2020	巧虎	たくと	156	M	1
2020	寿也		157	M	1
2020		しん	157	M	1
2020	希光	のぞみ	157	M	1
2020	寿羽		158	M	1
2020		しんば	158	M	1
2020	希航	きこう	158	M	1
2020	尚昊		159	M	1
2020		じょう	159	M	1
2020	平	たいら	159	M	1
2020	岳		160	M	1
2020		じん	160	M	1
2020	幸一	こういち	160	M	1
2020	崇士		161	M	1
2020		せい	161	M	1
2020	幸佑	こうすけ	161	M	1
2020	巧望		162	M	1
2020		せいしろう	162	M	1
2020	幸太	こうた	162	M	1
2020	巧虎		163	M	1
2020		せいだい	163	M	1
2020	幸希	こうき	163	M	1
2020	希光		164	M	1
2020		せいま	164	M	1
2020	幸杜	ゆきと	164	M	1
2020	希航		165	M	1
2020		せな	165	M	1
2020	幹人	みきと	165	M	1
2020	平		166	M	1
2020		せら	166	M	1
2020	幹太	かんた	166	M	1
2020	幸一		167	M	1
2020		せん	167	M	1
2020	幹桜	たから	167	M	1
2020	幸佑		168	M	1
2020		ぜん	168	M	1
2020	広絆	ひろき	168	M	1
2020	幸太		169	M	1
2020		そうじ	169	M	1
2020	康晴	やすはる	169	M	1
2020	幸希		170	M	1
2020		そうや	170	M	1
2020	廉	れん	170	M	1
2020	幸杜		171	M	1
2020		たいき	171	M	1
2020	廉星	れんせい	171	M	1
2020	幹人		172	M	1
2020		たいし	172	M	1
2020	弘季	こうき	172	M	1
2020	幹太		173	M	1
2020		たいち	173	M	1
2020	弦	げん	173	M	1
2020	幹桜		174	M	1
2020		たいら	174	M	1
2020	彩世	あやせ	174	M	1
2020	広絆		175	M	1
2020		たかひと	175	M	1
2020	彩響	あやき	175	M	1
2020	康晴		176	M	1
2020		たから	176	M	1
2020	彪之助	ひょうのすけ	176	M	1
2020	廉		177	M	1
2020		たくと	177	M	1
2020	彪叶	ひゅうが	177	M	1
2020	廉星		178	M	1
2020		たける	178	M	1
2020	律希	りつき	178	M	1
2020	弘季		179	M	1
2020		ただはる	179	M	1
2020	律樹	りつき	179	M	1
2020	弦		180	M	1
2020		たろう	180	M	1
2020	律輝	りつき	180	M	1
2020	彩世		181	M	1
2020		だいご	181	M	1
2020	徠琥	らいく	181	M	1
2020	彩響		182	M	1
2020		ちあき	182	M	1
2020	徳望	とも	182	M	1
2020	彪之助		183	M	1
2020		ちかや	183	M	1
2020	心	しん	183	M	1
2020	彪叶		184	M	1
2020		ちとせ	184	M	1
2020	心晴	しんば	184	M	1
2020	律希		185	M	1
2020		ちはや	185	M	1
2020	心翔	みと	185	M	1
2020	律樹		186	M	1
2020		ちはる	186	M	1
2020	志桜	しおう	186	M	1
2020	律輝		187	M	1
2020		つむぎ	187	M	1
2020	志遠	しおん	187	M	1
2020	徠琥		188	M	1
2020		つむぐ	188	M	1
2020	快昊	かいと	188	M	1
2020	徳望		189	M	1
2020		つるぎ	189	M	1
2020	怜旺	れお	189	M	1
2020	心		190	M	1
2020		てった	190	M	1
2020	怜来	りく	190	M	1
2020	心晴		191	M	1
2020		てん	191	M	1
2020	恭也	きょうや	191	M	1
2020	心翔		192	M	1
2020		とうい	192	M	1
2020	恵大	けいた	192	M	1
2020	志桜		193	M	1
2020		とうが	193	M	1
2020	悠	はる	193	M	1
2020	志遠		194	M	1
2020		とうせい	194	M	1
2020	悠	はるか	194	M	1
2020	快昊		195	M	1
2020		とうは	195	M	1
2020	悠一斗	ゆいと	195	M	1
2020	怜旺		196	M	1
2020		としや	196	M	1
2020	悠人	ゆうと	196	M	1
2020	怜来		197	M	1
2020		とも	197	M	1
2020	悠希	はるき	197	M	1
2020	恭也		198	M	1
2020		ともや	198	M	1
2020	悠幹	はるき	198	M	1
2020	恵大		199	M	1
2020		とらのすけ	199	M	1
2020	悠月	ゆづき	199	M	1
2020	悠一斗		200	M	1
2020		なおき	200	M	1
2020	悠真	はるま	200	M	1
2020	悠人		201	M	1
2020		なおひろ	201	M	1
2020	悠真	ゆうしん	201	M	1
2020	悠希		202	M	1
2020		なぎ	202	M	1
2020	悠真	ゆうま	202	M	1
2020	悠幹		203	M	1
2020		なぎさ	203	M	1
2020	悠騎	はるき	203	M	1
2020	悠月		204	M	1
2020		なぎと	204	M	1
2020	悦之	よしゆき	204	M	1
2020	悠騎		205	M	1
2020		なつき	205	M	1
2020	想	そう	205	M	1
2020	悦之		206	M	1
2020		にこ	206	M	1
2020	想汰	そうた	206	M	1
2020	想		207	M	1
2020		にじと	207	M	1
2020	想矢	そうや	207	M	1
2020	想汰		208	M	1
2020		のぞみ	208	M	1
2020	想第	そうた	208	M	1
2020	想矢		209	M	1
2020		はすき	209	M	1
2020	愛一郎	あいいちろう	209	M	1
2020	想第		210	M	1
2020		はなと	210	M	1
2020	愛大	まひろ	210	M	1
2020	愛一郎		211	M	1
2020		はやて	211	M	1
2020	慧年	あきと	211	M	1
2020	愛大		212	M	1
2020		はるた	212	M	1
2020	慶	けい	212	M	1
2020	慧年		213	M	1
2020		はるゆき	213	M	1
2020	憬	けい	213	M	1
2020	慶		214	M	1
2020		ひなと	214	M	1
2020	成継	なつ	214	M	1
2020	憬		215	M	1
2020		ひびき	215	M	1
2020	拓実	たくみ	215	M	1
2020	成継		216	M	1
2020		ひまる	216	M	1
2020	拓海	たくみ	216	M	1
2020	拓実		217	M	1
2020		ひゅうが	217	M	1
2020	拳大	けんだい	217	M	1
2020	拓海		218	M	1
2020		ひょうのすけ	218	M	1
2020	拳志	けんし	218	M	1
2020	拳大		219	M	1
2020		ひより	219	M	1
2020	敬至	けいし	219	M	1
2020	拳志		220	M	1
2020		ひらい	220	M	1
2020	文翔	あやと	220	M	1
2020	敬至		221	M	1
2020		ひろ	221	M	1
2020	斗亜	とあ	221	M	1
2020	文翔		222	M	1
2020		ひろき	222	M	1
2020	日丸	ひまる	222	M	1
2020	斗亜		223	M	1
2020		ひろと	223	M	1
2020	早泰	そうた	223	M	1
2020	日丸		224	M	1
2020		ひろや	224	M	1
2020	旬	じゅん	224	M	1
2020	早泰		225	M	1
2020		ふうた	225	M	1
2020	旭	あさひ	225	M	1
2020	旬		226	M	1
2020		ふぇるなんど	226	M	1
2020	旭陽	あさひ	226	M	1
2020	旭		227	M	1
2020		ふく	227	M	1
2020	旺志郎	おうしろう	227	M	1
2020	旭陽		228	M	1
2020		ほまれ	228	M	1
2020	昊	そら	228	M	1
2020	旺志郎		229	M	1
2020		まさき	229	M	1
2020	昊夏	こうが	229	M	1
2020	昊		230	M	1
2020		まさつね	230	M	1
2020	昊成	こうせい	230	M	1
2020	昊夏		231	M	1
2020		まさゆき	231	M	1
2020	昊紀	こうき	231	M	1
2020	昊成		232	M	1
2020		まなと	232	M	1
2020	昌汰	しょうた	232	M	1
2020	昊紀		233	M	1
2020		みきと	233	M	1
2020	明	めい	233	M	1
2020	昌汰		234	M	1
2020		みずき	234	M	1
2020	星斗	かなと	234	M	1
2020	明		235	M	1
2020		みちなり	235	M	1
2020	星那	せな	235	M	1
2020	星斗		236	M	1
2020		みちる	236	M	1
2020	春人	はると	236	M	1
2020	星那		237	M	1
2020		みつはる	237	M	1
2020	春幸	はるゆき	237	M	1
2020	春人		238	M	1
2020		みと	238	M	1
2020	春樹	はるき	238	M	1
2020	春幸		239	M	1
2020		めい	239	M	1
2020	春陽	はる	239	M	1
2020	春樹		240	M	1
2020		やすはる	240	M	1
2020	晃	あきら	240	M	1
2020	春陽		241	M	1
2020		ゆい	241	M	1
2020	晃佳	あきよし	241	M	1
2020	晃		242	M	1
2020		ゆいま	242	M	1
2020	晴大	せいだい	242	M	1
2020	晃佳		243	M	1
2020		ゆう	243	M	1
2020	晴天	はるま	243	M	1
2020	晴大		244	M	1
2020		ゆうき	244	M	1
2020	晴己	はるき	244	M	1
2020	晴天		245	M	1
2020		ゆうすけ	245	M	1
2020	晴翔	はると	245	M	1
2020	晴己		246	M	1
2020		ゆうた	246	M	1
2020	智也	ともや	246	M	1
2020	晴翔		247	M	1
2020		ゆうだい	247	M	1
2020	暦	こよみ	247	M	1
2020	智也		248	M	1
2020		ゆうり	248	M	1
2020	朔也	さくなり	248	M	1
2020	暦		249	M	1
2020		ゆづき	249	M	1
2020	朔太朗	さくたろう	249	M	1
2020	朔也		250	M	1
2020		ゆづる	250	M	1
2020	朔玖斗	さくと	250	M	1
2020	朔太朗		251	M	1
2020		ゆわ	251	M	1
2020	朔矢	さくや	251	M	1
2020	朔玖斗		252	M	1
2020		よう	252	M	1
2020	朝日	あさひ	252	M	1
2020	朔矢		253	M	1
2020		ようしろう	253	M	1
2020	木義	はるき	253	M	1
2020	朝日		254	M	1
2020		ようすけ	254	M	1
2020	李容天	りようてん	254	M	1
2020	木義		255	M	1
2020		よしはる	255	M	1
2020	李音	りおん	255	M	1
2020	李容天		256	M	1
2020		よしまさ	256	M	1
2020	条	じょう	256	M	1
2020	李音		257	M	1
2020		よしゆき	257	M	1
2020	来夢	らいむ	257	M	1
2020	条		258	M	1
2020		らいき	258	M	1
2020	来樹	らいき	258	M	1
2020	来夢		259	M	1
2020		らいく	259	M	1
2020	東世	とうせい	259	M	1
2020	来樹		260	M	1
2020		らいむ	260	M	1
2020	柊唯	とうい	260	M	1
2020	東世		261	M	1
2020		りお	261	M	1
2020	柊太	しゅうた	261	M	1
2020	柊唯		262	M	1
2020		りき	262	M	1
2020	栄斗	えいと	262	M	1
2020	柊太		263	M	1
2020		りくしん	263	M	1
2020	桃真	とうま	263	M	1
2020	栄斗		264	M	1
2020		りくと	264	M	1
2020	桜希	はるき	264	M	1
2020	桃真		265	M	1
2020		りひと	265	M	1
2020	桜恭	おうすけ	265	M	1
2020	桜希		266	M	1
2020		りゅう	266	M	1
2020	桜雅	おうが	266	M	1
2020	桜恭		267	M	1
2020		りゅうが	267	M	1
2020	梛市	だいち	267	M	1
2020	桜雅		268	M	1
2020		りゅうき	268	M	1
2020	梛木	なぎ	268	M	1
2020	梛市		269	M	1
2020		りゅうじ	269	M	1
2020	梛杜	なぎと	269	M	1
2020	梛木		270	M	1
2020		りゅうと	270	M	1
2020	椋生	りゅうせい	270	M	1
2020	梛杜		271	M	1
2020		りゅうな	271	M	1
2020	楓絃	かいと	271	M	1
2020	椋生		272	M	1
2020		りょうすけ	272	M	1
2020	楽	がく	272	M	1
2020	楓絃		273	M	1
2020		りょうま	273	M	1
2020	榛真	はるま	273	M	1
2020	楽		274	M	1
2020		りようてん	274	M	1
2020	榛祈	はるき	274	M	1
2020	榛真		275	M	1
2020		りんたろう	275	M	1
2020	槍大	そうた	275	M	1
2020	榛祈		276	M	1
2020		りんと	276	M	1
2020	樹	いつき	276	M	1
2020	槍大		277	M	1
2020		るーく	277	M	1
2020	橙凜	とうり	277	M	1
2020	樹		278	M	1
2020		れい	278	M	1
2020	橙晴	とうは	278	M	1
2020	橙凜		279	M	1
2020		れおん	279	M	1
2020	櫂	かい	279	M	1
2020	橙晴		280	M	1
2020		れき	280	M	1
2020	櫂斗	かいと	280	M	1
2020	櫂		281	M	1
2020		れんせい	281	M	1
2020	櫂生	かい	281	M	1
2020	櫂斗		282	M	1
2020		わたる	282	M	1
2020	櫂里	かいり	282	M	1
2020	櫂生		283	M	1
2020	武瑠	たける	283	M	1
2020	櫂里		284	M	1
2020	永愛	とあ	284	M	1
2020	武瑠		285	M	1
2020	永紬	なつ	285	M	1
2020	永愛		286	M	1
2020	泉澄	いずみ	286	M	1
2020	永紬		287	M	1
2020	流唯	るい	287	M	1
2020	泉澄		288	M	1
2020	流星	りゅうせい	288	M	1
2020	流唯		289	M	1
2020	流河	りゅうが	289	M	1
2020	流星		290	M	1
2020	浬	かいり	290	M	1
2020	流河		291	M	1
2020	海	かい	291	M	1
2020	浬		292	M	1
2020	海寿	みこと	292	M	1
2020	海		293	M	1
2020	海斗	かいと	293	M	1
2020	海寿		294	M	1
2020	海翔	かいと	294	M	1
2020	海斗		295	M	1
2020	海輝	かいき	295	M	1
2020	海翔		296	M	1
2020	海里	かいり	296	M	1
2020	海輝		297	M	1
2020	涼真	りょうま	297	M	1
2020	海里		298	M	1
2020	渉	わたる	298	M	1
2020	涼真		299	M	1
2020	渓吾	けいご	299	M	1
2020	渉		300	M	1
2020	湊介	そうすけ	300	M	1
2020	渓吾		301	M	1
2020	湊杜	みなと	301	M	1
2020	湊介		302	M	1
2020	湊楽	そら	302	M	1
2020	湊杜		303	M	1
2020	湊翔	みなと	303	M	1
2020	湊楽		304	M	1
2020	湊詞	そうし	304	M	1
2020	湊翔		305	M	1
2020	漣	れん	305	M	1
2020	湊詞		306	M	1
2020	潤	じゅん	306	M	1
2020	漣		307	M	1
2020	灯璃	とうり	307	M	1
2020	潤		308	M	1
2020	灯稀	とうま	308	M	1
2020	灯璃		309	M	1
2020	灼	あらた	309	M	1
2020	灯稀		310	M	1
2020	烈央	れお	310	M	1
2020	灼		311	M	1
2020	煌基	こうき	311	M	1
2020	烈央		312	M	1
2020	煌大	こうだい	312	M	1
2020	煌基		313	M	1
2020	煌心	こうし	313	M	1
2020	煌大		314	M	1
2020	煌生	こうせい	314	M	1
2020	煌心		315	M	1
2020	玄	げん	315	M	1
2020	煌生		316	M	1
2020	玄詩	けんし	316	M	1
2020	玄		317	M	1
2020	玖	さく	317	M	1
2020	玄詩		318	M	1
2020	玲希	れき	318	M	1
2020	玖		319	M	1
2020	珀琥	はくと	319	M	1
2020	玲希		320	M	1
2020	珀音	はくと	320	M	1
2020	珀琥		321	M	1
2020	理人	りと	321	M	1
2020	珀音		322	M	1
2020	琉世	りゅうせい	322	M	1
2020	理人		323	M	1
2020	琉之介	りゅうのすけ	323	M	1
2020	琉世		324	M	1
2020	琉凪	りゅうな	324	M	1
2020	琉之介		325	M	1
2020	琉斗	りと	325	M	1
2020	琉凪		326	M	1
2020	琉楓	るか	326	M	1
2020	琉斗		327	M	1
2020	琉空	りく	327	M	1
2020	琉楓		328	M	1
2020	琉維	るい	328	M	1
2020	琉空		329	M	1
2020	琉葵	るい	329	M	1
2020	琉維		330	M	1
2020	琉誠	りゅうせい	330	M	1
2020	琉葵		331	M	1
2020	琥太	こうた	331	M	1
2020	琉誠		332	M	1
2020	琥雅	たいが	332	M	1
2020	琥太		333	M	1
2020	琳久	りく	333	M	1
2020	琥雅		334	M	1
2020	瑛斗	えいと	334	M	1
2020	琳久		335	M	1
2020	瑛翔	えいと	335	M	1
2020	瑛斗		336	M	1
2020	瑞葵	みずき	336	M	1
2020	瑛翔		337	M	1
2020	瑠	るい	337	M	1
2020	瑞葵		338	M	1
2020	瑠士	りゅうじ	338	M	1
2020	瑠		339	M	1
2020	瑠奏	るか	339	M	1
2020	瑠士		340	M	1
2020	由綺人	ゆきと	340	M	1
2020	瑠奏		341	M	1
2020	皇輝	こうき	341	M	1
2020	由綺人		342	M	1
2020	皐一	たかひと	342	M	1
2020	皇輝		343	M	1
2020	直希	なおき	343	M	1
2020	皐一		344	M	1
2020	直想	なお	344	M	1
2020	直希		345	M	1
2020	眞穂呂	まひろ	345	M	1
2020	直想		346	M	1
2020	真輝	まさき	346	M	1
2020	眞穂呂		347	M	1
2020	真那人	まなと	347	M	1
2020	真輝		348	M	1
2020	睦弥	ちかや	348	M	1
2020	真那人		349	M	1
2020	睦斗	りくと	349	M	1
2020	睦弥		350	M	1
2020	研吾	けんご	350	M	1
2020	睦斗		351	M	1
2020	碧人	あおと	351	M	1
2020	研吾		352	M	1
2020	碧生	あお	352	M	1
2020	碧人		353	M	1
2020	碧生	あおい	353	M	1
2020	碧空		354	M	1
2020	碧空	そら	354	M	1
2020	碧翔		355	M	1
2020	碧翔	あいと	355	M	1
2020	碧透		356	M	1
2020	碧透	あおと	356	M	1
2020	碧飛		357	M	1
2020	碧飛	そら	357	M	1
2020	礼恩		358	M	1
2020	礼恩	れおん	358	M	1
2020	祐輝		359	M	1
2020	祐輝	ゆうき	359	M	1
2020	祥太朗		360	M	1
2020	祥太朗	しょうたろう	360	M	1
2020	福久		361	M	1
2020	福久	ふく	361	M	1
2020	秀人		362	M	1
2020	秀人	しゅうと	362	M	1
2020	稀梨哉		363	M	1
2020	稀梨哉	きりや	363	M	1
2020	稜人		364	M	1
2020	稜人	やまと	364	M	1
2020	稜己		365	M	1
2020	稜己	いづき	365	M	1
2020	稜貴		366	M	1
2020	稜貴	いつき	366	M	1
2020	穂大		367	M	1
2020	穂大	ひなた	367	M	1
2020	空		368	M	1
2020	空	そら	368	M	1
2020	立季		369	M	1
2020	立季	りつき	369	M	1
2020	立空		370	M	1
2020	立空	りく	370	M	1
2020	立輝		371	M	1
2020	立輝	たつき	371	M	1
2020	竜之介		372	M	1
2020	竜之介	りゅうのすけ	372	M	1
2020	純		373	M	1
2020	竜輝	たつき	373	M	1
2020	絃人		374	M	1
2020	竜輝	りゅうき	374	M	1
2020	結		375	M	1
2020	純	じゅん	375	M	1
2020	結仁		376	M	1
2020	紡	つむぎ	376	M	1
2020	結和		377	M	1
2020	紡	つむぐ	377	M	1
2020	結弦		378	M	1
2020	絃人	いと	378	M	1
2020	結都		379	M	1
2020	結	ゆい	379	M	1
2020	結陽		380	M	1
2020	結仁	ゆいと	380	M	1
2020	絢仁		381	M	1
2020	結和	ゆわ	381	M	1
2020	綸		382	M	1
2020	結弦	ゆづる	382	M	1
2020	綺一		383	M	1
2020	結翔	ゆいと	383	M	1
2020	緋呂		384	M	1
2020	結翔	ゆうと	384	M	1
2020	義勇		385	M	1
2020	結都	ゆいと	385	M	1
2020	翔		386	M	1
2020	結陽	ゆうひ	386	M	1
2020	翔万		387	M	1
2020	絢仁	あやと	387	M	1
2020	翔大		388	M	1
2020	綸	りん	388	M	1
2020	翠仁		389	M	1
2020	綺一	あやと	389	M	1
2020	耀		390	M	1
2020	緋呂	ひろ	390	M	1
2020	耀士郎		391	M	1
2020	義勇	ぎゆう	391	M	1
2020	聡大		392	M	1
2020	翔	かける	392	M	1
2020	良治		393	M	1
2020	翔万	しょうま	393	M	1
2020	花翔		394	M	1
2020	翔大	しょうた	394	M	1
2020	英永		395	M	1
2020	翠仁	あきと	395	M	1
2020	英輝		396	M	1
2020	耀	よう	396	M	1
2020	茅星		397	M	1
2020	耀士郎	ようしろう	397	M	1
2020	茶人		398	M	1
2020	聡大	そうた	398	M	1
2020	莉仁		399	M	1
2020	良治	よしはる	399	M	1
2020	萩翔		400	M	1
2020	花翔	はなと	400	M	1
2020	葵		401	M	1
2020	英永	えいと	401	M	1
2020	葵士		402	M	1
2020	英輝	えいき	402	M	1
2020	葵大		403	M	1
2020	茅星	ちとせ	403	M	1
2020	葵晴		404	M	1
2020	茶人	さのひと	404	M	1
2020	葵空		405	M	1
2020	莉仁	りひと	405	M	1
2020	蒼二		406	M	1
2020	萩翔	しゅうと	406	M	1
2020	蒼大		407	M	1
2020	葵	あおい	407	M	1
2020	蒼志		408	M	1
2020	葵士	あおと	408	M	1
2020	蒼葉		409	M	1
2020	葵大	あおと	409	M	1
2020	蒼陽		410	M	1
2020	葵晴	きはる	410	M	1
2020	蓮輝		411	M	1
2020	葵空	そら	411	M	1
2020	虹空		412	M	1
2020	蒼二	そうじ	412	M	1
2020	詩太		413	M	1
2020	蒼大	そうた	413	M	1
2020	誉令		414	M	1
2020	蒼志	あおし	414	M	1
2020	誠常		415	M	1
2020	蒼生	あき	415	M	1
2020	誠志郎		416	M	1
2020	蒼生	そう	416	M	1
2020	誠真		417	M	1
2020	蒼葉	あおば	417	M	1
2020	謙史郎		418	M	1
2020	蒼陽	あお	418	M	1
2020	貴雅		419	M	1
2020	蓮輝	はすき	419	M	1
2020	輝		420	M	1
2020	虹空	にじと	420	M	1
2020	迅		421	M	1
2020	詩太	うた	421	M	1
2020	逸樹		422	M	1
2020	誉令	ほまれ	422	M	1
2020	道成		423	M	1
2020	誠常	まさつね	423	M	1
2020	遙眞		424	M	1
2020	誠志郎	せいしろう	424	M	1
2020	遥		425	M	1
2020	誠真	せいま	425	M	1
2020	遥太		426	M	1
2020	謙史郎	けんしろう	426	M	1
2020	遥斗		427	M	1
2020	貴雅	とうが	427	M	1
2020	遥暉		428	M	1
2020	輝	ひかる	428	M	1
2020	遥煌		429	M	1
2020	迅	じん	429	M	1
2020	遥登		430	M	1
2020	逸樹	いつき	430	M	1
2020	遥葵		431	M	1
2020	道成	みちなり	431	M	1
2020	遥輝		432	M	1
2020	遙眞	はるま	432	M	1
2020	遼音		433	M	1
2020	遥	はるか	433	M	1
2020	郁人		434	M	1
2020	遥太	はるた	434	M	1
2020	郁李		435	M	1
2020	遥斗	はると	435	M	1
2020	郁翔		436	M	1
2020	遥暉	はるき	436	M	1
2020	郷多		437	M	1
2020	遥煌	はるき	437	M	1
2020	銀時		438	M	1
2020	遥登	はると	438	M	1
2020	閃		439	M	1
2020	遥葵	はるき	439	M	1
2020	陸心		440	M	1
2020	遥輝	はるき	440	M	1
2020	陽介		441	M	1
2020	遼音	はると	441	M	1
2020	陽友		442	M	1
2020	郁人	いくと	442	M	1
2020	陽和		443	M	1
2020	郁李	ゆうり	443	M	1
2020	陽喜		444	M	1
2020	郁翔	いくと	444	M	1
2020	陽己		445	M	1
2020	郷多	ごうた	445	M	1
2020	陽斗		446	M	1
2020	銀時	ぎんじ	446	M	1
2020	陽登		447	M	1
2020	閃	せん	447	M	1
2020	隆豊		448	M	1
2020	陸心	りくしん	448	M	1
2020	隼		449	M	1
2020	陽介	ようすけ	449	M	1
2020	隼人		450	M	1
2020	陽友	ひなと	450	M	1
2020	隼生		451	M	1
2020	陽和	ひより	451	M	1
2020	隼聡		452	M	1
2020	陽喜	はるき	452	M	1
2020	雄晴		453	M	1
2020	陽己	はるき	453	M	1
2020	青波		454	M	1
2020	陽斗	みなと	454	M	1
2020	響		455	M	1
2020	陽登	あきと	455	M	1
2020	風汰		456	M	1
2020	隆豊	りゅうと	456	M	1
2020	颯季		457	M	1
2020	隼	はやと	457	M	1
2020	颯斗		458	M	1
2020	隼人	はやと	458	M	1
2020	颯月		459	M	1
2020	隼生	しゅんき	459	M	1
2020	飛来		460	M	1
2020	隼聡	はやと	460	M	1
2020	駿太		461	M	1
2020	雄晴	ゆうせい	461	M	1
2020	鷹志朗		462	M	1
2020	青波	あおば	462	M	1
2020	麟太郎		463	M	1
2020	青空	あお	463	M	1
2020	青空	せら	464	M	1
2020	響	ひびき	465	M	1
2020	風汰	ふうた	466	M	1
2020	颯	はやて	467	M	1
2020	颯	りゅう	468	M	1
2020	颯季	さつき	469	M	1
2020	颯斗	はやと	470	M	1
2020	颯月	さつき	471	M	1
2020	飛来	ひらい	472	M	1
2020	駿太	しゅんた	473	M	1
2020	鷹志朗	おうしろう	474	M	1
2020	麟太郎	りんたろう	475	M	1
2021	彩葉		1	F	2
2021		いちか	1	F	5
2021	彩葉	いろは	1	F	2
2021	律		2	F	2
2021		えま	2	F	5
2021	律	りつ	2	F	2
2021	愛叶		3	F	2
2021		はな	3	F	4
2021	結衣	ゆい	3	F	2
2021	杏紗		4	F	2
2021		いろは	4	F	3
2021	華	はな	4	F	2
2021	琉愛		5	F	2
2021		つむぎ	5	F	3
2021	あゆ	あゆ	5	F	1
2021	結衣		6	F	2
2021		にこ	6	F	3
2021	すず	すず	6	F	1
2021	菜花		7	F	2
2021		ひなた	7	F	3
2021	すずな	すずな	7	F	1
2021	華		8	F	2
2021		ほのか	8	F	3
2021	すず花	すずか	8	F	1
2021	あゆ		9	F	1
2021		みのり	9	F	3
2021	ひいな	ひいな	9	F	1
2021	すず		10	F	1
2021		めい	10	F	3
2021	ひなた	ひなた	10	F	1
2021	すずな		11	F	1
2021		あいり	11	F	2
2021	ひまり	ひまり	11	F	1
2021	すず花		12	F	1
2021		あかね	12	F	2
2021	まつり	まつり	12	F	1
2021	ひいな		13	F	1
2021		あずさ	13	F	2
2021	みつは	みつは	13	F	1
2021	ひなた		14	F	1
2021		いおり	14	F	2
2021	みなみ	みなみ	14	F	1
2021	ひまり		15	F	1
2021		かのん	15	F	2
2021	みのり	みのり	15	F	1
2021	まつり		16	F	1
2021		かんな	16	F	2
2021	めいな	めいな	16	F	1
2021	みつは		17	F	1
2021		ことみ	17	F	2
2021	もなみ	もなみ	17	F	1
2021	みなみ		18	F	1
2021		こはる	18	F	2
2021	ゆう	ゆう	18	F	1
2021	みのり		19	F	1
2021		さくら	19	F	2
2021	ゆうひ	ゆうひ	19	F	1
2021	めいな		20	F	1
2021		さな	20	F	2
2021	マリナ	まりな	20	F	1
2021	もなみ		21	F	1
2021		すずか	21	F	2
2021	一叶	いちか	21	F	1
2021	ゆう		22	F	1
2021		すずな	22	F	2
2021	一花	いちか	22	F	1
2021	ゆうひ		23	F	1
2021		なこ	23	F	2
2021	世実	つぐみ	23	F	1
2021	マリナ		24	F	1
2021		なな	24	F	2
2021	丹虹	にこ	24	F	1
2021	一叶		25	F	1
2021		はるか	25	F	2
2021	亜珠沙	あずさ	25	F	1
2021	一花		26	F	1
2021		ひかり	26	F	2
2021	亜美	あみ	26	F	1
2021	世実		27	F	1
2021		ひな	27	F	2
2021	仁歩	にほ	27	F	1
2021	丹虹		28	F	1
2021		ひまり	28	F	2
2021	佐空	さく	28	F	1
2021	亜珠沙		29	F	1
2021		ひより	29	F	2
2021	佑羽	ゆわ	29	F	1
2021	亜美		30	F	1
2021		まなか	30	F	2
2021	佳穂	かほ	30	F	1
2021	仁歩		31	F	1
2021		みお	31	F	2
2021	來実	くみ	31	F	1
2021	佐空		32	F	1
2021		みつき	32	F	2
2021	優凪	ゆうな	32	F	1
2021	佑羽		33	F	1
2021		ゆい	33	F	2
2021	優朝	ゆうあ	33	F	1
2021	佳穂		34	F	1
2021		りさ	34	F	2
2021	優杏	ゆあ	34	F	1
2021	來実		35	F	1
2021		りつ	35	F	2
2021	兎月	うつき	35	F	1
2021	優凪		36	F	1
2021		りほ	36	F	2
2021	六花	りっか	36	F	1
2021	優朝		37	F	1
2021		あい	37	F	1
2021	千咲	ちさき	37	F	1
2021	優杏		38	F	1
2021		あいな	38	F	1
2021	千景	ちかげ	38	F	1
2021	兎月		39	F	1
2021		あおい	39	F	1
2021	千遙	ちはる	39	F	1
2021	六花		40	F	1
2021		あおば	40	F	1
2021	友梨佳	ゆりか	40	F	1
2021	千咲		41	F	1
2021		あかり	41	F	1
2021	史華	ふみか	41	F	1
2021	千景		42	F	1
2021		あさ	42	F	1
2021	叶鈴	かりん	42	F	1
2021	千遙		43	F	1
2021		あすか	43	F	1
2021	和來	なこ	43	F	1
2021	友梨佳		44	F	1
2021		あみ	44	F	1
2021	咲來	さくら	44	F	1
2021	史華		45	F	1
2021		あゆ	45	F	1
2021	咲奈	さな	45	F	1
2021	叶鈴		46	F	1
2021		いくや	46	F	1
2021	咲真	えま	46	F	1
2021	和來		47	F	1
2021		いつき	47	F	1
2021	咲良	さくら	47	F	1
2021	咲來		48	F	1
2021		いとあ	48	F	1
2021	咲茉	えま	48	F	1
2021	咲奈		49	F	1
2021		うい	49	F	1
2021	咲那	さな	49	F	1
2021	咲真		50	F	1
2021		うた	50	F	1
2021	唄	うた	50	F	1
2021	咲良		51	F	1
2021		うたみ	51	F	1
2021	基心	きこ	51	F	1
2021	咲茉		52	F	1
2021		うつき	52	F	1
2021	夏葵	なつき	52	F	1
2021	咲那		53	F	1
2021		おと	53	F	1
2021	夢華	ゆめか	53	F	1
2021	唄		54	F	1
2021		かなで	54	F	1
2021	天贈	てお	54	F	1
2021	基心		55	F	1
2021		かほ	55	F	1
2021	奈央	なお	55	F	1
2021	夏葵		56	F	1
2021		かりん	56	F	1
2021	奏	かなで	56	F	1
2021	夢華		57	F	1
2021		きこ	57	F	1
2021	妃織	ひおり	57	F	1
2021	天贈		58	F	1
2021		きさ	58	F	1
2021	妃菜乃	ひなの	58	F	1
2021	奈央		59	F	1
2021		きは	59	F	1
2021	姫梨	ひめり	59	F	1
2021	奏		60	F	1
2021		くみ	60	F	1
2021	姫波	ひなみ	60	F	1
2021	妃織		61	F	1
2021		ここみ	61	F	1
2021	実乃莉	みのり	61	F	1
2021	妃菜乃		62	F	1
2021		こころ	62	F	1
2021	実愛	みのり	62	F	1
2021	姫梨		63	F	1
2021		こと	63	F	1
2021	実月	みつき	63	F	1
2021	姫波		64	F	1
2021		ことえ	64	F	1
2021	実玖	みく	64	F	1
2021	実乃莉		65	F	1
2021		この	65	F	1
2021	小和	こより	65	F	1
2021	実愛		66	F	1
2021		このは	66	F	1
2021	市華	いちか	66	F	1
2021	実月		67	F	1
2021		このん	67	F	1
2021	帆乃華	ほのか	67	F	1
2021	実玖		68	F	1
2021		こむぎ	68	F	1
2021	帆乃香	ほのか	68	F	1
2021	小和		69	F	1
2021		こより	69	F	1
2021	希乃花	ののか	69	F	1
2021	市華		70	F	1
2021		さく	70	F	1
2021	希充	のぞみ	70	F	1
2021	帆乃華		71	F	1
2021		さら	71	F	1
2021	希咲	きさ	71	F	1
2021	帆乃香		72	F	1
2021		さわ	72	F	1
2021	希羽	きは	72	F	1
2021	希乃花		73	F	1
2021		しの	73	F	1
2021	幸乃羽	このは	73	F	1
2021	希充		74	F	1
2021		すず	74	F	1
2021	幸華	ゆきか	74	F	1
2021	希咲		75	F	1
2021		すみれ	75	F	1
2021	彩華	いろは	75	F	1
2021	希羽		76	F	1
2021		ちかげ	76	F	1
2021	律玖	りく	76	F	1
2021	幸乃羽		77	F	1
2021		ちさき	77	F	1
2021	心凰	こころ	77	F	1
2021	幸華		78	F	1
2021		ちはる	78	F	1
2021	心海	ここみ	78	F	1
2021	彩華		79	F	1
2021		ちゆ	79	F	1
2021	心純	こと	79	F	1
2021	律玖		80	F	1
2021		つきな	80	F	1
2021	心結	みゆう	80	F	1
2021	心凰		81	F	1
2021		つぐみ	81	F	1
2021	心音	このん	81	F	1
2021	心海		82	F	1
2021		てお	82	F	1
2021	心麦	こむぎ	82	F	1
2021	心純		83	F	1
2021		てるは	83	F	1
2021	志乃	しの	83	F	1
2021	心結		84	F	1
2021		なお	84	F	1
2021	恵麻	えま	84	F	1
2021	心音		85	F	1
2021		なぎさ	85	F	1
2021	悠花	はるか	85	F	1
2021	心麦		86	F	1
2021		なつき	86	F	1
2021	愛	あい	86	F	1
2021	志乃		87	F	1
2021		なのか	87	F	1
2021	愛叶	あいな	87	F	1
2021	恵麻		88	F	1
2021		なのは	88	F	1
2021	愛叶	まなか	88	F	1
2021	悠花		89	F	1
2021		なびき	89	F	1
2021	愛有	あいり	89	F	1
2021	愛		90	F	1
2021		にいな	90	F	1
2021	愛樹	いつき	90	F	1
2021	愛有		91	F	1
2021		にほ	91	F	1
2021	愛莉	あいり	91	F	1
2021	愛樹		92	F	1
2021		のぞみ	92	F	1
2021	愛華	ほのか	92	F	1
2021	愛莉		93	F	1
2021		ののか	93	F	1
2021	日乃世	ひのせ	93	F	1
2021	愛華		94	F	1
2021		はづき	94	F	1
2021	日和	ひより	94	F	1
2021	日乃世		95	F	1
2021		はねず	95	F	1
2021	明花	めいか	95	F	1
2021	日和		96	F	1
2021		はる	96	F	1
2021	明音	あかね	96	F	1
2021	明花		97	F	1
2021		ひいな	97	F	1
2021	晄李	ひかり	97	F	1
2021	明音		98	F	1
2021		ひおり	98	F	1
2021	智優	ちゆ	98	F	1
2021	晄李		99	F	1
2021		ひさの	99	F	1
2021	月菜	つきな	99	F	1
2021	智優		100	F	1
2021		ひなつ	100	F	1
2021	望愛	もな	100	F	1
2021	月菜		101	F	1
2021		ひなの	101	F	1
2021	未来	みくる	101	F	1
2021	望愛		102	F	1
2021		ひなみ	102	F	1
2021	朱華	はねず	102	F	1
2021	未来		103	F	1
2021		ひのせ	103	F	1
2021	杏紗	あさ	103	F	1
2021	朱華		104	F	1
2021		ひめり	104	F	1
2021	杏紗	あずさ	104	F	1
2021	来春		105	F	1
2021		ふうか	105	F	1
2021	来春	こはる	105	F	1
2021	柚咲		106	F	1
2021		ふみ	106	F	1
2021	柚咲	ゆずき	106	F	1
2021	柚羽		107	F	1
2021		ふみか	107	F	1
2021	柚羽	ゆずは	107	F	1
2021	栞奈		108	F	1
2021		べにこ	108	F	1
2021	栞奈	かんな	108	F	1
2021	栞菜		109	F	1
2021		ほまれ	109	F	1
2021	栞菜	かんな	109	F	1
2021	桜和		110	F	1
2021		まかな	110	F	1
2021	桜和	さわ	110	F	1
2021	桜央		111	F	1
2021		まつり	111	F	1
2021	桜央	みお	111	F	1
2021	梨桜		112	F	1
2021		まみ	112	F	1
2021	梨桜	りお	112	F	1
2021	梨沙		113	F	1
2021		まりな	113	F	1
2021	梨沙	りさ	113	F	1
2021	楓和		114	F	1
2021		みく	114	F	1
2021	楓和	ふうか	114	F	1
2021	楠季		115	F	1
2021		みくる	115	F	1
2021	楠季	なびき	115	F	1
2021	榮麻		116	F	1
2021		みつは	116	F	1
2021	榮麻	えま	116	F	1
2021	歩希		117	F	1
2021		みと	117	F	1
2021	歩希	ほまれ	117	F	1
2021	汐莉		118	F	1
2021		みなみ	118	F	1
2021	汐莉	ゆうり	118	F	1
2021	汐那		119	F	1
2021		みや	119	F	1
2021	汐那	ゆな	119	F	1
2021	渚咲		120	F	1
2021		みゆう	120	F	1
2021	渚咲	なぎさ	120	F	1
2021	渚衣		121	F	1
2021		みわ	121	F	1
2021	渚衣	なこ	121	F	1
2021	燈		122	F	1
2021		めいか	122	F	1
2021	燈	あかり	122	F	1
2021	玲杏		123	F	1
2021		めいな	123	F	1
2021	玲杏	れいあ	123	F	1
2021	玲羽		124	F	1
2021		めいり	124	F	1
2021	玲羽	れわ	124	F	1
2021	理沙		125	F	1
2021		めぐむ	125	F	1
2021	理沙	りさ	125	F	1
2021	琴実		126	F	1
2021		もな	126	F	1
2021	琉愛	るあ	126	F	1
2021	琴未		127	F	1
2021		もなみ	127	F	1
2021	琉愛	るい	127	F	1
2021	琴笑		128	F	1
2021		ももか	128	F	1
2021	琴実	ことみ	128	F	1
2021	瑚乃		129	F	1
2021		ゆあ	129	F	1
2021	琴未	ことみ	129	F	1
2021	瑚陽		130	F	1
2021		ゆいな	130	F	1
2021	琴笑	ことえ	130	F	1
2021	瑶子		131	F	1
2021		ゆう	131	F	1
2021	瑚乃	この	131	F	1
2021	生丹美		132	F	1
2021		ゆうあ	132	F	1
2021	瑚陽	こはる	132	F	1
2021	生弥		133	F	1
2021		ゆうき	133	F	1
2021	瑶子	ようこ	133	F	1
2021	留莉子		134	F	1
2021		ゆうな	134	F	1
2021	生丹美	うたみ	134	F	1
2021	留菜		135	F	1
2021		ゆうひ	135	F	1
2021	生弥	いくや	135	F	1
2021	真佳		136	F	1
2021		ゆうり	136	F	1
2021	留莉子	るりこ	136	F	1
2021	稟		137	F	1
2021		ゆかの	137	F	1
2021	留菜	るな	137	F	1
2021	笑舞		138	F	1
2021		ゆきか	138	F	1
2021	真佳	まなか	138	F	1
2021	紅子		139	F	1
2021		ゆずき	139	F	1
2021	稟	りん	139	F	1
2021	紗奏		140	F	1
2021		ゆずは	140	F	1
2021	笑舞	えま	140	F	1
2021	紗愛		141	F	1
2021		ゆづき	141	F	1
2021	紅子	べにこ	141	F	1
2021	紬		142	F	1
2021		ゆな	142	F	1
2021	紗奏	すずな	142	F	1
2021	紬希		143	F	1
2021		ゆめ	143	F	1
2021	紗愛	さら	143	F	1
2021	紬葵		144	F	1
2021		ゆめか	144	F	1
2021	紬	つむぎ	144	F	1
2021	絃愛		145	F	1
2021		ゆりか	145	F	1
2021	紬希	つむぎ	145	F	1
2021	結愛		146	F	1
2021		ゆわ	146	F	1
2021	紬葵	つむぎ	146	F	1
2021	結月		147	F	1
2021		よう	147	F	1
2021	絃愛	いとあ	147	F	1
2021	結芽		148	F	1
2021		ようこ	148	F	1
2021	結愛	ゆいな	148	F	1
2021	結葵		149	F	1
2021		らん	149	F	1
2021	結月	ゆづき	149	F	1
2021	結香乃		150	F	1
2021		りあん	150	F	1
2021	結芽	ゆめ	150	F	1
2021	維織		151	F	1
2021		りう	151	F	1
2021	結葵	ゆうき	151	F	1
2021	美和		152	F	1
2021		りお	152	F	1
2021	結香乃	ゆかの	152	F	1
2021	美弥		153	F	1
2021		りく	153	F	1
2021	維織	いおり	153	F	1
2021	美杜		154	F	1
2021		りせ	154	F	1
2021	美和	みわ	154	F	1
2021	美桜		155	F	1
2021		りっか	155	F	1
2021	美弥	みや	155	F	1
2021	美槻		156	F	1
2021		りと	156	F	1
2021	美杜	みと	156	F	1
2021	羽唯		157	F	1
2021		りな	157	F	1
2021	美桜	みお	157	F	1
2021	芙珠		158	F	1
2021		りり	158	F	1
2021	美槻	みつき	158	F	1
2021	花		159	F	1
2021		りん	159	F	1
2021	羽唯	うい	159	F	1
2021	花音		160	F	1
2021		るあ	160	F	1
2021	芙珠	ふみ	160	F	1
2021	芽		161	F	1
2021		るい	161	F	1
2021	花	はな	161	F	1
2021	芽愛		162	F	1
2021		るな	162	F	1
2021	花音	かのん	162	F	1
2021	芽生		163	F	1
2021		るりこ	163	F	1
2021	芽	めぐむ	163	F	1
2021	芽莉		164	F	1
2021		れいあ	164	F	1
2021	芽愛	めい	164	F	1
2021	芽郁		165	F	1
2021		れわ	165	F	1
2021	芽生	めい	165	F	1
2021	英奈		166	F	1
2021	芽莉	めいり	166	F	1
2021	苺花		167	F	1
2021	芽郁	めい	167	F	1
2021	茉奏		168	F	1
2021	英奈	はな	168	F	1
2021	茉生		169	F	1
2021	苺花	いちか	169	F	1
2021	茜		170	F	1
2021	茉奏	まかな	170	F	1
2021	莉世		171	F	1
2021	茉生	まみ	171	F	1
2021	莉奈		172	F	1
2021	茜	あかね	172	F	1
2021	莉帆		173	F	1
2021	莉世	りせ	173	F	1
2021	莉愛華		174	F	1
2021	莉奈	りな	174	F	1
2021	莉理		175	F	1
2021	莉帆	りほ	175	F	1
2021	莉都		176	F	1
2021	莉愛華	りあん	176	F	1
2021	莉雨		177	F	1
2021	莉理	りり	177	F	1
2021	菜乃佳		178	F	1
2021	莉都	りと	178	F	1
2021	菫		179	F	1
2021	莉雨	りう	179	F	1
2021	華瑠		180	F	1
2021	菜乃佳	なのか	180	F	1
2021	華音		181	F	1
2021	菜花	なな	181	F	1
2021	萌百花		182	F	1
2021	菜花	なのは	182	F	1
2021	葉		183	F	1
2021	菫	すみれ	183	F	1
2021	葉月		184	F	1
2021	華瑠	はる	184	F	1
2021	蒼依		185	F	1
2021	華音	かのん	185	F	1
2021	蘭		186	F	1
2021	萌百花	ももか	186	F	1
2021	虹來		187	F	1
2021	葉	よう	187	F	1
2021	虹那		188	F	1
2021	葉月	はづき	188	F	1
2021	虹香		189	F	1
2021	蒼依	あおい	189	F	1
2021	衣千佳		190	F	1
2021	蘭	らん	190	F	1
2021	衣央莉		191	F	1
2021	虹來	にこ	191	F	1
2021	輝		192	F	1
2021	虹那	にいな	192	F	1
2021	輝羽		193	F	1
2021	虹香	にこ	193	F	1
2021	遥		194	F	1
2021	衣千佳	いちか	194	F	1
2021	那奈		195	F	1
2021	衣央莉	いおり	195	F	1
2021	里穂		196	F	1
2021	輝	ひかり	196	F	1
2021	鈴花		197	F	1
2021	輝羽	てるは	197	F	1
2021	陽		198	F	1
2021	遥	はるか	198	F	1
2021	陽依璃		199	F	1
2021	那奈	なな	199	F	1
2021	陽凪		200	F	1
2021	里穂	りほ	200	F	1
2021	陽加		201	F	1
2021	鈴花	すずか	201	F	1
2021	陽咲		202	F	1
2021	陽	ひなた	202	F	1
2021	陽夏		203	F	1
2021	陽依璃	ひより	203	F	1
2021	陽沙乃		204	F	1
2021	陽凪	ひな	204	F	1
2021	陽澄		205	F	1
2021	陽加	あすか	205	F	1
2021	陽舞利		206	F	1
2021	陽咲	ひなた	206	F	1
2021	陽菜		207	F	1
2021	陽夏	ひなつ	207	F	1
2021	青葉		208	F	1
2021	陽沙乃	ひさの	208	F	1
2021	陽澄	おと	209	F	1
2021	陽舞利	ひまり	210	F	1
2021	陽菜	ひな	211	F	1
2021	青葉	あおば	212	F	1
2021	蒼翔		1	M	3
2021		はると	1	M	6
2021	蒼翔	あおと	1	M	3
2021	蓮		2	M	3
2021		こうき	2	M	5
2021	蓮	れん	2	M	3
2021	颯真		3	M	3
2021		れん	3	M	5
2021	昌輝	まさき	3	M	2
2021	昌輝		4	M	2
2021		あおと	4	M	4
2021	蒼空	そら	4	M	2
2021	蒼空		5	M	2
2021		かいと	5	M	4
2021	颯真	そうま	5	M	2
2021	陽		6	M	2
2021		ひなた	6	M	4
2021	一心	いっしん	6	M	1
2021	一心		7	M	1
2021		あおい	7	M	3
2021	一生	いっせい	7	M	1
2021	一生		8	M	1
2021		あおは	8	M	3
2021	一織	いおり	8	M	1
2021	一織		9	M	1
2021		あきと	9	M	3
2021	一輝	いつき	9	M	1
2021	一輝		10	M	1
2021		いおり	10	M	3
2021	丈太朗	じょうたろう	10	M	1
2021	丈太朗		11	M	1
2021		そうま	11	M	3
2021	久慶	ひさよし	11	M	1
2021	久慶		12	M	1
2021		そら	12	M	3
2021	仁	じん	12	M	1
2021	仁		13	M	1
2021		はるき	13	M	3
2021	令慈	れいじ	13	M	1
2021	令慈		14	M	1
2021		まさき	14	M	3
2021	伊央	いお	14	M	1
2021	伊央		15	M	1
2021		ゆうま	15	M	3
2021	伊桜	いお	15	M	1
2021	伊桜		16	M	1
2021		ゆうり	16	M	3
2021	伸一	しんいち	16	M	1
2021	伸一		17	M	1
2021		あさひ	17	M	2
2021	佑真	ゆうま	17	M	1
2021	佑真		18	M	1
2021		いお	18	M	2
2021	佑磨	ゆうま	18	M	1
2021	佑磨		19	M	1
2021		えいた	19	M	2
2021	佑輔	ゆうすけ	19	M	1
2021	佑輔		20	M	1
2021		かなと	20	M	2
2021	來良	らい	20	M	1
2021	來良		21	M	1
2021		けんと	21	M	2
2021	侑来	たすく	21	M	1
2021	侑来		22	M	1
2021		さく	22	M	2
2021	依央吏	いおり	22	M	1
2021	依央吏		23	M	1
2021		ぜん	23	M	2
2021	俐柘	りつ	23	M	1
2021	俐柘		24	M	1
2021		そうすけ	24	M	2
2021	健心	けんしん	24	M	1
2021	健心		25	M	1
2021		たいし	25	M	2
2021	健悟	けんご	25	M	1
2021	健悟		26	M	1
2021		たいち	26	M	2
2021	優希	ゆうき	26	M	1
2021	優希		27	M	1
2021		とわ	27	M	2
2021	優心	ゆうしん	27	M	1
2021	優心		28	M	1
2021		なぎ	28	M	2
2021	優月	ゆづき	28	M	1
2021	優月		29	M	1
2021		みなと	29	M	2
2021	優樹	ゆうき	29	M	1
2021	優樹		30	M	1
2021		ゆうき	30	M	2
2021	充豊	みつと	30	M	1
2021	充豊		31	M	1
2021		ゆづき	31	M	2
2021	光希	こうき	31	M	1
2021	光希		32	M	1
2021		りく	32	M	2
2021	全	ぜん	32	M	1
2021	全		33	M	1
2021		りくと	33	M	2
2021	冴玖	さく	33	M	1
2021	冴玖		34	M	1
2021		りゅうせい	34	M	2
2021	凌生	りょうせい	34	M	1
2021	凌生		35	M	1
2021		りょうま	35	M	2
2021	凌馬	りょうま	35	M	1
2021	凌馬		36	M	1
2021		るい	36	M	2
2021	凜清	りんせい	36	M	1
2021	凜清		37	M	1
2021		あお	37	M	1
2021	凪岐	なぎ	37	M	1
2021	凪岐		38	M	1
2021		あおき	38	M	1
2021	凪朔	なぎさ	38	M	1
2021	凪朔		39	M	1
2021		あつき	39	M	1
2021	利音	りおん	39	M	1
2021	利音		40	M	1
2021		あやと	40	M	1
2021	勇凛	ゆうり	40	M	1
2021	勇凛		41	M	1
2021		ありあ	41	M	1
2021	十羽	とわ	41	M	1
2021	十羽		42	M	1
2021		あんり	42	M	1
2021	千寿郎	せんじゅろう	42	M	1
2021	千寿郎		43	M	1
2021		いっしん	43	M	1
2021	千章	ちあき	43	M	1
2021	千章		44	M	1
2021		いっせい	44	M	1
2021	千賀哉	ちかや	44	M	1
2021	千賀哉		45	M	1
2021		いつき	45	M	1
2021	叶翔	とわ	45	M	1
2021	叶翔		46	M	1
2021		いつむ	46	M	1
2021	周典	しゅうすけ	46	M	1
2021	周典		47	M	1
2021		いと	47	M	1
2021	和哉	かずや	47	M	1
2021	和哉		48	M	1
2021		おと	48	M	1
2021	和為	かずより	48	M	1
2021	和為		49	M	1
2021		かいみ	49	M	1
2021	和鷹	かずたか	49	M	1
2021	和鷹		50	M	1
2021		かいり	50	M	1
2021	咲柊	さきと	50	M	1
2021	咲柊		51	M	1
2021		かずたか	51	M	1
2021	唯翔	ゆいと	51	M	1
2021	唯翔		52	M	1
2021		かずや	52	M	1
2021	壱織	いおり	52	M	1
2021	壱織		53	M	1
2021		かずより	53	M	1
2021	大和	やまと	53	M	1
2021	大和		54	M	1
2021		かなた	54	M	1
2021	大志	たいし	54	M	1
2021	大志		55	M	1
2021		がく	55	M	1
2021	大惺	たいせい	55	M	1
2021	大惺		56	M	1
2021		きお	56	M	1
2021	大智	だいち	56	M	1
2021	大智		57	M	1
2021		きく	57	M	1
2021	大賀	たいが	57	M	1
2021	大賀		58	M	1
2021		きなり	58	M	1
2021	大輝	だいき	58	M	1
2021	大輝		59	M	1
2021		けいいち	59	M	1
2021	太一	たいち	59	M	1
2021	太一		60	M	1
2021		けんご	60	M	1
2021	太幹	たいき	60	M	1
2021	太幹		61	M	1
2021		けんしん	61	M	1
2021	央遂	おと	61	M	1
2021	央遂		62	M	1
2021		けんすけ	62	M	1
2021	奏多	かなた	62	M	1
2021	奏多		63	M	1
2021		げんじ	63	M	1
2021	奏斗	かなと	63	M	1
2021	奏斗		64	M	1
2021		こうしろう	64	M	1
2021	奨麻	しょうま	64	M	1
2021	奨麻		65	M	1
2021		こうせい	65	M	1
2021	安哩	あんり	65	M	1
2021	安哩		66	M	1
2021		こうた	66	M	1
2021	尊也	とうや	66	M	1
2021	尊也		67	M	1
2021		こうたろう	67	M	1
2021	帆高	ほだか	67	M	1
2021	帆高		68	M	1
2021		こうだい	68	M	1
2021	幸太	こうた	68	M	1
2021	幸太		69	M	1
2021		こうま	69	M	1
2021	幸太郎	こうたろう	69	M	1
2021	幸太郎		70	M	1
2021		さきと	70	M	1
2021	康希	こうき	70	M	1
2021	康希		71	M	1
2021		しき	71	M	1
2021	弥琴	みこと	71	M	1
2021	弥琴		72	M	1
2021		しゅういち	72	M	1
2021	心泰	しんた	72	M	1
2021	心泰		73	M	1
2021		しゅうすけ	73	M	1
2021	快翔	かいと	73	M	1
2021	快翔		74	M	1
2021		しゅうま	74	M	1
2021	快音	かいと	74	M	1
2021	快音		75	M	1
2021		しょう	75	M	1
2021	悠利	ゆうり	75	M	1
2021	悠利		76	M	1
2021		しょうま	76	M	1
2021	悠悟	ゆうご	76	M	1
2021	悠悟		77	M	1
2021		しんいち	77	M	1
2021	悠真	ゆうま	77	M	1
2021	悠真		78	M	1
2021		しんた	78	M	1
2021	悠聖	ゆうせい	78	M	1
2021	悠聖		79	M	1
2021		じゅん	79	M	1
2021	想	そう	79	M	1
2021	想		80	M	1
2021		じょうたろう	80	M	1
2021	惺成	せな	80	M	1
2021	惺成		81	M	1
2021		じん	81	M	1
2021	愛莉亜	ありあ	81	M	1
2021	愛莉亜		82	M	1
2021		すばる	82	M	1
2021	慧一	けいいち	82	M	1
2021	慧一		83	M	1
2021		せいご	83	M	1
2021	慶駿	よしと	83	M	1
2021	慶駿		84	M	1
2021		せいた	84	M	1
2021	憲人	けんと	84	M	1
2021	憲人		85	M	1
2021		せな	85	M	1
2021	旭	あさひ	85	M	1
2021	旭		86	M	1
2021		せんじゅろう	86	M	1
2021	昂樹	こうき	86	M	1
2021	昂樹		87	M	1
2021		ぜんきち	87	M	1
2021	春登	はると	87	M	1
2021	春登		88	M	1
2021		そう	88	M	1
2021	春翔	はると	88	M	1
2021	春翔		89	M	1
2021		そうせい	89	M	1
2021	晄志朗	こうしろう	89	M	1
2021	晄志朗		90	M	1
2021		そうた	90	M	1
2021	晴斗	はると	90	M	1
2021	晴斗		91	M	1
2021		たいが	91	M	1
2021	晴樹	はるき	91	M	1
2021	晴樹		92	M	1
2021		たいき	92	M	1
2021	晴葵	はるき	92	M	1
2021	晴葵		93	M	1
2021		たいせい	93	M	1
2021	智樹	ともき	93	M	1
2021	智樹		94	M	1
2021		たいら	94	M	1
2021	暁月	あつき	94	M	1
2021	暁月		95	M	1
2021		たかふみ	95	M	1
2021	暁都	あきと	95	M	1
2021	暁都		96	M	1
2021		たすく	96	M	1
2021	暖	だん	96	M	1
2021	暖		97	M	1
2021		たつき	97	M	1
2021	有俐	ゆうり	97	M	1
2021	有俐		98	M	1
2021		たつま	98	M	1
2021	朔	さく	98	M	1
2021	朔		99	M	1
2021		だいき	99	M	1
2021	朝陽	あさひ	99	M	1
2021	朝陽		100	M	1
2021		だいち	100	M	1
2021	朱馬	しゅうま	100	M	1
2021	朱馬		101	M	1
2021		だん	101	M	1
2021	来暉	らいき	101	M	1
2021	来暉		102	M	1
2021		ちあき	102	M	1
2021	柊一	しゅういち	102	M	1
2021	柊一		103	M	1
2021		ちかや	103	M	1
2021	梛	なぎ	103	M	1
2021	梛		104	M	1
2021		つばさ	104	M	1
2021	梨太郎	りんたろう	104	M	1
2021	梨太郎		105	M	1
2021		つむぎ	105	M	1
2021	楓和	ふうわ	105	M	1
2021	楓和		106	M	1
2021		とあ	106	M	1
2021	楽	がく	106	M	1
2021	楽		107	M	1
2021		とうや	107	M	1
2021	樹	たつき	107	M	1
2021	樹		108	M	1
2021		ともき	108	M	1
2021	櫂	かいと	108	M	1
2021	櫂		109	M	1
2021		なおき	109	M	1
2021	正義	まさよし	109	M	1
2021	正義		110	M	1
2021		なぎさ	110	M	1
2021	正豊	まさとよ	110	M	1
2021	正豊		111	M	1
2021		はお	111	M	1
2021	泰市	たいち	111	M	1
2021	泰市		112	M	1
2021		はかん	112	M	1
2021	泰志	たいし	112	M	1
2021	泰志		113	M	1
2021		はく	113	M	1
2021	泰楽	たいら	113	M	1
2021	泰楽		114	M	1
2021		はくと	114	M	1
2021	海嵐	みらん	114	M	1
2021	海嵐		115	M	1
2021		はる	115	M	1
2021	海璃	かいり	115	M	1
2021	海璃		116	M	1
2021		ひさよし	116	M	1
2021	清吾	せいご	116	M	1
2021	清吾		117	M	1
2021		ひでとら	117	M	1
2021	湊仁	みなと	117	M	1
2021	湊仁		118	M	1
2021		ひなぎ	118	M	1
2021	湊士	みなと	118	M	1
2021	湊士		119	M	1
2021		ひびき	119	M	1
2021	湊斗	かなと	119	M	1
2021	湊斗		120	M	1
2021		ひろなり	120	M	1
2021	源治	げんじ	120	M	1
2021	源治		121	M	1
2021		ふうま	121	M	1
2021	漣	れん	121	M	1
2021	漣		122	M	1
2021		ふうわ	122	M	1
2021	潤	じゅん	122	M	1
2021	潤		123	M	1
2021		ほだか	123	M	1
2021	澄春	すばる	123	M	1
2021	澄春		124	M	1
2021		まさとよ	124	M	1
2021	煌真	こうま	124	M	1
2021	煌真		125	M	1
2021		まさよし	125	M	1
2021	爽清	そうせい	125	M	1
2021	爽清		126	M	1
2021		まなと	126	M	1
2021	珠鶴	みつる	126	M	1
2021	珠鶴		127	M	1
2021		まなる	127	M	1
2021	琉晴	りゅうせい	127	M	1
2021	琉晴		128	M	1
2021		みこと	128	M	1
2021	琉椰	りゅうや	128	M	1
2021	琉椰		129	M	1
2021		みつと	129	M	1
2021	琉獅	りゅうじ	129	M	1
2021	琉獅		130	M	1
2021		みつる	130	M	1
2021	琉維	るい	130	M	1
2021	琉維		131	M	1
2021		みらん	131	M	1
2021	瑛士	あきと	131	M	1
2021	瑛士		132	M	1
2021		やまと	132	M	1
2021	瑛太	えいた	132	M	1
2021	瑛太		133	M	1
2021		ゆいと	133	M	1
2021	瑠一	るい	133	M	1
2021	瑠一		134	M	1
2021		ゆうご	134	M	1
2021	瑠夏	るか	134	M	1
2021	瑠夏		135	M	1
2021		ゆうしん	135	M	1
2021	璃來	りく	135	M	1
2021	璃來		136	M	1
2021		ゆうすけ	136	M	1
2021	環壱	わいち	136	M	1
2021	環壱		137	M	1
2021		ゆうせい	137	M	1
2021	界人	かいと	137	M	1
2021	界人		138	M	1
2021		ゆうと	138	M	1
2021	白虎	はくと	138	M	1
2021	白虎		139	M	1
2021		ゆづる	139	M	1
2021	直毅	なおき	139	M	1
2021	直毅		140	M	1
2021		よういち	140	M	1
2021	真徳	まなる	140	M	1
2021	真徳		141	M	1
2021		よしと	141	M	1
2021	真悠	まなと	141	M	1
2021	真悠		142	M	1
2021		よん	142	M	1
2021	真暉	まさき	142	M	1
2021	真暉		143	M	1
2021		らい	143	M	1
2021	碧	あおい	143	M	1
2021	碧		144	M	1
2021		らいが	144	M	1
2021	碧斗	あおと	144	M	1
2021	碧斗		145	M	1
2021		らいき	145	M	1
2021	碧泉	あおい	145	M	1
2021	碧泉		146	M	1
2021		りおん	146	M	1
2021	碧葉	あおは	146	M	1
2021	碧葉		147	M	1
2021		りつ	147	M	1
2021	碧輝	あおき	147	M	1
2021	碧輝		148	M	1
2021		りゅうき	148	M	1
2021	礼	れい	148	M	1
2021	礼		149	M	1
2021		りゅうしん	149	M	1
2021	祥	しょう	149	M	1
2021	祥		150	M	1
2021		りゅうじ	150	M	1
2021	禅	ぜん	150	M	1
2021	禅		151	M	1
2021		りゅうたろう	151	M	1
2021	禅吉	ぜんきち	151	M	1
2021	禅吉		152	M	1
2021		りゅうや	152	M	1
2021	秀虎	ひでとら	152	M	1
2021	秀虎		153	M	1
2021		りょうせい	153	M	1
2021	稀央	きお	153	M	1
2021	稀央		154	M	1
2021		りん	154	M	1
2021	章人	あきと	154	M	1
2021	章人		155	M	1
2021		りんせい	155	M	1
2021	紬凪	つむぎ	155	M	1
2021	紬凪		156	M	1
2021		りんたろう	156	M	1
2021	絃人	いと	156	M	1
2021	絃人		157	M	1
2021		るか	157	M	1
2021	結弦	ゆづる	157	M	1
2021	結弦		158	M	1
2021		れい	158	M	1
2021	結斗	ゆうと	158	M	1
2021	結斗		159	M	1
2021		れいじ	159	M	1
2021	結月	ゆづき	159	M	1
2021	結月		160	M	1
2021		れお	160	M	1
2021	絢大	あやと	160	M	1
2021	絢大		161	M	1
2021		れんと	161	M	1
2021	絢斗	けんと	161	M	1
2021	絢斗		162	M	1
2021		わいち	162	M	1
2021	羽玖	はく	162	M	1
2021	羽玖		163	M	1
2021	羽環	はかん	163	M	1
2021	羽環		164	M	1
2021	翼	つばさ	164	M	1
2021	翼		165	M	1
2021	臨	りん	165	M	1
2021	臨		166	M	1
2021	至軌	しき	166	M	1
2021	至軌		167	M	1
2021	航世	こうせい	167	M	1
2021	航世		168	M	1
2021	航大	こうだい	168	M	1
2021	航大		169	M	1
2021	航己	こうき	169	M	1
2021	航己		170	M	1
2021	航絆	こうき	170	M	1
2021	航絆		171	M	1
2021	英太	えいた	171	M	1
2021	英太		172	M	1
2021	葉王	はお	172	M	1
2021	葉王		173	M	1
2021	葵羽	あおは	173	M	1
2021	葵羽		174	M	1
2021	蒼	あおい	174	M	1
2021	蒼		175	M	1
2021	蒼太	そうた	175	M	1
2021	蒼太		176	M	1
2021	蒼晴	あおは	176	M	1
2021	蒼晴		177	M	1
2021	蒼生	あお	177	M	1
2021	蒼生		178	M	1
2021	蒼磨	そうま	178	M	1
2021	蒼磨		179	M	1
2021	蓮叶	れんと	179	M	1
2021	蓮叶		180	M	1
2021	蓮恩	れん	180	M	1
2021	蓮恩		181	M	1
2021	蓮桜	れお	181	M	1
2021	蓮桜		182	M	1
2021	衣紬	いつむ	182	M	1
2021	衣紬		183	M	1
2021	裕成	ひろなり	183	M	1
2021	裕成		184	M	1
2021	誉	よん	184	M	1
2021	誉		185	M	1
2021	誠大	せいた	185	M	1
2021	誠大		186	M	1
2021	貴文	たかふみ	186	M	1
2021	貴文		187	M	1
2021	軌成	きなり	187	M	1
2021	軌成		188	M	1
2021	輝久	きく	188	M	1
2021	輝久		189	M	1
2021	達磨	たつま	189	M	1
2021	達磨		190	M	1
2021	遥翔	はると	190	M	1
2021	遥翔		191	M	1
2021	采絢	とあ	191	M	1
2021	采絢		192	M	1
2021	開智	かいみ	192	M	1
2021	開智		193	M	1
2021	陸斗	りくと	193	M	1
2021	陸斗		194	M	1
2021	陸玖	りく	194	M	1
2021	陸玖		195	M	1
2021	陸翔	りくと	195	M	1
2021	陸翔		196	M	1
2021	陽	はる	196	M	1
2021	陽一		197	M	1
2021	陽	ひなた	197	M	1
2021	陽凪		198	M	1
2021	陽一	よういち	198	M	1
2021	陽向		199	M	1
2021	陽凪	ひなぎ	199	M	1
2021	陽翔		200	M	1
2021	陽向	ひなた	200	M	1
2021	陽葵		201	M	1
2021	陽翔	はると	201	M	1
2021	陽輝		202	M	1
2021	陽葵	ひなた	202	M	1
2021	陽都		203	M	1
2021	陽輝	はるき	203	M	1
2021	陽飛		204	M	1
2021	陽都	はると	204	M	1
2021	隆太朗		205	M	1
2021	陽飛	ひなた	205	M	1
2021	雷凱		206	M	1
2021	隆太朗	りゅうたろう	206	M	1
2021	響		207	M	1
2021	雷凱	らいが	207	M	1
2021	顕祐		208	M	1
2021	響	ひびき	208	M	1
2021	颯介		209	M	1
2021	顕祐	けんすけ	209	M	1
2021	颯佑		210	M	1
2021	颯介	そうすけ	210	M	1
2021	颯心		211	M	1
2021	颯佑	そうすけ	211	M	1
2021	颯来		212	M	1
2021	颯心	りゅうしん	212	M	1
2021	龍生		213	M	1
2021	颯来	そら	213	M	1
2021	龍輝		214	M	1
2021	颯真	ふうま	214	M	1
2021	龍馬		215	M	1
2021	龍生	りゅうせい	215	M	1
2021	龍輝	りゅうき	216	M	1
2021	龍馬	りょうま	217	M	1
2022	凛		1	F	3
2022		えま	1	F	5
2022	凛	りん	1	F	3
2022	和		2	F	2
2022		こはる	2	F	3
2022	和	なごみ	2	F	2
2022	心陽		3	F	2
2022		めい	3	F	3
2022	心陽	こはる	3	F	2
2022	柚花		4	F	2
2022		りん	4	F	3
2022	柚花	ゆずか	4	F	2
2022	渚		5	F	2
2022		いちか	5	F	2
2022	渚	なぎさ	5	F	2
2022	芽依		6	F	2
2022		きほ	6	F	2
2022	芽依	めい	6	F	2
2022	あおば		7	F	1
2022		さら	7	F	2
2022	あおば	あおば	7	F	1
2022	このみ		8	F	1
2022		なぎさ	8	F	2
2022	このみ	このみ	8	F	1
2022	ひなの		9	F	1
2022		なごみ	9	F	2
2022	ひなの	ひなの	9	F	1
2022	みのり		10	F	1
2022		なつき	10	F	2
2022	みのり	みのり	10	F	1
2022	アミナ		11	F	1
2022		ひな	11	F	2
2022	アミナ	あみな	11	F	1
2022	アンナ		12	F	1
2022		ひまり	12	F	2
2022	アンナ	あんな	12	F	1
2022	一千椛		13	F	1
2022		ひより	13	F	2
2022	一千椛	いちか	13	F	1
2022	一禾		14	F	1
2022		ほのか	14	F	2
2022	一禾	いちか	14	F	1
2022	一茉璃		15	F	1
2022		みお	15	F	2
2022	一茉璃	ひまり	15	F	1
2022	世梛		16	F	1
2022		みのり	16	F	2
2022	世梛	せな	16	F	1
2022	亜梨朱		17	F	1
2022		ゆずか	17	F	2
2022	亜梨朱	ありす	17	F	1
2022	伊吹		18	F	1
2022		らな	18	F	2
2022	伊吹	いぶき	18	F	1
2022	依眞		19	F	1
2022		れん	19	F	2
2022	依眞	えま	19	F	1
2022	依茉		20	F	1
2022		あい	20	F	1
2022	依茉	えま	20	F	1
2022	優海		21	F	1
2022		あいる	21	F	1
2022	優海	ゆみ	21	F	1
2022	光		22	F	1
2022		あおば	22	F	1
2022	光	あき	22	F	1
2022	八咲乃		23	F	1
2022		あき	23	F	1
2022	八咲乃	やえの	23	F	1
2022	冬悠奈		24	F	1
2022		あさひ	24	F	1
2022	冬悠奈	ふゆな	24	F	1
2022	凛々花		25	F	1
2022		あみな	25	F	1
2022	凛々花	りりか	25	F	1
2022	凜花		26	F	1
2022		あやめ	26	F	1
2022	凜花	りんか	26	F	1
2022	凪		27	F	1
2022		ありす	27	F	1
2022	凪	なぎ	27	F	1
2022	凪羽		28	F	1
2022		あんな	28	F	1
2022	凪羽	なぎは	28	F	1
2022	友梨奈		29	F	1
2022		いぶき	29	F	1
2022	友梨奈	ゆりな	29	F	1
2022	咲結		30	F	1
2022		うた	30	F	1
2022	咲結	さゆ	30	F	1
2022	咲良		31	F	1
2022		おと	31	F	1
2022	咲良	さら	31	F	1
2022	咲茉		32	F	1
2022		おとは	32	F	1
2022	咲茉	えま	32	F	1
2022	夏帆		33	F	1
2022		かほ	33	F	1
2022	夏帆	かほ	33	F	1
2022	夏鈴		34	F	1
2022		かりん	34	F	1
2022	夏鈴	かりん	34	F	1
2022	太瑛		35	F	1
2022		かんな	35	F	1
2022	太瑛	たえ	35	F	1
2022	奏葉花		36	F	1
2022		きい	36	F	1
2022	奏葉花	そよか	36	F	1
2022	姫乎		37	F	1
2022		きさ	37	F	1
2022	姫乎	ひめか	37	F	1
2022	娃光		38	F	1
2022		きぬ	38	F	1
2022	娃光	あいる	38	F	1
2022	実桜		39	F	1
2022		くれは	39	F	1
2022	実桜	みお	39	F	1
2022	実緒		40	F	1
2022		ここね	40	F	1
2022	実緒	みお	40	F	1
2022	実芽		41	F	1
2022		ここは	41	F	1
2022	実芽	みめ	41	F	1
2022	実莉		42	F	1
2022		このみ	42	F	1
2022	実莉	みのり	42	F	1
2022	小春		43	F	1
2022		さちか	43	F	1
2022	小春	こはる	43	F	1
2022	帆花		44	F	1
2022		さつき	44	F	1
2022	帆花	ほのか	44	F	1
2022	帆香		45	F	1
2022		さなえ	45	F	1
2022	帆香	ほのか	45	F	1
2022	希峰		46	F	1
2022		さゆ	46	F	1
2022	希峰	きほ	46	F	1
2022	希歩		47	F	1
2022		しき	47	F	1
2022	希歩	きほ	47	F	1
2022	彩夢		48	F	1
2022		しづき	48	F	1
2022	彩夢	あやめ	48	F	1
2022	彩陽		49	F	1
2022		しほ	49	F	1
2022	彩陽	あさひ	49	F	1
2022	心咲		50	F	1
2022		すい	50	F	1
2022	心咲	みさき	50	F	1
2022	心愛		51	F	1
2022		すずは	51	F	1
2022	心愛	みあ	51	F	1
2022	心羽		52	F	1
2022		せな	52	F	1
2022	心羽	ここは	52	F	1
2022	志帆		53	F	1
2022		そよか	53	F	1
2022	志帆	しほ	53	F	1
2022	恋音		54	F	1
2022		たえ	54	F	1
2022	恋音	れん	54	F	1
2022	恵舞		55	F	1
2022		つづみ	55	F	1
2022	恵舞	えま	55	F	1
2022	愛菜		56	F	1
2022		つむぐ	56	F	1
2022	愛菜	らな	56	F	1
2022	新夏		57	F	1
2022		なお	57	F	1
2022	新夏	にいな	57	F	1
2022	暖陽		58	F	1
2022		なぎ	58	F	1
2022	暖陽	はるひ	58	F	1
2022	望実		59	F	1
2022		なぎは	59	F	1
2022	望実	のぞみ	59	F	1
2022	望琴		60	F	1
2022		にいな	60	F	1
2022	望琴	みこと	60	F	1
2022	柑奈		61	F	1
2022		のえか	61	F	1
2022	柑奈	かんな	61	F	1
2022	桃楓		62	F	1
2022		のぞみ	62	F	1
2022	桃楓	もか	62	F	1
2022	桜愛		63	F	1
2022		ののか	63	F	1
2022	桜愛	さちか	63	F	1
2022	桜永		64	F	1
2022		はなえ	64	F	1
2022	桜永	おと	64	F	1
2022	桧奈		65	F	1
2022		はる	65	F	1
2022	桧奈	ひな	65	F	1
2022	桧縁		66	F	1
2022		はるひ	66	F	1
2022	桧縁	ひより	66	F	1
2022	楓果		67	F	1
2022		ひいろ	67	F	1
2022	楓果	ふうか	67	F	1
2022	樹依		68	F	1
2022		ひなの	68	F	1
2022	樹依	きい	68	F	1
2022	涼葉		69	F	1
2022		ひめか	69	F	1
2022	涼葉	すずは	69	F	1
2022	渚月		70	F	1
2022		ふうか	70	F	1
2022	渚月	なつき	70	F	1
2022	燈奈		71	F	1
2022		ふゆな	71	F	1
2022	燈奈	ひな	71	F	1
2022	玲美		72	F	1
2022		ほのは	72	F	1
2022	玲美	れみ	72	F	1
2022	瑠玖		73	F	1
2022		まお	73	F	1
2022	瑠玖	るく	73	F	1
2022	環子		74	F	1
2022		みあ	74	F	1
2022	環子	わこ	74	F	1
2022	由実子		75	F	1
2022		みこ	75	F	1
2022	由実子	ゆみこ	75	F	1
2022	百那		76	F	1
2022		みこと	76	F	1
2022	百那	ももな	76	F	1
2022	真慧		77	F	1
2022		みさき	77	F	1
2022	真慧	さなえ	77	F	1
2022	真緒		78	F	1
2022		みすず	78	F	1
2022	真緒	まお	78	F	1
2022	礼佳		79	F	1
2022		みはる	79	F	1
2022	礼佳	れいか	79	F	1
2022	紅芭		80	F	1
2022		みめ	80	F	1
2022	紅芭	くれは	80	F	1
2022	紗月		81	F	1
2022		めいな	81	F	1
2022	紗月	さつき	81	F	1
2022	紡		82	F	1
2022		もか	82	F	1
2022	紡	つむぐ	82	F	1
2022	結		83	F	1
2022		ももな	83	F	1
2022	結	ゆい	83	F	1
2022	絹		84	F	1
2022		やえの	84	F	1
2022	絹	きぬ	84	F	1
2022	綺咲		85	F	1
2022		ゆい	85	F	1
2022	綺咲	きさ	85	F	1
2022	織		86	F	1
2022		ゆみ	86	F	1
2022	織	しき	86	F	1
2022	美湖		87	F	1
2022		ゆみこ	87	F	1
2022	美湖	みこ	87	F	1
2022	美華		88	F	1
2022		ゆりな	88	F	1
2022	美華	ほのは	88	F	1
2022	美鈴		89	F	1
2022		りさ	89	F	1
2022	美鈴	みすず	89	F	1
2022	翠		90	F	1
2022		りほ	90	F	1
2022	翠	すい	90	F	1
2022	翠春		91	F	1
2022		りりか	91	F	1
2022	翠春	みはる	91	F	1
2022	芽依菜		92	F	1
2022		りんか	92	F	1
2022	芽依菜	めいな	92	F	1
2022	菜月		93	F	1
2022		るく	93	F	1
2022	菜月	なつき	93	F	1
2022	菜緒		94	F	1
2022		れいか	94	F	1
2022	菜緒	なお	94	F	1
2022	華衣		95	F	1
2022		れな	95	F	1
2022	華衣	はなえ	95	F	1
2022	萌結		96	F	1
2022		れみ	96	F	1
2022	萌結	めい	96	F	1
2022	葉琉		97	F	1
2022		わこ	97	F	1
2022	葉琉	はる	97	F	1
2022	蓮		98	F	1
2022	蓮	れん	98	F	1
2022	藍衣		99	F	1
2022	藍衣	あい	99	F	1
2022	蘭愛		100	F	1
2022	蘭愛	らな	100	F	1
2022	虹音		101	F	1
2022	虹音	ここね	101	F	1
2022	詠愛		102	F	1
2022	詠愛	えま	102	F	1
2022	詩		103	F	1
2022	詩	うた	103	F	1
2022	里咲		104	F	1
2022	里咲	りさ	104	F	1
2022	里帆		105	F	1
2022	里帆	りほ	105	F	1
2022	野々花		106	F	1
2022	野々花	ののか	106	F	1
2022	野衣禾		107	F	1
2022	野衣禾	のえか	107	F	1
2022	鈴愛		108	F	1
2022	鈴愛	れな	108	F	1
2022	陽彩		109	F	1
2022	陽彩	ひいろ	109	F	1
2022	陽莉		110	F	1
2022	陽莉	ひより	110	F	1
2022	陽葵		111	F	1
2022	陽葵	ひまり	111	F	1
2022	雫月		112	F	1
2022	雫月	しづき	112	F	1
2022	音羽		113	F	1
2022	音羽	おとは	113	F	1
2022	颯来		114	F	1
2022	颯来	さら	114	F	1
2022	鼓		115	F	1
2022	鼓	つづみ	115	F	1
2022	あおば		1	M	1
2022		かいと	1	M	3
2022	あおば	あおば	1	M	1
2022	るい		2	M	1
2022		みなと	2	M	3
2022	るい	るい	2	M	1
2022	ミハイル		3	M	1
2022		あお	3	M	2
2022	ミハイル	みはいる	3	M	1
2022	一賀		4	M	1
2022		あおと	4	M	2
2022	一賀	いちか	4	M	1
2022	丈陽		5	M	1
2022		いちか	5	M	2
2022	丈陽	たけはる	5	M	1
2022	之		6	M	1
2022		けんと	6	M	2
2022	之	いたる	6	M	1
2022	了一		7	M	1
2022		そら	7	M	2
2022	了一	りょういち	7	M	1
2022	伊那		8	M	1
2022		たくみ	8	M	2
2022	伊那	いな	8	M	1
2022	佑篤		9	M	1
2022		とあ	9	M	2
2022	佑篤	ゆうと	9	M	1
2022	依央		10	M	1
2022		なおき	10	M	2
2022	依央	いちか	10	M	1
2022	健人		11	M	1
2022		ゆいと	11	M	2
2022	健人	けんと	11	M	1
2022	健太郎		12	M	1
2022		ゆうと	12	M	2
2022	健太郎	けんたろう	12	M	1
2022	健晴		13	M	1
2022		るい	13	M	2
2022	健晴	きよはる	13	M	1
2022	優心		14	M	1
2022		あおば	14	M	1
2022	優心	ゆうと	14	M	1
2022	光		15	M	1
2022		あき	15	M	1
2022	光	ひかる	15	M	1
2022	光湊		16	M	1
2022		あさひ	16	M	1
2022	光湊	みなと	16	M	1
2022	凜寧		17	M	1
2022		あさひろ	17	M	1
2022	凜寧	りんね	17	M	1
2022	凪帆		18	M	1
2022		あやと	18	M	1
2022	凪帆	なぎほ	18	M	1
2022	凪紡		19	M	1
2022		いお	19	M	1
2022	凪紡	なつむ	19	M	1
2022	凰真		20	M	1
2022		いたる	20	M	1
2022	凰真	おうま	20	M	1
2022	凱音		21	M	1
2022		いつき	21	M	1
2022	凱音	かいと	21	M	1
2022	勇三		22	M	1
2022		いな	22	M	1
2022	勇三	ゆうぞう	22	M	1
2022	千晴		23	M	1
2022		えいすけ	23	M	1
2022	千晴	ちはる	23	M	1
2022	千紘		24	M	1
2022		えいた	24	M	1
2022	千紘	ちひろ	24	M	1
2022	叶空		25	M	1
2022		おうき	25	M	1
2022	叶空	とあ	25	M	1
2022	司		26	M	1
2022		おうま	26	M	1
2022	司	つかさ	26	M	1
2022	啓杜		27	M	1
2022		おおだい	27	M	1
2022	啓杜	けいと	27	M	1
2022	善		28	M	1
2022		かいり	28	M	1
2022	善	ぜん	28	M	1
2022	圭吾		29	M	1
2022		かなた	29	M	1
2022	圭吾	けいご	29	M	1
2022	大橙		30	M	1
2022		かねあき	30	M	1
2022	大橙	おおだい	30	M	1
2022	大鷹		31	M	1
2022		かや	31	M	1
2022	大鷹	たいよう	31	M	1
2022	奎汰		32	M	1
2022		きよはる	32	M	1
2022	奎汰	けいた	32	M	1
2022	奏汰		33	M	1
2022		けい	33	M	1
2022	奏汰	かなた	33	M	1
2022	奏良		34	M	1
2022		けいご	34	M	1
2022	奏良	そら	34	M	1
2022	奏輔		35	M	1
2022		けいし	35	M	1
2022	奏輔	そうすけ	35	M	1
2022	宏河		36	M	1
2022		けいじ	36	M	1
2022	宏河	こうが	36	M	1
2022	寿		37	M	1
2022		けいた	37	M	1
2022	寿	ひさし	37	M	1
2022	尊		38	M	1
2022		けいと	38	M	1
2022	尊	みこと	38	M	1
2022	尚希		39	M	1
2022		けんたろう	39	M	1
2022	尚希	なおき	39	M	1
2022	巧真		40	M	1
2022		げん	40	M	1
2022	巧真	たくま	40	M	1
2022	弥弦		41	M	1
2022		げんじゅ	41	M	1
2022	弥弦	みつる	41	M	1
2022	彗壮		42	M	1
2022		こうが	42	M	1
2022	彗壮	いお	42	M	1
2022	彩央		43	M	1
2022		こうた	43	M	1
2022	彩央	あお	43	M	1
2022	彩翔		44	M	1
2022		こうだい	44	M	1
2022	彩翔	あやと	44	M	1
2022	志優		45	M	1
2022		こわ	45	M	1
2022	志優	しゅう	45	M	1
2022	怜桜		46	M	1
2022		さだかず	46	M	1
2022	怜桜	れお	46	M	1
2022	怜真		47	M	1
2022		しゅう	47	M	1
2022	怜真	りょうま	47	M	1
2022	悠慎		48	M	1
2022		しょうたろう	48	M	1
2022	悠慎	ゆうま	48	M	1
2022	悠矢		49	M	1
2022		しんいち	49	M	1
2022	悠矢	はるや	49	M	1
2022	悠維		50	M	1
2022		じん	50	M	1
2022	悠維	ゆうい	50	M	1
2022	悠臣		51	M	1
2022		じんた	51	M	1
2022	悠臣	ゆうしん	51	M	1
2022	悠誠		52	M	1
2022		せいた	52	M	1
2022	悠誠	ゆうせい	52	M	1
2022	惺渚		53	M	1
2022		せな	53	M	1
2022	惺渚	せな	53	M	1
2022	慶次		54	M	1
2022		ぜん	54	M	1
2022	慶次	けいじ	54	M	1
2022	成央		55	M	1
2022		そうすけ	55	M	1
2022	成央	なお	55	M	1
2022	成斗		56	M	1
2022		そうた	56	M	1
2022	成斗	なりと	56	M	1
2022	拓実		57	M	1
2022		たいよう	57	M	1
2022	拓実	たくみ	57	M	1
2022	拓弥		58	M	1
2022		たお	58	M	1
2022	拓弥	たくみ	58	M	1
2022	旭		59	M	1
2022		たくま	59	M	1
2022	旭	あさひ	59	M	1
2022	明季		60	M	1
2022		たけはる	60	M	1
2022	明季	あき	60	M	1
2022	明音		61	M	1
2022		たまき	61	M	1
2022	明音	あおと	61	M	1
2022	映育		62	M	1
2022		ちはる	62	M	1
2022	映育	えいすけ	62	M	1
2022	春陽		63	M	1
2022		ちひろ	63	M	1
2022	春陽	はるひ	63	M	1
2022	晃大		64	M	1
2022		つかさ	64	M	1
2022	晃大	こうだい	64	M	1
2022	景		65	M	1
2022		つなぐ	65	M	1
2022	景	けい	65	M	1
2022	晴大		66	M	1
2022		とうき	66	M	1
2022	晴大	せいた	66	M	1
2022	晴雪		67	M	1
2022		とうま	67	M	1
2022	晴雪	はるゆき	67	M	1
2022	暖真		68	M	1
2022		なお	68	M	1
2022	暖真	はるま	68	M	1
2022	朝大		69	M	1
2022		なぎほ	69	M	1
2022	朝大	あさひろ	69	M	1
2022	杜空		70	M	1
2022		なつき	70	M	1
2022	杜空	とあ	70	M	1
2022	柏		71	M	1
2022		なつむ	71	M	1
2022	柏	かや	71	M	1
2022	柚月		72	M	1
2022		なりと	72	M	1
2022	柚月	ゆづき	72	M	1
2022	桂詩		73	M	1
2022		はる	73	M	1
2022	桂詩	けいし	73	M	1
2022	桃之介		74	M	1
2022		はるか	74	M	1
2022	桃之介	もものすけ	74	M	1
2022	桜稀		75	M	1
2022		はるひ	75	M	1
2022	桜稀	おうき	75	M	1
2022	梛月		76	M	1
2022		はるま	76	M	1
2022	梛月	なつき	76	M	1
2022	樹希		77	M	1
2022		はるや	77	M	1
2022	樹希	いつき	77	M	1
2022	櫂理		78	M	1
2022		はるゆき	78	M	1
2022	櫂理	かいり	78	M	1
2022	汰織		79	M	1
2022		ひかる	79	M	1
2022	汰織	たお	79	M	1
2022	洸太		80	M	1
2022		ひさし	80	M	1
2022	洸太	こうた	80	M	1
2022	浬久		81	M	1
2022		ひびき	81	M	1
2022	浬久	りく	81	M	1
2022	海澄		82	M	1
2022		ほだか	82	M	1
2022	海澄	かいと	82	M	1
2022	海翔		83	M	1
2022		まひゅう	83	M	1
2022	海翔	かいと	83	M	1
2022	涼平		84	M	1
2022		みこと	84	M	1
2022	涼平	りょうへい	84	M	1
2022	湊		85	M	1
2022		みずき	85	M	1
2022	湊	みなと	85	M	1
2022	湊大		86	M	1
2022		みつる	86	M	1
2022	湊大	みなと	86	M	1
2022	源珠		87	M	1
2022		みはいる	87	M	1
2022	源珠	げんじゅ	87	M	1
2022	灯希		88	M	1
2022		もものすけ	88	M	1
2022	灯希	とうき	88	M	1
2022	燈真		89	M	1
2022		ゆうい	89	M	1
2022	燈真	とうま	89	M	1
2022	玄		90	M	1
2022		ゆうしん	90	M	1
2022	玄	げん	90	M	1
2022	琉太		91	M	1
2022		ゆうせい	91	M	1
2022	琉太	るた	91	M	1
2022	琉真		92	M	1
2022		ゆうぞう	92	M	1
2022	琉真	りゅうま	92	M	1
2022	琉葦		93	M	1
2022		ゆうた	93	M	1
2022	琉葦	るい	93	M	1
2022	琥羽		94	M	1
2022		ゆうひ	94	M	1
2022	琥羽	こわ	94	M	1
2022	瑛汰		95	M	1
2022		ゆうま	95	M	1
2022	瑛汰	えいた	95	M	1
2022	瑞生		96	M	1
2022		ゆづき	96	M	1
2022	瑞生	みずき	96	M	1
2022	環		97	M	1
2022		ようたろう	97	M	1
2022	環	たまき	97	M	1
2022	直希		98	M	1
2022		りく	98	M	1
2022	直希	なおき	98	M	1
2022	眞彪		99	M	1
2022		りゅうま	99	M	1
2022	眞彪	まひゅう	99	M	1
2022	真政		100	M	1
2022		りょういち	100	M	1
2022	真政	さだかず	100	M	1
2022	碧空		101	M	1
2022		りょういちろう	101	M	1
2022	碧空	そら	101	M	1
2022	穂高		102	M	1
2022		りょうへい	102	M	1
2022	穂高	ほだか	102	M	1
2022	結仁		103	M	1
2022		りょうま	103	M	1
2022	結仁	ゆいと	103	M	1
2022	結大		104	M	1
2022		りんね	104	M	1
2022	結大	ゆうた	104	M	1
2022	結都		105	M	1
2022		るた	105	M	1
2022	結都	ゆいと	105	M	1
2022	繋		106	M	1
2022		れいじ	106	M	1
2022	繋	つなぐ	106	M	1
2022	羽陽		107	M	1
2022		れお	107	M	1
2022	羽陽	はる	107	M	1
2022	翔太郎		108	M	1
2022		れん	108	M	1
2022	翔太郎	しょうたろう	108	M	1
2022	耀太郎		109	M	1
2022	耀太郎	ようたろう	109	M	1
2022	芯一		110	M	1
2022	芯一	しんいち	110	M	1
2022	葵都		111	M	1
2022	葵都	あおと	111	M	1
2022	蒼太		112	M	1
2022	蒼太	そうた	112	M	1
2022	蓮		113	M	1
2022	蓮	れん	113	M	1
2022	謙朗		114	M	1
2022	謙朗	かねあき	114	M	1
2022	賢人		115	M	1
2022	賢人	けんと	115	M	1
2022	迅		116	M	1
2022	迅	じん	116	M	1
2022	迅汰		117	M	1
2022	迅汰	じんた	117	M	1
2022	遙		118	M	1
2022	遙	はるか	118	M	1
2022	陵一朗		119	M	1
2022	陵一朗	りょういちろう	119	M	1
2022	雄飛		120	M	1
2022	雄飛	ゆうひ	120	M	1
2022	零ニ		121	M	1
2022	零ニ	れいじ	121	M	1
2022	青旺		122	M	1
2022	青旺	あお	122	M	1
2022	響稀		123	M	1
2022	響稀	ひびき	123	M	1
