{
  "meiji_orth_char_1_syll_1_char_olength_plength": {
    "caption": "Change in Genderedness over time (meiji orth, using ['char_1', 'syll_1', 'char', 'olength', 'plength'])",
    "headers": [
      "Year",
      "Gender",
      "Genderedness"
    ],
    "rows": [
      [
        2008,
        "F",
        0.909767673909614
      ],
      [
        2009,
        "F",
        0.9098889412614567
      ],
      [
        2010,
        "F",
        0.9260268349732742
      ],
      [
        2011,
        "F",
        0.9065054918973869
      ],
      [
        2012,
        "F",
        0.9251761106394634
      ],
      [
        2013,
        "F",
        0.9036965820223052
      ],
      [
        2014,
        "F",
        0.9339354825297655
      ],
      [
        2015,
        "F",
        0.9039974100883393
      ],
      [
        2016,
        "F",
        0.8967952431871021
      ],
      [
        2017,
        "F",
        0.9093270643589544
      ],
      [
        2018,
        "F",
        0.8979429255572967
      ],
      [
        2019,
        "F",
        0.9029170336835194
      ],
      [
        2020,
        "F",
        0.9213053728341787
      ],
      [
        2021,
        "F",
        0.8930850645922122
      ],
      [
        2022,
        "F",
        0.8591815726709087
      ],
      [
        2008,
        "M",
        0.8922176304971688
      ],
      [
        2009,
        "M",
        0.8967771734324885
      ],
      [
        2010,
        "M",
        0.8993512735806094
      ],
      [
        2011,
        "M",
        0.8897012490117623
      ],
      [
        2012,
        "M",
        0.9034249640464177
      ],
      [
        2013,
        "M",
        0.8956318478569635
      ],
      [
        2014,
        "M",
        0.8849883337228296
      ],
      [
        2015,
        "M",
        0.8977999503688767
      ],
      [
        2016,
        "M",
        0.89158094966167
      ],
      [
        2017,
        "M",
        0.8776238849526872
      ],
      [
        2018,
        "M",
        0.8800231217221391
      ],
      [
        2019,
        "M",
        0.8746860819305726
      ],
      [
        2020,
        "M",
        0.8621528089798426
      ],
      [
        2021,
        "M",
        0.8395120050884357
      ],
      [
        2022,
        "M",
        0.805350802384673
      ]
    ],
    "trends": {
      "F": {
        "slope": -0.0021445212219757762,
        "intercept": 5.227846849228241,
        "r2": 0.29635043498227487,
        "pvalue": 0.035895606560352004
      },
      "M": {
        "slope": -0.004633359410796172,
        "intercept": 10.215607351236763,
        "r2": 0.6179863869589416,
        "pvalue": 0.000510655124858837
      }
    }
  },
  "hs_orth_char_1_syll_1_char_olength_plength": {
    "caption": "Change in Genderedness over time (hs orth, using ['char_1', 'syll_1', 'char', 'olength', 'plength'])",
    "headers": [
      "Year",
      "Gender",
      "Genderedness"
    ],
    "rows": [
      [
        2008,
        "F",
        0.909767673909614
      ],
      [
        2009,
        "F",
        0.9098889412614567
      ],
      [
        2010,
        "F",
        0.9260268349732742
      ],
      [
        2011,
        "F",
        0.9065054918973869
      ],
      [
        2012,
        "F",
        0.9251761106394634
      ],
      [
        2013,
        "F",
        0.9036965820223052
      ],
      [
        2014,
        "F",
        0.9339354825297655
      ],
      [
        2015,
        "F",
        0.9039974100883393
      ],
      [
        2016,
        "F",
        0.8967952431871021
      ],
      [
        2017,
        "F",
        0.9093270643589544
      ],
      [
        2018,
        "F",
        0.8979429255572967
      ],
      [
        2019,
        "F",
        0.9029170336835194
      ],
      [
        2020,
        "F",
        0.9213053728341787
      ],
      [
        2021,
        "F",
        0.8930850645922122
      ],
      [
        2022,
        "F",
        0.8591815726709087
      ],
      [
        2008,
        "M",
        0.8922176304971688
      ],
      [
        2009,
        "M",
        0.8967771734324885
      ],
      [
        2010,
        "M",
        0.8993512735806094
      ],
      [
        2011,
        "M",
        0.8897012490117623
      ],
      [
        2012,
        "M",
        0.9034249640464177
      ],
      [
        2013,
        "M",
        0.8956318478569635
      ],
      [
        2014,
        "M",
        0.8849883337228296
      ],
      [
        2015,
        "M",
        0.8977999503688767
      ],
      [
        2016,
        "M",
        0.89158094966167
      ],
      [
        2017,
        "M",
        0.8776238849526872
      ],
      [
        2018,
        "M",
        0.8800231217221391
      ],
      [
        2019,
        "M",
        0.8746860819305726
      ],
      [
        2020,
        "M",
        0.8621528089798426
      ],
      [
        2021,
        "M",
        0.8395120050884357
      ],
      [
        2022,
        "M",
        0.805350802384673
      ]
    ],
    "trends": {
      "F": {
        "slope": -0.0021445212219757762,
        "intercept": 5.227846849228241,
        "r2": 0.29635043498227487,
        "pvalue": 0.035895606560352004
      },
      "M": {
        "slope": -0.004633359410796172,
        "intercept": 10.215607351236763,
        "r2": 0.6179863869589416,
        "pvalue": 0.000510655124858837
      }
    }
  },
  "meiji_p_pron_char_1_syll_1_char_olength_plength": {
    "caption": "Change in Genderedness over time (meiji_p pron, using ['char_1', 'syll_1', 'char', 'olength', 'plength'])",
    "headers": [
      "Year",
      "Gender",
      "Genderedness"
    ],
    "rows": [
      [
        2008,
        "F",
        0.909767673909614
      ],
      [
        2009,
        "F",
        0.9098889412614567
      ],
      [
        2010,
        "F",
        0.9260268349732742
      ],
      [
        2011,
        "F",
        0.9065054918973869
      ],
      [
        2012,
        "F",
        0.9251761106394634
      ],
      [
        2013,
        "F",
        0.9036965820223052
      ],
      [
        2014,
        "F",
        0.9339354825297655
      ],
      [
        2015,
        "F",
        0.9039974100883393
      ],
      [
        2016,
        "F",
        0.8967952431871021
      ],
      [
        2017,
        "F",
        0.9093270643589544
      ],
      [
        2018,
        "F",
        0.8979429255572967
      ],
      [
        2019,
        "F",
        0.9029170336835194
      ],
      [
        2020,
        "F",
        0.9213053728341787
      ],
      [
        2021,
        "F",
        0.8930850645922122
      ],
      [
        2022,
        "F",
        0.8591815726709087
      ],
      [
        2008,
        "M",
        0.8922176304971688
      ],
      [
        2009,
        "M",
        0.8967771734324885
      ],
      [
        2010,
        "M",
        0.8993512735806094
      ],
      [
        2011,
        "M",
        0.8897012490117623
      ],
      [
        2012,
        "M",
        0.9034249640464177
      ],
      [
        2013,
        "M",
        0.8956318478569635
      ],
      [
        2014,
        "M",
        0.8849883337228296
      ],
      [
        2015,
        "M",
        0.8977999503688767
      ],
      [
        2016,
        "M",
        0.89158094966167
      ],
      [
        2017,
        "M",
        0.8776238849526872
      ],
      [
        2018,
        "M",
        0.8800231217221391
      ],
      [
        2019,
        "M",
        0.8746860819305726
      ],
      [
        2020,
        "M",
        0.8621528089798426
      ],
      [
        2021,
        "M",
        0.8395120050884357
      ],
      [
        2022,
        "M",
        0.805350802384673
      ]
    ],