year	gender	sound_row	orth	pron	episode	page_type	url	src
2020	F	あ行	愛叶	あいか	人生の道標のようなアーティストに好きな漢字〈愛〉という一文字をもらい、姓名判断で画数に凶が入ってなくて、旦那さんがキラキラネームは嫌だということでなかなか名前が決まらなかった。友達の働いている保育園の子どもで愛叶がいるという話から、調べてみたら画数もよくて旦那さんからもOKをもらったので決まるときはあっさり決まるんだなと思った。	sound_row	https://baby-calendar.jp/knowledge/common/1522	bc
2020	F	あ行	愛菜	あいな	愛」は、周りから愛され、そして愛をもって接する、思いやりのある子に育ちますように。「菜」は、すくすくと元気に育ってほしいという気持ちを込めて名づけました。もともと出産前に主人と相談して、候補を出したりしたのですが、お互いの意見が合わず、結局我が子の顔を見てから決めようということになりました。出産後、可愛らしい娘の表情を見て、初めて夫婦の意見が一致し、この名前に決まりました。今では生後6カ月になる娘本人が、呼ばれる度にニコニコ笑ってくれるので、この名前にして良かったなとしみじみ思っています。娘が大きくなったときに、この名前をつけてくれてありがとう、と言われるといいな！！	sound_row	https://baby-calendar.jp/knowledge/common/1522	bc
2020	F	あ行	藍菜	あいな	藍」は植物で8月から花を咲かせます。花言葉は「美しく装う」「あなた次第」という。和のイメージで清く落ち着いたかんじがある。藍染にも使用されているので「青は藍より出でて藍より青し」という言葉があり、これは「藍草で染めた染料は藍草よりも綺麗な青色になる」ことを表しています。転じて、「生みの親より子が優れること、師匠より弟子が優れること」という意味合いがあるので、人生が華やかであってほしい、凛々しく美しい子に育ってほしい、繊細で細やかな配慮のできる子にと願って。「菜」も植物で、なばなの黄色のイメージから明るく健康で元気でいてほしい。	sound_row	https://baby-calendar.jp/knowledge/common/1522	bc
2020	F	あ行	愛絆	あいは	この子がおなかにいる時から家族に身内に友達、皆に楽しみに待っていてもらえ、生まれてからもたくさんの人に愛されて。コロナの中、立ち会い無しで初めての出産に挑み、元々の持病もあり安産だったものの呼吸は止まり、心拍も低下し子どもの産声で目を覚ましました。 出産予定日4日前、里帰りしていた実家から旦那のいるアパートへ荷物を取りに戻ったところ、浮気現場に鉢合わせまさかの修羅場。いつ出てきてもおかしくない大きなおなかを抱え毎日、洗濯、掃除、ゴミ出し、買い出しに全てやりに帰っていました。元々妊娠してからも何かとあまり気にかけてくれたりは無かったですが……。旦那には妊婦なりに尽くしていたつもりでしたが、まさかの出来事に私も激怒し、怒鳴り合いもみ合いになったりしましたが、その場はさすがに体調もきつくなり両親に後は任せました。予定日当日、もう一度両家で話し合いをし、相手の方にも謝罪をしていただき、その後は生まれたあとへと保留……。 心も体もボロボロで、食事も睡眠もほとんど取れない中、「そろそろ出てきて？会いたい、寂しいよ」とおなかへ話しかけていたところ、予定日2日後に陣痛。病院へ行き、本当にタイミング良く出てきてくれて、心の傷も癒やされていきました。寂しさや、悲しさ、心の痛み、会いたい、抱きしめたい、声を聞きたい、というこの子への私の思いが通じたかのようでした。なんと言ったらいいのか、母と子の絆なのでしょうか？ そんな出来事やたくさんの人からの「愛」、コロナ禍の世界が「絆」の言葉で結ばれ、出産の出来事などを含めパッと浮かんだのが「愛」「絆」。読みを調べ、すぐにビビッときたのは「愛絆（あいは）」でした。自分自身の現状、心情、世界、などたくさんの思いと、成長をする中で「愛」「絆」に恵まれる子になってほしいと思いつけたのが由来です。	sound_row	https://baby-calendar.jp/knowledge/common/1522	bc
2020	F	あ行	愛羅	あいら	初めはすごく悩んでいて、いくつかかわいい名前を出して、それでも決まらず。 「愛」という漢字は皆から愛されるようにという意味で入れたいと思い入れました。 あと、なかなかいない名前がいいというのもあったり、名字に合った名前をと言うのもありました。最終的には名字に合った名前の中から、愛がつく、なかなかいない名前になりました。 こういう決め方する方はいないと思いますが、皆はどう決めているのか気になります。	sound_row	https://baby-calendar.jp/knowledge/common/1522	bc
2020	F	あ行	あいら	あいら	おなかの子が女の子だと分かってからいくつか候補を考えました。鹿児島出身の旦那さんから「姶良：あいら」や「知覧：ちらん」は音の響きが可愛らしくていいんじゃないかと言ってもらいました。夏の終わりの生まれなので、夏らしい名前も考えたのですが、旦那さんが生まれ育った「姶良：あいら」が1番しっくりきたので、おなかの赤ちゃんに「あいらちゃん」と声かけすると、元気よく反応してくれました♪ 姓名判断もしてもらい、いろいろな漢字も検討しましたが、結局誰もが読めて丸みを帯びて可愛らしい平仮名の名前にしました。I Lo（ve）の響きにも近くて名前を呼ぶ度に愛情を伝えられている気がして、私も嬉しいです。これからいろいろな人に愛される人になってほしいです。	sound_row	https://baby-calendar.jp/knowledge/common/1522	bc
2020	F	あ行	愛藍	あいら	4人目の子どもがおなかに宿り、とても嬉しく思いました。1人目は男の子で悠碧（ゆうあ）。私の大好きな青色を名前に入れたく「碧」。そして、心を大切にと願いを込めて。2人目が女の子。家族で繋がりたく、しりとりで葵心（あこ）。もちろん青色の「葵」、に心を。3番目は恋乃蒼（このあ）。3人目も「蒼」。そして、4人目もみんなで手を取り合って愛される子にと愛藍（あいら）。青色の「藍」、家族みんなの気持ちが1つになり繋がるように、そして大切な存在でありますようにと「心」を。子どもたち全員繋がり、大切なかけがえのない宝物です。	sound_row	https://baby-calendar.jp/knowledge/common/1522	bc
2020	F	あ行	藍莉	あいり	姉が夏の太陽の朱色で朱莉、妹が秋の夜月の藍色で藍莉。この2色が合わさった時にできる毎日の夕焼け空や、朝焼け空のように、いつまでも一緒で、美しく、癒やしのある人になってもらいたい。そして互いに無いものを与え、支え合っていってほしいという想いで付けました。	sound_row	https://baby-calendar.jp/knowledge/common/1522	bc
2020	F	あ行	愛莉	あいり	複数候補があった中で、おなかの中にいる娘に呼び掛けたら、この名前の時だけすごく反応したので。生まれる前からこの名前で呼んでいたし、生まれてきて顔を見てもこの名前が似合っていたから、そのまま変えることなくこの名前に決めた。	sound_row	https://baby-calendar.jp/knowledge/common/1522	bc
2020	F	あ行	彩桜	あお	"名前の由来は、""水""から派生して水色、青色、海、川、数多くの部類から、青色の""あお""の響きがしっくりくるということで、「あお」と名づけられました。なぜ水から派生させたかといいますと、私たち夫婦が付き合うことになった場所が、錦帯橋という橋の上、つまり川の上でした。お出かけや旅行でも川や滝、海、自然に触れることが多く、プロポーズをした場所も船の上、つまり海の上でした。こういった経緯もあり、名前が決まりました。漢字の彩桜には、桜＝人を惹きつけるような素敵な人になってほしいことと、彩＝たくさんの色がある中で、自分なりの色、つまり個性を豊かに育んでほしい、という2つの願いを込めて、漢字を選ばせて頂きました。"	sound_row	https://baby-calendar.jp/knowledge/common/1522	bc
2020	F	あ行	彩桜	あお	出産予定日は4月12日。私は東京に住んでいるのですが、はじめての子どもということ、東京には旦那以外の親族がいないことから青森で里帰り出産することにしました。私たち夫婦は付き合っている時から毎年かかさず桜を見に行っていました。桜の花の可憐さをみて、日本人でよかったなーとしみじみ思うくらい、桜の花が本当に好きでした。今年は本当であれば3月の妊娠中に東京で桜を見て、出産後の4月末には地元の青森で子どもと桜を見ることができるはずでした。しかし、今年はコロナのため外出は自粛。世の中も毎日コロナのニュースでおなかの我が子もいつかコロナにかかってしまうのではないかと常に心配でした。そこで、周りの人、空間を彩る桜の花のような魅力的な人になってほしいという意味を込めて彩桜と名づけました。	sound_row	https://baby-calendar.jp/knowledge/common/1522	bc
2020	F	あ行	碧	あおい	付き合っているときから、「うちらに子どもができたら女の子っぽいよね。子どもができたら『あおちゃん』って呼びたいね」と話しをしていました。いざ、結婚、妊娠をしたら女の子！ 碧の字にしたのは、私が緑色が大好きで、一時期は財布もキーケースもケータイカバーも緑色！ 髪も緑のアッシュ（笑）。友達からも結婚式のカラードレスは緑だろうと言われてました。碧の色は、私が大好きな色であり、父親の誕生石の色。そして、宝石の意味もある漢字です。宝石のように輝く目を持って、人に優しい子になってほしいという思いでつけました。きっと我が家の碧ちゃんになりたくて、コウノトリさんが運んできてくれたのだと思っています。	sound_row	https://baby-calendar.jp/knowledge/common/1522	bc
2020	F	あ行	葵生	あおい	妊娠中から、名づけを考え始めました。娘には父親との繋がりを大切にしてほしかったため、父親の名前から一文字とって「生」をつけることは決めていました。出産後すぐ娘は一過性多呼吸や黄疸でNICUに入り、親としては大変不安な日々を過ごしました。娘が健康ですくすく成長することを強く願い、「葵」の花の生命力にあやかって、「葵生」としました。	sound_row	https://baby-calendar.jp/knowledge/common/1522	bc
2020	F	あ行	葵	あおい	男の子だったら地球、女の子だったら葵という名前を付けようと思っていました。唯一無二の存在、地球規模で活躍してほしいという願いからでした。結果として女の子が生まれ、顔を見て最終決定するという夫婦間での約束のもと、葵と名づけました。	sound_row	https://baby-calendar.jp/knowledge/common/1522	bc
2020	F	あ行	蒼彩	あおい	名前は響きがいいのと、2人がこれがいい！というのが一致したから。漢字は、画数がいいのと、蒼は大きな夢を持つ子になってほしい、彩はいろどりのある人生になるように願いを込めて。彩はもうひとつ、“彩の国さいたま”ってことで、埼玉の女という意味もあります！	sound_row	https://baby-calendar.jp/knowledge/common/1522	bc
2020	F	あ行	あおい	あおい	検査薬で妊娠が分かったその日に上の子（当時2歳）が「あおいちゃん！」と言いました。何かテレビに出ていた中のひとりの名前ではあったと思うのですが、私が次の子につけたいと思っていた名前だったので、主人とびっくり！ もちろんその時は女の子か男の子かも分かりませんでしたが、その瞬間に名づけ確定（笑）。その日からみんなで「あおいちゃん！」と呼び、おなかに声をかけてくれた名づけの主のお姉ちゃん！ 今ではすっかりあおいちゃんのお世話をする優しいお姉ちゃんです。見事に女の子が生まれてきてくれたことにもびっくりの我が家の出来事でした！ 向日葵のようにまっすぐに成長してね！ あおいちゃん！	sound_row	https://baby-calendar.jp/knowledge/common/1522	bc
2020	F	あ行	葵	あおい	夫婦共に下の名前が漢字一文字、平仮名三文字でしたので、子どもの名前も同じようにしようというところから名前を絞っていきました。最終的には画数や意味、生まれる季節で葵と言う名前にしました。葵の花で最も有名なのが立葵という花で、太陽に向かって真っ直ぐに伸びるお花のようで、素直で真っ直ぐ太陽みたいに元気な子に育ってほしいという願いを込めて名前をつけました。今は生後4カ月で元気にすくすく育っており、毎日少しずつ成長していくのが楽しみです。	sound_row	https://baby-calendar.jp/knowledge/common/1522	bc
2020	F	あ行	蒼	あおい	お姉ちゃんたちがつけました。響きがかわいいのと人気だからと言っていました！	sound_row	https://baby-calendar.jp/knowledge/common/1522	bc
2020	F	あ行	青李	あおい	『青』青色のように清く、これから出会う人たちに癒やしを与えられる子に育ってほしいという思いからこの漢字にしました。また、長女は誕生石がガーネットなため、名前に『朱』が入っており、青李は9月生まれなため、誕生日であるサファイアの色を名前に入れたいという思いもありました。『李』李（すもも）は一つの木にたくさんの実をなす事からこの漢字が使われているそうです。李のように、たくさんの事を自分の身にできる子に育ってほしい。また、たくさんの人との繋がりを持てる、そして繋がりを大切にできる子になってほしいと思い、この漢字にしました。	sound_row	https://baby-calendar.jp/knowledge/common/1522	bc
2020	F	あ行	葵音	あおい	5歳の息子の名前が柚葵（ゆずき）といい、息子の名前の漢字を1文字入れたいとずっと思っていました。女の子なら、あおいちゃんがいいなと思い息子に聞くと、息子も気に入りあおいちゃんがいいと言うので、女の子ならあおいちゃんに決めました。しかし、葵だけだと字画が悪いため、探していると葵音の字画がよかったのでこの漢字を使いたくて、男の子でも女の子でもこの漢字を使おうとなり、女の子なら葵音で「あおい」と読み、男の子だったら「あおと」にしようと決めました。生まれてきた子が女の子だったので、息子がずっと、あおいちゃんがいいと言っていたこともあり、葵音であおいになりました。	sound_row	https://baby-calendar.jp/knowledge/common/1522	bc
2020	F	あ行	葵衣	あおい	妊娠中に「おなかの子に赤ちゃんって呼ぶの、味気なくない？」「うーん、じゃあ赤じゃなくて青にして、あおちゃんにする？」と、胎児ネームが“あおちゃん”にゆるっと決定。名前は胎児ネームとは別に考えるつもりが、あまりにも定着してしまったので“あお”がつく名前を考え始めていました。そうして予定日より一週間早く生まれた娘の誕生花はタチアオイ。これが決定打となり、候補の中に出していた“葵衣（あおい）”に決定しました。	sound_row	https://baby-calendar.jp/knowledge/common/1522	bc
2020	F	あ行	葵衣	あおい	結婚してから子どもは授かりものという意識と私の年齢の事もあり、特に焦ることなく過ごしていた時に、まさかの妊娠でした。夫は子どもができたら「葵」にしたいと言っていたので、「葵」でいいかなと考えていました。妊娠判明後、世の中に新型コロナウイルス感染症が広まり、日々感染の不安と今後の収入や直接生活に関する事への不安でいっぱいでした。世間も感染症への不安に包まれており、多くの人が敏感になっていると思います。 いろいろな事に敏感になってしまっていた妊娠中でしたが、この子にはどんな状況でもおおらかで優しさを忘れない子になってほしいと思い、また女の子という事もあったので「衣」をつけて「葵衣」にしたいと言いました。衣という字にはさまざまな意味がありますが、みんなを包み込める温かい優しい子に成長してもらいたい思いを込めました。大きくなった時、こんなに大変な時だったけれど、元気に生まれたんだという事をお話ししてあげたいです。	sound_row	https://baby-calendar.jp/knowledge/common/1522	bc
2020	F	あ行	碧葉	あおば	澄んだ優しい心を持って元気にイキイキ育ってほしい」人だけでなく、自然を大切にできる思いやりのある子に。明るく元気いっぱいな子に。両親とも山や海など自然と触れあうのが好きで、どちらの字も自然と関わりのある漢字にしました。	sound_row	https://baby-calendar.jp/knowledge/common/1522	bc
2020	F	あ行	陽莉	あかり	私は双子で小学3年生の甥っ子がいます。双子で仲良しで、甥っ子のことも我が子のように可愛くて毎日一緒にいます。一緒に公園で遊んだり、熱が出れば一緒に病院行ったり、一緒に笑ったり泣いたり、もう息子のような存在です。そんな甥っ子が私が妊娠7カ月のとき、つわりがひどく早めに夜寝ていたら、急に部屋に入ってきて「赤ちゃんの名前、あかりはどうかね！？」と目をキラキラさせて話してくれました。あかりという名前を全然考えていなかったのですが、甥っ子が話してくれた瞬間これだー！っと思いました。その夜もあかりという名前を思い浮かべて寝ると、あかりが大きくなったときの笑顔が思い浮かび、幸せな気持ちになりました！ 今、あかりは元気に生まれて、甥っ子と兄妹のように仲良くお互い大好きになっています♡	sound_row	https://baby-calendar.jp/knowledge/common/1522	bc
2020	F	あ行	亜香里	あかり	どんなときでも明るい子でありますように。この子に明るい未来がありますように。	sound_row	https://baby-calendar.jp/knowledge/common/1522	bc
2020	F	あ行	朱莉	あかり	私は22歳で結婚しました。若いし体も丈夫だし、すぐ妊娠すると思っていました。でも、なかなか授かることができず不妊治療を始めました。そして5年後、待ちに待った赤ちゃん。しかし、すぐにお別れになりました。すごく悲しかったけど妊娠できることが分かったので、病院には行かずにまた来てくれることを信じて待つことにしました。それから1年経った時、自然妊娠しました。嬉しくて嬉しくて私は男の子用と女の子用の名前を3つずつ考えました。そして旦那さんに聞いてみたら「朱莉！朱莉がいい！」と即決でした。 画数も1番良くて響きも良くて、ちょっと古風な感じも良いと満面の笑みで言われました。 いつもなら、優柔不断な私は決めることができなかったかもしれないけれど、あかりーっと呼びかけるとおなかの中からドンッと蹴られることが何度もあったので、この子もあかりが気に入ったんだなと思って朱莉ちゃんに決定しました。朱莉は心臓に病気を持って生まれてきました。健康に産んであげれなくてごめんね、と思う毎日でしたが、元気に泣き、最近は笑顔を見せてくれるようになり、とてもかわいいです。みんなからあっちゃんと呼ばれてにこにこしています。これからも元気に大きく育ってほしいです。世界で一番大好きなあっちゃんに出会えて感謝です。	sound_row	https://baby-calendar.jp/knowledge/common/1522	bc
2020	F	あ行	あかり	あかり	初めは漢字の名前や、五月生まれなのでめい、さつきなども検討しましたが、最終的に上の子の名前が平仮名で三文字のため、第二子も揃えたいとの夫からの希望があり、あかりと名づけました。名の通り明るく育ってほしいとの思いからです。コロナ禍での妊娠出産は大変なことも多かったですが、無事に生まれすくすくと育ってくれている我が子に癒やされている日々です。	sound_row	https://baby-calendar.jp/knowledge/common/1522	bc
2020	F	あ行	美星	あかり	亡くなった主人の母の名前の漢字を使いたかった。あかりという名前の響きもよく、私が星が好きなこともあり好きなものを詰め込んだ名前になりました。輝ける人、人生を送ってほしいです。	sound_row	https://baby-calendar.jp/knowledge/common/1522	bc
2020	F	あ行	あかり	あかり	この子を授かって喜びを感じていたのも束の間、年明けから新型コロナウイルスが流行し始めました。3月に卒園し、4月からピカピカの新一年生になる上の子の行事は軒並み中止か延期に。特に練習を頑張っていた卒園記念発表会が無くなって、上の子は号泣していました。楽しみにしていたことが次々と無くなって行く中、自粛生活で外にも出られない。子どもたちはとてもしんどかったと思います。 そのような先の見えない不安な生活の中で、唯一の希望が、6月に生まれてくる赤ちゃんのことでした。上の子たちは毎日私のおなかに耳と手を当てて、「聞こえてるかな？ 楽しみにしてるね。元気に生まれてきてね」と話しかけていました。まさに我が家の希望のあかりでした。私が入院中に自分たちでなんでもできるように練習したり、赤ちゃんのためにお部屋を片付けたりするのを楽しんでいました。 5月末から学校や幼稚園が再開し、ようやく日常を取り戻しつつある中で誕生。これからもずっと我が家の希望のあかりであってほしいという願いを込め、満場一致で「あかり」と名づけました。その名前通り、今日もその笑顔で我が家を明るくしてくれているあかりです。	sound_row	https://baby-calendar.jp/knowledge/common/1522	bc
2020	F	あ行	灯	あかり	灯という名前は妊娠3カ月目のエコー写真をみて決めました。これまでの写真は小さな丸いもので人間らしい姿はしていませんでした。今回もそんな感じだろうと思っていたところ、妊娠3カ月目のエコー写真では指しゃぶりをした姿がはっきりと見え、右手上げて左手上げてと元気に動き回っているのがわかりました。夫婦で「赤ちゃん登場！！！」と喜び、なんとなく気が強そうな女の子に見え、この子に似合いそうな名前を考え始めました。 いくつか候補があったのですが、どれも画数が悪いものばかり。いろいろ考えていくうちにせっかくなら地運・人運・極・総画すべてが吉なものにしよう、夫から気が強そうなのは私似だろうから私と同じ一文字の名前にしようと提案されました。その結果、灯という名前がすべての条件に合い、総画にいたっては大吉という最強の運勢でした。また、接した人の心に光を灯すような明るい子になってほしいと願いを込め、夫が「灯、灯と呼ぶたびに心があたたかくなる！」と言って、この名前に決めました。 出産はコロナの影響で立ち会い出産も面会も禁止となり寂しいお産でしたが、赤ちゃんが生まれたあとにhappyな出来事がありました。出産当日の夜に可愛くて眺めていると、突然ガッツポーズ！ すぐさま写真を撮りました。また、自宅に戻って持ち帰ったへその緒を見ると、ニコちゃんマークに！ 生まれて10日後に急に満面の笑みを浮かべました。 最近になってあのエコー写真を見てみると気づいた事が。灯のクセなのか、よく小指を立てていることがあります。あのエコー写真にすでにその姿が写っていたのです。見つけた時には家族で爆笑しました。灯は毎日元気に動き回っています。ミルクが足りないとパンチするなど、気は強めです。呼びかけるとニコニコしてくれ、私たちも笑顔になります。	sound_row	https://baby-calendar.jp/knowledge/common/1522	bc
2020	F	あ行	朱莉	あかり	夫婦とも30代半ばで結婚し、二人での生活に慣れて来たころ妊活を始めました。共働きでお互い仕事も忙しく思うような結果にならず、気まずい雰囲気になることもありました。仕事との両立や年齢的なことを考えて、どこかで早いのではという思いもあったのですが、妊活を始めて半年後、不妊治療のため病院に通い始めました。そろそろステップアップしようと旦那さんと話し合おうと思っていた矢先、妊娠が判明しました。妊娠が判明したのがお正月だったので、自分たちへのビッグなお年玉になりました。ただ、胎動を感じ、安定期になるまでは、本当におなかに赤ちゃんがいるのかと不安な気持ちのほうが強かったです。 病院で性別を教えてもらった日、帰宅後旦那さんに性別を報告した際「お互いに赤ちゃんの名前を考えよう」と提案しました。旦那さんと一緒に名前を考えるのももちろん素敵な時間ですが、「男の人は我が子が生まれるまで父になる自覚が生まれない」と周囲の方々から言われていて、父としての初めの一歩になるのではないかと思ったからです。その後、各々が考えた名前を見せ合った時に、漢字も読み方も同じだったのが、朱莉（あかり）でした。何の示しあわせもしていないのに、そんな偶然があるんだと嬉しく思い、運命を感じました。 「明るく、元気な女の子に」という思いを込めて名づけました。コロナが流行し例年とは異なる状況で、おまけに初産ということもあり、出産に対して不安もありましたが、周囲の方々のサポートもあり、無事に生まれてきた我が子を初めて胸に抱いた時の想いは一生忘れることができないものになりました。	sound_row	https://baby-calendar.jp/knowledge/common/1522	bc
2020	F	あ行	杏來	あこ	私が“餡子”が大好きなため「杏來」＝あんこ＝あこにしました。	sound_row	https://baby-calendar.jp/knowledge/common/1522	bc
2020	F	あ行	彩心	あこ	彩のある、いろいろな色の世界を見てほしい！ 心の優しい、心のあたたかい人になってほしい！	sound_row	https://baby-calendar.jp/knowledge/common/1522	bc
2020	F	あ行	あさ	あさ	胎動を感じ始めたころから「あーちゃん」と呼んで、おなかに語りかけていました。たくさんの候補から「もあ」ちゃんがいいな、と主人が「桃杏」と漢字を考え、産む直前までこの名前！と決めていました。臨月直前に切迫流産で入院し、妊娠糖尿病も発症。「早産になるかもしれない」と言われ、検査結果の数値が悪く、数値が改善されれば4月の予定日まで待つ、悪いままなら3月末の正産期に入ってすぐ誘発で産む、となりました。3月24日に緊急帝王切開で出産。 2,056gの娘は本当に小さくて、少し早く生まれたので産声を聞くことなく、一瞬だけ胸の上に乗せられただけで保育器へ。連絡を受けて病院に駆けつけてくれた夫は短時間抱っこしただけ、実両親はその様子を見守っただけの短い対面だったようです。夕方の手術で、「今日は保育器で管理に入り、問題なければ明日から面会可能」とのことで、翌日にやっと落ち着いて母子対面。 小さい、小さい体を初めて抱き上げたあの朝が忘れられず、「夜明けの澄んだ空のように明るく、澄んだ空のように清々しい人生でありますように」との願いを込めて「あさ」と名づけました。ひらがな表記にしたのは、これ以上の意味を持たせる必要は無いな、と思い、あえて漢字を考えませんでした。今では、両家のおじいちゃんおばあちゃんに「あーちゃん」と呼ばれ、大変可愛がっていただいてます。	sound_row	https://baby-calendar.jp/knowledge/common/1522	bc
2020	F	あ行	旭	あさひ	漢字一文字の名前」にしたいというのが夫婦の願いで、2人でそれぞれ考え、生まれてから案を見せ合いました。「旭」は私の案で一番のお気に入り、特別推したわけではなかったけれど、夫も一番気に入ってくれてこの名前に決まりました。名前の通り家の中をキラキラ輝く旭のように明るく照らしてくれている娘、明るく元気に育ってほしいという願いが込められています。	sound_row	https://baby-calendar.jp/knowledge/common/1522	bc
2020	F	あ行	あさ美	あさみ	結婚をしてすぐの妊娠でした。思いのほか、早くにできたので旦那も私もびっくりでした。いろいろと名づけを考えましたが、画数や陰陽や響きなど考えすぎて分からなくなり、最終的には占い師さんのところに行き、お願いをしました。しかし、経営元が提示している料金表があるにもかかわらず、数万円ぼったくりの金額を提示されたことに、支払い後気づきました。他の人に委ねた罰だと思い、甘えた結果が生んだものだと2人で落ち込みました。経営元に連絡をし、返金してもらい、2人で名づけの本を買い、一生懸命勉強しました。 私の名前に入っている『美』という字をどうしても使いたかったため、その漢字をもとに再度2人一緒にしばらく考えました。旦那が朝日を見るのが好きで、よく、わざわざ朝早く起きて山に登り、日の出を見に行っていました。妊娠後期最後に朝日を見ようと車で山を登り、見に行った際に、『朝』という字を付けたらいいのではないかと2人でひらめきました。 朝日のように明るく美しい子に育つよう、『あさ美』という名前を付けました。あさがひらがななのは、柔らかくしたかったのと、画数の問題でひらがなにしました。今では、私たちにとってはとても可愛らしく美しく、しゃっくりが出るくらいよく笑う子に育っています。名づけで大切なのは他人に頼らず、その子を想い、自分たちの好きな名前をつけることだと学びました。	sound_row	https://baby-calendar.jp/knowledge/common/1522	bc
2020	F	あ行	あずき	あずき	ママは「くるみ」。娘は「あずき」。あずきは日本で昔からおめでたい時に食べる縁起の良いものとされてきたので、幸せになりますようにと願いを込めました。おしるこ、お赤飯、おはぎ、など。めでたいもの。こしあん、つぶあんといろいろ変化して人生にも彩りをと……。響きも可愛い。ひらがなが可愛い。たくさん考えて名づけました！	sound_row	https://baby-calendar.jp/knowledge/common/1522	bc
2020	F	あ行	亜澄紗	あずさ	私と夫は出会って8カ月で結婚、それから約3年後にベビーが誕生しました。誕生までの日々は長かったような、あっという間だったような、本当にいろいろな事がありました。まず出会ってから3カ月経ったころ、夫が脳梗塞に。そして夫は幸い後遺症もなく退院して間もなく、私の乳癌がわかりました。癌の告知と同時に、以後、妊娠出産が困難となる事を告げられ、私は癌以上にショックを受けました。でも私は出産を諦め切れず、治療後に妊娠できる可能性を残しておくために受精卵を凍結しておきました。 私の手術が無事終わり結婚。乳癌の経過は良好で再発の心配もないだろうとなり、受精卵を移植、高齢にも関わらず一回目で何と妊娠成立。その後も順調に経過しました。妊娠8カ月のころ、女の子であるとわかりいよいよ名前を考え始めました。夫は電車好きであり、やはり「ひかり」「こまち」やら新幹線の名称を挙げる。半分聞き流していたところ、「あずさ」が私の中で印象に残りました。夫が小中高時代を過ごした土地に縁のある電車であり地名でもありました。 私が乳癌の告知間もないころ、結婚前一人暮らしで不安だった私は義実家でしばらくお世話になりました。その時に家庭用のカラオケで夫と義父が、感慨深い様子で「あずさ2号」を歌っていた事を思い出しました。「あずさ」に夫も快諾。私も夫も漢字三文字であり、あらゆる漢字の組み合わせを考えて決まったのが「亜澄紗」。名前の印象の通り可愛らしく、知性も爽やかさも感じられる女の子に育ってくれますように。亜澄紗ちゃんのファーストカーに用意した車のナンバーは「2」。おしゃべりできるようになったら「亜澄紗2号」って呼んであげてね。	sound_row	https://baby-calendar.jp/knowledge/common/1522	bc
2020	F	あ行	梓	あずさ	お兄ちゃんも頭に「あ」がつく名前なので、同じようにしたかった。漢字1文字の名前。名字との相性。夏生まれなので夏の木である「梓」にしました。	sound_row	https://baby-calendar.jp/knowledge/common/1522	bc
2020	F	あ行	天嶺	あまね	天高い山の嶺のように、体も心も大きくなるように願いを込めて漢字を選びました。画数も名字と合わせて良いみたいです。3,382gとやや大きめで元気に生まれてきてくれました。毎日ミルクをたくさん飲んで、たくさん眠ってすくすく育っています。今は先天性の足の病気の治療をしているので、寝返りもはいはいもできませんが、もし治ったら一緒にいろいろな所に行こうね。（あまねママさん） アミエル・マシ（あみえる・まし）ちゃん We’re married for more than one and a half year before we got pregnant. We’ve waited and prayed for it that’s why when we found out that we’rePregnant we really want to give our baby a name with meaning that could show our faith to the Lord, also we want that her name will start with Me and my wife’s initials which is A and M. That was how we’ve decided that our baby’s name will be Amielle Maci. Amielle meaning “Follower of God” and Maci meaning “Women”. 結婚して1年半以上経ち、妊娠しました。私たちはそれを待って祈っていました。それが私たちが妊娠中は、主に私たちの信仰を示すことができる意味のある名前を赤ちゃんに付けたいと思っています。また、名前は私と妻のイニシャルであるAとMから始まることを望んでいます。 赤ちゃんの名前はアミエル・マシになります。 アミエルは「神の信者」を意味し、マシは「女性」を意味します。	sound_row	https://baby-calendar.jp/knowledge/common/1522	bc
2020	F	あ行	綺楓	あやか	夫がどうしても「楓」という字を入れたいのがきっかでした。生まれた時、美しい子だと率直に思いました。美しく優しく穏やかで楓の木のように大きく芯のある人になってほしい。また、個性を発揮し輝く人生を送ってほしいと願いを込めて命名しました。	sound_row	https://baby-calendar.jp/knowledge/common/1522	bc
2020	F	あ行	彩花	あやか	私（母）が特技もなく、特に何かが優れているわけでもなく、何をしても人一倍の苦労が必要で、それがすごく嫌だった。子どもには、人生の中でいろいろな花を咲かせ、自分の人生これでよかった、と思える人になってほしかった。	sound_row	https://baby-calendar.jp/knowledge/common/1522	bc
2020	F	あ行	彩七	あやな	夫もわたしも、幼少期に親にさせてもらった経験も含めて、独身の間にさまざまな経験をし、それが今の自分の糧になっています。そのことから、娘にもさまざまな経験をさせてあげたいし、もちろん自発的にもいろんなことに興味を持ってもらいたい。そして自分の人生を彩り豊かなものにしてもらいたい。それと同時に、いろいろな経験ができるのは、まったくの1人ではできない。周りの人の支えがあってこそ。そのため、たくさんの人に愛されている数字の七をつけて、たくさんの人に愛される子になってほしいと願い、つけました。	sound_row	https://baby-calendar.jp/knowledge/common/1522	bc
2020	F	あ行	彩乃	あやの	名字が漢字一文字で、名字とのバランスが難しかったこと、商品名と似てしまいやすいことがネックでした。女の子らしい響きと、漢字だけを見ても女の子とわかる名前にしたいと思っていました。画数にこだわりはありませんでしたが、調べてみて「凶」なら避けようかなと思い調べましたが、とても良い画数だったので決めました。	sound_row	https://baby-calendar.jp/knowledge/common/1522	bc
2020	F	あ行	彩明	あやめ	娘の未来が明るく彩られるよう願いを込めました。また、娘がいることで周りが明るくなるような人に育ってほしいという意味も込めています。	sound_row	https://baby-calendar.jp/knowledge/common/1522	bc
2020	F	あ行	ありあ	ありあ	最初は旦那さんが「ひまりにする」と言って、ひまりにしようと思ってました。でも、長男が頼羅（らいら）、長女が柚由（ゆずゆ）。長男が、「上から下から読んでも同じ名前で一緒にして」と言ってきました。長女も、「トマトみたいな感じの名前にして」と言ってきました。それから考えなおし、ネットで調べたりして、ありあにしました。後から気づきましたが、アルファベットでRAIRAと書いたら、後ろから読むとARIAとも読めて、びっくりしました。	sound_row	https://baby-calendar.jp/knowledge/common/1522	bc
2020	F	あ行	晏奈	あんな	妊娠する前から旦那は『アンナちゃん』って名前がいいなーとずっと言っていました（笑）。まだ妊娠もしていないし、性別も分からない時から。でもなんと、生まれてきた子は女の子でした！ 授かる時から私たちの願いが届いてたのでしょうか。旦那の直感なんでしょうね。皆さん意味のある名前だと思いますが、うちはアンナちゃんって名前が似合う子、ただそれだけです☆ でも、漢字はみんなに愛されて周りを和やかにする子になってほしいと思った字にしました。	sound_row	https://baby-calendar.jp/knowledge/common/1522	bc
2020	F	あ行	杏菜	あんな	上2人が男の子だったので、今回も男の子だろうと思っていたら、なんと女の子！！ 初の女の子に、私はもちろん、夫や息子たちもとても張り切って名前を考えていました。私は、高校生のころから女の子なら「菜」という漢字を使うと決めていたので（夫とは中学生から付き合っていたので了承済み）、「菜」を使う名前を考えていました。毎日みんなでいろいろな名前を考えていました。 するとある日長男が言った「あんなちゃんがいい！」という名前を夫がとても気に入り、第一候補に！ それでも私はギリギリまでいろいろ名前を考えていたのですが、夫と息子たちはおなかに向かって「あんなちゃん早く出ておいでー！」「あんなちゃん、げんきー？」と話しかけていたので、そのまま「杏菜」に決定！ 「あんなちゃん早く出ておいでー！」と兄さんたちに話しかけられていたので、予定日より3週間以上も早く出てきてくれちゃいました。家族みんなでたくさん話し合って決めた名前。娘も気に入ってくれるといいなと思います。（ちびママさん）	sound_row	https://baby-calendar.jp/knowledge/common/1522	bc
2020	F	あ行	一花	いちか	上の子が、ふうかという名前なので、○○かにしたいと考えていたら、上の子が「いちかがいい」と言い出しました。私たち親も、私たち家族にとっても、大事な一つだけの花という気持ち込めてこの名前にしました。赤ちゃんが生まれてから、上の子は自分でつけた名前が嬉しいのか、いろいろな人に「いちかって言うんだよ。ふうかがつけたんだよ」と自慢しています。	sound_row	https://baby-calendar.jp/knowledge/common/1522	bc
2020	F	あ行	一華	いちか	主人の名前と私の名前から一文字ずつとりました。華やかな一つの花のような女の子になりますように、と。	sound_row	https://baby-calendar.jp/knowledge/common/1522	bc
2020	F	あ行	一花	いちか	SMAPの曲「世界に一つだけの花」のナンバーワンにならなくてもいい、もともと特別なオンリーワンという歌詞に感銘を受け名づけました。人と比べず自分を大切に自分に自信を持って育ってくれることを願って。	sound_row	https://baby-calendar.jp/knowledge/common/1522	bc
2020	F	あ行	一禾	いちか	名づけ親はパパです。予定日に近づくにつれて名前を画数を見ながら考えていた中、ふと「一禾」という名前が最初に降りてきたそうです。実際に生まれて顔を見て考えてたけれど、どうしても最初に考えた「一禾」が離れなかったそうです。パパに任せていたので私は何も言いませんでした。由来は何か1つでもいいから1番になってほしい。みのりある人生になりますようにの想いを込めて名づけました。	sound_row	https://baby-calendar.jp/knowledge/common/1522	bc
2020	F	あ行	彩千華	いちか	不妊治療、流産を乗り越えて授かった、待望の赤ちゃんでした。名づけは、夫婦それぞれで意味も含めた候補を3〜5ほどあげて、その中から絞っていく、という方法を取りました。また、遠方への里帰り出産になるため、二人でゆっくり話ができる妊娠中に名前を決めてしまうことにしていました。最初は男女両方の名前を考えていたのですが、妊娠6カ月ごろに、先生から「おそらく女の子でしょう」と言われてからは、女の子の名前のみを考えていきました。 お互いの名前候補を見せあって、「いちか」という名前の響きが二人とも気に入ったのですが、夫の提案で、候補のものとは違う漢字にすることにしました。でも、そこからがとても苦労しました。漢字で書いたときのバランス、漢字の持つ意味、画数などを考え、二人でかなり悩みました。「ちか」のところは「千華」にしたい、というのは早くに決まったのですが、「い」の漢字がなかなかしっくりこず……。あんなにたくさんの漢字の読みと意味を調べたのは初めてかもしれません。悩み抜いた末、二人で納得して決まったのが「彩千華」です。「千の華のように彩り豊かな人生になりますように」という願いを込めました。 2020年3月10日に生まれてきてくれたのですが、新型コロナウイルスによって生活が大きく変わってしまうほんの少し前だったので、生まれてすぐにパパに会って、名前を呼びながら抱っこしてもらうこともできました。また、妊娠していたときは都心に住んでいたのですが、夫の転職の関係で出産前に郊外に引っ越しため、娘と戻ってきてからも、ひどく心配することなく子育てできているように思います。その転職を決意したのも娘を授かったからだったそうなので、今思えば、全て娘が導いてくれたのかな、と密かに思っています。彩りどころか、怒涛の始まりに思えるけれど、彩千華のキラキラ笑顔で、たくさんの華を咲かせられる人生になりますように！	sound_row	https://baby-calendar.jp/knowledge/common/1522	bc
2020	F	あ行	結糸	いと	夫婦で和風な名前が好みでいくつか候補をあげ、響きから漢字を決めました。生まれるまでは2つ候補があり、顔を見てから決めようと言っていました。生まれてたくさんの人に祝福してもらい、やっぱりこの名前しかないと思い「結糸」と付けました。人との繋がりを大切にしていく人になれるようにという意味です。これから関わっていく人との繋がりを大切に、結糸らしいあったかい人生を歩んでほしいなと思っています！！	sound_row	https://baby-calendar.jp/knowledge/common/1522	bc
2020	F	あ行	依橙	いと	6月生まれなので、爽やかな名前にしたかったです。誕生月にゆかりのある漢字を使いました。衣替えの季節からきた「依」、橙の花からとった「橙」。人に寄り添う、明るい存在になってほしいと思いを込めました。	sound_row	https://baby-calendar.jp/knowledge/common/1522	bc
2020	F	あ行	彩葉	いろは	私たち夫婦にとって初めての子どもができ不安でいっぱいでしたが、毎日笑顔にさせてくれる子を見て、葉っぱを彩っていくようにいろいろな才能に恵まれて元気いっぱいにすくすくと成長していきますようにという願いを込めてつけました。	sound_row	https://baby-calendar.jp/knowledge/common/1522	bc
2020	F	あ行	いろは	いろは	生まれる前に夫婦でいくつか候補をあげ、そのうちの一つに決定していたのに、いきなり予定日一週間くらい前になって、旦那が「やっぱりこの名前じゃない気がする」と言い出し、少しケンカに。旦那は「生まれてきてから顔を見て決める」と言っていたけれど、何日かで名前を役所に出さなきゃいけないのに、決まらなかったら……と不安だった私はもうピリピリして、結局意見が合わず、そのまま出産。結局、生まれてから旦那に「名前浮かんだ？」と聞いたら、偶然にも私と旦那は同じ名前を選んでいて、ビックリ。しかもこの名前は候補にもあがってなかったので、運命を感じて即決定しました！	sound_row	https://baby-calendar.jp/knowledge/common/1522	bc
2020	F	あ行	彩羽	いろは	9月生まれなので秋っぽい名前にしたいと思いました。日本には「いろは唄」というものがあるので、日本人にとって馴染みのある響き、そして初心を忘れないでほしいという思いを込めて「いろは」という名前はすぐに決まりました。「彩葉」か「彩羽」か漢字を決めるのに夫婦でたくさん話し合い、最終的に彩りのある楽しい人生を歩んでほしい、自分のやりたい世界に羽ばたいてほしいという思いを込めて「彩羽」という漢字に決めました。	sound_row	https://baby-calendar.jp/knowledge/common/1522	bc
2020	F	あ行	彩葉	いろは	パパが、「生まれてくるまで性別は知りたくないな。楽しみにしておきたい」と言い続けていました。生まれてから、顔を見て名前は決めると言っていました。しかし、生まれた我が子をみて、ひらめかないと……。入院中に、仕事へ行く前や帰りに寄っては、こんな名前はどうかなぁと一生懸命考えてきてくれました。私は、生まれる前から主人には男の子だったら、〇〇や□□は？とか、性別がわからないように提案していたものの、意見があわない……。本を見たりネットで調べたり、友達に相談までしたり……、どれもしっくりこなかったんだよなぁ……。 結局、お互いが好きな漢字を言い合ってみたら、まさかの二人して、「彩」が一致。主人の実家はみかん農家なので、自然に関する字も入れたいということと、私は、のびのびその子らしく育ってほしいという願いもあり、「葉」を選びました。散々考えていた名前は、すぐ決まりました。素敵な字で気に入っていて、響きもよく、字画もよく、二人で悩んでやっと決まった名前。パパの愛情がたくさん入った、最初の我が子への素敵なプレゼントになりました。彩り豊かな人生を歩んでほしいな。私たち夫婦の何気ない日常が、日々彩り鮮やかになっているのは、彩葉が生まれてきてくれたおかげです。彩葉、心から、ありがとう。	sound_row	https://baby-calendar.jp/knowledge/common/1522	bc
2020	F	あ行	彩葉	いろは	主人の名前に樹が入るので同じ樹が入る名前で名づけを考えていたのですが、名字と合う響きの名前が見つからず名づけも迷走。「もうわからないから生まれたらどうにかなるか〜！」と考えていた時、主人から「名前に入れたい漢字とか雰囲気は？」と聞かれ、「樹が難しいなら春っぽい漢字がいい」と返答。しばらくしたら「彩葉はどう？」と聞かれ、葉という字が春っぽいし名字との響きもしっくりきたので決定！ 生まれて5日後に出生届を主人が出しに行ったのですが、助産師さんに「早っ！」と言われていました（笑）。（よさまさん）	sound_row	https://baby-calendar.jp/knowledge/common/1522	bc
2020	F	あ行	初依	うい	娘には3つずつ離れたお兄ちゃんが2人。長男の出産時、30時間の陣痛に耐えましたが子宮口が全く開かず、そのうち羊水混濁で緊急カイザー。3年後の次男出産時には、手術を重ねると子宮への負担が大きいため、最後の妊娠になる可能性も示唆され、出産後に卵管結紮を同時に行う同意書にもサインしました。手術が始まって子宮の状態を確認した先生から、「この状態ならもう1人ぐらい頑張れそうだね！」とお墨付きを頂いたのが3人目を考えたきっかけでした。 今度こそ最後になってしまうだろうから、できれば女の子がいいね、と妊活に励み1年後、検査薬で陽性反応。すぐに病院でエコー検査してもらいましたが、結果はあまりに予想だにしないものでした。子宮外妊娠、「本来の場所ではない所に着床してしまったため、赤ちゃんは育ちません」と……。その言葉通り、自然流産という結果になりました。妊娠出産は奇跡だと言うけれど、2人の子どもを無事に出産していた私は、そのことを多少なりとも忘れていたのだと思います。 自分を責め続けてしまった結果ストレス障害を患い、月経不順でなかなか良い結果が出せず、さらに気持ちが滅入る日々でした。今月も生理がまた遅れた、遅れると月経痛がひどくなるから嫌だなぁ、なんて思っていた時でした。当時ようやくおしゃべりができるようになった2番目のお兄ちゃんが、ふとおなかを撫でながら「ママ、赤ちゃんきてくれたね〜ういちゃんだよ〜」と……。 え？なんのこと？と完全に思考が停止した私。急いで検査薬を使ってみると、そこには1本の線が！！ 8カ月後、2020年2月22日、待望の女の子を出産。2が5こ並ぶからニコちゃんなんて、どう？と、両親も張り切って名前を考えてくれていましたが「数カ月、おなかで赤ちゃん守ってきたのはママなんだからママが気に入った名前にしたらいい」とパパの言葉に、お医者様も臨月まで性別が分からずにいたのに誰よりも早く娘の存在に気付いて 「ういちゃん」と呼んだ、お兄ちゃんの姿が忘れられなかった私は、周囲の人を優しく包み込むような女性に成長してほしいという願いを重ねて初依（うい）と名づけました。もちろん、「ういちゃん可愛い！ ういちゃん可愛い！」と家族親戚一同メロメロです。	sound_row	https://baby-calendar.jp/knowledge/common/1522	bc
2020	F	あ行	詩	うた	夫婦共々、音楽が好きなので、音楽に関連する名前をつけたかったこと。私の名前が「舞」なので、舞って歌ってといった感じで、女性陣が賑やかでいいなというのがあり、字画の良かった“詩”という字を使って、「詩（うた）」という名前をつけました。	sound_row	https://baby-calendar.jp/knowledge/common/1522	bc
2020	F	あ行	詩	うた	うた、という音をまず夫婦で気に入って、漢字を調べていたら明るくおおらかなという意味が含まれた漢字だったので、この子には明るくて温かい周りに愛される子に育ってほしいという想いを込めて詩（うた）と名づけました。	sound_row	https://baby-calendar.jp/knowledge/common/1522	bc
2020	F	あ行	優珠	うた	親が音楽の道で来ていたので、女の子だったら絶対にうたにしようと考えていました！ ただ、みんなと違う漢字にしたく、名前の漢字にはこだわりました。うたの「う」は、優しさいっぱい溢れてる子に、と思いすぐに決まりました。しかし、なかなか「た」の漢字は見つからず苦戦しました。ある時本屋で見つけた「珠」。なんて素敵なのかしらと思い、主人と相談の上、真珠の珠にしました。美しい真珠のような優しさいっぱい溢れてる子に育ってほしいと願い、うたにしました。	sound_row	https://baby-calendar.jp/knowledge/common/1522	bc
2020	F	あ行	優海	うみ	旦那がまだ彼氏の時、私の地元近くでデートしたら、必ずデート終わりの夕暮れに海に行って夕日を見ていたんです。何回も何十回も行きました。2人の思い出の場所は？と聞かれたら、2人とも「海」と答えるぐらい一緒に行って写真を撮って、暗くなったらバイバイする日常でした。名前を考える時に唯一旦那が「うみがいい。漢字を決めるのは○○（私の名前）でいいから、うみにしよ」と。そのため、海のように広い優しい心を持ってほしいと優海にしました。	sound_row	https://baby-calendar.jp/knowledge/common/1522	bc
2020	F	あ行	侑海	うみ	妊娠4カ月の時に切迫流産で4カ月間寝たきり生活になった。上の子が当時1歳で、保育園に行っており、日常生活、保育園の送り迎え、仕事に上の子との時間、すべてに影響が出た。夫、上の子、実家の両親や妹たち、義実家の両親、友人がたくさんたくさん助けてくれて、無事に出産。たくさんの人につないでもらった命。この子も、困っている人がいたら助けてあげられる子になってほしいと思い、「人を助ける」という意味をもつ「侑」の字を使おうと生まれる前から決めていた。性別が分かってからは、おねえちゃんと関連性を持たせようと思った。おねえちゃんが「香帆」という名で海関連の「帆」の字がついているので、この子にも海関連の「海」の字をつけた。母が三重県志摩市出身で、海を身近に感じていたこともある。	sound_row	https://baby-calendar.jp/knowledge/common/1522	bc
2020	F	あ行	優珠	うみ	お兄ちゃん2人が、そらとりくで、3人目はうみ か かい かな と皆から言われ、母としては、うみ はやめとこうかなと思っていたのですが、パパラッチさんの要望もあったのと、助産師さんから、うみちゃんってすごくかわいい名前 と言われたこともあり、うみちゃんに決定しました。漢字は優しい感じがいいなぁと思ってたので、私希望で優をいれ、もう一文字は、パパさん希望で王偏を入れたかったということで、珠にしました。最初は自分でもゆずちゃんとよんでしまってましたが…。うみちゃんと呼ぶのに慣れるととってもかわいくて、うみちゃんでよかったなぁとしみじみ感じてます。	sound_row	https://baby-calendar.jp/knowledge/common/1522	bc
2020	F	あ行	羽美	うみ	夫婦共にアニメが好きな俗に言うオタクで、初めは共通して好きなアニメのメインキャラクターの名前を付けようとしていました。しかし途中で、人生で初めての贈り物である名前をそんな簡単に付けていいのか？と私が疑問に思い、話し合いになりました。結局、パパはアニメのキャラクターの名前を付けたかったようですが、私が説得して付けたい漢字、字画がピッタリの名前にしました。	sound_row	https://baby-calendar.jp/knowledge/common/1522	bc
2020	F	あ行	優留実	うるみ	私たち夫婦は、結婚する前、まだお付き合いをしている時からお互いに、将来この人と結婚して子どもが生まれたら「うるみ」という名前をつけたいと思っていました。「うるみ」という名前は珍しい名前なので、お互い将来のことを話して、結婚や子どもはどうするのか話し合った時、お互い同じ名前をつけたいと思ってたことが、すごいね！びっくりだね！奇跡だね！と嬉しがったことを鮮明に覚えています。 そして、2019年10月13日。台風19号を私たちが住む街に大きな被害をもたらしました。千曲川が氾濫し、辺りが一瞬にして一面海のように。主人と暮らしていたアパートは天井まで浸水。全壊でした。大切に育てていたペットたちも被害にあい、亡くしてしまった命と無事に助かった命がありました。一瞬にして何もかも失って抜け殻のようになっていた私たちに、やって来てくれたのが娘です。被災にあった翌日から私は具合が悪く、もしかしたら？と思い、妊娠検査薬を試したら陽性。後日、産婦人科に行き検査してもらったら、お医者様から「おめでとうございます！」の言葉。被災した私たちを絶望から救ってくれた、本当に奇跡の存在です。この子がおなかに来てくれたからこそ、多くの悲しみから2人で支え合い乗り越えられました。 優留実の「優」は、温かい心を持った穏やかな人に成長してほしいという期待を込めて。「留」は、とどまるという意味があることから、自分の故郷や居場所をしっかり持ち、その場所をいつまでも大切に思える人。「実」は、努力が実を結ぶようにと願って。真心のある人に出会い、豊かな家族をつくれるようにという祈りも込めて。「優留実」と名づけました。私たち夫婦が悲しみのどん底にいた時、生きる希望を与えてくれた、本当にかけがえのない、大切な娘です。（うーちゃんママさん）	sound_row	https://baby-calendar.jp/knowledge/common/1522	bc
2020	F	あ行	恵茉	えま	待望の二人目を授かり、概ね順調のまま産休に入り、2歳半の長女の保育園の間、久しぶりにのんびり時間を過ごしていました。少しおなかの張りはあったものの、逆子だったため、逆子をなおしたくてたくさん歩いていました。長女は妊娠41週で生まれたため、予定日かそれ以降に生まれるだろうなと思い名前ものんびり考えていたのですが、逆子がなおらず、子宮頸菅も短かったため、妊娠37週1日に帝王切開することに。 しかし、妊娠36週6日の午後11時ごろ、逆子のまま破水。病院に行くと、朝まで張り止めの点滴をして、それから手術するとのことだったので、立ち会う予定の夫と長女は一旦家で休むことに。ところが陣痛が治まらず、なんと全開に……。赤ちゃんの足が出ていたようで、慌てて夫に連絡。緊急帝王切開になり、手術開始には夫と長女は病院に着いていたようですが立ち会えず。長女は眠いだろうに、私に会うまで眠らずとっても頑張ってくれました。病院でもじっと待てたようで、担当の助産師さんからもたくさん褒めていただきました。 赤ちゃんは朝4時に無事生まれ、入院中に慌てて夫と一緒に名前を考え、候補を2つまで絞り込み、最後は頑張ってくれた長女に選んでもらいました。その時のことを長女が覚えているかは分かりませんが、妹のことを「恵茉ちゃん、恵茉ちゃん」と、とても可愛がってくれています。慌ただしい名づけでしたが、長女にも参加してもらえたので、よい思い出になりました。	sound_row	https://baby-calendar.jp/knowledge/common/1522	bc
2020	F	あ行	咲舞	えま	名前はこれからのグローバル社会でも生き生きと過ごしていけるようにという想いで、海外でも人気、また旦那さんがハリーポッターが好きだったのでエマ・ワトソンから「エマ」にしました。また、笑みを想像させる響きも気に入った理由です。漢字には1月生まれの娘には時期ではないですが、母親の私が桜が好きなので、綺麗に咲いて、最後の時まで楽しく踊るように舞う桜のように楽しい人生を送ってほしいという願いを込めました。	sound_row	https://baby-calendar.jp/knowledge/common/1522	bc
2020	F	あ行	依茉	えま	名字と相性の良い名前一覧をネットで検索→50音全て出てきたので、数百の候補が出る→パパ、ママがそれぞれ気に入った名前を10個ほどピックアップ→パパ分、ママ分を突合→唯一かぶったのが「えま」→漢字は姓名判断で、全て大吉だった「依茉」を選択という事で、全てネットの力をお借りしました！	sound_row	https://baby-calendar.jp/knowledge/common/1522	bc
2020	F	あ行	恵茉	えま	お姉ちゃんと2歳差で、誕生日が9月23日で全く一緒です。せっかくなら、この奇跡を2人の絆として残せたらと思って、名前に繋がりを持たせました。お姉ちゃんの名前が、莉央（りお）で姉妹合わせて茉莉花（ジャスミン）になるようにしました。ジャスミンの花言葉のように『愛嬌のある、周りから愛される』姉妹に育ってほしいです。	sound_row	https://baby-calendar.jp/knowledge/common/1522	bc
2020	F	あ行	咲茉	えま	花が咲くの他に、咲む（えむ）・笑うという意味のある「咲」の漢字が好きで、「咲」を使った名前にしたくて考えました！ 「咲」は「笑顔いっぱいの人生に、周りを笑顔にできるように、花が咲くような明るい人生になるように」、「茉」は茉莉花の花言葉から「愛らしい、素直な子になるように」という願いを込めて♡	sound_row	https://baby-calendar.jp/knowledge/common/1522	bc
2020	F	あ行	愛茉	えま	直感で名前は考えました。いくつか候補があったうち、生まれてきた瞬間に“えま”という名前がひらめきました。漢字には、可愛らしくみんなに愛され、癒やしの存在でありますようにという願いを込めました。また、まわりの人を和ませ、嘘や悪口など言わない誠実で素直な子になってほしいと思ってます。	sound_row	https://baby-calendar.jp/knowledge/common/1522	bc
2020	F	あ行	笑茉	えま	妊娠中、鬱まではいきませんが、気分の浮き沈みが激しく、理由も無く泣いてばかりいました。なんで私ばかりこんな思いをしなければいけないんだと自分を責めたりしていました。そして、私は小さいころから人見知りで自分に自信がありませんでした。そこで、“笑”という漢字にした意味は、おなかにいるこの子には、つらいことがあっても自分を責めたりしないで笑顔でいてほしい。“茉”という漢字の意味は、ジャスミンの花の漢字から、花言葉の愛想が良いからとりました。ジャスミンの花は真っ白な花びらをしていて、そのように清純な素直な可愛らしい女の子になってもらいたいという想いを込めて、“笑茉”とつけました。今は、笑茉という名前にぴったりなニコニコ笑顔をしてくれます。	sound_row	https://baby-calendar.jp/knowledge/common/1522	bc
2020	F	あ行	永茉	えま	春生まれの女の子です。身内に海外の方がいることもあり、世界で通じる名前がいいなぁと考えていて、えまと言う名前をつけました。漢字は永遠の永と茉莉花（ジャスミン）の茉から選びました。上の子も女の子で花の漢字が入っているので、姉妹なのでそこを揃えたいなぁとも思っていました。ジャスミンの花言葉は“愛らしさ”“愛想の良い”という意味があります。開花時期が生まれ月と重なったこともあり、生涯（永）に渡りずっと周りから愛されるたった1人の素敵な花（茉）を咲かせてほしい、という意味を込めこの漢字を選び名づけました。	sound_row	https://baby-calendar.jp/knowledge/common/1522	bc
2020	F	あ行	愛真	えま	真実の愛を大切にする子になるように。周りの方から愛され、また、自分自身も周りの方々に素敵な愛、優しさを届けられる思いやりのある子になるように。	sound_row	https://baby-calendar.jp/knowledge/common/1522	bc
2020	F	あ行	笑琉	える	沖縄出身なので、生まれた子にもうちなーの心が宿るように、琉球の琉を入れたくて、それに合う響きを探して見たかったのが笑うの漢字を使った笑琉（える）です。琉は他に宝という意味があるので、私たちの宝だということも含んでいます。輝く笑顔で周りも自分も幸せにできる子に育ってほしい、ということでつけました。	sound_row	https://baby-calendar.jp/knowledge/common/1522	bc
2020	F	あ行	愛心花	えるか	生まれるまで性別を聞かない主義の我が家。4つ上の兄に「赤ちゃんどっちかな？」と、聞いたら「女の子だよ～」と言うので、ほぼ女の子の名前しか考えていませんでした！ どんな名前にしようか考えていると「えるかがいい！」と兄が言うので、きっと保育園のきょうだいでいたりするかな？と思い、先生に確認すると誰もいないとのこと……。それを聞いたパパは「“えるか”って珍しい名前だね。でも可愛い名前だよ！」と……。私は最後までしっくり来ませんでしたが、家族からの最初のプレゼントだし、みんなで考えたいからと女の子の名前は“えるか”に決定！ そして、生まれた瞬間にパパと確認すると女の子！ よく、子どもは性別が分かると聞きますが、まさか本当に当たるなんて驚きました！ 名前を兄に、漢字はママ、意味をパパが考え、一番初めのプレゼントを家族みんなであげることができました。生後6カ月になり、みんなから愛され、花のよう明るくににこにこ笑う子に育っています。（もっちさん）	sound_row	https://baby-calendar.jp/knowledge/common/1522	bc
2020	F	あ行	凰華	おうか	コロナ禍出産でじーじばーばにも会わせてあげられず、同じ月齢の子と会える教室などの場も中止になり、生まれた時は自粛ムード真っ只中で、我が家も収入が減ったり本当に生きづらい世の中になってしまったけど、この子にはのびのび育って自分のやりたい事を楽しんで華やかに人生を謳歌してほしいと願いを込めて、パパママ2人で名づけました。	sound_row	https://baby-calendar.jp/knowledge/common/1522	bc
2020	F	あ行	桜音	おと	妊娠中、旦那とお互いにつけたい名前の候補を書き出して見せ合いました。ほんとに偶然に、二人共がつけたいと思った名前が「おと」という名前でした。出産が近づき、漢字を決めようとなった時に、旦那は病気で入院してしまいました。臨月も出産も入院もひとりで過ごすことになり、毎年旦那と行っていたお花見にもコロナの影響ももちろんありましたが、見に行くことができませんでした。春生まれなこともあり、今年見られなかった「桜」という漢字をどうしても使いたくて、「桜音」と名づけました。その後、旦那は約2カ月入院しましたが、2回の手術を乗り越え無事完治し、今は家族3人とっても幸せです！！	sound_row	https://baby-calendar.jp/knowledge/common/1522	bc
2020	F	あ行	桜都	おと	候補に上がってない名前でしたが、生まれた娘の顔を見てすぐに決まりました。「春の陽気のように暖かく、周りに人が集まるような優しい子になってほしい」という思いを込めて【桜都】と名づけました。夫婦で音楽が好きなので、読み方は「おと」。漢字は長女と関連付けられるような名前にしたかったので、イメージカラーが連想できるような名前にしました。（soraotomama.さん）	sound_row	https://baby-calendar.jp/knowledge/common/1522	bc
2020	F	あ行	愛翔	おと	女手一つで育ててきた息子を2年半前に難病で亡くしました。その後、旦那と出会い結婚。旦那は血の繋がらない、会ったことのない息子もわたしたちの大事な長男と言って、素敵な仏壇をプレゼントしてくれました。娘の名前を考えるときに、息子の名前“陽翔（はると）”の漢字を入れられたらな、と心の中で思っていました。そろそろ名前の候補を真剣に考えなくてはというとき、旦那が名前を考えたと嬉しそうに話してきました。 「	sound_row	https://baby-calendar.jp/knowledge/common/1522	bc
2020	F	あ行	愛翔	おと	はどう？ はるくんは太陽のように明るく育ち、はばたき、みんなを明るくしてくれる存在。愛翔はみんなから愛され、その愛情をみんなに届け、かけぬけてほしい！ ママが一生懸命考えて付けたはるくんの名前から翔をもらって、兄妹で翔を揃えてみたよ！ パパの家族は音楽が好きだから、読み方はおとちゃん！」すごく嬉しくて、涙をこらえるのに必死でした。 生後2カ月の娘は名前の通り、みんなに愛されてすくすく成長中です。もちろん音楽も大好きで、おばあちゃんが買ってくれた音楽が鳴るおもちゃがお気に入り！ 陽翔お兄ちゃんもお空から愛を届けて見守ってくれているね。	sound_row	https://baby-calendar.jp/knowledge/common/1522	bc
2020	F	あ行	桜乙煌	おとか	女の子なら花の漢字を使いたく、予定日が3月ということで桜。桜は日本の象徴のイメージでもあるし、女の子にピッタリだと思ったから。3月3日に生まれてきたら桃の節句ということで桃にもするつもりでいた。生まれてきたのは2月29日。毎年この日にはお祝いできないが、3月1日が誕生日でもあるという珍しいかたちになってしまった、ということで、桜。煌は女の子らしさも持ちつつ、男の子にも負けずキラキラと輝いていてほしいという思いを込め煌。漢字に一目惚れしたっというのもアリ。乙は名字の漢字との画数を見て、女の子イコール乙女でちょうど良かったから。パパママおじいちゃんおばあちゃんの他に、パパとママのきょうだいたちも、みんなで考えていろいろな思いが込められた素敵な名前に出会うことができました。それをこの子にプレゼントしてあげられたことを嬉しく思っています。	sound_row	https://baby-calendar.jp/knowledge/common/1522	bc
2020	F	あ行	織美亜	おりびあ	娘はアメリカ人とのハーフなので海外でも通用するように横文字系にしました。日本もどうしてもミックスしたく当て字で織美亜。私は娘が生まれる前、ニューヨークのブロードウェイのコスチュームや小物を作る仕事をしていたアート系なので、娘の名前にもアートを取り入れたく、美しいものを織るという意味で漢字を決めました。（ビビママさん） 歴代の赤ちゃんの名づけエピソード大賞 2020年赤ちゃんの名づけエピソード大賞 ＞ 2019年赤ちゃんの名づけエピソード大賞 ＞ 2018年赤ちゃんの名づけエピソード大賞 ＞ 2017年赤ちゃんの名づけエピソード大賞 ＞ 2016年赤ちゃんの名づけエピソード大賞 ＞ 2015年赤ちゃんの名づけエピソード大賞 ＞ 歴代の赤ちゃんの名前ランキング 2020年赤ちゃんの名前ランキング ＞ 2019年赤ちゃんの名前ランキング ＞ 2018年赤ちゃんの名前ランキング ＞ 2017年赤ちゃんの名前ランキング ＞ 2016年赤ちゃんの名前ランキング ＞ 2015年赤ちゃんの名前ランキング ＞ 2014年赤ちゃんの名前ランキング ＞ 2013年赤ちゃんの名前ランキング ＞ 2012年赤ちゃんの名前ランキング ＞ 2011年赤ちゃんの名前ランキング ＞ 2010年赤ちゃんの名前ランキング ＞ あなたの“今”の悩みを専門家に無料で相談できます 自分だけでは解決できない不安やお悩みは、助産師や管理栄養士などの専門家に個別相談してみませんか？ 専門家に相談する その他についての悩み もっと見る 専門家に相談する 妊娠・育児アプリ ベビーカレンダー記事制作の取り組み ＼ この記事にいいね！しよう ／ 0 クリップ 現在ログインしていません。 ログイン しますか？ シェアする 名前ランキング検索 ベビーカレンダーが独自で調査・集計した2017年以降に生まれた赤ちゃんの名前データの中から、知りたい名前の順位、よみの順位、漢字の順位を見ることができます。 【名前で検索】【よみ方で検索】が名前の一部で検索できるようになりました！ 名前で検索 男の子 女の子 と一致する で始まる で終わる を含む 検索 よみ方で検索 男の子 女の子 と一致する で始まる で終わる を含む 検索 漢字で検索 男の子 女の子 検索 ご利用のルールとマナー ベビーカレンダーへのご意見をお聞かせください ご質	sound_row	https://baby-calendar.jp/knowledge/common/1522	bc
2020	M	あ行	愛一朗	あいいちろう	人に愛情をもって接し、周りからも愛されるような、優しくて朗らかな子に育ちますようにと願いを込めて愛一朗にしました。	sound_row	https://baby-calendar.jp/knowledge/common/1512	bc
2020	M	あ行	碧翔	あいと	妊娠7カ月になったころから、夕食の時に夫と5歳の長男と3歳の長女も一緒に家族でどんな名前がいいかを話していました。長女「〇〇くんはどう？」長男「それは僕のお友達にいるからダメ」「〇〇くんがいいよ」長女「え〜かわいくない」「ママが言った〇〇くんがいいいよ」などなど、何日もいろいろな名前を出し合いながらも、全然まとまらなかったのですが……。ある日突然、長男「赤ちゃんの名前、あいとくんがいいんじゃない？」長女「それいいね！かわいいかわいい」「あいとくんにしよう」と意見が合い、あっという間に決まりました。	sound_row	https://baby-calendar.jp/knowledge/common/1512	bc
2020	M	あ行	碧生	あお	あお」という響きが好きで漢字を探していると、 “碧”の字を見つけました。由来を調べると、澄みきった広い心、信頼感、優しい子、キラキラした目で好奇心旺盛に取り組む、というような意味合いがあることを知りました。おなかの中にいるとき、私の気持ちが落ち込んだら｢元気だして！｣とおなかを蹴ってくれたり、出産のときもコロナ禍で立ち会いができない中、挫けそうになると｢もう少しだよ！｣と元気に動いて励ましてくれました。楽しいとき、音楽を聴いているとき、運動をしているときにたくさん動いていた、碧生。優しくて元気いっぱいなのを感じ「この漢字がピッタリだ」と思い妊娠中に決めました。青と緑を組み合わせたキレイな色も魅力的で、海のように広い心を持って、人に信頼され、純粋な心を持っていろいろなことに挑戦してほしい、という願いを込めてこの名前をプレゼントしました。	sound_row	https://baby-calendar.jp/knowledge/common/1512	bc
2020	M	あ行	青空	あお	上にお兄ちゃん、お姉ちゃんがいて、それぞれ大空（すかい）、星空（せいら）、と｢空｣の漢字が付いているので、3人目も｢空｣を使う予定でした。この子を妊娠してから、思春期だったお兄ちゃんも少し変わり、夫婦仲、家族仲がさらに良くなったので、それを表現したく、かなり悩んでいたところ……、調べていたら、ハワイ語で｢アオ｣は｢光｣ということを知りました。家族にとって光のような子、またこの子が将来ひかり輝くように……と願い、｢アオ｣とも読め、｢空｣も使える｢青空｣にしました。本当にまさにピッタリの名前でした！！（3人のママになれて幸せさん）	sound_row	https://baby-calendar.jp/knowledge/common/1512	bc
2020	M	あ行	蒼陽	あお	自由に生きてほしいと願い、心のあたたかい子になってほしいと願い名づけました。（Mさん）	sound_row	https://baby-calendar.jp/knowledge/common/1512	bc
2020	M	あ行	蒼	あおい	生まれる前に夫と一緒に名前を決めようと話になり、私が読みで夫が漢字を決めようということになりました。私は男の子でも女の子でも「あおい」とつけようと決めていたので、それを伝えると、夫は「蒼」の漢字で「あお」という名前を考えていました！！ 同じイメージでいたことにビックリでした。後日、私の祖母（認知症）に伝えると、蒼の漢字の中に「倉」が入っているからお金持ちになると言われました。もちろん私の事もひ孫の事もわからないけど、そんな事を言い出す祖母が昔に戻ったみたいで嬉しかったです。	sound_row	https://baby-calendar.jp/knowledge/common/1512	bc
2020	M	あ行	葵	あおい	半年間、つらいつらい吐き悪阻を乗り越え、生まれてきてくれた次男坊！ 上の子が漢字1文字、読み方3文字、春生まれ、自然系、爽やか、優しいイメージ、周りと被らない名前を考えつけたので、次男もそれに合わせたく、生後6カ月で性別がわかり生まれるギリギリまで旦那と悩みまくり考えた名前でした！ 漢字1文字、読み方3文字、周りと被らないというのはなかなか難しかったですが、葵という名前を見つけ漢字の意味を調べたとき、良いことばかり書いてあり、コレだ！とピンッときました！！ ちなみにお兄ちゃんは陽（ひなた）です！ 陽・葵、2人で名前の通り優しい爽やかなイケメン兄弟になるよう願ってます	sound_row	https://baby-calendar.jp/knowledge/common/1512	bc
2020	M	あ行	碧生	あおい	碧玉。透き通った人になれるように。	sound_row	https://baby-calendar.jp/knowledge/common/1512	bc
2020	M	あ行	蒼	あおい	私たち夫妻の名前がそれぞれひらがな読みで三文字なので、子どもにも三文字の名前が良いなと思い、さらに一文字ずつ2人の名前が入っている字で探しました。そんな条件のなかで「蒼」にしたのは、漢字の意味が大きな夢を抱いてまっすぐに育ってほしいという私たちの思いと一致したのと、好きな野球チームのカラーが青色で、家の中の物も、持ち物も青色が多く、夫婦揃って好きな色がブルーだったということもあり、何かと縁を感じてこの名前を名づけました。 妊娠当初とても驚いたのが、予定日が私の誕生日だったことで、ドキドキしながら出産までの日々を過ごしていたのを今でも鮮明に覚えています。実際に生まれてきてくれたのは予定日前日で、何よりも嬉しい誕生日プレゼントとなりました。（本当は令和2年2月2日のゾロ目を狙っていたので、誕生日よりももっと前に出てくるようにおなかの中の子には言い聞かせてました。笑）産後に名前を決定してから思ったのは、産院から頂いたタオルが水色だったり男の子は青色のものが多いので、この名前にして本当に良かったなと思っています！	sound_row	https://baby-calendar.jp/knowledge/common/1512	bc
2020	M	あ行	蒼志	あおし	私のおなかが膨らんできたころ、当時1歳後半だった娘に「ママのおなかには今赤ちゃんがいて、もうすぐお姉ちゃんになるんだよ」と話したところ、なぜか“あか”ちゃんではなく“あお”ちゃんと呼び始めたのがきっかけです。蒼という字は澄んだ空のイメージで、大空のように大きな志をもってほしいと願って名づけました。	sound_row	https://baby-calendar.jp/knowledge/common/1512	bc
2020	M	あ行	碧透	あおと	もともと、宝石にちなんだ名前にしたいと考えていた私。9月の誕生石がサファイアであること、新婚旅行で行ったイタリアのカプリ島、青の洞窟の美しく透き通ったブルーを思い出し、画数的にもよかったこちらの名前に決定。碧（あお）く透明……、空や海、サファイアのような澄みきった美しい心の持ち主になってほしいと思います。	sound_row	https://baby-calendar.jp/knowledge/common/1512	bc
2020	M	あ行	葵大	あおと	私の母の名前は照美と言います。祖父母は日光東照宮で初めて結婚式を挙げたカップルで、初めて生まれた娘だったから母の名前は照美と言います。私の息子も日光東照宮にあやかりたいと思ったので、葵の御門から名前をもらって、「葵大」と名づけました。「葵」ではなく「葵大」にしたのは、日光東照宮以上に名前を轟かせるような人物になってほしいという願いを込めたからです。ちなみに私の名前は祐樹です。	sound_row	https://baby-calendar.jp/knowledge/common/1512	bc
2020	M	あ行	碧人	あおと	碧色のような、青く透き通った優しい人になりますようにと名づけました。	sound_row	https://baby-calendar.jp/knowledge/common/1512	bc
2020	M	あ行	葵士	あおと	葵の花のように太陽に向かってまっすぐ伸びる素直で誠実な人になってほしいとの願いを込めました。あとは、3文字の名前で2文字にしても呼んでもらえる名前がいいと思い、候補の中から選びました。	sound_row	https://baby-calendar.jp/knowledge/common/1512	bc
2020	M	あ行	蒼葉	あおば	春には桜が咲き、夏には緑が鮮やかになるなど、春夏秋冬、木々がいろいろな表情を見せてくれるように、うちの子もいろいろな体験をし、いろいろな表情を見せてくれることを願ってこの名前をつけました。また、木々はいろいろな季節を乗り越えているように、うちの子もどんな事も乗り越えられる力をつけてほしいという意味も込めました。	sound_row	https://baby-calendar.jp/knowledge/common/1512	bc
2020	M	あ行	青波	あおば	夏生まれ、私たち夫婦が海が好きということもあり。青い空のように、青い海のように、大きな心で、波のように穏やかで、時には力強くなれますように、という想いを込めて青波とつけました。	sound_row	https://baby-calendar.jp/knowledge/common/1512	bc
2020	M	あ行	蒼生	あき	妊娠が分かったのが昨年の11月末。楽しいマタニティライフを夢見ていました。産休に入ったら、土日には混んでいそうなお店に行っておいしいもの食べたり、普段会えない友達と会ったり、マタニティヨガやマタニティスイミングなんかも楽しそうだな〜と。ところが世間は新型コロナが感染拡大し始め、緊急事態宣言、外出の自粛……。職場が医療機関だったこともあり、おなかの赤ちゃんのために予定より2カ月も早く産休に入りました。 おなかの赤ちゃんのためと分かりつつも、収入が減ってしまうことや、外出も満足にできずずっと家の中でひとりで、旦那さん以外の人となかなか会えない状況。私も旦那さん側も両家初孫なので、自分が感染しておなかの子に何かあったらというプレッシャーのようなものもあって、情緒がだいぶ不安定になってしまっていました。待ち望んでいた妊娠なのに、なんでよりによって世間がこんな時に……と何度も思いました。 立ち会い出産も禁止、面会もほぼできないという不安な状態でしたが、息子は元気いっぱい、五体満足、健康に生まれてきてくれました。「蒼」は緑が生い茂る大自然のようにのびのびと育ってほしい、そして「生」は、コロナで大変な時期に無事に生まれてきてくれたので、これからも力強く育ってほしいという想いを込めました。	sound_row	https://baby-calendar.jp/knowledge/common/1512	bc
2020	M	あ行	光人	あきと	今回の出産には、昨年の出来事が深く関わっております。昨年、妊娠4カ月で残念ながら流産となった男の子がいました。4カ月目からは法律上、死亡届を出して火葬を済ませる必要がありました。1人の人間として認めてもらえるそうです。三日間泣き通して、涙も枯れたという中で悲しみの葬式も家族でささやかにさせて頂きました。そして手のひらサイズの我が子の火葬は、わずか20分たらずでした。何も残らないだろうけど、せめて灰くらい残ってほしいと思っていたら、まるで大人が爪を切ったあとのかけらのような小さな肋骨が残っていて、不思議な感動に包まれ、愛おしささえ覚えました。	sound_row	https://baby-calendar.jp/knowledge/common/1512	bc
2020	M	あ行	そんな我が子につけた名前が来人	らいと	でした。「また来てね」の意味です。 そして今年2020年9月、元気な男の子が生まれてきてくれました。私たち夫婦は、帰って来てくれたんだと心から喜びました。そのため今回の名前も、来人→らいと→light→光→光人と来人くんにちなんで、繋げました。また、光の読み方には「あき」という読み方があったので、明るいイメージと、秋生まれと、夫婦お互いの親の名前の共通点が「あき」だったので、「あきと」と命名しました。生まれたばかりの光人を見るたび、心のどこかで「らいと」と呼んでいる、幸せな日々です。	sound_row	https://baby-calendar.jp/knowledge/common/1512	bc
2020	M	あ行	翠仁	あきと	5月生まれなので、5月の誕生石の翡翠、翠玉（エメラルド）の「翠」、思いやりのある子に育ってほしいので「仁」をとって「あきと」と名づけました。翡翠、翠玉の誕生石言葉は「幸福、幸運、希望」で、持っていると健康の維持の効果があるので名前に付けて、一生この子が健康で幸せであるようにと名づけました。	sound_row	https://baby-calendar.jp/knowledge/common/1512	bc
2020	M	あ行	慧年	あきと	新型コロナウイルスが騒がれ始めた2月下旬に生まれました。世界がいろいろと混沌とする中だけれども、正しくあきらかなことを信じ、知恵を身につけて生きていってほしく「慧」の字を選びました。オリンピックイヤーになるので「年」の字を入れました。名づけ後、残念ながら、オリンピックは一年後になってしまいました。でも、毎年毎年あなたと、あなたのお兄ちゃんお姉ちゃんと、あなたの家族と、みんなが健康に楽しく過ごせることを信じていきたいです。	sound_row	https://baby-calendar.jp/knowledge/common/1512	bc
2020	M	あ行	陽登	あきと	お兄ちゃんと一緒の「陽」という文字を使いたくて、2人とも太陽のような明るい存在になってほしいからです。そして「登」、兄弟そろって太陽がのぼるシリーズの名前にしたかったので。	sound_row	https://baby-calendar.jp/knowledge/common/1512	bc
2020	M	あ行	晃佳	あきよし	晃佳を妊娠したと分かったのは、10月5日でした。私はその日仕事が休みで、とても胃の調子が悪く、内科のあるクリニックに足を運んでいました。結果原因が分からず、薬だけもらい家に帰りましたが、薬を飲んでも一向に良くならない。もしかして……と思いながら、その日のうちにドラッグストアに行き、妊娠検査薬を購入。ドラッグストアのトイレで即検査薬を試しました。結果、陽性でした。本当に嬉しかった。だってその日は、パパの誕生日だったから。パパは泣いて喜んでくれました。「最高の誕生日をありがとう」と……。 そして、妊婦健診の早い段階で、男の子と分かりました。今でも覚えています。雪が降った日、みかんの置いてあるコタツで名づけ本を見ながら一緒に考えたこと。丸1カ月考えて、やっと巡り会えた名前。『このご時世に生まれてくる我が子は私たちの光であり希望でもある』そんな想いから、「光」が入っている漢字、そしてどんなときにも立ち向かう、内面も美しく聡明で誰からも愛される人となる意味がある「佳」を入れた、「晃佳」という名前に名づけました。 昔っぽい名前だね、といろいろな人から言われますが、私たち夫婦はこの名前にして良かったと心から思っています。生まれて顔を見て、名前がしっくりこないのかなとか思っていましたが……むしろ、晃佳以外にない！！ってくらいピッタリな名前でした！！ 生まれてきてくれてありがとう！！	sound_row	https://baby-calendar.jp/knowledge/common/1512	bc
2020	M	あ行	晃	あきら	私が大好きな少女漫画「天使なんかじゃない」のヒーロー「須藤 晃」から。旦那が大好きなアニメ「AKIRA」から。夏生まれなこともあり、日が光るというきらきらした漢字の雰囲気もピッタリだということでこの名前に決めました。	sound_row	https://baby-calendar.jp/knowledge/common/1512	bc
2020	M	あ行	朝日	あさひ	朝日がのぼるようにスクスク育ってほしいと名づけました。名づけ担当はパパで、候補の名前を見せてもらいました。全部で3つあり、自分が男の子に付けたいと思っていた名前も漢字違いで入っていました。それが朝日です。私が付けたかった理由は、読んでいた漫画の中の主人公が朝陽という名前でした。とても優しく、思いやりのある子で、同じように優しく、太陽のように明るく笑う子に育ってほしくて考えていました。その願いが偶然叶いました！！ なんだか嬉しくて、旦那ともこの名前が一番しっくりくるねと、顔を見る前から決まりました。 実際生まれると、朝日という名前がピッタリの、元気な男の子でした。泣き声も大きく、良く飲むし、足の力が強いので掛けられたタオルを蹴っ飛ばしてしまう新生児でした。生後2カ月になった今は、名前の通りすくすく育ち、太陽のような明るい笑顔で家族みんなを笑顔にしてしまいます。これからの成長も楽しみです。	sound_row	https://baby-calendar.jp/knowledge/common/1512	bc
2020	M	あ行	旭	あさひ	旭と名づけた理由は3つあります。1つめは、ママの名前に“海”、パパの名前に“樹”という漢字が入っていたので自然系の名前にしたかったこと。2つめは、ママの名前に“七”が入っているので、パパと子どもの2人の人数分を足した“九”という数字が入っていたこと。3つめは、朝日が昇ってから人が動き出すイメージから、周囲の人の先頭に立って大きな影響を与える子になってほしいという想いから。以上の理由で旦那さんと話し合って“旭”と名づけました。	sound_row	https://baby-calendar.jp/knowledge/common/1512	bc
2020	M	あ行	旭陽	あさひ	人生いろいろなことが起こって、いいことばかりではなく悪いこともあると思うけど、それもはねのけて輝くような人間になってほしいという思いを込めて、旦那と二人で名づけました。	sound_row	https://baby-calendar.jp/knowledge/common/1512	bc
2020	M	あ行	侑	あつむ	お兄ちゃんの名前が佑（たすく）で、“助ける”という意味があり、兄弟で何かしら繋がりがある名前がいいと考えていました。侑という字は（たすく）と読むこともでき、兄弟で助け合ってほしいという気持ちも込めて名づけました。	sound_row	https://baby-calendar.jp/knowledge/common/1512	bc
2020	M	あ行	彩響	あやき	由来はこの子がおなかにいると分かった時に、人生が一気に彩って幸せな気分が響き渡ったから。この子がいるだけで良い影響を人々に与えられる人になり、彩りのある人生を送ってほしいという願いも込めています。	sound_row	https://baby-calendar.jp/knowledge/common/1512	bc
2020	M	あ行	彩世	あやせ	この子の妊娠がわかったのは、2020年1月。私たち夫婦はもちろん、両家にとって初孫であるため両親もとても喜んでくれ、オリンピックもある記念の年に生まれる我が子に、希望があふれていました。しかし、その希望が次第に失われていくことに。新型コロナウイルスのニュースが毎日のようにテレビで流れるようになり、外出も気軽にできなくなりました。クリニックも一人で行かなければならず、生まれる前の両親学級なども中止になり、出産に対して不安な気持ちが高まっていきました。 さらに追い討ちをかけるように、大好きだった祖母が他界。亡くなるつい1カ月前には、生まれてくる赤ちゃんを楽しみに「長生きしなくちゃ！」と元気に話していたおばあちゃん。あまりにも急な出来事に赤ちゃんが生まれてくる喜びよりも、暗いニュースが続くことへの深い悲しみに心が覆われてしまいました。 そんな時におなかからポコポコと今まで感じたことのない感覚が。僕はここにいるよ、ママは一人じゃないよと訴えかけてくるような胎動でした。どんなにつらいことがあっても、赤ちゃんは元気に育っていることに感動し、気持ちもだんだんと前向きになりました。マタニティ期間は暗い出来事が多かったけれど、この子には明るくキラキラとした鮮やかな世界で生きていってほしいという願いを込めて、彩世（あやせ）と名づけました。	sound_row	https://baby-calendar.jp/knowledge/common/1512	bc
2020	M	あ行	絢仁	あやと	旦那と私のアニメの好きなキャラクターの名前がかぶっていて、そこからとりました！ 漢字は少しかえたけれど、焼肉を食べながら話をしていて、急に決まりました！	sound_row	https://baby-calendar.jp/knowledge/common/1512	bc
2020	M	あ行	文翔	あやと	妻が、ジャイアンツの坂本勇人ファンなので、『 ○○ト』と呼びたい希望があり、そこから漢字や響きを当てはめていきました。高く自由に成長してほしいという想いから、『ト』の字を先に決めました。優しく、元気で、ちょっとだけ優秀な子に育てばと想いながら、姓名判断の風水や画数の情報を参考にして、同学年の子とかぶらないことを意識しながら、5つに候補を絞りました。それ以降は決定打に欠けたので、生まれた子どもの顔を見て決めようと夫婦で話して出産を楽しみに待つことにしました。3月7日生まれだったので、『ミナト』も飛び入りで候補に挙がり、6つの中から選ぶことになりましたが、最終的には私が一番希望としていた『文翔（あやと）』に決定しました。生まれて半年経ちましたが、親の想いに応えてくれそうな気がしています	sound_row	https://baby-calendar.jp/knowledge/common/1512	bc
2020	M	あ行	綺一	あやと	性別が分かってから旦那さんがいくつか候補を考えてくれていました。漢字も姓名判断を見つつ最終的に2つまで絞り、後は顔を見てから決める予定にしていました。出産時は前期破水からの陣痛促進剤を使用してもなかなか子宮口開かず2日経過し、結果的に緊急帝王切開となったのですが、生まれて顔を見た瞬間に、目がとても綺麗に輝いていたようで、これしかないと名前を決めたようです。ちょうど旦那の祖母と名前が似ており、顔つきは旦那の祖父に似ており、何かの縁があるのかなあと話していました。2週間健診で病院に行った時、助産師さんに読み方を聞かれて伝えると、捻った名前やねと言われたのですが（笑）、旦那からの生まれて初めてのプレゼントなので将来気に入ってくれると嬉しいです。	sound_row	https://baby-calendar.jp/knowledge/common/1512	bc
2020	M	あ行	新史	あらし	令和になり、新しい時代を切り開いていってほしいという願いから、「新しい」「歴史」という意味合いで名づけました。また夫婦揃ってジャニーズの嵐が好きなので、憧れの嵐のように強い志を持つ子に育ってほしいという願いも込めました。	sound_row	https://baby-calendar.jp/knowledge/common/1512	bc
2020	M	あ行	新史	あらし	新しい歴史を作ってほしいという意味と、ちょうど生まれた日に大型台風が来ていたのでこの名前にしました。	sound_row	https://baby-calendar.jp/knowledge/common/1512	bc
2020	M	あ行	灼	あらた	子どもの名前は、性別がわかる前から夫と2人でいろいろな名前を出し合っていました。夫は男の子なら虎太郎がいいなと言い続けていましたが、私は夫も私も名前が漢字1文字なので漢字1文字で合わせたいと、呪文のように毎日言いました（笑）。両方の親にも相談しつつ、結局生まれてからもギリギリまで悩みました。ですが夫が、「悪阻とかつらいの見てきたし、産む時も痛い思いして妊娠から出産まで長期間頑張ってくれた嫁ちゃん（私）が決めてください」と言ってくれました。夫は虎太郎がいいと思いながらも、私に決めさせてくれました。ちょうど夫も私も好きなアニメの主人公の名前が候補の中にあり、私の希望の文字数ということと、同年代の子で同じ漢字はあまりないだろうと灼くんに決定しました。夫が希望していた虎太郎は次の子の候補には、また入れてあげようと思います	sound_row	https://baby-calendar.jp/knowledge/common/1512	bc
2020	M	あ行	亜琉斗	あると	10番目の子どもで、男の子は7番目。なかなか名前が決まらず、車が好きなお父ちゃんがスズキアルトから、亜琉斗と名づけました♪（かかさまさん）	sound_row	https://baby-calendar.jp/knowledge/common/1512	bc
2020	M	あ行	伊織	いおり	元々子どもが苦手で、妊娠がわかってからも出産に前向きになれませんでした。つわりも重く、自分の腕に繋がれた点滴をを見る度に何度も妊娠を後悔しました。でも、日に日に大きくなってくるおなかやおなかの中から伝わる胎動を感じた時、一生懸命生きようとしているんだ、私が諦めたらこんなに頑張っているこの子は生まれてこられないんだ、と今更ながら親になるということを実感しました。次第に早く会いたいという気持ちが膨れ上がって、まだ見ぬ我が子に対して愛しいと思えるようになってきました。 この子が幸せになるために自分がこの子にしてあげられることはなんだろうと考えたとき、ふと自分が生まれたとき親が幸せになってほしいと悩んで名前を付けてくれたこと、それを聞いて子どものころとても嬉しかったことを思い出しました。名前は親からの最初の愛情です。この子が幸せになれるよう、また周りを幸せにできるよう親としてめいっぱいの愛情を込めた名前を付けようと思いました。『伊織』という名前に、『人との絆や結び付きを大切にし、人のために動ける心のあたたかな人になってほしい』という想いを込めました。周りからたくさん愛され、周りの人にたくさん愛を与えられる人になってほしいです。	sound_row	https://baby-calendar.jp/knowledge/common/1512	bc
2020	M	あ行	依来	いく	性別問わず使える名前が良く、私自身が2音で呼べる名前が希望で「いく」になりました。漢字の候補はいくつかあったのですが、生まれた時の顔を見ての直感です。今では寝てる依来に皆が寄り添う、我が家のアイドルです。	sound_row	https://baby-calendar.jp/knowledge/common/1512	bc
2020	M	あ行	郁人	いくと	2019年9月に待望の第一子を妊娠しました。母子ともに経過は順調で子どもの性別も男の子とわかり、出産の日を心待ちにしていました。年が明けて妊娠6カ月に入った時、突然体調が悪くなり病院で特発性血小板減少性紫斑病という難病と診断され即日入院となりました。病状はなかなか良くならず、毎日不安な気持ちを抱えて入院生活を送っていました。入院中に新型コロナウイルスが流行し始め、家族の面会もできなくなり、ますます孤独を感じていました。 そんな中、おなかの赤ちゃんはいつも元気で順調に成長しており、胎動を感じる度に「私は1人じゃないんだ。この子のためにも早く病気を治して元気にならなきゃ」と励まされ、闘病生活を乗り切ることができました。出産時も新型コロナウイルスの影響で夫は立ち会いができず、出産後も退院までは一切面会ができませんでした。子どもの名前は夫と2人で子どもの顔を見てから決めたいと思っていたため、出産から退院するまで毎日子どもの写真を夫に送り、2人で名前を考えていました。 あらかじめ候補に挙げていた名前もいくつかありましたが決めかねていたある日、夫が朝起きた時に「いくと」という名前を思い付いたそうです。そこで漢字を調べると「郁」という字には『文化が栄えている様子』という意味があり、音楽や映画など芸術が好きで子どもにも芸術を好きになってほしいと思っていた私たち夫婦にとってぴったりの名前であるように思えました。妊娠中、病気で不安に押しつぶされそうだった私をおなかの中から励ましてくれたように、これからは自分の中から溢れるエネルギーで周りの人を幸せにできるような人になってほしいと願い「郁人」と名づけました。	sound_row	https://baby-calendar.jp/knowledge/common/1512	bc
2020	M	あ行	郁翔	いくと	妊娠中夜中起きて寝れなくなった時に天から降りてきた名前が「いくと」で、おなかの中で「いくと」ってつけてって言われてるみたいだったのでつけた。	sound_row	https://baby-calendar.jp/knowledge/common/1512	bc
2020	M	あ行	泉澄	いずみ	泉澄という名には、未来を拓く創造性や勇気が泉のように湧き、澄んだ心を持って迷いなく成長してほしいと願いを込めて命名しました。	sound_row	https://baby-calendar.jp/knowledge/common/1512	bc
2020	M	あ行	樹	いつき	妊娠中期ごろに性別が男女の双子だということが分かり、男の子はパパ、女の子はママが名づけることにしました。樹は、｢大樹のように大きく成長してほしい｣、 ｢樹のように真っ直ぐで正直な人になってほしい｣との思いを込めて名づけました。生まれた時は2,000gほどしかありませんでしたが、生後7カ月になった今、8,500gまで大きくなりました。まさに樹という字のようにスクスク育ってくれていて嬉しいです。	sound_row	https://baby-calendar.jp/knowledge/common/1512	bc
2020	M	あ行	惟月	いつき	息子の名前は惟月（いつき）で、みんないっくんと呼んでくれます♡ 最初性別がわかった時、女の子と思っていたから男の子の名前を全然考えていなくて……。アプリとかを見たりして、いろいろ考えても全然しっくりくるのが無くてとても悩んでいました。夫婦で名前を考えてる時、画数とかより響きを重視しよう、となり、やっとたどり着いたのか「いつき」。旦那さんは「なつき」が良いと言ったけど、私のゴリ押しでいつきに決定！ 次に漢字をどうするかとなって、最初は別の漢字で考えていたけれど、旦那さん的には納得いかなかったようでまた考え直し……。旦那さんが「月」を入れたいと言うので、「い」をどうするかなーと、アプリやGoogleで漢字を調べていたら「惟」の漢字を見つけました。あんまり見慣れない字だけど、この1文字で「い」と読めてちゃんと人名でも使われている！ 何よりその意味がすごく良くて「惟」は 惟うと書いて「おもう」と読み、意味は「思う」と同じだったり、良く考えるという意味で使われる漢字。また思慮深さや聡明さを連想できる字。 そこに「月」を合わせて、幻想的で穏やかな優しく周りを照らすイメージで。そのため私たち夫婦が「惟月」には人の事をよく考え、穏やかで優しく周りを照らす魅力的な人になりますように、と意味を込めて名づけました。今のところ穏やかとは言い難いやんちゃ坊主だけれど、いてくれるだけで周りが笑顔になるとても大きな存在です。これからどんな子に育つか分からないけれど、名前負けしないように育ってほしいし、私たちで育てていこうと改めて思いました！	sound_row	https://baby-calendar.jp/knowledge/common/1512	bc
2020	M	あ行	一稀	いつき	あなたは私たちにとってたった1人の唯一無二の存在だよ。そしてどんな事にも挑戦して、たぐい稀なる才能を発揮していってほしい。	sound_row	https://baby-calendar.jp/knowledge/common/1512	bc
2020	M	あ行	逸樹	いつき	夫婦揃って、成績も才能も平均的なことに悩んでいた過去がありました。この子には、そんなことで悩まず、何かひとつでも自分の中に長所を見つけ、自信を持ってほしい願いを込めて「逸」の字に決めました。出生時、想定よりも小さく生まれてか弱く泣いている姿を見て、大きく元気に育ってほしいと思い、当初予定していた「希」の字を大樹の「樹」に変更しました。	sound_row	https://baby-calendar.jp/knowledge/common/1512	bc
2020	M	あ行	惟月	いつき	当初、別の名前が候補にあった息子君。ほぼその名前で決まりだったのですが、出産予定日が満月だったこともあり、そんな日に生まれてくれる子は、縁もあるし力を与えてくれる月の字を入れたい！と急きょ変更。見事満月で破水し、出産しました。人の心や、自分の行動、いろいろな事を考える子になってほしいと惟の字をつけました。最終的には顔を見て決めようと主人とも話していましたが、生まれてくれた瞬間に、「惟月！ ありがとう、頑張ったね！」と言っていました。思いやれる優しい子に育ってくれるよう、私たち親も、たくさん愛情を注いであげようと思います。	sound_row	https://baby-calendar.jp/knowledge/common/1512	bc
2020	M	あ行	稜貴	いつき	お父さんの名前（俊貴）と同じ文字を入れたいと思っていました。その中でも画数や音の響き等で候補を絞っていきましたが、おなかの中ですごく元気に動き回っていたので、落ち着きのありそうな『いつき』という名前にしました。	sound_row	https://baby-calendar.jp/knowledge/common/1512	bc
2020	M	あ行	稜己	いづき	このコロナ禍の中で大変な時期に妊娠して、大切に大切におなかの中で守って出産をしました。地球でたった1人の我が子、かけがえのない存在。自分で自分を傷つけてしまう悲しいニュースなどが続く中で、“私は私と強く持って自分を大切にしてほしい”という願いを込めて、パパが“稜己”と名づけました。稜：何事にも毅然（意志が強く、物事に動じない）とした態度で取り組むことができる、まじめな人になることを期待して。己：自分の道を突き進む探究心と可能性にあふれた人に。また、自分を大切にし、まわりの人たちも大切にできる人になってほしいと願って。 新型コロナが拡大していく毎日でとても不安でした。立ち会い出産ができず初産を1人で乗り越え、退院日まで家族に会えませんでしたが、稜己と2人で頑張った出産は一生忘れる事のない時間です。これから先どう世界が変わっていくか分からないけど、我が道を進んでたくましく育っていけるようパパとママが全力で守ります。改めて生まれてきてくれてありがとう。	sound_row	https://baby-calendar.jp/knowledge/common/1512	bc
2020	M	あ行	一朔	いっさ	上のお兄ちゃんがいつきという名前で、お兄ちゃんが名づけの本から自分の名前を探して、その下に書いてあった名前がいっさでした。「もういっさでいいよ！」という一言でお兄ちゃんの中では決まってしまい、ずっとおなかに向かって「いっさ〜」と話しかけていたので、いっさになりました。もし上の子が字がまだ読めなかったら、違う名前になっていたかもしれません。	sound_row	https://baby-calendar.jp/knowledge/common/1512	bc
2020	M	あ行	一咲	いっさく	尊敬する恩師の言葉で、「人生一生かけて自分1人を一作品として作ることだ」という名言がありました。一生一作の、いっさく。そして生まれた日、桜が満開だったので、そのような美しく人生になることを願って「さく」の漢字は「咲」になり、一咲（いっさく）と名づけました。	sound_row	https://baby-calendar.jp/knowledge/common/1512	bc
2020	M	あ行	一誓	いっせい	もう子どものいる人生は諦めよう。夫婦2人だって充分幸せだ！」三度目の流産をし、不育症と診断された私は、どうにかして前向きになろうと、そんな思いでいっぱいでした。それから2年が経ったころ、妊娠が判明。「再び、流産してしまったら……」と不安な日々の中、出産までの十月十日を過ごしました。しかし、生まれてくる赤ちゃんの名前を考えている時は、とても穏やかで幸せな時間でした。夫婦で台所に立っている時や、駅からの帰り道、少しずつ大きくなっていくおなかをさすりながら、夫と2人でいろいろと名前の候補を挙げたものです。 私たち夫婦の一つの誓い……、「ようやく授かった我が子。ありったけの愛情をたっぷり注ごう」そんな誓いを込め、「一誓（いっせい）」という名前に決めました。無事に出産する事ができ、初めて我が子を抱いた時は、「こんな幸せが私たちに訪れるなんて」と、とても感動し、そしてホッとしました。私たち夫婦の誓いと共に、日々すくすくと成長していく一誓。彼が夢や目標、そして大切な人ができた時、ひとつの誓いを立て、強く生きていってほしいです。	sound_row	https://baby-calendar.jp/knowledge/common/1512	bc
2020	M	あ行	絃人	いと	予定日を大幅に過ぎ、それでもまだまだ出てくる気配なし。4年半ぶりのさらに高齢出産。おなかも体力も限界に達し、誘発分娩となった我が子。陣痛が3分間隔になってから3時間ほどでスポンと出てきた元気な男の子は4,000gありました。新生児感はあまりなかったけれど、泣き声もたくましく、髪の毛もふさふさ、初乳もしっかり吸ってくれました。妊娠6カ月に入ったころに私がいくつか候補を出し、パパがとても気に入ってくれた名前、｢いと｣。｢絃｣という字を使いたかったパパ。字画がよくなかったので、いろいろ考えましたが、｢人｣という字をつけると最高に！ お姉ちゃん（つむぎ）と同じく、｢人との繋がりを大事にできる子に｣というママの思いを込めて。パパとママの頭の文字をひとつずつとって。コロナで立ち会い、面会無しですぐに会えなかった姉弟。お姉ちゃんが大好きで、退院してすぐから、声が聞こえるだけで笑顔になります。｢糸（絃人）を紡ぐ（つむぎ）｣、子どもたちは家族みんなを繋いでくれる存在です。（いとつむぎさん）	sound_row	https://baby-calendar.jp/knowledge/common/1512	bc
2020	M	あ行	詩太	うた	2人目なのですが、1人目の時と違って全く思いつかなく、ギリギリまで悩み続けました。そんななか、音楽番組を観ていて気づいたのが、毎回音楽番組を観ている時は胎動が激しいことと、お姉ちゃんがピアノで遊んでいる時も激しいなと思い、旦那に言いました。音楽が好きな子かもしれないと思った旦那は名前の響きに「うた」と込め、漢字に「詩」という字を使いました。「優れた感性や表現力を持って、たくましく生きてほしい」と名づけました。（miiiさん）	sound_row	https://baby-calendar.jp/knowledge/common/1512	bc
2020	M	あ行	英輝	えいき	TVでキングダムの映画が放送されていて、そこに「えいせい」が登場。後日、友達とランチしてた時に「えいせいってかっこいい名前だよねー」という話になってから、「えい」は入れることに。あとは、旦那の名前が翔輝なので一文字もらい、字画から英輝に確定。決まってから、英雄のように輝いてほしいという意味にしようかなと。	sound_row	https://baby-calendar.jp/knowledge/common/1512	bc
2020	M	あ行	瑛太	えいた	生まれた時の顔が長男（敬太）にそっくりだったので、瑛太と名前も似た名前をつけました。	sound_row	https://baby-calendar.jp/knowledge/common/1512	bc
2020	M	あ行	瑛太	えいた	胎児ネームがマジカルだったので、それにちなんだ名前にしようとしましたが難しく……。4文字だとニックネームで名前が省略されやすいから3文字！ あと、○○太がいい！というパパのこだわりがありました。男の子なので名字が変わる可能性が低いため、結局、名字と合わせて見て違和感のない名前に決めました！ 胎児ネームのインパクトが大きすぎて、瑛太と呼ぶのに慣れるまで大変でした	sound_row	https://baby-calendar.jp/knowledge/common/1512	bc
2020	M	あ行	瑛太	えいた	夫婦の名前から一部譲りたいと考えていました。自分の名前の漢字の意味や部首など調べていたら“おうへん”には素晴らしい意味がありました。宝石の意味を多く持つらしいのです。輝きのある子になってほしくて、“おうへん”のある漢字を基準に考え、瑛太になりました。	sound_row	https://baby-calendar.jp/knowledge/common/1512	bc
2020	M	あ行	瑛斗	えいと	私を含めた、8人目の家族へようこそ！という意味も込めて名前をつけました！	sound_row	https://baby-calendar.jp/knowledge/common/1512	bc
2020	M	あ行	瑛翔	えいと	おなかの中にいる時から、上の子（3歳）は「男の子」と言っていました。診察の中で男の子ということも判明し、「名前何にしようか〜？」と2人で話しながらしばらく検討していました。するとしばらくして、「ママのおなかの中は『えいじくん』、みぃちゃんのおなかの中は『えいとくん』」と言っていて、「えいじくーん、えいとくーん」と妊娠中を過ごしました。最終的に生まれた後にお姉ちゃんに決めてもらいました。漢字は「瑛」が水晶などの美しい玉のことを言うようで、心の綺麗な子に成長してほしいという思いと、「翔」は自分の夢に向かって羽ばたいてほしいという願いを込めてつけました。	sound_row	https://baby-calendar.jp/knowledge/common/1512	bc
2020	M	あ行	英永	えいと	私たちの結婚記念日が8月8日、区役所に婚姻届を提出した時の受理番号が88、主人の誕生日が8月と、8にご縁があったので、永遠に末広がりな人生を送れる魅力的な人になってほしいという願いを込めて『英永（えいと）』と名づけました。ちなみに結婚指輪を購入したお店のスタッフさんの恋人が8月8日生まれで『えいと』という名前なのにも驚きました。なんとも不思議な偶然です。息子の人生、何か偶然と奇跡が遭遇しそうで、この先楽しみです。	sound_row	https://baby-calendar.jp/knowledge/common/1512	bc
2020	M	あ行	栄斗	えいと	明るいイメージがもてる名前にしました。漢字そのものの意味も重要視しましたが、『栄』に『木』という漢字が含まれることと、『斗』に『マス』という意味があることから、自然科学に精通した人になっていってほしいという願いも込めました。また、エイトは英語で数字の『8』とも読めることから、海外でも名前を覚えてもらいやすいと思い、この名前にしました。	sound_row	https://baby-calendar.jp/knowledge/common/1512	bc
2020	M	あ行	縁	えにし	縁結びの“縁”で「えにし」と読みます。人と人との関わりを大切にしてほしい、と願いを込めてつけました。	sound_row	https://baby-calendar.jp/knowledge/common/1512	bc
2020	M	あ行	縁	えにし	私たち夫婦は高校生のころに出会い、一年の交際後、別れました。しかし主人が働いてたいた居酒屋で20歳のころ再会し、復縁し結婚に至りました。結婚式も、コロナ前ぎりぎり11月にあげることができました。それも、ネットで応募したプレゼントで当たりました。こうやって、私たち夫婦は強い縁で結ばれていて、息子に会えたと思います。息子にもいろいろな縁に恵まれて、縁を大切にできる子になってほしいと思い、名づけました。（えにまんさん）	sound_row	https://baby-calendar.jp/knowledge/common/1512	bc
2020	M	あ行	桜雅	おうが	学生のころは生理がまばらで、2・3カ月〜半年に1回のペースできていました。生理が不順なため、高校生の時に検査を受けたところ先生から子どもができづらいと話をされました。当時の私は、普通に子どもは産めると考えていたため、言葉を失いました。20歳の時に旦那と知り合いました。私は低用量ピルを飲んでいました。ですが、彼と長く付き合うにつれ子どもが欲しいと考えるようになり、ピルをやめました。やめたところですぐに子どもができるはずもなく、6年の月日が経っていきました。「焦らなくても」と言われるたびに私は自分を責めました。 そんな時、年初めのころ仕事で祈祷師の女性の方とお会いする機会がありました。その方と話をしているうちに、「あなた、今年中に子どもが授かる」と言われたのです。他にも旦那の事を言い当てられました。子どもについては半信半疑でした。言われて気にはかけていましたが、そんな事は無いと半年が経ったころに妊娠した事が分かりました。祈祷師の方にお礼をと思い伺ったところ、お会いした2週間後に亡くなられたことが分かりました。この子は神様から授かったのだと思う他ありませんでした。 予定日が春だったため、桜の漢字を入れたいと旦那と話していました。桜は日本人が好きな花です。その花のようにみんなに愛される、自分もみんなを広い心で包み込めるような子に育ってほしいという気持ちで名づけました。今はすくすくと育っていく息子と目まぐるしい毎日を楽しく過ごしています。	sound_row	https://baby-calendar.jp/knowledge/common/1512	bc
2020	M	あ行	鷹志朗	おうしろう	性別がわかる前で、まだ名前の候補も挙げていないころに、夢で息子が出てきて“おうちゃん”と呼んでいました。同じ日に奇跡的に主人も夢で息子を“おうちゃん”と呼んでおり、これはもう確定だね！と、“おうちゃん”と呼べる名前で絞りました。名字との画数の兼ね合いもありましたが、「能ある鷹は爪を隠す」の鷹のように賢く謙虚に、遊びでも勉強でも何事にも志を持って全力で取り組み、朗らかで明るい元気な子になってほしいと鷹志朗と名づけました。	sound_row	https://baby-calendar.jp/knowledge/common/1512	bc
2020	M	あ行	旺志郎	おうしろう	結婚5年でやっと授かった我が子。妊娠が分かってからも毎日喜びと不安でいっぱいで。母の不安をよそに、順調におなかの中で育っていく赤ちゃんの性別がわかった時、主人と名前を考え始めようという話になりました。候補をいくつか挙げた時、夫婦同じタイミングでコレだ！とひらめきました。それが旺志郎。母も父も待望の息子の生命がおなかに宿ったと知った時から、毎日がキラキラで輝くようで。そんな意味を持った名前にしたかった。おうちゃん、自分も周りの人も輝かせるような人になってね。	sound_row	https://baby-calendar.jp/knowledge/common/1512	bc
2020	M	あ行	桜恭	おうすけ	名前を旦那とそれぞれ考えていたが、なかなか夫婦二人が気に入る名前が思い付かなかった。臨月に入ったある朝、目覚める瞬間に「おうすけってかわいいかも」と思いながら目を開けた。旦那にも伝えると気に入り「おうすけ」という呼び名に決定。漢字は、もともと花の名前を付けたいと旦那が考えていたため、また、今年の春は、靖国神社の標本木による開花宣言が観測史上最も早かったということもあり、桜という文字を使った。「すけ」については、読みで検索した中で、「恭」という字が持つ意味が一番気に入ったのでこの字をつけた。「礼儀正しい」という意味があるそうで、我が子には「ありがとう」「ごめんなさい」といった挨拶がしっかりできる子になってほしいと思っていたので、ちょうどいいと思った。今ではみんなに「おうちゃん」と呼んでもらい、すっかり定着した。不思議と「桜恭」という名前が似合う顔になった気がしている。（よこさん） 歴代の赤ちゃんの名づけエピソード大賞 2020年赤ちゃんの名づけエピソード大賞 ＞ 2019年赤ちゃんの名づけエピソード大賞 ＞ 2018年赤ちゃんの名づけエピソード大賞 ＞ 2017年赤ちゃんの名づけエピソード大賞 ＞ 2016年赤ちゃんの名づけエピソード大賞 ＞ 2015年赤ちゃんの名づけエピソード大賞 ＞ 歴代の赤ちゃんの名前ランキング 2020年赤ちゃんの名前ランキング ＞ 2019年赤ちゃんの名前ランキング ＞ 2018年赤ちゃんの名前ランキング ＞ 2017年赤ちゃんの名前ランキング ＞ 2016年赤ちゃんの名前ランキング ＞ 2015年赤ちゃんの名前ランキング ＞ 2014年赤ちゃんの名前ランキング ＞ 2013年赤ちゃんの名前ランキング ＞ 2012年赤ちゃんの名前ランキング ＞ 2011年赤ちゃんの名前ランキング ＞ 2010年赤ちゃんの名前ランキング ＞ あなたの“今”の悩みを専門家に無料で相談できます 自分だけでは解決できない不安やお悩みは、助産師や管理栄養士などの専門家に個別相談してみませんか？ 専門家に相談する その他についての悩み もっと見る 専門家に相談する 妊娠・育児アプリ ベビーカレンダー記事制作の取り組み ＼ この記事にいいね！しよう ／ 0 クリップ 現在ログインしていません。 ログイン しますか？ シェアする 名前ランキング検索 ベビーカレンダーが独	sound_row	https://baby-calendar.jp/knowledge/common/1512	bc
2020	F	か行	果永	かえ	母が3文字で二文字の名前に憧れていたのと、努力が実を結んで（果）末永く幸せな人生を送って欲しい（永）という意味で果永とつけました。響きも漢字もとても気に入っています。	sound_row	https://baby-calendar.jp/knowledge/common/1523	bc
2020	F	か行	楓	かえで	出産前、候補を2つ旦那さんと考えていましたが中々決まらず、出産して顔を見てから決めようということになりました。コロナの影響で旦那さんは写真越しでしかわが子を見ることが出来ませんでしたが、写真を見て「楓がいい」とはっきり言われました。私は、もう一つの候補の名前を提案したのですが、旦那さんは引く気はなく断固として「楓がいい」の一点張り。 理由を聞いてみると、赤ちゃんにとって一番はやっぱりお母さんだからお父さんには愛するわが子の名前を決めさせて欲しいと言われました。意味は、楓の木は芯が強いためわが子も丈夫に育ってほしい。また、人との関わりを大切にしてほしいという意味が込められています。これからの成長が楽しみです。	sound_row	https://baby-calendar.jp/knowledge/common/1523	bc
2020	F	か行	楓	かえで	パパが大好きなスピッツの『楓』という曲から名づけました。学生時代付き合っているときから、いつか結婚して赤ちゃんが生まれたら 名前は『楓』にしようと話していました。それから10年以上が経ち、私たちの元にやっと生まれてきてくれました。男の子でも女の子でも楓という名前は決まっていたけど、女の子だったら良いねと話していたので、性別が確定したときは大喜び。季節もちょうど秋生まれで、この名前に運命を感じています。	sound_row	https://baby-calendar.jp/knowledge/common/1523	bc
2020	F	か行	叶來	かこ	叶來を授かったとわかった日は、腹痛で産婦人科を受診した日でした。両親共に本当にびっくりして、不安もたくさん。切迫流産や重度妊娠悪阻、そして叶來の祖母や曽祖母の入院等に追われてとても目まぐるしい日々を過ごしました。 予定日ちょうどに生まれてくれて、たくさんたくさん頑張って会いにきてくれた叶來。叶來の望む未来を叶えていけるように。生まれる前からコロナや幾つもの試練があった中、これから先の未来が希望に満ち溢れていますように。そんな願いを込めてます。	sound_row	https://baby-calendar.jp/knowledge/common/1523	bc
2020	F	か行	心奏	かなで	心からワクワクする事が音楽を奏でるように毎日繋がっていきますように……♡	sound_row	https://baby-calendar.jp/knowledge/common/1523	bc
2020	F	か行	奏穂	かなほ	4人子どもがいて3人が女の子。今回の妊娠で女の子と分かり、名前を決めているときのテーマが「優しい子に育って欲しい」と漢字の一部に『心』が含まれていることでした。家族で何日も話し合い漢字を調べて考えました。 長女の名前の由来は「衣のように愛で人を包める人になってほしい」で『愛依』。次女の名前の由来は「生い茂る葉っぱの用に人の心を満たせる子に育ってほしい」で『心葉』。今回生まれた三女は「実り豊かな人生を送り人の心に和みを与えられる子に育ってほしい」で『奏穂』になりました！	sound_row	https://baby-calendar.jp/knowledge/common/1523	bc
2020	F	か行	愛海	かなみ	わたしも旦那も海が好きだったため、「海」を使った名前にしようと考えました。沖縄生まれということもあり、愛情いっぱいで海好きな子になってほしいと願いを込めて『愛海 かなみ』と決めました。まなみと読みそうですが沖縄の方言で「愛さ＝かなさ」と言うため、かなみとなりました。	sound_row	https://baby-calendar.jp/knowledge/common/1523	bc
2020	F	か行	叶波	かなみ	叶」には、夢や希望を叶えてほしい。「波」という漢字には、私には「晴」、旦那には「星」という字が入っているので、波間に映る太陽や星のようにキラキラと輝かしい人生を送ってほしいと願いを込めました。旦那も私も海が好きで付き合ってから毎年欠かさず海に行っていたので「波」という漢字は入れたいと考えてつけました♪	sound_row	https://baby-calendar.jp/knowledge/common/1523	bc
2020	F	か行	叶夢	かなめ	私の主人は料理人です。お付き合いをしているころから夢は「自分の店を持つこと」でした。私と結婚することとなり、2人で将来設計を考えたときに「計画的、現実的ではないこと」「家庭の安定が第一」と彼は夢を諦め、違う業種へ再就職をしてくれました。 そんな私たちに子どもが生まれ「自分たちの様に夢を諦めてほしくない」「努力して自分の夢を叶えてほしい」「この子の夢が叶いますように……」という親の願いも込めた漢字の意味と「みんなから必要とされている大事な存在」という読みの意味を込め、「叶夢（かなめ）」と名づけました。叶夢が大きくなったら、私たち家族のために夢を諦めてくれた主人の話をしてあげたいと思います。	sound_row	https://baby-calendar.jp/knowledge/common/1523	bc
2020	F	か行	葵夏夢	かなん	活気のあるやさしい子でどんなときでも、人の気持ちや傷みを分かれる心を持って成長しますように。希望と夢を持って向日葵のように元気に明るく育ちますように……という思いが込められています。	sound_row	https://baby-calendar.jp/knowledge/common/1523	bc
2020	F	か行	叶夢	かのん	性別がわかったとき、「かのん」という名前がふと頭に浮かんで女の子らしくていいなと思ったのですが、名づけの意味を聞かれるとただ響きがいいということしかそのときは思い付かなくて……。漢字にこだわりたいと思っていたのになかなか思い付かず、せっかくの名前だからきちんとした意味を込めたいと思い毎日悩んでいるとき、義理姉が出産に役立てばと送ってくれた本の中に名づけの本が入っていました。 何気なく目を通してみると「叶夢」という漢字が目に付き、旦那さんと2人でコレだ！と即決でした。意味は夢を叶えるとシンプルですが、自分の意思が強くなければ夢は叶わないと思うので、意志を強く持った子になってくれたらとこの名前にしました。	sound_row	https://baby-calendar.jp/knowledge/common/1523	bc
2020	F	か行	佳音	かのん	周りにいない名前がよく、生まれる直前まで名前が決まらず、何個か候補があり私の名前もあみだくじで決めたと聞き、あみだくじで決めました。名前が決まった夜中に陣痛が来て、病院について約30分というとても安産で超スピード出産でした。生まれて顔を見てもやっぱりこの名前だねと旦那と話していました。	sound_row	https://baby-calendar.jp/knowledge/common/1523	bc
2020	F	か行	花穏	かのん	コロナ禍の中、生まれて来てくれた娘。これから生きていく中で大変なときも、花のように穏やかに前向きに生きてほしいと願いを込めて名づけました。	sound_row	https://baby-calendar.jp/knowledge/common/1523	bc
2020	F	か行	花音	かのん	姉の名前が、希望や笑顔がいっぱい咲くという願いを込めて付けられた名前でした、年子ですぐに下の子が誕生し、花や音楽のように人を笑顔にして癒すパワーを持った子になってほしい。姉妹で仲良く人生を咲き誇ってほしいという願いも込めました。	sound_row	https://baby-calendar.jp/knowledge/common/1523	bc
2020	F	か行	椛暖	かのん	私は母子家庭で育ちました。女手一つで大切に育ててくれました。23歳のときに子宮頸癌になり、子どもができるか、産めるか不安でしたが、結婚して子どもができたときは泣いて喜んでくれました。 私は昔から付けたい名前がありました。母がずっと好きだったパッヘルベルのカノンという音楽です。漢字はいろいろ考えて椛は、凛とした女性に暖は、暖かい心を持ってほしいと考え名づけました。椛暖、生まれてきてくれてありがとう。	sound_row	https://baby-calendar.jp/knowledge/common/1523	bc
2020	F	か行	柑音	かのん	名前は母、漢字は父が付けました。暦だと秋なので、季節な感じを入れたかったので柑を入れました。暖色系のオレンジで暖かくて優しい音色のような子になるようにと付けました。	sound_row	https://baby-calendar.jp/knowledge/common/1523	bc
2020	F	か行	美月	かのん	今年の6月5日は海外でストロベリームーンと呼ばれる満月で“月のように美しく輝き、素直で魅力的な女性になるように” と心を込めて名づけました。満月の特別な日に生まれてきてくれたからこそ、絶対に“月”という字にしようと決めました。	sound_row	https://baby-calendar.jp/knowledge/common/1523	bc
2020	F	か行	佳凛	かりん	佳は私の名前に入っているのと、わたしの兄妹みんなにこの字が入っているので、兄弟ができたときに同じようにしたかったのでこの漢字を入れました。同じ字でつながっている感じがして私は好きでした。 佳にはよいという意味もあるのですが、凛は妻であるわたしがちょっと抜けていたり、ほわわんとしているので、旦那が凛々しく、凛と育ってほしいと願ってつけました。あとは実は旦那が好きなアニメキャラの名前が凛だからというのもあります	sound_row	https://baby-calendar.jp/knowledge/common/1523	bc
2020	F	か行	栞奈	かんな	6月下旬が予定日だったため、夏らしい名前を考えていました。ちょうど夏に咲くカンナの花を知りました。漢字には栞を当てて、花言葉である快活で皆の手本となるような女の子に育ってほしいという思いを込めて付けました。あとは、字画が良かったというのもあります。	sound_row	https://baby-calendar.jp/knowledge/common/1523	bc
2020	F	か行	栞那	かんな	コロナ禍に生まれてきてくれたわが子。結婚してからなかなか子宝に恵まれず毎日のように泣いて、自分より結婚が遅かった友人が妊娠出産したと聞く度に素直に喜べませんでした。何度も病院に通い諦めそうになったときに妊娠がわかり、『暗い長いトンネルに光が見えた』そんな感覚で本当にうれしかったです。しかしこのままスムーズに出産とはいかず……。 仕事を頑張りすぎたのか、切迫早産で産休より2カ月程早めに休み、毎日ほぼ寝たきりに。その最中にもどんどんコロナ感染者が増え、コロナうつに……。安静解除後に急いで出産準備品を買いに行くと、感染防止対策のマスク作成などの理由で沐浴用ガーゼや体温計等の新生児に必要な商品が品切れになり、購入できず気持ち的につらかったです。 また、病院でのプレママ教室も全て中止になり、初産とコロナに対しての不安や恐怖で（コロナを引き受ける病院に通っていた）たくさん泣きました。もちろん、立会分娩や面会は禁止です。それでも、2020年5月5日の子どもの日に、へその緒を首に3周も巻きつけてたくさん苦しい思いをしながら、一生懸命に生まれてきてくれました。2020年5月10日の母の日には『退院』という、初めての母の日プレゼントをもらいました。そんなわが子に会えたときは、ようやくトンネルを抜け出したような感覚になり、世界がパッと明るくなりました。 私たちは子どもに『栞那』という名前を名づけました。栞には道標と言う意味があり、暗いニュースが多いこのご時世、たくさんの人の道標（光）となるように明るく元気に美しく育ってほしいと意味を込めました。実際にメールなどで出産報告をすると、「こんなご時世に明るいニュースをありがとう」と祝福のメールが送られてきました！ 私たちを含め、皆の光になっていました。これからつらいことがあっても、トンネルには必ず入り口があるから出口がある！ これからはくよくよせずに愛を持って精一杯育てていきたいです。	sound_row	https://baby-calendar.jp/knowledge/common/1523	bc
2020	F	か行	柑菜	かんな	菜の花のように明るく、笑顔を絶やさずに誰からも愛される人になりますように」「素直でまっすぐありのままに成長してくれますように。」という願いを込めてつけました！ たくさん、名前の候補を出したなかで、「柑菜」という名前が1番私たち親の想いも込められているので。由来の通り、誰からも愛されるよう、明るく素直に成長してほしいです！（かんちゃんママさん）	sound_row	https://baby-calendar.jp/knowledge/common/1523	bc
2020	F	か行	葵禾	きか	6月生まれだったので『葵』と言う字を使いたかった。	sound_row	https://baby-calendar.jp/knowledge/common/1523	bc
2020	F	か行	葵心	きこ	夏生まれの女の子であることから、夏の花を名前に取り入れたいと思い、向日葵のように真っすぐに誠実に、そしてアオイ科の花たちのように凛とした女性になってほしいという願いを込めて「葵心」と名づけました。また、2文字にしたのは、世界の人達にも気軽に呼んでもらえるように「KIKO」の二文字の音を選びました。	sound_row	https://baby-calendar.jp/knowledge/common/1523	bc
2020	F	か行	妃来	きこ	パパが男4兄弟で、兄の子ども3人も全員男の子。そのなかで待望の女の子が生まれたので、妃（ひめ）が来（きた）という意味を込めた。漢字はママの名前がまさこだったので、通常の姫ではなく、皇族に使われる妃を選んだ。	sound_row	https://baby-calendar.jp/knowledge/common/1523	bc
2020	F	か行	葵子	きこ	予定日は2月29日の閏日でしたが、少し早めの2月14日に生まれた葵子。誰からも気軽に名前を呼んでもらえるように2文字の名前を考えており、年齢問わず親しみを持って呼んでもらえると思い名づけました。漢字の由来は住んでいるのは寒冷地で、例年なら雪が多く降り積もっている時期ですが、暖冬ということもあり、この日は太陽が顔を出しポカポカの暖かい日でした。太陽に向かって大輪を咲かせる葵の花。 出産当日は、医師から夜中になるかなぁと言われていたけど、実際は16時半とまだまだ日を照らしている時間でした。生まれてきたわが子は本当に可愛くて、葵の花そのものだと感じ、この字を選びました。家に帰ってからも家族を明るく元気にしてくれる太陽のような可愛い葵子ちゃんです。	sound_row	https://baby-calendar.jp/knowledge/common/1523	bc
2020	F	か行	季奈	きな	名づけの始まりはママとパパの名前がイニシャルKだったので、子どもの名前もKにしたくてカ行の名前で考えていました。また、ママがカナ、パパがコウタでカ行の始まりと終わりの名前なので、カ行を順番に埋めて行きたいとのことで、キから始まる名前で考えることになり、人と被らず今までもほとんど聞いたことがない名前のキナが浮かび、その名前をつけることにしました。漢字には運勢の良い漢字を当てはめ、春夏秋冬どの季節も可愛い子に育つようにとパパがつけてくれました。	sound_row	https://baby-calendar.jp/knowledge/common/1523	bc
2020	F	か行	葵乃	きの	明るく素直に、まっすぐ誠実に育ってほしいという願いを込めました。誰からも愛されるひまわりのような存在になってほしいです。	sound_row	https://baby-calendar.jp/knowledge/common/1523	bc
2020	F	か行	希帆	きほ	不妊治療で授かった待望のわが子。女の子と分かってから名前を考え始めました。赤ちゃんがおなかのなかにやってきてくれて、家族みんなとってもうれしく、会えるのを楽しみにしていました。希望を与えてくれた赤ちゃんが、自分の人生でも希望を持てるよう、また周りの人に希望を与える存在になれるよう思いを込めて「希」の字をつけました。 また、わが家の苗字には「海」の字が入っています。女の子は結婚すると苗字が変わることが多いので、将来夫の姓を名乗っても私たち夫婦の娘でいたことがほんのり感じられるように、海にまつわる字の中で「希」と組み合わせられる字を考えたところ「帆」の字が思いつきました。結果、希望に向かってぐんぐん進んでいく「希帆」という名前に決定しました。誰もが読める字でありながらも、あまり同じ名前の人がいないのでその点も気に入っています。	sound_row	https://baby-calendar.jp/knowledge/common/1523	bc
2020	F	か行	來穂	きほ	秋に生まれるので穂という字を使いたくて、それに合う名前を考えました。また、画数や、わたしと旦那の名前との相性を本で確認し、この名前にしました。未来が実り豊かな人生になるようにという、願いもこもってます。	sound_row	https://baby-calendar.jp/knowledge/common/1523	bc
2020	F	か行	梗	きょう	娘の名前は母親であるわたしがつけました。漢字は桔梗の梗で「きょう」です。娘には愛嬌ややさしさよりも、とにかく強い子に育ってほしいと思っていたのと、女の子らしい名前ではないもの、漢字一文字という希望がありました。なにかの本を読んでいたときにこの梗という文字を見てコレだ！と思いました。 調べてみると梗の字には強いという意味や芯が通っているという意味があるそうです。夫がこだわっていた字画なども問題なく、もう迷いなく出産よりずいぶん前に決定しました。目指すは日本初の女性総理大臣です	sound_row	https://baby-calendar.jp/knowledge/common/1523	bc
2020	F	か行	恭華	きょうか	この名前になる前は、恭子でした。理由は、主人が深田恭子が好きだから（笑）。でも、お兄ちゃん2人とお姉ちゃん1人に反対され、泣く泣く恭の字をもらうことに。そのうち、“きょうか”になり、漢字も決定しました！！ 名づけをしてから気付いたことが。 それは、深田恭子の“恭”と、ルパンの娘で深田恭子が役を演じていた“華”の漢字であること！！ これは、たまたまですが夫婦で驚いています。由来として、深田恭子のように華やかな人生を送ってほしいという願いが込められています！！（あしゅさん）	sound_row	https://baby-calendar.jp/knowledge/common/1523	bc
2020	F	か行	來実	くるみ	マンガに出てくる女の子の名前が「くるみ」と書いてあって、いつか自分に子どもができたらつけたいなと思っていました。これから始まる来る（來）未来が（未來）が、充実し楽しく明るく実りある子に育ちますようにと、來はあえて古風な字にしました。実際つけてよかったと思っています☆（くるみママさん）	sound_row	https://baby-calendar.jp/knowledge/common/1523	bc
2020	F	か行	Grace	げれす	Grace=A gift of god神様の恵みですね。結婚して11年後、やっと赤ちゃんができたのでこの名前付けました。赤ちゃんが生まれて来てありがたいです。（ニスさん）	sound_row	https://baby-calendar.jp/knowledge/common/1523	bc
2020	F	か行	心	ここ	今回生まれた赤ちゃんは第4子でうちは4姉妹です。4姉妹ともなると名前が全く思いつきません……。あと3人目の夏生まれ……。由来ネタなどがないと困っていました（笑）。そこで家族で名前募集したところ、心ちゃんと決まりました！ 心やさしい心豊かな心（しん）がある子に育ちますようにと、心から愛してるという意味を込めました。あと簡単な漢字と2文字が良い！という私の希望で……（笑）。顔を見て生まれてきた赤ちゃんにピッタリ！とお姉ちゃん達も気に入ってます。	sound_row	https://baby-calendar.jp/knowledge/common/1523	bc
2020	F	か行	心菜	ここな	立春生まれの娘。明るい黄色で春の訪れを届けてくれる菜の花。そんな菜の花のように私たち家族や周りに明るい話題、希望を届けてくれたわが子。結婚が遅く、孫を見れないのかなぁ～と嘆いていた両親に、孫と旅行に行きたい、子ども服を選びながら楽しく孫とショッピングをしたいなど何気ない日常に楽しみを見いだす姿を見て、少しは親孝行出来たかなぁという気持ちにさせてくれたほか、この子を守っていかなきゃと私たちを成長させてくれたわが子。 この先、心豊かに菜の花のよう明るく育って、いろんな事を届けて欲しいと……『心菜』。愛情たっぷり私たちからの初めてのプレゼント。	sound_row	https://baby-calendar.jp/knowledge/common/1523	bc
2020	F	か行	心美	ここみ	妊娠7カ月の妊婦健診で、心臓に奇形があることが判明。幸い、生活する上で何ら問題のある奇形ではなく、生まれたあともほかに異常は見当たらなかったのですが。それでも生まれてくるまでは、ほかに異常が見つかったらどうしよう、と不安で不安でたまりませんでした。 妊娠9カ月ごろまで全く名前が決まっていなかったのですが、「心美」という名前を見つけて絶対にこの名前がいい！と思いました。心美の「ここ」は心臓の「心」。奇形はあるけれども、奇形があるからこそ、誰よりも心の強い、美しい、人の気持ちが分かるやさしい子になってほしいという意味が込もっています。 また、きっと大丈夫、無事に生まれてくる、という願掛けの思いも込めて名づけました。元気な産声をあげて生まれた時は本当にうれしかったです。心臓に奇形があることなんて感じさせないくらい、今も毎日元気に泣いています。	sound_row	https://baby-calendar.jp/knowledge/common/1523	bc
2020	F	か行	心結	ここみ	わが家のテーマである「感謝と思いやり」にちなんだ名前にしたいと思いました。「心」には、思いやりという意味が込められていると知り、心という漢字がついた名前にすることとなりました。響きとイメージから、「ここみ」という名前にたどり着きました。思いやりのある、人と人を結ぶ子になってほしいという願いを込め、「心結」と名づけました。	sound_row	https://baby-calendar.jp/knowledge/common/1523	bc
2020	F	か行	心結	ここみ	人の心を結べるようなやさしい人になってほしい。努力が実を結ぶ人生を歩んでほしい。心が強くなってほしい。 そんな思いがこもっているほか、呼びやすさと画数の良さからこの名前を選びました。	sound_row	https://baby-calendar.jp/knowledge/common/1523	bc
2020	F	か行	琴	こと	第一が響き！呼びやすく、おばあちゃんになっても違和感ない名前にしたいと思いました。次にグローバルな世の中であっても日本の文化や良さを大切にしてほしいと思い、この名前に決めました。	sound_row	https://baby-calendar.jp/knowledge/common/1523	bc
2020	F	か行	心歩	こと	心歩の心は心をしっかりともった子に育つように。心歩の歩は将棋の歩兵は将棋の中ではとても弱いけれど、ひっくりかえればトとなり、勝ちぬくこともあり将棋の中でも大切な駒と言われているみたいで、何があっても自分の力で立ち向かえるようにと思いを込めて心歩と名づけました！	sound_row	https://baby-calendar.jp/knowledge/common/1523	bc
2020	F	か行	木音	こと	木の年輪のようにコツコツと努力を重ねる、植物の持つ癒やしのパワーをもつ、それを音のようにみんなに伝えられますように。	sound_row	https://baby-calendar.jp/knowledge/common/1523	bc
2020	F	か行	琴維	ことい	パパは2人きょうだい、ママは3人きょうだいで、お互いきょうだいで止め字が同じ！ わが子も止め字を統一しようということで、性別問わず使える漢字を探し始めました！ また、お互いの知人とは違う名前がいいということにもなり、ママが保育士だったこともあり、すごく難航しました（笑）。 字画や漢字の意味は特にこだわらずに、とにかく止め字と声に出して心地良いということを重要視して、琴維（ことい）という名前に決めました！	sound_row	https://baby-calendar.jp/knowledge/common/1523	bc
2020	F	か行	琴子	ことこ	おなかのなかにいるときから、元気におなかをぽこぽこ蹴っていたことから、胎児ネームとして『ぽこちゃん』と呼んでいました。「ぽこちゃん！」と呼ぶと、反応してくれているような……。うれしくて何度も名前を呼んでいました。そんなとき、母から「おなかの子、自分の名前をぽこちゃんだと思ってるんじゃない？」と言われ、それなら生まれてからも似ている呼び名にしようかな……と考え始めました。その候補の一つが『ことこ』でした。自分は長年、琴を習っているため、夫も「琴子でいいんじゃない？」と言ってくれました。 琴は素敵な楽器です。柱（じ）に弦をかけ、柱を動かすとその音色を変わります。ひとつの楽器からたくさんの音色を奏で、曲によってその表情を変えます。これから娘はたくさんの人に支えられ、さまざまな環境で生きていくことでしょう。真っ直ぐで強い弦のように一本筋の通った人に。そして弦を支える柱の大きさや位置によって音色を変える琴のように、さまざまな人やものに出会って見方を広げ成長していけるように。また、支えてくれる人への感謝を忘れないでほしい……。そう願って『琴子』に決めました。いつもおなかのなかで、私が演奏する琴の音を聞いていたと思います。大きくなったら、一緒に演奏しながら名前の由来を伝えてあげられたら……そう思っています。	sound_row	https://baby-calendar.jp/knowledge/common/1523	bc
2020	F	か行	琴音	ことね	琴音…音色のようにたくさんの種類の感情をもって、喜怒哀楽人生楽しく、みんなの癒やしにもなり、素直に成長して行きますように。	sound_row	https://baby-calendar.jp/knowledge/common/1523	bc
2020	F	か行	思寧	ことね	主人がこっちゃんというあだ名で呼びたいという願望から、こから始まるお名前の候補を出しました。思をことと呼ぶのは名乗りのみだという珍しさと、思寧には心が2つも入っているので思いやりのある子に育ってほしい、周りにやさしさを与える人になってほしいという思いを込めてつけました！	sound_row	https://baby-calendar.jp/knowledge/common/1523	bc
2020	F	か行	琴音	ことね	長女が綾音（あやね）のため、留めの「音（ね）」を揃えるところから探し始めました。名づけサイトで留めの音で絞り、全て声に出して読みました。呼びが長女と似過ぎないもので気に入ったものをピックアップ。漢字を当てて画数や陰陽を調べました。その中から結果の悪過ぎないものを残しいくつかの候補に絞るところまでして出産。 産後、赤ちゃんのお顔を見て1番合うと思う名前に決めました。好きな漢字を入れたものも候補にありましたが、読みが少し無理やりだったのと、いろいろ調べているときに見つけた「琴線に触れる」ということばが気に入ったのもあるかと思います。	sound_row	https://baby-calendar.jp/knowledge/common/1523	bc
2020	F	か行	琴葉	ことは	夫が植物好きで長男に「樹」の文字を使ったので、娘には「葉」を使い、長男と同じ漢字二文字読み三文字で揃えました。ました。また、読みは「言の葉」から、自分の気持ちを自分の言葉で伝えられる子になりますようにという願いを込めました。	sound_row	https://baby-calendar.jp/knowledge/common/1523	bc
2020	F	か行	詞葉	ことは	自分のことばで気持ちをきちんと伝えられるようにと、葉っぱのようにいいものを吸い込んで育っていってほしいと思ってつけました。	sound_row	https://baby-calendar.jp/knowledge/common/1523	bc
2020	F	か行	このか	このか	好き（＝この）な夢が叶（＝か）いますように」との願いを込めて「このか」と名づけました。漢字も考えたのですが、私の亡くなった祖母が、私が生まれるときに「女の子ならば、平仮名にして欲しい」と母に言っており、私の名前が平仮名になったと聞いていたため、娘にも祖母の思いを繋いで漢字ではなく平仮名での名前にしました。 祖母は私が2歳のときに亡くなり、祖母との思い出はほぼないのですが、私の名前に祖母の思いが入っていると知ってから、祖母の気持ちが側にあるようで、祖母がいないことに淋しさを感じず、自分の名前をとても大切に、誇りに思ってきました。娘にも同じように、自分の名前が先祖からの気持ちの伝承であり、大切に思われて名づけられたのだと思い、誇りを持って生きてほしいと願っています。	sound_row	https://baby-calendar.jp/knowledge/common/1523	bc
2020	F	か行	こはく	こはく	変化の激しい世の中、情報が溢れる社会……。先が見えない世の中でも、娘には自分の芯を持って強く生きてほしいと妊娠中から考えていました。旦那と2人で名前を考えているとき、宝石の「琥珀（こはく）」が思い浮かびました。琥珀は、時間をかけて木の樹脂が固まってできます。そこから、「芯が強い」という意味を持つと言われています。加えて、「他人を癒やしパワーを与える力を持つ」とも言われています。私たちの願いとぴったりで運命を感じ、これしかない！と思いました。 さらに、やさしい子に育ちますようにと漢字ではなく、やさしく柔らかい印象のある平仮名にしました。こはくが成人したとき、宝石の琥珀をプレゼントしたいと考えています。これから先、不安もありますが、素敵な女性になれるよう、大切に育てていきたいと思います。	sound_row	https://baby-calendar.jp/knowledge/common/1523	bc
2020	F	か行	虹春	こはる	不妊治療で授かったのですが、人工授精3回目の日産婦人科に着いたら空に虹がかかっていたので、虹にお願いしますと頼んだら授かることができました。そのため、虹の漢字をつけたいなぁと思っていました。そしたら旦那が私も自分もイニシャルがKKなので、子どももそれがいいと言うことで話し合った結果（最終的には顔を見て決めましたが）、虹春にしました。 春は春生まれから取っていて、私も同じ春に生まれていて春が好きなので名前に入れました。呼び名は結構いますが、漢字は珍しいねと言われるので虹春にしてよかったと思っています。	sound_row	https://baby-calendar.jp/knowledge/common/1523	bc
2020	F	か行	心春	こはる	不妊治療を3年続けてきました。治療中の私たち夫婦は明るく過ごしてはいましたが、生理がはじまるたびに心はダメージを受けていきました。心春がおなかにいると分かったとき、また生理がはじまるかもと真っ暗だった気持ちがどんどん希望が持てて明るくなり、まるで心にようやく春が来たように感じました。そして、心を温かくしてくれた赤ちゃんに心春と名づけました。これからは私たち夫婦だけではなく、周りの人たちの心も温かくしてくれる、春のような陽気な明るい子に育ってほしいと願っています。	sound_row	https://baby-calendar.jp/knowledge/common/1523	bc
2020	F	か行	小遥	こはる	春生まれなので「はる」という季節を名前に入れたかったというこだわりがあり、それが名前を決めるきっかけとなりました。子ども（小遥）が生まれる3カ月前に私の実父が突然亡くなったのですが、とても人柄がよく、みんなから愛されていたので父のように育ってほしいと願うようになりました。 「小」の漢字は多くの人から愛されるように。「遥」の漢字は可能性ある未来になるように。という意味があり、父のように皆から愛されるやさしい子に育ってほしいと願い「小遥（こはる）」と名づけました。	sound_row	https://baby-calendar.jp/knowledge/common/1523	bc
2020	F	か行	心春	こはる	心が春のように広くあたたかくいられますように。マイペースにいられますように。と思いを込めました。	sound_row	https://baby-calendar.jp/knowledge/common/1523	bc
2020	F	か行	心春	こはる	春生まれがわかり、季節にちなんで暖かい名前をつけようと考えていました。誰に対してもやさしく、笑顔が素敵で心があたたかい子に育ちますようにと願いを込めてつけました。	sound_row	https://baby-calendar.jp/knowledge/common/1523	bc
2020	F	か行	呼幸	こゆき	夫婦で100個以上候補に挙げたなかから選んだ「呼幸」という名前。元々は胎児ネームだったのですが、呼びやすく響きも可愛らしく、性別がわかる前から「こゆき、こゆき」と毎日話しかけていました。そしておなかが大きくなるのにあわせて「この子は、こゆきだ」という気持ちも膨らんで育っていき、臨月になるころには、もうその名前以外には考えられなくなりました。夫から「幸」という字をもらい、自分もまわりにいる人もみんなに幸せを呼び込む力を持った子に育ってほしいと願い「呼幸」という字を当てました。（こまままさん） 歴代の赤ちゃんの名づけエピソード大賞 2020年赤ちゃんの名づけエピソード大賞 ＞ 2019年赤ちゃんの名づけエピソード大賞 ＞ 2018年赤ちゃんの名づけエピソード大賞 ＞ 2017年赤ちゃんの名づけエピソード大賞 ＞ 2016年赤ちゃんの名づけエピソード大賞 ＞ 2015年赤ちゃんの名づけエピソード大賞 ＞ 歴代の赤ちゃんの名前ランキング 2020年赤ちゃんの名前ランキング ＞ 2019年赤ちゃんの名前ランキング ＞ 2018年赤ちゃんの名前ランキング ＞ 2017年赤ちゃんの名前ランキング ＞ 2016年赤ちゃんの名前ランキング ＞ 2015年赤ちゃんの名前ランキング ＞ 2014年赤ちゃんの名前ランキング ＞ 2013年赤ちゃんの名前ランキング ＞ 2012年赤ちゃんの名前ランキング ＞ 2011年赤ちゃんの名前ランキング ＞ 2010年赤ちゃんの名前ランキング ＞ あなたの“今”の悩みを専門家に無料で相談できます 自分だけでは解決できない不安やお悩みは、助産師や管理栄養士などの専門家に個別相談してみませんか？ 専門家に相談する その他についての悩み もっと見る 専門家に相談する 妊娠・育児アプリ ベビーカレンダー記事制作の取り組み ＼ この記事にいいね！しよう ／ 1 クリップ 現在ログインしていません。 ログイン しますか？ シェアする 名前ランキング検索 ベビーカレンダーが独自で調査・集計した2017年以降に生まれた赤ちゃんの名前データの中から、知りたい名前の順位、よみの順位、漢字の順位を見ることができます。 【名前で検索】【よみ方で検索】が名前の一部で検索できるようになりました！ 名前で検索 男の子 女の子 と一致する で始まる で終わる を含む 検索 よみ方で	sound_row	https://baby-calendar.jp/knowledge/common/1523	bc
2020	M	か行	櫂	かい	出産予定日の星座が双子座だったので海の守神にあやかりました。櫂はオールという意味があり自分の力で人生の海を思うように進んでいくよう願いを込めました。しかし実際は2週間早く生まれてしまっておうし座になってしまいました……笑。 とりあえず自分の人生の舵取りは自分でできる男になってほしいです。	sound_row	https://baby-calendar.jp/knowledge/common/1513	bc
2020	M	か行	櫂生	かい	海が好きなので、水にかかわる名前、ボートの櫂、自力でこぐ、つまりは逞しく勇敢に育ってほしい、何がおこるか分からない時代の中で、力強く生きてほしい。そんなことを、かっぱえびせんを食べながら考え出した名前です。	sound_row	https://baby-calendar.jp/knowledge/common/1513	bc
2020	M	か行	海	かい	退院前夜、家族会議をして赤ちゃんの名前を決めようといくつか候補があったのですが、4歳の息子が「カイちゃんがいい！」と言った一言で決定！ なんでカイちゃんがいいの？と聞くと、大好きな絵本のバムケロシリーズにカイちゃんが出てきて、自分はバムで2歳の弟はケロちゃんだから次はカイちゃんじゃん、と（笑）。バムケロ、カイちゃんのように仲の良い兄弟になってもらえたらいいです。 漢字は夏生まれで私自身サーフィンをやるので大好きな海のように心の広い男になるのよ！と願いを込めて！ こども園の先生やママ友に息子が赤ちゃんの名前を教えると、ちゃんと海って書いてカイちゃんって言うんだよと説明をしていて驚きました。 夫婦で名前を決めるのでなく、家族みんなで決めたことが忘れられない思い出になりカイちゃんの名前の由来を思い出すたびにあの日の夜のやりとりが蘇ります。	sound_row	https://baby-calendar.jp/knowledge/common/1513	bc
2020	M	か行	海輝	かいき	ずーっと名前が思い浮かばず悩んでいました！7月27日にうまれて時期が夏だったので海がつく名前にしようと思いました。なるべくあまりいない名前がいいと思い考えた結果、海輝が思い浮かびました。壮大な広い海に輝くで海輝！どこまでも広がる海のように心の広い男の子になってほしい！輝いていってほしい！そんなおもいで名づけました！	sound_row	https://baby-calendar.jp/knowledge/common/1513	bc
2020	M	か行	凱星	かいせい	『凱』が喜ぶと同じような意味があり、たくさんの喜びを味わって欲しい。『星』が家族みんなの1文字と組み合わせて、パパ	sound_row	https://baby-calendar.jp/knowledge/common/1513	bc
2020	M	か行	凱成	かいせい	"コロナウイルスの流行によって様変わりしたこれからの世界でも、いろいろな物事を楽しみながら成し、勝どきをあげていけるような子になってほしいと願い「凱成」と名づけました。私たち夫婦は新婚旅行でフランス・パリに行きました。滞在中いろいろな絵画や美術品・建造物を観る中で、なぜか一番心に残ったのがあの有名なエトワール凱旋門でした。写真やテレビなどで見たことはありましたが、実物の雄大でどっしりとした佇まいとその歴史に夫婦ですっかり魅了されました。 楽しい新婚旅行から帰国後少しして、私の妊娠が判明しました。名前は安定期を迎え性別がわかってから考えようとのんびり構えていたのですが、おなかの子が男の子だとわかったころにはコロナウイルスが猛威を奮い始めていました。""もしも罹患してしまったら、赤ちゃんはどうなってしまうのだろう""本来ならマタニティライフを楽しんでいたであろう期間、母親学級などのイベントは軒並み中止になるなど外出もままならなくなり、出産やコロナに対する不安や先の見えない苦しさ、悲しさから毎日塞ぎ込んでいました。 そんな日々を送る中、注文していた新婚旅行のフォトアルバムが手元に届きました。素敵なフランスの風景と楽しそうに笑う私たち夫婦。“またこんな風に旅行したりできる、楽しい日々がやってきたらいいな。“と眺めながら、おなかの子にこの思い出に因んだ名前を付けたいと思い、真っ先に浮かんだ凱旋門から凱の文字を取りました。凱という字を調べると、かちどき。戦いに勝って叫ぶ声。など勝利に関する意味だけでなく、たのしむ。にこやかにたのしむ。なごやかなさま。 にこやかでよい。など優しい意味もあり、これからの多様な世の中を生きていく子どもの名前にとてもぴったりだと思いました。 今の時代、いつ何が起こるかわかりません。ただその何かが起こったとき、我が子には自発的に勝利を目指し行動してほしい。周囲との調和や協調も大切にしてほしい。世の中の変化に負けず、楽しく物事を成していってほしい。そんなたくさんの願いを込めて名前をつけました。いつか家族3人でパリに行き、あの凱旋門の下で「あなたの名前の由来はね…」と話せる、そんな日々が早く訪れますように。"	sound_row	https://baby-calendar.jp/knowledge/common/1513	bc
2020	M	か行	楓絃	かいと	第三子。気持ちにも余裕があったマタニティライフが始まりました。つわりのピークが落ち着いた13w。職場で突然の大量出血…。もうダメかと思いました。2wの入院と1カ月の自宅安静（涙）安定期を乗り越え、臨月に入った38w。赤ちゃんの動きが悪い。という事で、そのまま入院して、初めてのバルーンと促進剤の内服（涙）だんだん痛みが強くなり、その日の夜に出産。結局へその緒が首に絡まっていたらしく、酸欠から解放されて、無事に生まれてくれました。 3人目にして初めての事だらけ。生きていてくれてありがとう。生まれてきてくれて、椛音（9歳）と結椛（2歳）をお姉ちゃんにしてくれてありがとう。一番上のお姉ちゃんだけパパが違います。姉と繋げたくて無理やりですが、男の子だったので椛＝楓かえでの文字を使いました。絃＝どんな困難にも負けないでほしい。人との繋がりを大切に。という願いを込めてつけました。	sound_row	https://baby-calendar.jp/knowledge/common/1513	bc
2020	M	か行	海斗	かいと	3人目で、初めての男の子です。上に14歳と12歳のお姉ちゃん達がいて長女がこはく、次女がひすいと宝石の名前にちなんでいるので、マラカイトからとってかいとにしました。漢字は、海のように、宇宙のように広い心で優しい子に育ってほしいので海斗にしました。家族全員で、考えぬいて納得がいく名前になりました。	sound_row	https://baby-calendar.jp/knowledge/common/1513	bc
2020	M	か行	櫂斗	かいと	おなかの子が男の子だと分かったのがかなり早めの妊娠14週。長男やパパと関連づけた名前にするか、関係なくつけるか、どーしよーかなーとぼんやり考えていました。仕事や長男のお世話、おまけにコロナの流行でてんやわんや、気づけば35週まで名づけのことをすっかり後回しに！！ それどころか生まれたらみんなでハワイ行きたいなーシーカヤックしたいなーなんてのんびり考えていました。ふと、ん？カヤックかー…あ！！オール！！「櫂」の字いいかも！！とひらめき！ もともと子どもにはどんどん自立して自分の道は自分で見つけてほしいという想いもあって、ぴったりだと思ってパパに提案したところ、大賛成！！ 響きと男の子らしさのでる、「斗」の字をつけて、「櫂斗（かいと）」になりました。	sound_row	https://baby-calendar.jp/knowledge/common/1513	bc
2020	M	か行	海翔	かいと	旦那の亡くなったお父さんが海釣りが好きだったこともあって、生前は仲が悪く親孝行ができなかったと、何回も言っていて、何か繋がりがある名前にしようと2人で決め、9月予定日の子だけど、海を使った名前にと決めて。海のように広い心で、のびのび自由に育って欲しいとの意味をこめて、海翔と名づけました。旦那のお父さんに孫をみせてあげることはできなかったけど、見守って下さってると嬉しいです。	sound_row	https://baby-calendar.jp/knowledge/common/1513	bc
2020	M	か行	快昊	かいと	なかなか赤ちゃんを授からなかったのですが、ある日私の中で今回妊娠する気がすると思った日がありました。その日は快晴で空が青々としてました。私は空に向かって「赤ちゃん私のところにおいでー！」と心の中で呼びました。そしたら妊娠判明！ とっても嬉しかったです。 名づけは私がいくつか候補を考えて旦那に選んでもらいました。旦那は即決で「快昊」に。決まった後に、あの日私が赤ちゃんを呼んだ状況と同じ漢字が使われていて私自身びっくりしました。「快昊」に導かれたのかなと不思議です。晴れ晴れとした大空のように明るく元気に育ってほしいです。	sound_row	https://baby-calendar.jp/knowledge/common/1513	bc
2020	M	か行	和弦	かいと	もともと和風が好きで和風ネームにできたらと考えていました。私の亡くなった父の名前に「和」という字が入っていて、そこからもらいました。周りを和ませることができて、「弦」のようにしなやかな優しい性格になってほしいと願いって付けました。読めないかもしれないけど、慣れていってもらおうかなと	sound_row	https://baby-calendar.jp/knowledge/common/1513	bc
2020	M	か行	海里	かいり	海→海のような広い心をもってね。里→パパとママの古里（おじいちゃん、おばあちゃん含む）を大切にしてね。	sound_row	https://baby-calendar.jp/knowledge/common/1513	bc
2020	M	か行	浬	かいり	長男の名前の由来が海なので、次男も海関連の名前にしようと思っていました。出産する前まで2つの候補がありましたが、今季話題のドラマ「恋は続くよ どこまでも」を見て、佐藤健さんが演じていた天堂かいりという名が急浮上し、最終的に画数や姓名判断からかいりという名前をつけました。	sound_row	https://baby-calendar.jp/knowledge/common/1513	bc
2020	M	か行	櫂里	かいり	私たち夫婦が昭和な名前なので、今の時代に合った名前をつけてあげたいと思いました。それでもってちゃんと意味のある名前。櫂はボートのオールのことなので、前に進む努力のできる自律した子に育つようにと名づけました。	sound_row	https://baby-calendar.jp/knowledge/common/1513	bc
2020	M	か行	夏楓	かえで	6月の初夏に生まれたため、夏を加えました。楓の字に込めた想いは、うだる暑い暑い夏の日には気持ちの良い風を周りの人へ送り、秋になると鮮やかに紅葉する楓の木は人の心を癒やす。そんな癒やしを与える楓の木のように彩りのある人生を送ってほしいと願いました。男の子らしいとか、女の子らしい名前というよりは、ユニセックスな感じを表現した点もポイントです。	sound_row	https://baby-calendar.jp/knowledge/common/1513	bc
2020	M	か行	楓	かえで	4人目にもなるので名前にすごく迷いました。何をつけようか何にしようか。この子が生まれるころ、新型コロナが大流行中で面会、立ち会いもできませんでした。そして私は4回目になるのですがいろいろネガティブ思考なほうで、もしこのままこの子を見れず天に召されてしまったら……といろいろ考えることが多かったです。 そんな中、旦那と聞いていたのがスピッツの「楓」でした。もちろん歌詞は明るいものではないですが、もう私の気持ちがうまく乗っていて……。旦那もこの曲がすごく好きで、これがいい！！と言ったら、俺もこれがいいなってなり決まった名前です。 楓という文字にはメイプルというのも隠れており、甘くねっとりと人を包み癒やせるような存在にというのも決め手でした♪ 何事もなく、何の心配もなく生まれてきてくれた我が子に……今や私が甘くねっとり包まれ癒やされております♪	sound_row	https://baby-calendar.jp/knowledge/common/1513	bc
2020	M	か行	楓	かえで	予定日が9月20日だったので秋に関する名前をつけたいと思ったのがきっかけです。その中でも楓にしたのは、秋の綺麗な景色である紅葉の風景が頭に浮かびました。紅葉の中にある楓のように色彩豊かな日々を過ごし、人生を歩んでいってほしいと願いを込めてこの名前をつけました。	sound_row	https://baby-calendar.jp/knowledge/common/1513	bc
2020	M	か行	楽	がく	不妊治療を経て私たちの元に来てくれた我が子。2020年、5月19日に無事生まれてきてくれました。でも無痛分娩を予定していたのに羊水の減少でまさかの帝王切開、さらには世間がコロナ禍にあるなんて妊娠初期のあの頃には想像もできませんでした。いつまで続くか分からないこのコロナ禍。もしかしたら私たち夫婦が過ごしてきたようなありふれた日常が、幼少期が、この子は送れないのかもしれない。でも希望を捨てず、笑顔を絶やさない、絶やさせない、楽しい人生を歩めますように、そう願い、楽（ガク）と名づけました。おかげで生後4カ月をすぎた今、魚のエイの裏側に似た可愛い笑顔を振りまいて、楽しい家庭にしてくれてます！	sound_row	https://baby-calendar.jp/knowledge/common/1513	bc
2020	M	か行	和桜	かぐら	みんなを温かく和ませてくれるような人になってほしいという願いを込めて和を付け、生まれた日に桜が満開だったから桜という字をつけました。又、かぐらという響きは、私が子どものころに宮崎に住んでいて、そこの町の伝統舞踊のかぐらを踊っていたときのことを思い出して付けました。あの頃は、家族みんなで過ごした子どもの頃の懐かしい幸せな思い出だったので。	sound_row	https://baby-calendar.jp/knowledge/common/1513	bc
2020	M	か行	翔	かける	翔（しょう）とつけたかったのですが、従兄弟の子どもに、しょうへいという名前の子がいて、その子の親は「しょうちゃん」と呼んでいて、ややこしくなるので、「かける」にしました！ でも、かけるもかっこいい名前なので良かったと思います！！	sound_row	https://baby-calendar.jp/knowledge/common/1513	bc
2020	M	か行	翔海	かける	お兄ちゃん2人の名前にも翔という漢字が入っているので。読み方は1番上の子がト、2番目がショウなので読み方をかえたくて、カケルにしました。翔だけだと物足りないので、お父さんが好きな海、夏生まれなので海という漢字を足しました。字画が良かったし、全体的に運が良かったので決めました。	sound_row	https://baby-calendar.jp/knowledge/common/1513	bc
2020	M	か行	翔海	かける	子どもが自分で決めて生まれてきてくれました！ 妊娠中も働いていた私は、やりがいのある仕事につい夢中になりすぎていました。ある日、おなかが張るなぁと思いながらもあまり気にせず仕事をして帰ると出血が。慌てて病院に行ってはじめて、危険な状況だったことを知りました。私の身体は私だけのものじゃないんだ、私はお母さんなんだ……と自分の身勝手さに気づき、おなかの中のまだ掌よりも小さい子どもに何度も、ごめんねを繰り返しました。子どもが、ママ身体を大事にして！と教えてくれたんだと思います。 それからは仕事を調整して、食事や運動も見直してバランスよく生活することを心がけました。体調が安定してきて、子どもの名前をどうしようかと主人とおなかに手を当てながら話していた時、いくつか候補を呼びかけていると、「かける」と呼んだ時に今までで1番強い胎動が！ その頃はまだ、たまにしか胎動を感じられない時期だったので2人でびっくりしました。「この名前がいい」と、きっとまた自分から教えてくれたんだと思いその場で名前が決まりました。 漢字は、海のように大きな人生を翔（か）けぬけてほしいという想いを込めて。これから生きていく中でたくさんの分岐点がやってくると思いますが、どんな時も、おなかの中にいた時のように自ら決断して進んでいける人になって欲しいと思っています。パパとママは翔海の進む道を全力で応援します！	sound_row	https://baby-calendar.jp/knowledge/common/1513	bc
2020	M	か行	一希	かずき	一希君は、生まれる半年位前からパパが名前を考えていました。三カ月前のパパの誕生日のにママに一希君の名前の案を話しました。パパには凄くつけたかった名前が平仮名であったのです。ママは、姓名判断で相性の良い名前が良いと考えていました。パパが凄くつけたかった名前の、名字との相性はイマイチでした。それから、パパはずっと様々な名前を考え、ママと相談していました。 時は過ぎ、予定日よりもだいぶ早くママは出産を迎え、赤ちゃんは生まれましたが、赤ちゃんにはまだ名前はありませんでした。その時です。パパの頭の中に、パパの名前の漢字の「一」と、希望の「希」の字の組み合わせが降ってきました。姓名判断で調べてみると、名字との相性もなかなか良く、呼びやすさも抜群でした。そう、一希君の「一希」という名前は運命だったのです。一希、生まれてきてありがとう！	sound_row	https://baby-calendar.jp/knowledge/common/1513	bc
2020	M	か行	和輝	かずき	妊娠する前から、子どもは男の子！ 名前は「かなと」と決めていた。夫も、「命がけで産むんだし、決めていいよ」と言っていた。妊娠判明！ そして、男の子だとわかり…嬉しさ爆発！！ 念願のかなとだ！！と思い……妊娠中もずっとずっと「かなと〜」と呼び続けた！！ 体調を崩すことが多かったけれど、かなとと二人で乗り切った！！ しかし、夫が予定日付近から……「名前はかずきがいいな」と言い出し……。優柔不断な私は悩み始めた。そうしたら、予定日を過ぎてもなかなか生まれず……。いざ、陣痛が来てもなかなか生まれず……。「決めたよ、かずき！ かずき、生まれてきていいよ！」「かずき！出てきて」と叫び始めたら、数分後、無事に元気な男の子、かずきが誕生！！ おなかの中ではずっと「かなと」だったけれど……目の前にいるかずき！！ これからも元気に大きく成長してね！ ある日公園に行ったら、かなとくんという男の子がいた！！ 妊娠中のことを少し思い出してしまい、ウルウル。今では、かなとくんとかずきは大の仲良し！！ なにか運命を感じています。これからも、同級生同士ずっとずっと二人仲良く過ごしてね！！	sound_row	https://baby-calendar.jp/knowledge/common/1513	bc
2020	M	か行	一翔	かずと	男の子だし、字画も考えながら夫婦二人で名前の候補を挙げていました。考えながらも、妊娠がわかってしばらくした時、家のお祓いに来てくれた神主さんに「顔を見てその子の名前が出てくるよ。字画の吉凶は気にしなくていい」と言われました。 私の希望として、一人目なので『一』をつけたいと思っていました。考えているうちに、主人の名前は主人の祖父につけてもらったと言っていたことを思い出し、主人に義父が名前を考えていないか聞きました。後日確認してもらったところ、『翔』と『航』という字が好きだから、どちらかの字が入った名前だったらと言っていたそうで、それらの字も候補に入れて考えていました。命名診断をネットで見ていると、私の希望した字と義父が希望した字を入れた名前をどう考えても、あまりいい字画ではありませんでした。いくつか候補はあったものの、結局はこれと決まらないまま出産しました。 出産後の入院中にたまたま観ていたテレビに青山学院の原晋監督が出ていて、主人がふと原監督の命名診断をしたところ、まさかの全部凶。それでもこのように成功を収められていたので、名前の吉凶は関係ないと、神主さんに言われていた言葉を飲み込むことができ、私と義父の希望と名前の響きをとって一翔（かずと）になりました。初めて顔を見て呼んだ時は本当にしっくりきて、神主さんの言う通りだなぁと思いました。	sound_row	https://baby-calendar.jp/knowledge/common/1513	bc
2020	M	か行	一音	かずと	音」をつけたかったのと旦那さんの名前から「一」をとって、「なんでも一から始めたときの事を忘れずに。そして、たくさんの音に触れてたくさんの刺激を受けて、自分らしく生きてほしい」と思い、私が考えました。	sound_row	https://baby-calendar.jp/knowledge/common/1513	bc
2020	M	か行	寿羽	かずは	寿（ことぶき）は、長命、100年の寿、祝う。祝うって幸せな事ですよね！！ そのため、将来かずはが幸せを運んでほしい、みんなに幸せを届けてほしい、そのために羽を付けました！ それと年の差婚で妻が14歳年上で、私の遺伝で持病を発症したので、かずはには親よりも長く長く生きてほしい、そんな思いで寿羽と命名しました。	sound_row	https://baby-calendar.jp/knowledge/common/1513	bc
2020	M	か行	克之辰	かつのしん	夫は小学生の時に両親が離婚、父親に育てられました。私は中学生の時に両親が離婚、母親に育てられました。私たちが出会った時、夫の父親も私の母親も病気で亡くなった後で、2人共両親がいない中での結婚となりました。子どもが出来たら、おじいちゃんおばあちゃんがいない子になり、寂しい思いをさせてしまうけど、その分愛情いっぱいに育ててあげたいと、強く心に思っていました。 待ちに待った初めての妊娠、でも10Wで心拍が止まっており、流産となりました。その後なかなか妊娠に至らず、不妊治療を経てようやく2度目の妊娠、嬉しくて、まだ性別もわからない時期に、夫と2人で名前を考えました。名字がとにかく多くて、クラスに5人いた時もあったとの事で、夫は人と重ならない名前にしたいとの事でした。そして偶然ですが、義父と私の母は2人共名前に「かつ」が付くので、大切な親の名前をいただいて、「かつ」が付く名前、という2つの条件でお互いに名前を出し合いました。夫から男の子なら「かつのしん」と提案されましたが、その時は馴染めず……「えーっ」と思いました。そしておなかの子は女の子と判明、女の子に「かつ」を付けるとちょっとキツいイメージになる気がして、「かつ」を付けるのは諦めて、全然違う名前にしました。 その後、3歳差で妊娠、性別が男の子とわかると、2人共「かつのしん」だね、とすんなり決定！！ 初めて聞いた時は馴染めなかった名前だけど、時間をかけて私たち夫婦が忘れられない名前となっていたのです。漢字は字画をみて「克之辰」としました。「克」は義父の漢字をいただき、何事にも打ち克つ強い子に、「辰」＝龍、天に向かって、龍のごとく上昇志向で、という願いをこめました。もしかして1人目が男の子だったら、「かつのしん」とは付けなかったかもしれません。私の中ではそのくらいインパクトのある名前で付けるのに勇気がいりました（笑）。時間をかけて心に浸透した名前です。今ではとっても気に入ってます。	sound_row	https://baby-calendar.jp/knowledge/common/1513	bc
2020	M	か行	叶夏大	かなた	夏生まれの男の子、いろいろな候補から友達のお母さんに姓名判断までしてもらって付けた名前です。春生まれのお姉ちゃん桜叶（おと）から叶を取って、夏生まれ、大きな夢や希望を叶えれる男の子になってほしいと付けました。旦那さんとは意見が合わず（笑）少し喧嘩になったり、最後は旦那さんの考えた漢字になりました。男の子だから画数にはすごいこだわってしまって、生まれてから決まったくらいです。一生に一度の初めてのプレゼント。気に入ってくれるといいな。	sound_row	https://baby-calendar.jp/knowledge/common/1513	bc
2020	M	か行	叶大	かなた	小学二年生の息子が名づけました。それを周りに伝えると、「願いが大きく叶うように」だね。と言われます。でも、生き物が大好きな兄は、「か」は、かなへびのように早く走る、「な」は、なんばの次男、「た」は、たんじろう（鬼滅の刃）のように優しい男の子になるように、という、意味だそうです。漢字の大きいは、自分と同じ字を使いたいと、叶大に決まりました。 兄は満月、大潮、台風の日に生まれました。なんと、叶大も、満月、大潮、台風の時に生まれました。生後0日の時から、弟のお世話をしてくれていて、毎日優しく声をかけてくれています。お兄ちゃんと、ずっと仲良くしてほしいなぁと思っています。	sound_row	https://baby-calendar.jp/knowledge/common/1513	bc
2020	M	か行	叶多	かなた	不妊症のため、次の生理がきたら治療をすることになっていました。ある日、妹の妊娠が判明し、喜び合っていた時のことです。生理が来ないから治療が始まらないことを話すと、妹から「もしかしたら妊娠しているんじゃない？」と。まさかと思いながらも、翌日検査をしてみると……陽性反応が！ そこから順調におなかの中で成長しました。 30週を過ぎた頃、先生に逆子だと言われました。自然分娩で産みたかった私は、治すために必死で、調べたものを全て実践していました。この頃から夫婦で名前を考え始め、2つにまで絞ってはいましたが、なかなか決定には至りませんでした。そして36週を迎えた検診で、逆子が治っていたのです！ 喜びで涙が出ました。願いは叶うのだなと思いました。 これで自然分娩で産める。そう思ったのも束の間、先生からは「レントゲンを撮りましょう」と言われました。結果を見た先生は、「赤ちゃんの頭が通るのが難しい。帝王切開にしましょう」と。その日から、「自然に産んであげれなくてごめんね。」と、入院日まで毎日泣きながら赤ちゃんに話しかけていました。そして入院当日、病院まで送ってもらっていた時、急に夫が「名前はかなたにしよう。」と言いました。「ここまで元気に育ってくれた。願いは叶ったんだから」と。 おなかに来てくれて、ここまで育ってくれた。子どもが欲しいという願いを叶えてくれたんだ。この言葉を聞いて、気持ちが切り替わり、すっきりした気持ちで出産を迎えることができました。そして、無事に生まれてきてくれた我が子。愛しくてたまりません。私たちの願いを叶えてくれたように、『この子が思うたくさんの願いを叶えていってほしい』。そんな思いが込められた名前は、『叶多』です。	sound_row	https://baby-calendar.jp/knowledge/common/1513	bc
2020	M	か行	夏向	かなた	妊娠初期から世界的に不安定な情勢になってしまい、おなかの子が心配でなりませんでしたが、よく晴れた夏の日にとても元気に生まれてきてくれました。この先、世界がどうなっていくか親の私たちにもわかりませんが、生まれた日の夏の陽射しのように強く、皆で支え合って前向きに生きていってほしいという願いを込めて名前をつけました。	sound_row	https://baby-calendar.jp/knowledge/common/1513	bc
2020	M	か行	叶詩	かなた	お兄ちゃん2人が太陽と月をイメージした名前なので、同じように宇宙をイメージした名前がいいなと思いました。お兄ちゃん2人がよく喧嘩するので、仲介できるように空のイメージで「空の彼方」の「かなた」にしました。漢字は自分で夢の詩（うた）を叶えられるように、で叶詩です。	sound_row	https://baby-calendar.jp/knowledge/common/1513	bc
2020	M	か行	奏向	かなた	ママの名前がはるかなので、男の子だったら「かなた」とつけたいと学生時代から考えていました。はるかかなたでみんなにも覚えやすいと言われています。 我が家は3年毎に転勤があります。社交的で周囲を和ませる明るさと思いやりの心を持ち、多くの人から慕われる人になって欲しいと願い、「奏向」と名づけました。どんな場所でも向上心高く前向きに生きて欲しいです。妊娠中に主人と子どもの名前の話をしていて「奏」は音楽家っぽいから嫌だなと言っていましたが最終的に私の希望を通してくれました。そんな主人も今ではすっかり「奏向」って名前かっこいいなと惚れ惚れしています。	sound_row	https://baby-calendar.jp/knowledge/common/1513	bc
2020	M	か行	星斗	かなと	星空のように壮大で、広い心を持つ人になることを願って。また、どの道に進んでも、輝く才能を発揮できるように。スターや世の中の重要人物になってほしいという期待を込めました。	sound_row	https://baby-calendar.jp/knowledge/common/1513	bc
2020	M	か行	寛	かん	1番に考えたのは呼ぶ時の響きです。あ行から初めてどれが1番しっくり来るか。妊娠8カ月からちゃんと考え始め、次に画数と漢字の意味。画数が中々いいのが見当たらず、唯一良かったのがこの漢字でした。母親の私の画数がめちゃくちゃ悪かったので（今までこれで人生最悪だった事はないですが。笑）せめて、我が子はなるべくいい画数にしてあげたかったので結構悩みました。とてもいい名前に巡り合えたと思います。	sound_row	https://baby-calendar.jp/knowledge/common/1513	bc
2020	M	か行	幹太	かんた	大のおじいちゃんっ子だった私。遊んでもらった楽しい思い出がたくさんで、自分のこどもをおじいちゃんに抱っこしてもらうのが夢でした。残念ながら私にこどもができる前に他界してしまったおじいちゃん。大好きなおじいちゃんのような、おっきな木のように一本筋の通ったどっしりとした人間になりますようにという思いを込めて、おじいちゃんの名前から一字もらいました（幹太のかあちゃんさん）	sound_row	https://baby-calendar.jp/knowledge/common/1513	bc
2020	M	か行	希航	きこう	希航（中国語のエピソード：载着希望远航）。希望をのせて遠方まで行けるように、親からの祝福のメッセージです。	sound_row	https://baby-calendar.jp/knowledge/common/1513	bc
2020	M	か行	葵晴	きはる	7月生まれの息子。晴れた夏空に向かってまっすぐ育つ、夏の花・向日葵のように素直で誠実な子に育って欲しいという願いを込めました。また、向日葵のようにまわりを元気にするような、明るくて芯のある子に育つよう願う意味も込めて、名づけました。	sound_row	https://baby-calendar.jp/knowledge/common/1513	bc
2020	M	か行	義勇	ぎゆう	鬼滅の刃の登場人物、富岡義勇から名前を一緒にしようと思い決めました！ 上の子どもも鬼滅が大好きで義勇がいいと言ってくれたので。	sound_row	https://baby-calendar.jp/knowledge/common/1513	bc
2020	M	か行	今生	きょう	妊娠が判明した時から「名前は俺が決める」と夫がとても意気込んでいたのを覚えています。男の子だとわかってから、悩みに悩んで、“きょう”と決まりましたが、漢字がなかなか決まりませんでした。 そんな矢先、妊娠8カ月ごろ検診に行くと切迫早産とのことで、そのまま即入院になってしまいました。それだけでも不安だったが、次の日には赤ちゃんが危ないとのことで大きい病院に即転院になり、救急車の中では赤ちゃんに何かあったら……と泣くしかできませんでした。最低2カ月の入院と言われ、コロナの影響で夫にも誰にも会えず、毎日点滴に繋がれ、モニターと向き合い、心拍が聞こえ、安心する……という日々を1人で送りました。 そんな時、赤ちゃんを守れるのは私しかいない。生きてほしい。今を生きてほしい。と思い、自然と漢字が決まりました。驚く事に夫も同じ事を考えてたらしいです。赤ちゃんはおなかの中で頑張ってくれ、39週と4日までいてくれ、ほんとに切迫だったの？と驚かされました。今では甘えん坊でやんちゃで元気にすくすく育っています。	sound_row	https://baby-calendar.jp/knowledge/common/1513	bc
2020	M	か行	京	きょう	1.お産の時の助産師さんが京子さんだったから。 2.東京オリンピック中止など、良い事も悪い事も東（京）を中心に日本が動いていた年だから。3.好きなバンドのボーカリストの名前が京だから。	sound_row	https://baby-calendar.jp/knowledge/common/1513	bc
2020	M	か行	京悟	きょうご	23歳で結婚し子どももそのうち！と考えていましたが、後から結婚した友達の相次ぐ出産報告に心配になって病院に行くと、いつ閉経してもおかしくないといわれ、急いで始めた不妊治療。治療を始めるものもなかなかうまくいかず、体も気持ちもボロボロ、たくさん泣いていました。主人もそんな私を見て、「もうやめよう、子どもが欲しくて結婚したんじゃない。好きだから結婚したんだ。2人でも充分幸せだよ」と言ってくれ、お金的にもこれが最後と思っていた治療で着床確認！！ 着床確認してからも毎日流れてしまうんじゃないか、死んでしまうのではと心配な日々でしたが、振り返ってみるとつわりも軽く標準的に育ってくれていました。 2人で行く健診で元気なことを確認して安心を積み上げていくなかで、安定期に入った時主人が男の子の名づけ本を嬉しそうに買ってきました！ 出産までの半年をかけて画数だけでなく、陰陽五行説までみて決めた名前。漢字のイメージ、形にもこだわりつけました。ただ画数が良すぎてプレッシャーにならないように気をつけて。 ちなみに京悟の京は都の意味があり、栄え、中心的な人になれるように、悟は悟性で考えられる人になるようにと思い、名づけました！ 今は何でも舐める感性の塊ボーイ！	sound_row	https://baby-calendar.jp/knowledge/common/1513	bc
2020	M	か行	恭也	きょうや	当初は、4月3日だった予定日が後にずれたことから、「きっとのんびり生まれてくる子だろうね」と、家族で話していました。4月1日、夜勤がある旦那を見送り、「今日をこえたら、年度が替わるんだね」と、話したことを今でも覚えています。もしかしたら、恭也には聞こえていたのかもしれません。いつもと変わらない夜を過ごしまたが、夜中過ぎから、腹部に鈍痛が。「まさかね」と思い、シャワーを浴びると定期的な痛みになりました。 病院に電話し、落ち着いたら出発しようとしていたのですが、どんどん痛みは強くなるばかり。生まれてしまいそうな痛みにおなかを押さえながら何度も、「あと少し待ってね」と伝えても変わらず、急いでタクシーに乗りました。そこから、産婦人科の陣痛室に運ばれて、あれよあれよという間にすっぽんぽん。病院着を着て、30分。恭也が誕生しました。あっという間でしたが、なんとか間に合い、安産で、年度のトップバッター！ 恭也の「きょう」は、最強の「きょう」なのかな？と旦那が決めてくれました。今では、毎日きゃっきゃっと笑顔が耐えない恭也です。「最強から、愛嬌のきょうも増えたね」と、家族に幸せを与えてくれています。ちなみに、1カ月健診で判明したのですが、取り上げてくれた産婦人科の院長先生の名前と「恭」が同じでした！ 幸運が連なり、連なり、これからの成長が楽しみです。	sound_row	https://baby-calendar.jp/knowledge/common/1513	bc
2020	M	か行	稀梨哉	きりや	4,126gと大きく生まれたので元横綱稀勢の里の稀を。9月生まれでちょうど梨を頂いたので梨を。哉は木村拓哉の哉がカッコイイと思い、稀梨哉にしました。	sound_row	https://baby-calendar.jp/knowledge/common/1513	bc
2020	M	か行	銀時	ぎんじ	銀→錆びない…強い精神、錆びない性格 2番手…上に這い上がる、向上心 白銀…雪が積もる 時→未来 向上心があり努力を積める強い精神の子に育ってほしい。（ぎんちゃんﾏﾏさん）	sound_row	https://baby-calendar.jp/knowledge/common/1513	bc
2020	M	か行	慶	けい	結婚して2年半、私たちのもとにやって来てくれました。毎日、パパとママで名前はどうしよう、とあれやこれやと話して楽しんでいました。妊娠5か月ごろ、男の子ということが判明し、名前も男の子に絞って考えていましたが、なかなか1つに絞ることができませんでした。結局候補から名前を1つに絞ることができない中、出産予定日2週間前になっていました。 そんな時、「子の画数から名前を決めることは多いけれど、そもそもパパとママの画数は何画なんだろう？」と思い、書いてみたところ、偶然にもパパもママもフルネームの画数が同じ15画ということが判明！ 交際して7年、結婚して2年半での大発見です！ これは、子どもにも同じくフルネームが15画になる名前を付けたいと思い、候補から名前を絞ることができました。また2文字の名前をつけたいと思い、「慶」という名前にしました！ かつ、このようなコロナ禍で喜ばしい出来事が少ない中、生まれてきてくれたことへの、「慶び」「めでたい」という意味も含めました。 これからの世の中、グローバル化も進んでいく中で、外国の方も呼びやすい発音であること、覚えやすい名前であることも決め手になりました。我ながら、家族3人揃ってフルネームの画数が15画なのは、運命的で素晴らしいと思ってます！ 呼びやすい名前であることから、今では皆に「けいくん」「けいちゃん」と呼ばれ、愛されています。	sound_row	https://baby-calendar.jp/knowledge/common/1513	bc
2020	M	か行	憬	けい	我が子への初めてのプレゼントとなる名前は本当に悩みました。名前を考えるのが初めてと言うこともありますが、夫も私も教員なので、良い名前が思いついても、今まで関わったお子さんの顔が思い浮かび、何度も却下しました（笑）。また、ふりがながないと読めない名前は、呼ぶほうも、呼ばれるほうも、つらい思いをすることを痛感していたので、誰からも読んでもらえる名前にしようと2人で決めました。 夫の希望は、漢字一文字で読み方が「けい」、私の希望は「何事にも一生懸命になれる」という思いが込められる漢字を使う事でした。その2つを叶えてくれる「憬」という名前に決めました。本当はもっと凝った名前にする予定でしたが、生まれてきた息子の顔を見ると、憬がぴったりでした。また、この漢字には、「人から憧れられる存在になる」という意味も込められているそうなので、お気に入りです。最近名前を呼ぶと、笑顔で振り向いてくれる息子。これからも、たくさんの人とつながり、名前を呼んでもらって、笑顔で過ごしてほしいと思います。	sound_row	https://baby-calendar.jp/knowledge/common/1513	bc
2020	M	か行	圭悟	けいご	圭は、中国の古伝で神器の意味がある。神道を悟り、物事を慎重に捉えて、きちんと自分の考えや意志を持てる芯の強い子になりますように。	sound_row	https://baby-calendar.jp/knowledge/common/1513	bc
2020	M	か行	圭悟	けいご	妊娠する前から姓名判断のサイトを見るのが趣味の夫。名字と合わせて全てが大吉となる名前を候補としてストックしていました。また、夫の「男は濁音の入った名前が良い！」という希望で5つ程に絞り込み、最終的には「海外でも呼んでもらいやすいこと」「漢字の意味が『子どもにこう生きてほしい』という願いと一致すること」から決定しました。 もともと女しか生まれず婿取りで続いてきた一族だったので、生まれるまで「女の子かもしれない……」という思いがあり、家族へのお披露目は生まれて本当に男だということが確認できてからにしました。みんなに喜んでもらえ、良い名づけができたと思います。	sound_row	https://baby-calendar.jp/knowledge/common/1513	bc
2020	M	か行	渓吾	けいご	母親の名前は鮎子です。父が、鮎は綺麗な川にしか生息しないから綺麗な環境で育ってほしいと願いつけてくれた名前です。息子には、鮎が育つような雄大な美しい渓谷をイメージして一文字いただきました。吾は愛する我が子という意味です。母としても息子の渓谷で温かい見守っていられる存在でありたいです。	sound_row	https://baby-calendar.jp/knowledge/common/1513	bc
2020	M	か行	佳志	けいし	佳…内面もたたずまいも美しい聡明な人に成長し、誰からも愛されるように 志…夢や目標に向かって信念を持って進んでいってくれるように と願いを込めました。	sound_row	https://baby-calendar.jp/knowledge/common/1513	bc
2020	M	か行	敬至	けいし	いつも他人を思い敬い、またそれ故に人からも尊敬される。そして自分の望む道を最後まで諦めず、至高＆至極の精神で歩み続けてほしいなと願い、『 敬至 』と命名。 そしてこの漢字の決め手となったのは、僕の大好きなプロレスラー、プロレス界を救い発展させた武藤敬司＆棚橋弘至の名前からも頂いたことになっています。もし我が子が格闘技好きに育ったら、このサブエピソードも教えてあげようと思っています。	sound_row	https://baby-calendar.jp/knowledge/common/1513	bc
2020	M	か行	圭眞	けいしん	まだ結婚もしてなく付き合ってるころ、妊娠の予定もなかったのですが、旦那さんとお風呂に入ってる時にふといきなり「子どもの名前けんしん？けいし？がいいな〜」と頭に出てきたので旦那さんに言うと「俺も今子どもの名前考えててん！けいしん？けんしん？けい がつく名前がええな〜」と言ってきました！ まさかの同時に子どもの名前を考えていて、しかも同じような名前でびっくりしたのを覚えています。そしてけいしん君になりました。	sound_row	https://baby-calendar.jp/knowledge/common/1513	bc
2020	M	か行	恵大	けいた	お互い40代でようやく結婚に至った、夫と私。2019年5月に入籍し、程なくして妊娠していることが分かり、びっくりするやら、嬉しいやら、不安やら。無事に生まれた時には今まで感じたことのない感動で心が震え、自然と涙が溢れた。 高齢で妊娠し、出産に至るまで、命について考えていたら、恐らくこの子は神様からの大いなる恵みであるという感謝の念を抱かずにはいられなかった。出産を親、兄弟、親戚、友達はもちろん上司や知り合いなど周囲の方々も喜んで下さり、1人の命の重み、存在の大きさ、家族が増えることの喜びを改めて教えてもらった気がした。夫と一緒に名前はいくつか考えていたが、生まれるまでの様々な思いを集約し、そして生まれてきた顔と大きい手足、しっかりした体つきを見て、けいたしかないと確信し、恵大と名づけた。名字との相性、字画も良かった。 私たち夫婦にとって、あなたは神様からの大いなる恵み（プレゼント）であること、周囲の人々にとっても大きい存在であること、よく調べてみると恵という字には、「恩を施す、思いやり、賢い、素直、美しい」という意味があるそうで、自分のことだけに留まらず、周囲の人々のことを思いやれる、恩をお返しできる大きい心を持った人になってほしいとの願いを込めて名づけた。このことを、息子が大きくなったら目を見てしっかりと伝えたいと思う。あなたはとても素晴らしい存在であると。 あと、私の父親が結婚しないと思っていた娘が嫁いでしまい、名字が変わることを残念に思うと話していたため、旧姓である「○○た」の「た」の字を息子の名前の中に入れておくことで、漢字は違うが、名前は受け継がれることを示して、父の寂しさを少しでも緩和したい、とも考えた。また、夫の名前の「吉」と息子の「大」で2人で大吉となり、縁起が良いとも思った。 私たちから息子への初プレゼントは、こうして決まった次第です。	sound_row	https://baby-calendar.jp/knowledge/common/1513	bc
2020	M	か行	圭翔	けいと	臨月まで性別がわからず、上の子が男の子だったこともあり、まわりからは絶対女の子だよ！と言われていて、性別が男の子だとわかると残念がられることもありました。そんな周りの目を気にして、当初は両家の父の名前をいただき名づけする予定でした。 しかしおなかから出てきた息子は候補の名前と顔立ちが全く合わず、まるでママたちが周りを気にせず決めた名前がいいと言われてるようでした。反省しました。この世に生まれてくる子どもすべての子が特別であり宝物だと改めて気づかされました。 圭の字は貴重なイメージがあると知り、翔の字と合わせあなたは貴重な、私たちの大切な子。周りを気にせず、あなたらしく自由にのびのびと生きてね。そんな意味を込めて名前をつけました。キリッとした顔立ちにとても似合う素敵な名前をつけることができ、息子には感謝しています。	sound_row	https://baby-calendar.jp/knowledge/common/1513	bc
2020	M	か行	佳音	けいと	義理母が、癌で入退院を繰り返してる時に、授かった子です。義理母は孫12人目の顔を見るのを楽しみに、頑張らなと言って、癌と戦ってましたが、今年2月に生まれて来る前に亡くなってしまいました。佳音が生まれた日は、母の月命日で、義理母の母の誕生日でもあって、この子は母に守られていると感じました。 名前の佳音の佳は、亡き母佳子の名前からもらいました、音は、けいとの兄妹上に5人居ましてみんなの名前に音がついてるので、音が入りました。亡き母のように優しく、人に好かれ、活発な母みたいになってほしいと名づけました。	sound_row	https://baby-calendar.jp/knowledge/common/1513	bc
2020	M	か行	玄	げん	長男が朔久（さく）。従姉妹みんな名前は2文字です。2文字は決定！！ 兄は可愛い名前にしたから次男は渋くてかっこいい名前にしようということになり、いろいろ考えた結果、玄（げん）と名づけました。	sound_row	https://baby-calendar.jp/knowledge/common/1513	bc
2020	M	か行	弦	げん	私も主人も音楽が好きなので、音楽にゆかりのある弦という響きが気に入りました。弦という漢字には楽器の弦から連想されるように、ぴんと張ってまっすぐにという願いが込めています。ぴんと背筋を伸ばして、嘘なくまっすぐに、そして自由に、自分の好きなことを見つけて歩んでいってほしいと思い、この名前をつけました。	sound_row	https://baby-calendar.jp/knowledge/common/1513	bc
2020	M	か行	健吾	けんご	名前を考え始めたのは、生まれる3カ月くらい前からでした。旦那といろいろ相談したり、検索したり……。結局候補が20以上あるまま出産を迎えました（笑）。生まれて2日後に子どもの顔を見ながら決めました。 前駆陣痛で入院してから、2日半ほぼ15分おきに陣痛があって2人ともほぼ寝ずでクタクタになりながらの出産でした。あとから話しましたが、こんなにつらいなら帝王切開にならないものかと旦那は考えていたそうです。出産が当たり前ではないこと、大変さを身をもって知ったことから、健康でいてくれることが1番だねということで、決まりました。 そして、退院2日後にわたしがインフルエンザにかかってしまい、うつしてしまうのではないかという恐怖と不安で泣いていると、「このこは健康に育つからきっと大丈夫」と旦那が励ましてくれました。授乳もしっかりとでき、うつることもなく元気でいてくれたので、この名前にして本当に良かったと思いました。このご時世もあり、健康の大切さやありがたさを改めて感じています。	sound_row	https://baby-calendar.jp/knowledge/common/1513	bc
2020	M	か行	研吾	けんご	我が家の第二子にして初めての男の子。名字と相性のいい画数の漢字を調べ、あれこれ組み合わせて、「誰でも間違いなく読める」「呼びやすく、名字と合わせて響きがいい」名前の候補を夫婦でたくさん考えました。 新型コロナウイルスが流行りはじめた当時、産院は「家族の分娩時の立ち会いはOK、入院中の面会はNG」とのことでした。里帰り出産だったため、夫と一緒にいる時間が限られており、もし出産に間に合わないと退院するまで赤ちゃんに会ってもらえないのか…と思うと夜も眠れない程でした。おなかの赤ちゃんに「お父さんが帰ってきている週末に生まれてきてね」と声をかけて過ごしました。そして、夫が実家に帰ってきていた予定日3日前の週末、夫婦で散歩を兼ねてランチをしている時に「そろそろ名前を決めたいね」「候補の中だと研吾がいいかな。」と話していました。すると、その午後に陣痛開始。陣痛が来てから1時間半の超ハイスピードでしたが、夫立ち会いのもと2,970gの元気な男の子が生まれました。 粘り強く自分の思う道を進んで欲しい、他人のことを守ってあげる優しい人になって欲しい、という願いを込めて「研吾」と名づけました。今では2歳上のお姉ちゃんと一緒にドタバタの毎日ですが、甘えん坊で笑顔がとっても素敵な男の子にすくすくと育っています。元気に生まれて来てくれてありがとう！ 研吾のお母さんになれて嬉しいよ。	sound_row	https://baby-calendar.jp/knowledge/common/1513	bc
2020	M	か行	玄詩	けんし	夫婦共に歌が好きで、家で歌ったり、カラオケに行くのが趣味でした。だから、子どもも歌を好きになってほしいと思っておりました。名前を考える時に「歌」「唄」「詩」「唱」など漢字の候補を挙げて、その道を極めるという「玄（くろうと）」という漢字もイイネとなり、画数的に「玄詩」となりました。歌を生業にしてくれたら嬉しいです。	sound_row	https://baby-calendar.jp/knowledge/common/1513	bc
2020	M	か行	拳志	けんし	大切なものをしっかり守れる子になるように。チャンスを掴めるように。	sound_row	https://baby-calendar.jp/knowledge/common/1513	bc
2020	M	か行	謙史郎	けんしろう	主人が候補を姓名判断から出しました。その中で残ったのが、紬と謙史郎で、私は紬がいい、と言っていましたが主人は謙史郎推しで、結局主人に似ていれば謙史郎、私似だったら紬、という話にまとまりました。出てきたのは自他共に認めるほどの主人に瓜二つの男の子で、謙史郎になりました。 後々、謙史郎を候補に残した理由を聞くと、北斗の拳のケンシロウのように、世紀末を生き抜く力を持ってほしい、と本当かどうかわからない由来を教えてくれました。確かにこのコロナ禍でいろいろと様変わりした世界の中、元気にたくましく生き抜いてほしいと願います。	sound_row	https://baby-calendar.jp/knowledge/common/1513	bc
2020	M	か行	健成	けんせい	"健…力強い 成…掴みとる・成し遂げる 何事も力強く掴みとる男に成長してもらいたくて名づけました。また、""成""は旦那の名前から1文字取りました。"	sound_row	https://baby-calendar.jp/knowledge/common/1513	bc
2020	M	か行	拳大	けんだい	もともと北斗の拳を愛読し、中でも人情にあふれ、兄弟、大切な人を決して粗末に扱うことなく優しさにあふれるケンシロウが好きでした。息子も、自分の人生において大切な人を大きな拳で守り、元気でたくましく、優しい男の子に育ってほしいと願い名づけました。	sound_row	https://baby-calendar.jp/knowledge/common/1513	bc
2020	M	か行	健叶	けんと	不妊治療で授かった我が子。トトもママも、元気に生まれてきてくれることを願って過ごしたトツキトオカ。トトとママの願いが叶っておなかに来てくれた。健康で元気に成長してほしい。この子の願いが少しでも叶いますように。いろいろな願いを込めて「健叶」にしました。（けんとっとママさん）	sound_row	https://baby-calendar.jp/knowledge/common/1513	bc
2020	M	か行	幸一	こういち	赤ちゃんの父方の祖父の名前「幸久」から「幸」を、母方の祖父の名前「伸一」から「一」をそれぞれもらい、「幸一」と名づけました。 父方の祖父は周りを楽しませるムードメーカーで、母方の祖父は向上心が高い勉強熱心な性格です。それぞれ性格は違いますが、父のことを尊敬しているので、2人のいいところを受け継いでほしいとおもいます。	sound_row	https://baby-calendar.jp/knowledge/common/1513	bc
2020	M	か行	孝一朗	こういちろう	小2で父親を亡くした主人。亡くなったお父さんはよく遊んでくれた方だったそうです。その後母子家庭になりお母さんは仕事ばかり。学校行事にも祖父母が来てくれていたそうです。そんな経験から「父」への思い入れが強い主人は両方のおじいちゃんたちから一文字ずつもらって名づけをすることに。また、一つのことに進んでほしいと尊敬する野球のイチローからも名前を取り、「孝一朗」になりました。	sound_row	https://baby-calendar.jp/knowledge/common/1513	bc
2020	M	か行	昊夏	こうが	結婚10年目にしてようやく授かったかけがえのない我が子。10年の想いを込めて、10を入れたいと思い、英語でten、天からの授かりものということで、天の漢字を入れたいと思いました。いろいろ候補を考えたけど、なかなか納得が行かず。主人の教え子たちも一緒に考えてくれて、教え子の一人が付けた名前がとても合っていました。 結婚10年目に天から授かり、生まれた日は青空のキラキラした初夏で昊夏になりました。上の娘も長い不妊治療を経て結婚7年目に授かることができ、7年の想いと願いを込め、7月の夏真っ盛りの中生まれたので、菜々夏と名づけました。	sound_row	https://baby-calendar.jp/knowledge/common/1513	bc
2020	M	か行	煌基	こうき	妊娠がわかったときは、オリンピックベビーかな、男の子だったらスポーツにちなんだ爽やかな名前がいいかな、なんて漠然と考えていました。しかし実際にはコロナ禍での出産……。こんな時代に生まれてきたからこそ、将来は輝くような、煌めくような人生を送ってほしいと思うようになりました。 名字が全国ランキングでも上位に入るような名前なので、下の名前は誰が見ても読めるけど、少し個性を出したいと思いました。「煌」という字を使いたいなと思うようになり、旦那といろんな組み合わせの候補を出して名字とのバランス、読み方、画数などを考えては悩み…出産前に数個の候補に絞り、最終的には生まれて顔を見て、第一印象で決めようとしていたものの、決まらず。結局決まったのは生まれてから6日後、候補にもなかった「煌基」でした。 体重が平均より大きく、顔立ちがりりしくみえたことで「基」というしっかりとした印象の字がしっくりくるような気がしました。人として基本に忠実に、いろんな経験をして芯のしっかりとした子になるように、そして煌めくような人生を送ってほしいと考えて名前をつけました。	sound_row	https://baby-calendar.jp/knowledge/common/1513	bc
2020	M	か行	皇輝	こうき	気品があり誇り高く、尊敬され輝かしい姿。	sound_row	https://baby-calendar.jp/knowledge/common/1513	bc
2020	M	か行	昊紀	こうき	私と旦那は医療関係者であり、新型コロナウイルス患者を対応していました。とても怖く大変な思いをしました。新型コロナウイルスという大変な時期、時代に生まれた子どもに青く広がる大空のように、周囲の人を笑顔にすることのできる素敵な人、大空にはばたくように広く世界で活動できるようになってほしいという気持ちを込めて昊紀と名づけました。 もちろん、私たちと同じ医療関係者を目指してもらいたいです	sound_row	https://baby-calendar.jp/knowledge/common/1513	bc
2020	M	か行	光起	こうき	みんなに光をあたえる、明るい子に育ってほしい、輝きのある人生をおくれますように、向上心のある子になってほしいという願いを込めてつけました。赤ちゃんにあえるのを楽しみに、癌の治療を頑張っていた父親。初孫を楽しみにしている父親や、初対面したときの喜び、うれしそうな顔。今も父親は治療を頑張っています。希望の光をあたえてくれる子だなと思いました。 わたしも出産時、分娩後に会陰裂傷がひどく緊急搬送で転院したり、入院生活も思い描いていたのと違い、気持ちが落ち込んだりもしましたが、なにより赤ちゃんが元気に生まれてきてくれたことがよかったこと。わたしにとっても赤ちゃんが希望の光であり、光起くんと名づけました。	sound_row	https://baby-calendar.jp/knowledge/common/1513	bc
2020	M	か行	向葵	こうき	2020年の夏に生まれることが分かった我が子。家族が増えることに心が弾んでいた矢先、新型コロナウイルスが猛威を振るい始めました。会いたい人に会えない、行きたい所に行けない、たくさんの人が未知のウイルスと闘う中でつらい思いをし、これから世の中がどうなってしまうのか誰もが恐怖と不安に襲われたことでしょう。おうち時間が長くなるほどに私も我が子の未来を「お外では遊べるのかな？」「お勉強はちゃんとできるかな？」「お友達はできるかな？」と涙を流しながら心配しました。だけど、暗いニュースにまみれる中で毎日小さな命がおなかの中から元気なキックで励ましてくれました。そして、「この子は、“いつもと違う”2020年の夏の奇跡であり、希望なんだ！」といつしか思うようになりました。 「夏の大輪の向日葵のように、光に向かって真っ直ぐ育ち、周りの人たちに勇気や希望を与えてほしい」という願いを込めて、「向葵（こうき）」と名づけました。	sound_row	https://baby-calendar.jp/knowledge/common/1513	bc
2020	M	か行	弘季	こうき	弘」は「広い」「大きい」などの意味をもつことから、「壮大」で「大きく立派」な人になってほしい思いからです。「季」はその漢字の印象から「感性豊かな人になってほしい」「元気にすくすくと育ってほしい」と願いを込めて名づけました。	sound_row	https://baby-calendar.jp/knowledge/common/1513	bc
2020	M	か行	幸希	こうき	私の旧姓は、「幸」と言う漢字が使われていて、とても気に入っていました。しかし、私も結婚をし、旧姓は父の代で途絶える事になり罪悪感と寂しさがありました。主人もその事を気にかけてくれて、妊娠が分かると「幸」と言う字をぜひ使おうと言ってくれました。 また私自身、子どもがずっと欲しかったのですが、なかなか授からず先の見えないつらい治療の日々で、心身共にボロボロになっている時に、やっと授かった子でした。とても嬉しく、希望の光が差し込んだ様でした。私にとって子どもは、幸せな希望そのもので、それはこれからも変わらないですし、子どもにも希望を持って、幸せな人生を歩んでほしいと思い、幸希と名づけました。	sound_row	https://baby-calendar.jp/knowledge/common/1513	bc
2020	M	か行	煌心	こうし	7月に生まれた息子は煌心と名づけました。今年は日本にとっても世界にとっても忘れられない年となってしまいました。悲しい思いをしてる方もたくさんいると思いますし、まだまだ不安な思いで病院に通ってる妊婦さんも大勢いらっしゃると思います。私も両親や親戚となかなか会えず寂しい思いをしました。 そんな中、昨年末に妊娠がわかり、今年に入って性別が男の子だとわかりました。持病を抱えながら1人暮らしの祖父に「男の子だったよ」っと伝えたところ、こんなに喜んだ声を聞いた事がないってくらい喜んでくれました。思えば母の家系は女だらけで、男の子は祖父以来、というと約100年ぶりの男の子というわけなのです！ 大きくなったおなかを見せに行きたくても、なかなか行けないこの時代がつらかったです。 先の見えない世の中になってしまいましたが、そんな中大きな産声をあげて生まれて来てくれた息子にキラキラと煌めいた心を持ってほしい、「こんな時代だけど唯一孫の誕生が嬉しかった」と言ってくれた祖父のように、周りにもそんな影響を与えられるような人になってほしいと、煌心と名づけました。1日も早く人と人が触れ合える当たり前な日常が戻りますように。	sound_row	https://baby-calendar.jp/knowledge/common/1513	bc
2020	M	か行	煌士	こうし	男らしくかっこよく煌めく人になってほしい。	sound_row	https://baby-calendar.jp/knowledge/common/1513	bc
2020	M	か行	煌士	こうし	名字から優しい子に育つように画数をみて、決めました。また、フルネームの母音があいうえお全部当てはまるように決めました。 煌→令和の時代になり新しい時代が始まりましたが自然災害やコロナの影響で気持ち的に沈んでいます。そのためキラキラと光り輝いて、周りの人を明るく楽しくしてほしいとゆう気持ちを込めました。 士→何かあった時に大切な人を守れるような強い子になってほしい。力、学力、知識を兼ね備えてほしいという気持ちを込めました。武士のように誠実に生きてほしいです。	sound_row	https://baby-calendar.jp/knowledge/common/1513	bc
2020	M	か行	幸佑	こうすけ	妊娠がわかりすぐに卵巣のう腫とわかり、この子がおなかにいる状態で手術を受けました。先生からは、この子ができて教えてくれたから卵巣までとらなくてよかったと言われ、助けてくれたんだっておもいました。その時、周りの人たちや家族にも支えられ予定日の2週間後に生まれました！ そのことがあり、 「幸」自分も周りの人も幸せにできるように。 「佑」大切なものを守れる強さや優しさ、人を助けることのできる思いやりや愛情、支え合える友に恵まれるように。 と思い、命名しました。	sound_row	https://baby-calendar.jp/knowledge/common/1513	bc
2020	M	か行	昊成	こうせい	予定日が夏だったので夏にちなんだ名前を、と考えていました。たまたま見つけた名前の漢字ランキングに「昊」があり、意味を見たとき絶対にこの字をつけたいと思いました。旦那さんには普段見ない字だから読めないと反対されましたが、他にこれ！と思うものを提案できないなら、この字をつけると言い続け、私の粘り勝ちでつけることに決まりました。 昊の意味は夏の空、大空です。夏の晴れた空のように明るく元気な子になってほしいという意味を込めました。	sound_row	https://baby-calendar.jp/knowledge/common/1513	bc
2020	M	か行	煌生	こうせい	おなかにいるときに、性別が女の子だったらパパが、男の子だったらママの私が主導で名前を決めようと話をしていました。その後性別が男の子と分かり、私が主導で名前を決めることに。 きらめくという「煌」の字をどうしても使いたかったので、毎日ネットや本で名字との相性が良くて、パパにもいいねと言ってもらえる字を探していました。いくつも煌に合う漢字を探しましたが、どれもしっくりせず。生まれるまでに決まればいいかなと思っていました。 後日、夫婦で義実家へ遊びにいった時に義父から「生」の提案を受けて即決しました。楽しい事、つらい事、嬉しい事といろいろな事が待ち受けているだろう我が子の人生を、きらめいて生きてほしいという私たち夫婦の願いにピッタリだったのです。私たち夫婦だけでなく、おじいちゃん、おばあちゃんみんなで考えた名前なんだよ、と息子が大きくなったら伝えてあげたいと思います。	sound_row	https://baby-calendar.jp/knowledge/common/1513	bc
2020	M	か行	幸太	こうた	常々、私から見たら幸せそうな人が「不幸だ」と言っていたり、大変そうだなと思う人が幸せだと言っていたり、幸せはその人が幸せだと感じないと見つからないものだと思っていた。そのため、どんな状況でも幸せだと思ったもの勝ち、もちろん誰から見ても幸せに太く生きてほしいと考えて名づけました。	sound_row	https://baby-calendar.jp/knowledge/common/1513	bc
2020	M	か行	琥太	こうた	妊娠が分かっておなかが大きくなるにつれて、まだ、性別が分からないなりに、男の子だったら……、女の子だったら……、と主人と考えました。いくつか候補はあったものの、しっくりこず。出産まで決まっていませんでした。 生まれてきた我が子を見て、あぁこの子の名前は……、と決まりました。琥珀のように清らかで無欲な美しい輝きを放ち、虎のように強く、しなやかさを持った人になることを願って『琥』、長男というのもあり、主人にもついている『太』を受け継ぎ、『琥太』と名前をプレゼントしました。	sound_row	https://baby-calendar.jp/knowledge/common/1513	bc
2020	M	か行	郷多	ごうた	郷のように居心地良く人がたくさん集まり、周りにいてくれる人を守り幸せにできるように。穏やかで心優しい子になるように。	sound_row	https://baby-calendar.jp/knowledge/common/1513	bc
2020	M	か行	煌大	こうだい	候補を何個か上げていましたが、生まれて顔を見て決めたくて、生まれるまで保留にしていました。元気に生まれてきてくれて、親になった実感と、赤ちゃんの生命力をまじまじと感じ、自分たちの子がどの子より輝いて見えました。この子に大きく煌めく未来が待っていますように、また、そんな未来を切り開いて行けますように、と願いを込めて。	sound_row	https://baby-calendar.jp/knowledge/common/1513	bc
2020	M	か行	暦	こよみ	ずっと女の子だと思っていて、候補も可愛らしい名前ばかり出ていました。パパも『ツーちゃん』（おなかの中でのあだ名：つぼみちゃん）とよく話しかけてましたが、まさかの男の子！ びっくりでした！ 候補は女の子らしい名前ばかりだったため、出産後すぐ会議。話し合いの結果、自分たちのもとに無事に生まれてきたことには変わりない！ 日々を過ごしていく上で何不自由せずに素敵な毎日を送れますようにという意味で、暦という名前をプレゼントしました。 今では両家共々に、アイドルのような特別扱いを受けてます（笑）。（こよみんママさん） 歴代の赤ちゃんの名づけエピソード大賞 2020年赤ちゃんの名づけエピソード大賞 ＞ 2019年赤ちゃんの名づけエピソード大賞 ＞ 2018年赤ちゃんの名づけエピソード大賞 ＞ 2017年赤ちゃんの名づけエピソード大賞 ＞ 2016年赤ちゃんの名づけエピソード大賞 ＞ 2015年赤ちゃんの名づけエピソード大賞 ＞ 歴代の赤ちゃんの名前ランキング 2020年赤ちゃんの名前ランキング ＞ 2019年赤ちゃんの名前ランキング ＞ 2018年赤ちゃんの名前ランキング ＞ 2017年赤ちゃんの名前ランキング ＞ 2016年赤ちゃんの名前ランキング ＞ 2015年赤ちゃんの名前ランキング ＞ 2014年赤ちゃんの名前ランキング ＞ 2013年赤ちゃんの名前ランキング ＞ 2012年赤ちゃんの名前ランキング ＞ 2011年赤ちゃんの名前ランキング ＞ 2010年赤ちゃんの名前ランキング ＞ あなたの“今”の悩みを専門家に無料で相談できます 自分だけでは解決できない不安やお悩みは、助産師や管理栄養士などの専門家に個別相談してみませんか？ 専門家に相談する その他についての悩み もっと見る 専門家に相談する 妊娠・育児アプリ ベビーカレンダー記事制作の取り組み ＼ この記事にいいね！しよう ／ 0 クリップ 現在ログインしていません。 ログイン しますか？ シェアする 名前ランキング検索 ベビーカレンダーが独自で調査・集計した2017年以降に生まれた赤ちゃんの名前データの中から、知りたい名前の順位、よみの順位、漢字の順位を見ることができます。 【名前で検索】【よみ方で検索】が名前の一部で検索できるようになりました！ 名前で検索 男の子 女の子 と一致する で始まる で終わる を含む	sound_row	https://baby-calendar.jp/knowledge/common/1513	bc
2020	F	さ行	紗朱	さあや	娘の名前は、名字と相性のいい画数を調べて決めました。自分の名前がかなり一般的で、子どものころは自分の名前が好きになれなかったので、娘ができたらかわいらしい名前にしたいと思っていました。 紗…薄絹→人を包み込むような優しい子になってほしい、朱…朱明（夏の太陽）→夏の太陽のような明るく元気な子になってほしい。こんな想いを込めて名づけました。	sound_row	https://baby-calendar.jp/knowledge/common/1524	bc
2020	F	さ行	紗衣	さえ	念願の3人目の妊娠。パパはずっと男の子が欲しいと言っていて、おなかの子の性別が女の子と分かった時、少し寂しそうでした。私も何となく、申し訳ない気持ちで過ごしていました。月日は経ち、名前を考える時期になりました。いろいろ考え、調べてパパに提案するも、「うーん、何か違う」と全て却下。実はパパもこっそり赤ちゃんの名前をたくさん考えてくれていたのです。 結果、「さえ」という名前を赤ちゃんにプレゼントしてくれました。漢字はお姉ちゃんたちに合わせて2文字で考え、美しくおひとやかな女の子に育つよう「紗」、家族みんなを温かく包んでくれるような存在であってほしいという想いを込めて「衣」と決めました。生まれてみれば、性別なんて関係なく、パパもお姉ちゃんたちも紗衣ちゃんにメロメロです。紗衣ちゃん、生まれてきてくれてありがとう。おめでとう。	sound_row	https://baby-calendar.jp/knowledge/common/1524	bc
2020	F	さ行	咲瑛	さえ	さえの姉・るな（瑠菜）は、12月生まれ。瑠璃という9月（←パパの誕生月）と12月の誕生石こと宝石と、ママの誕生月に咲く菜の花。今回の赤ちゃん・さえ（咲瑛）は、瑛という宝石の輝きの意味と、咲くという花の開花を連想させるもの。姉妹ふたりで力を合わせて、輝き、咲かせて、というイメージで、そう名づけました。	sound_row	https://baby-calendar.jp/knowledge/common/1524	bc
2020	F	さ行	咲衣	さえ	私は医療従事者で病院で働いています。新型コロナウイルスの対策も妊娠中から徹底されていて、通勤時もプライベートでも「いつ感染してもおかしくない状況」と「おなかの子に何かあったら……」とビクビクしていました。そんなコロナ禍で無事に生まれてきたこの子には、『誰に対しても優しく包むように手を差し伸べられ、笑顔でいてほしい』と願い、『咲衣（さえ）』と名づけました。	sound_row	https://baby-calendar.jp/knowledge/common/1524	bc
2020	F	さ行	咲	さき	新型コロナウイルスの時期で定期検診も立ち会いも面会も全てダメだった私たち。初めてのエコーできれいな顔を見せてくれたのが妊娠して23週の時でした。ですが、、26週から逆子になり、37週まで一度も逆子がなおらないので予定帝王切開に、いきなりの手術でかなり不安。気持ちの整理がつかなくて、初めての手術で足も震え、涙も出ました。 そんなときエコー写真をみたらパーッと気持ちが晴れたように感じました。どんな状況でも花が咲くように力づよく生きてほしい！と思い【咲】と名づけました。いまでは早く会えて嬉しい気持ちでいっぱいです。	sound_row	https://baby-calendar.jp/knowledge/common/1524	bc
2020	F	さ行	咲	さき	咲く」は植物が成長するという意味があることから、すくすく成長してほしいという思いを込めて、また、周りに笑顔を咲かせることができる子になるようにという想いを込めました！	sound_row	https://baby-calendar.jp/knowledge/common/1524	bc
2020	F	さ行	早貴	さき	初めは、響きと字画の良さから「梨華」にしようと話し合っていました。鳥取県に、また、妻の祖母の家が梨農家である事に因んでいいかなと思っていました。その半面、理科の教諭である自分からすると、安直に付けたと思われないかとも思っていました。すると妻が、生まれる直前になって「やっぱりヤメた！」と。「早貴」がいい！と言い出して、あっさり決定しました。上の子の「早穂」から一文字、妻の「悠貴」から一文字とって「早貴」にしました。	sound_row	https://baby-calendar.jp/knowledge/common/1524	bc
2020	F	さ行	咲葵	さき	由来は3つあります。①たくさんの草花が芽吹く春生まれであること。②「咲」の漢字には、古来「笑う」という意味があったこと。③アオイ科の植物は太陽の方角へまっすぐ伸びる性質があること。これらの理由から、「よく笑って明るくまっすぐ生きてほしい」という願いを込めました。	sound_row	https://baby-calendar.jp/knowledge/common/1524	bc
2020	F	さ行	咲来	さくら	出産予定日が近づいた頃、ママの好きな花である桜の開花宣言があり、「さくら」という名前に決定。「咲」の漢字はもともと「笑」という漢字の古字として使われていて、「来」は両親の思いを込めるのに使われる漢字とのことで決定。花が咲くように、明るく元気に、周りも明るくしてくれる子に。いつも笑顔で元気に育つように。そんな思いを込めて名づけをしました。	sound_row	https://baby-calendar.jp/knowledge/common/1524	bc
2020	F	さ行	咲良	さくら	妊娠した時、すでに大好きなおばあちゃんはガンの闘病中でした。ひ孫に会いたい！絶対会う！と、治療を頑張ってくれていました。飛行機に乗らないと会いに行けない場所に住んでいるのですが、妊娠中もお見舞いに行ったりしてました。 そんな中状態が悪化し、最後かもしれない！と思い、また会いに行きました。そこで、どんな名前がいいかなー？って聞いたら、喋るのも難しい状態だったのに、「さくら」とハッキリ言ってくれました。そしたらその時がほんとに最後になってしまい、妊娠8カ月の時に亡くなってしまいました。 私も夫もこれがいい！という名前が浮かんでなかったので、おばあちゃんの提案通りにさくらちゃんにすることにしました！無事元気に生まれてきてくれて、いまではすっかり「さくらちゃん」が定着しています。おばあちゃんに会わせたかったなぁ。	sound_row	https://baby-calendar.jp/knowledge/common/1524	bc
2020	F	さ行	桜音	さくら	昔から音楽が大好きでライブイベントは場所を問わず行っています。私が19歳の頃、ライブハウスに行くようになったキッカケのアーティストさんとお話した際に「君は将来きっと良いお母さんになるね！」と言われ、その日から娘が生まれたらこのバンドと同じ名前にしようと決めました。 娘には4歳でお空に旅立った兄がいます。その子は桜が咲く時期に旅立ちました。彼に、そしてこれから出逢ういろいろな方たちに娘の声（音）が届くことを願っています。	sound_row	https://baby-calendar.jp/knowledge/common/1524	bc
2020	F	さ行	さくら	さくら	私の周りの平仮名3文字の女の子は皆、しっかりしてて優しくて友達から好かれる良い子ばかりなので、あやかって平仮名3文字にこだわりました。その上で画数でもなるべく良いもの（私自身が、画数が悪く生後数日で亡くなった兄より健康に育つよう、画数が大吉という理由で名づけされているため。私は大病も大怪我もしたことがない）、響きが可愛いもの、読みが知人と被らないものから選びました。 それに「さくら」はカードキャプターさくらのさくらちゃんもイメージ出来ますが、彼女も人気者の可愛らしい性格ですよね。パパもカードキャプター好きだし、さくらちゃんにもあやかれる、良い名前だと思ってます♪	sound_row	https://baby-calendar.jp/knowledge/common/1524	bc
2020	F	さ行	咲月	さつき	三姉妹の末っ娘です。一番上の娘は、仲秋の名月しかもスーパームーンの日に生まれたので美月。二番目の娘は予定日が8月3日と聞いて、姉妹なら葉月（8月の旧名）！と思い続け、生まれたのは8月1日だったので葉月。三番目も女の子と聞いて、お姉ちゃんたちと同じく“月”をつけたいなという想いと、笑という意味のある“咲”という漢字をつけたいなという想いがありました。 5月生まれであれば迷いなく咲月でしたが、予定日は6月。決定打に欠けていました。生まれる前日、車で走っていたらキレイな満開のさつきの花を見ました。さつきがキレイに咲いていた頃に生まれたのよ。お姉ちゃんたちと仲良く笑顔あふれる毎日を過ごしてね。こういう想いをこめて「咲月」と名づけました。毎年、お誕生日にはさつきの花もお祝いしてくれそうです。	sound_row	https://baby-calendar.jp/knowledge/common/1524	bc
2020	F	さ行	桜渚	さな	1人目を出産してからなかなか授かる事は出来ず、不妊治療をスタート。仕事をしながら育児をしながらの治療は正直、体力より精神面が大変でした。仕事を時には休み、主人が仕事の日は病院に長女を連れて行き別部屋で待機……。子どもの世話があっても時間で薬を投与しなければいけない。時間や周りを気にしながら少し疲れてしまい、1カ月だけでも治療をお休みしたいと私のわがままで一旦お休みをしました。 それでもやっぱり可能性が低くなる前に頑張ろうと1カ月後にすぐ治療再開。少し気持ちも落ち着いたのか、すぐに妊娠が判明しました。治療中、私自身に余裕がなく、主人にも体の状態をあまり話せずに過ごしていたからか、妊娠が分かった時は主人が号泣。あぁ、すごく気にしてくれてたのに聞かないでいたんだな……不安だったんだなと、私だけでやった治療じゃないといろいろつらかった事が吹っ飛んだ瞬間でした。 そして妊娠が判明した頃、長女は年長さんでした。待望の妹がおなかにいる事が分かり、「名前を付けたい！」といろいろ考えていて、始めは「リボンちゃんやりんごちゃんがいい！」など年長さんならではの独特な考えでしたが、年明けたころ、ふと「さながいい！」と言いました。私がお姉ちゃんと同じ漢字の“渚（な）”を付けたいなーとボソっと言ったのを覚えていて、とても可愛い名前を思いついてくれて、私も主人も「良いね！ お姉ちゃんが名づけ親って嬉しいね！」と決定！ さなの“さ”の漢字はパパに考えてもらい、3人の希望、想いがしっかり入った名前になりました！ さな→長女、桜（さ）→主人、渚（な）→私治療中も妊婦の時も、何も言わなくても見守ってくれた主人がいて、わがままを言わずいつも寄り添ってくれた長女がいて、3人で治療中から次女を迎え入れる準備ができたから、私たちのところに生まれてくれたのかな。3人のそれぞれの大好きの気持ちの入った名前を付ける事が出来た、大切な宝物です！！	sound_row	https://baby-calendar.jp/knowledge/common/1524	bc
2020	F	さ行	紗那	さな	コロナ禍で不安な日々を過ごした妊娠期間でした。健康が一番だと思い、イタリア語で「健康的な女性」という意味をもつsanaという名前に。漢字の「紗」は夏の薄い絹織物。薄い生地だがしっかりした強い生地。人を優しく包み込むがちゃんと強さもある子にという願いをこめて。「那」には（美しさ、穏やかさ、豊かさ）という意味が。 コロナ禍でストレスがすごかった妊娠期間。生まれてくるこの子は穏やかに過ごしてほしいと思ってこの名前にしました。余談エピソードとして私たち夫婦の結婚記念日が[3月7日]ということも	sound_row	https://baby-calendar.jp/knowledge/common/1524	bc
2020	F	さ行	咲那	さな	漢字の意味で名づけました。「咲」は「花が開く」という意味で使われますが、もともとは「笑」の古字とされ、「笑う」の意味がありました。ツクリにある「关」は体をくねらせて頭をかしげた巫女（ミコ）の形を表しています。上の2つの点が「両手」を表現しているので、ちょうど両手を広げた姿のように見え、ここから「关」だけで「巫女が両手を挙げて体をくねらせて舞い踊る」様子を表し、「神様を楽しませる→笑う」と変化したといわれています。 その後、笑っている人は「口」を開いているので、「关」に「口」を組み合わせた「咲」も「笑う」の意味で使われるようになりました。「笑＝关＝咲」はすべて同じ使われ方をしていたみたいです。 しかし、時を経るにつれて「笑って顔が華やかになる様子」を「花が咲いて華やかになる様子」と重ねるようになり、現在の「花が開く」の意味でも使われるようになりました。そして徐々に「笑」が「笑う」、「咲」が「花が開く」と役割が分かれていったそうです。 「那」には、「多い」「美しい」という意味があります。そこから笑顔がたくさん咲く子になりますようにと名づけました。	sound_row	https://baby-calendar.jp/knowledge/common/1524	bc
2020	F	さ行	紗和	さな	私がもともと「和」という字が好きで、子どもができたら名前に入れたい！そして女の子だったら「な」と読みたい！と独身の時から思っていました。結婚が決まった去年、新元号が発表された時は使われてしまった！！と少しショックをうけました。それから数カ月後、妊娠が分かり、女の子ということが分かり、すぐに名前を考えました。 人との繋がり、和を大切にしてほしい。強くもしなやかさを兼ね備えた女性になってほしい。という思いから「紗和（さな）」と名づけました。私が考えた名前を主人も「かわいい」「素敵」と喜んでくれました。	sound_row	https://baby-calendar.jp/knowledge/common/1524	bc
2020	F	さ行	紗凪	さな	夫婦共に名前にいとへんが使われているため、まずいとへんを含めた名前にしたいという思いがありました。紗の漢字にはしなやかの中にも強さを持って欲しいという想いを、凪の漢字には今後心穏やかに過ごせますようにという想いを込めました。初めての子どもなのでバタバタですが、名前の通りに過ごせるように奮闘中です。	sound_row	https://baby-calendar.jp/knowledge/common/1524	bc
2020	F	さ行	彩誉	さほ	9年ぶり3人目の出産……。今回の出産の1年前に流産を経験していて……この子が無事に生まれてきてくれるかずっと不安でした。そんな気持ちの中、主人と話し合って子どもが生まれてくるって奇跡の連続だね！！ そんな想いを込めた名前がいいね！！と話し合い、いろどりという漢字には、さまざまな色の出来事がどれも素敵なものになるように。ほまれという漢字には誇りとするに足る事柄という意味があるらしく……、生まれてきてくれただけでパパとママの誇りだよと思いつけました。この名前に似合うような素敵な女の子に育てたいと思います！！	sound_row	https://baby-calendar.jp/knowledge/common/1524	bc
2020	F	さ行	桜彩	さや	4月生まれで春にちなんだ花の名前をつけたいから、桜を選び桜に合う漢字を探し、彩りを見つけました！ 春に咲く桜のように美しく、可愛く、まわりのみんなを笑顔にして彩られて毎日が楽しい日々を送れますように♪の思いを込めてます。今では毎日笑ってくれて、家族、祖父母たちが癒やされ、みんな笑顔です。	sound_row	https://baby-calendar.jp/knowledge/common/1524	bc
2020	F	さ行	咲悠	さゆ	我が家の3番目のベビーとして、私のおなかにやってきました！ 上ふたり女の子、さてさて性別はどちら？と、最初から気になっていました。辛かったつわりも落ち着き始めたころ、健診で「あれあれ？もしかしたらここからピョコんと出てきそうな雰囲気が……？ いやでも分からないなぁ、次の次あたりじゃないとね〜」と。でも、やはり同性がひとりいてもいいなぁと思っていたパパは内心ウキウキ。次の次の健診で見事にその跡形はなく、間違いなく女の子と……！ それからはパパと名前を悩むことに……。お姉ちゃん達にも季節と漢字に意味を持たせたので、それを考えつつ悩んで、3月ということもあり、暖かくなって花がたくさん咲き始める時期。「咲」には笑顔の語源があって、笑顔の花がたくさん咲く人生を、周りの人も笑顔になるような存在であってほしいこと。「悠」は悠々と伸びやかに、お姉ちゃんふたりに心という漢字が隠れた文字を使っているので、心で繋がる3姉妹になってほしいと、願いを込めてつけました♡ 生まれてすぐから、すっかり周りを笑顔にしてくれる存在です♡	sound_row	https://baby-calendar.jp/knowledge/common/1524	bc
2020	F	さ行	咲喜	さゆき	私も含め、私の兄妹、いとこは全員、最後に（き）がつく名前ばかりです。なぜか使命感みたいなものがあり、もちろん長男も止め字は（き）。そして2人目の赤ちゃんが出来たらこの響きの名前にしたい！ 親戚にいないし大丈夫！と思っていた名前がサユキでした。女の子と分かってからは、旦那が名字と合う画数を調べまくって、人にも自分にも、笑顔と喜びをもたらす人生を歩んでほしくてこの漢字に決めました。さゆたん、さゆちゃんと呼んではニヤニヤ。うちのアイドルです。	sound_row	https://baby-calendar.jp/knowledge/common/1524	bc
2020	F	さ行	咲葉	さよ	咲には、本来笑顔という意味があるということで、いつも笑顔で、そして周りの人も笑顔にするような人になってほしいという願いが込められています。葉には、8月（葉月）生まれという意味と、葉っぱのようにみずみずしい女性に育ってほしいという願いが込められています。	sound_row	https://baby-calendar.jp/knowledge/common/1524	bc
2020	F	さ行	沙桜	さら	沙の字には海のように心が大きく、物事の真偽を見極められる人になるように。桜の字は、4月に生まれた事もあり、春の花を名前に入れました。温かい人になるように願いを込めました。不妊治療をし、やっと授かれた娘の名前を、3カ月かけて考えてくれた主人に感謝です。この子が名前に恥じない素敵な子になるように、大切に育てていきたいです。	sound_row	https://baby-calendar.jp/knowledge/common/1524	bc
2020	F	さ行	紗来	さら	さら＝Sarahという名前自体は、古くはサンスクリット語で「本質」を表します。当てた漢字の意味は、紗来（さら）の「紗」は夏衣などに使われるしなやかな薄絹、「来」は来るもの、から転じ「来るものに対して柔軟に対応し、本質を見極めることのできる自律人になりますように」という思いを込めました。	sound_row	https://baby-calendar.jp/knowledge/common/1524	bc
2020	F	さ行	咲良	さら	妊娠中期ごろに性別が男女の双子だということが分かり、男の子はパパ、女の子はママが名づけました。咲良は「（咲という字が旧漢字の笑なので）よく笑う子になりますように」と「人生が良く咲きますように」との思いで名づけました。生後7カ月になった今、咲良は声を出しよく笑う子に育ってくれました。咲良の笑顔が私たち家族を幸せにしてくれています。これからの人生が楽しみです。パパママそれぞれ別々に考えたのですが、偶然にも総画数は2人とも同じになりました。双子の男の子「樹」が大きな木となり、その木に「咲良」の笑顔が咲いて……。これからの2人の成長を楽しみに子育て頑張ります。	sound_row	https://baby-calendar.jp/knowledge/common/1524	bc
2020	F	さ行	咲羽	さわ	お花がいろいろな形や色の花を咲かせるように、いろいろなことに挑戦し自分だけの花を『咲』かせられるように、そして大きく『羽』ばたけるように	sound_row	https://baby-calendar.jp/knowledge/common/1524	bc
2020	F	さ行	咲羽	さわ	"お姉ちゃんの名前にも""羽""の漢字が入っており、仲良し姉妹になってほしいので同じ漢字を使いたかった。笑顔をたくさん咲かせて羽ばたき幸せを掴んで欲しいと漢字は決めました。4歳違いのお姉ちゃんも、一緒にたくさんの名前の候補を出してくれたので、将来""家族みんなであなたのことを考えて付けた名前だよ""と、教えてあげたいです。（羽姉妹ママさん）"	sound_row	https://baby-calendar.jp/knowledge/common/1524	bc
2020	F	さ行	栞杏	しあ	娘は早くお外に出たくて仕方なかった様で、切迫早産の危険があり10日間入院し、絶対安静になってしまいました。そして緊急事態宣言もあり、立ち会いはもちろん私以外は病院にはいることすらできない状況のなか出産しました。年齢的にも最初で最後3人で仲良く暮らしていこうと決めているため2人の名前の頭文字を取り、しあと読み方から決め、植物やお花が大好きなので、栞杏の漢字をつけました。どちらの漢字にも木が入っているのと、シンメトリーな文字がパパもママもじーじもばーばもお気に入りです。	sound_row	https://baby-calendar.jp/knowledge/common/1524	bc
2020	F	さ行	椎菜	しいな	誰からも愛されて活発で芯のある子に育って欲しいと願いを込めて名づけました。“しいちゃん”、“しーな”といろいろな人から名前を呼ばれてニコニコして愛着のある名前です。	sound_row	https://baby-calendar.jp/knowledge/common/1524	bc
2020	F	さ行	詩羽	しう	自分の心の動きや考えを大切に、またそれをしっかりと自分で、表現する力を身につけいろいろな事にチャレンジし自由に羽ばたいてほしいという願いを込めてます。	sound_row	https://baby-calendar.jp/knowledge/common/1524	bc
2020	F	さ行	汐莉	しおり	今から8年前の4月、桜が満開のころにこんな夢を見ました。私はベビーカーを押しながら、5歳くらいの女の子と一緒に歩いていました。ベビーカーを忘れてどこかへ行こうとする私に、その女の子は「ママ、赤ちゃん忘れているよ！」と言ってきました。私は急いで戻り、女の子に「やっぱりママ、しおりちゃんがいないとダメだわ」と言って抱きしめたのです。 当時は今の夫と付き合っており、結婚願望こそあったものの、子どもの事までは全然考えていませんでしたし、子どもがいる夢を見たのも、誰かの名前をはっきりと呼ぶ夢を見たのも初めてでした。不思議だなぁとは思いましたが、所詮は夢。特段気にすることもなく月日は経ち、3年後に結婚、さらに4年後の昨年の夏に妊娠が判明しました。 予定日が4月と聞いたとき、あの時の夢を思い出しました。「まさか……？」そして性別が女の子とわかったとき、「しおりちゃんだ！」そう確信しました。こんなことを話せば、バカバカしいと思う人もいるでしょうし、本当に単なる夢で何の意味もなかったかもしれません。ただ、夢の中のしおりちゃんがとても良い子であったのと、すごく幸せな気持ちになった記憶があるので、それにあやかる思いもありました。夢のおかげで、この子は無事に生まれてきてくれる、そんな安心感もありました。 漢字は、夕方の海のように穏やかで優しく、ジャスミンの花のように可愛らしい子でありますようにと願いを込め『汐莉』と付けました。そして今年の4月、予定日ぴったりに生まれてきてくれた汐莉ちゃん。今年は桜の開花が早かったけれど、散らずに残っていたのは汐莉ちゃんを待っていてくれたのかしら。なんて、都合よく考えています。	sound_row	https://baby-calendar.jp/knowledge/common/1524	bc
2020	F	さ行	汐里	しおり	子どもができる前から女の子ならしおりがいいとパパが。自分の家系にあまりいない名前だからだと（笑）。私は友達にしおりが何人かいてあんまりいい印象ではなかったけど、実際つけてみて周りが名前がかぶっている中、誰ともかぶらず、しーちゃん、しおちゃんってみんなに呼んでもらえるのでつけてよかったです。穏やかで、海のようにおおらかで優しい子に育ってほしいです。	sound_row	https://baby-calendar.jp/knowledge/common/1524	bc
2020	F	さ行	色	しき	私の名前（母親）は季実子です。季実子とは、どんな季節にも実りある子になってほしい。そんな思いでつけてもらいました。そこで私の名前と同じ意味を持たせたく四季とつけようと思ったのですが、名前に数字の四とかってあんまりよくないみたいとのこと。そこで考えたのが色は四季と一緒で様々な色があるので、日本の四季のように色らしくどんな季節にも自分の色をだせる子に育ってほしい。そんな意味で色とつけました。	sound_row	https://baby-calendar.jp/knowledge/common/1524	bc
2020	F	さ行	雫	しずく	夏の子なので夏に似合う名前を探して、しずくという名前は夫のしょうの「し」と、妻のみずきの「ず」を合わせた名前でもあるので、そう決めました。	sound_row	https://baby-calendar.jp/knowledge/common/1524	bc
2020	F	さ行	詩雫	しずく	ジブリの耳をすませばの主人公から取りました。名字と合わせても響きが良かったのと、ジブリのヒロインのように凛とした大人しくても芯のしっかりした優しい子に育ってほしくてつけました。	sound_row	https://baby-calendar.jp/knowledge/common/1524	bc
2020	F	さ行	紫月	しづく	旦那が総画にこだわって、いい総画の名前をいくつか候補にあげて、その中から選びました。名前の響きが夫婦共に気に入り、6月生まれだったので紫が季語にもなるし、いい名前だねと。英語圏でも伝わる名前と最終候補に残り、生まれてきた時に顔を見て決めようとなりました。生まれて顔を見た時、とっても可愛くて綺麗な顔で紫月という名前がぴったりだと感じ、この名前を付けました。	sound_row	https://baby-calendar.jp/knowledge/common/1524	bc
2020	F	さ行	珠莉	じゅり	莉湖、莉乃、瑠璃、珠璃、珠莉等で悩んでいました。4月下旬に親戚の子が生まれ、瑚乃ちゃんと名づけたので、莉湖、莉乃が候補から外れた。おなかの中に居る時に「たまちゃん」と呼んでいたので、珠が採用され瑠璃は外れた。出産後に珠璃と珠莉で悩み、私の姉妹や母親、義理の両親に相談したところ「珠璃は習字が大変」という意見があり、珠莉になりました。私たち両親も、璃を正確に書ける自信もなかったので……。 6月の誕生石である真珠の珠、夏に咲く花ジャスミン（茉莉花）の莉から漢字を取り、パパとママの小さな宝物が名前の由来です。役所に出生届を出しに主人が行ったのですが……、珠はジュと読まないのですね……。真珠の珠だから国語辞典も調べずに読めるものだと思ってました……。	sound_row	https://baby-calendar.jp/knowledge/common/1524	bc
2020	F	さ行	珠怜菜	じゅれいな	呼び名は6月の英語の「ジュン」からつけて、れいなの部分は生まれる前に皆んなからの候補のなかから響が綺麗だったので「レイナ」と顔見てつけました。漢字は珠怜菜。もともと珠はつけたかったので漢字の候補に。 全部の漢字の意味は、珠・わが家のたからもの、みんなに大切にされて、この子にとって輝かしい人生を送ってほしい。怜・相手の話が聞ける人、相手の気持ちがわかる人になってほしい。菜・植物のように生命力のある、健康的に育ってほしい。こういう意味でパパが決めてくれました。（パグちゃんさん）	sound_row	https://baby-calendar.jp/knowledge/common/1524	bc
2020	F	さ行	鈴	すず	高校生時代に出会った彼氏と10年交際していましたが、結婚には至らず、とうとう別れてしまいました。別れて2年が経った頃、私が大好きだった祖父が亡くなり、とても気落ちしていましたが、葬儀の手伝いなどで忙しく気持ちの整理ができずにいました。 祖父は元彼氏の事を気に入っており、親交もあったため、祖父が亡くなった事を伝えました。すると元彼氏は仕事が終わって夜遅く駆け付けてくれました。彼の顔を見た途端涙が溢れ出し、気持ちの整理ができ、祖父の死から向き合うことができました。そしてどんな時も、いつも傍に居てくれたのは、目の前にいる元彼氏だった事に気づきました。その時祖父が「いい加減大切にしなきゃいけない人に目を向けなさい」と言った気がしました。祖父が自身の死をもって、大切な人を気付かせ、私たちを結んでくれたのです。 そして、結婚した私たちの間に生まれた娘には、祖父の名前につく「金」をいただき、「鈴」と名づけました。金じじが鈴を抱く事はできませんでしたが、金じじが鈴を抱く夢を見たり、金じじの写真を見て笑ったりと、いつも鈴の近くで金じじが見守っているのを分かってるのかなと思います。	sound_row	https://baby-calendar.jp/knowledge/common/1524	bc
2020	F	さ行	珠々	すず	初めての妊娠は稽留流産で赤ちゃんには会えず、とても申し訳ない気持ちで日々過ごしていました。どこかショッピングモールに出かければ幸せいっぱいの家族が目立って見えて、その当時の私には胸が苦しくて辛かった時期がありました。その一年後、おなかに授かった赤ちゃんが珠々でした。 嬉しくて、嬉しくて、嬉しくて、早く会いたい！ 早く抱きしめたい！とずっと妊娠期間思い過ごしてきました。性別も女の子と分かり、名前を本格的に考えはじめました。 そして生まれてきてくれた日は、4年に一度の閏年の2020年2月29日。出産予定日の2日前でした。生まれてきた事にも奇跡でしたが、生まれた日まで珍しい日でとても感慨深い気持ちになりました。産声を聞き、顔を見て、いくつかの候補のうちの一つでこの子は珠々ちゃんにする！とパパと一致して決めました。 真珠の漢字につく「珠」。石言葉で「健康・富・長寿・清潔・素直」という意味があるらしく、真珠のように上品な輝きを持つような子になってほしいなと思いました。これからどんどん成長するわが子と一緒に親としても成長していけたら幸せです。珠々にいっぱいの愛情をあげていきたいです。珠々の笑顔が宇宙一大好きです。	sound_row	https://baby-calendar.jp/knowledge/common/1524	bc
2020	F	さ行	すずか	すずか	3歳離れた長女が「はるか」というので、姉妹なので「◯◯か」という名前をつけたくて、鈴のように綺麗な音色で存在感のある人になるようにという願いを込めました。名字との姓名判断でひらがなにしました。	sound_row	https://baby-calendar.jp/knowledge/common/1524	bc
2020	F	さ行	涼葉	すずは	涼しい風のように心地よく、青々と茂る葉のようにいきいきとした人になりますように。夏生まれなので涼しげな名前を付けたくてこの名前に決めました。	sound_row	https://baby-calendar.jp/knowledge/common/1524	bc
2020	F	さ行	凉葉	すずは	名前辞典やネットを参考に、候補を絞っていましたが、どれもしっくりくるものがありませんでした。暇さえあれば考えていたのですが、良いと思った名前も姓名判断が悪く、なかなか決まらないので、名前を考えるのが億劫になっていました。ある時、旦那とドライブに出かけた際に、ふと「すずは」という名前が頭に降りてきて旦那に伝えました。8月生まれで8月は「葉月」だから良いねとのこと。周りからも好評で気に入っている名前です！（すずママさん）	sound_row	https://baby-calendar.jp/knowledge/common/1524	bc
2020	F	さ行	聖奈	せいな	響きがいいのと、パパとママの意見が一致。	sound_row	https://baby-calendar.jp/knowledge/common/1524	bc
2020	F	さ行	星奈	せな	妊娠する前まで、赤ちゃんはすぐにやって来てくれるものだと思っていました。毎月期待してはガッカリ……を繰り返し、心が折れかけていた頃、夫が私を励ますために旅行を企画してくれました。いつもは子どもの話になると最後にはぶつかってしまう私たちですが、旅先で気分が変わったこともあり、その夜は素直にお互いの話を聞くことができました。なかなか授からないことへの焦りから気持ちに余裕がなくなり、夫婦で向かい合う時間も減っていたので、夫の気遣いが嬉しかったです。 その後、夫婦の関係は良くなっていきましたが、なかなか赤ちゃんを授かることはできませんでした。しかし、「もう二人で生きていくのもいいかもしれないね」と話していた頃、妊娠がわかったのです。「どこかで私たちのやり取りを見ていて、ここに来るタイミングを見計らっていたのかな」と泣き笑いで喜び合いました。そのような経緯もあり、星の数ほどいる人の中で私たち夫婦のところに来てくれたことに感謝の気持ちを込めて「星奈」と名づけました。 赤ちゃんは授かりもの、という言葉を身をもって実感したエピソードです。	sound_row	https://baby-calendar.jp/knowledge/common/1524	bc
2020	F	さ行	芹	せり	春の七草のひとつの「芹」。芹の花言葉が「清廉高潔」。心が清らかで私欲、利欲のために心を動かさない、人柄がりっぱという意味。自分のことより他人のことを優先するすばらしい人になってほしい。春に旬をむかえる植物であるところから、さわやかな印象を受けるイメージ、響きから名づけました。	sound_row	https://baby-calendar.jp/knowledge/common/1524	bc
2020	F	さ行	芹奈	せりな	私は再婚で前の結婚では10年間子宝に恵まれず、不妊治療をしていました。結局、一度も妊娠できないまま別の理由で離婚してしまいました。離婚、引っ越し、就職が重なりつらい時、友達だった主人が支えてくれてお付き合いすることになりました。ですが、主人は一人っ子で高齢のご両親を介護していた為、すぐに結婚をできる状況ではありませんでした。 そんなとき妊娠していることがわかり、結婚することに！！ バツ1で妊娠しにくい体質、年齢的にも妊娠はあきらめていたので空から可愛い天使が来てくれたことを家族全員で泣いて喜びました。名前は主人が出生届の提出期限ギリギリまで考えてつけてくれました。 誕生月の7月の花「芹」の花言葉、清廉で高潔から心が綺麗な女の子になりますように、という願いを。「奈」は紅リンゴ、カリンを意味するそうで花言葉は唯一の恋。素敵な人と出会って幸せになってほしい。また実りの多い人生を歩んでほしいという願いが込められています。 主人は12歳年上で同級生には孫がいる人もいる年齢。高齢出産なので子育ては体力的に大変なこともありますが、愛しい娘と過ごす毎日はとても楽しいです。クールな主人も今では娘にメロメロですっかりイクメンパパになりました。（せりママさん）	sound_row	https://baby-calendar.jp/knowledge/common/1524	bc
2020	F	さ行	蒼愛	そあら	パパが車が好きで、車からきた名前です。上の子も車に関する名前で、上の子も蒼愛も漢字はママが考えました！（美咲さん） 歴代の赤ちゃんの名づけエピソード大賞 2020年赤ちゃんの名づけエピソード大賞 ＞ 2019年赤ちゃんの名づけエピソード大賞 ＞ 2018年赤ちゃんの名づけエピソード大賞 ＞ 2017年赤ちゃんの名づけエピソード大賞 ＞ 2016年赤ちゃんの名づけエピソード大賞 ＞ 2015年赤ちゃんの名づけエピソード大賞 ＞ 歴代の赤ちゃんの名前ランキング 2020年赤ちゃんの名前ランキング ＞ 2019年赤ちゃんの名前ランキング ＞ 2018年赤ちゃんの名前ランキング ＞ 2017年赤ちゃんの名前ランキング ＞ 2016年赤ちゃんの名前ランキング ＞ 2015年赤ちゃんの名前ランキング ＞ 2014年赤ちゃんの名前ランキング ＞ 2013年赤ちゃんの名前ランキング ＞ 2012年赤ちゃんの名前ランキング ＞ 2011年赤ちゃんの名前ランキング ＞ 2010年赤ちゃんの名前ランキング ＞ あなたの“今”の悩みを専門家に無料で相談できます 自分だけでは解決できない不安やお悩みは、助産師や管理栄養士などの専門家に個別相談してみませんか？ 専門家に相談する その他についての悩み もっと見る 専門家に相談する 妊娠・育児アプリ ベビーカレンダー記事制作の取り組み ＼ この記事にいいね！しよう ／ 0 クリップ 現在ログインしていません。 ログイン しますか？ シェアする 名前ランキング検索 ベビーカレンダーが独自で調査・集計した2017年以降に生まれた赤ちゃんの名前データの中から、知りたい名前の順位、よみの順位、漢字の順位を見ることができます。 【名前で検索】【よみ方で検索】が名前の一部で検索できるようになりました！ 名前で検索 男の子 女の子 と一致する で始まる で終わる を含む 検索 よみ方で検索 男の子 女の子 と一致する で始まる で終わる を含む 検索 漢字で検索 男の子 女の子 検索 ご利用のルールとマナー ベビーカレンダーへのご意見をお聞かせください ご質問・お問い合わせはこちら 赤ちゃんの成長にあったママに必要な情報が毎日届く！ 妊娠から出産までのプレママ、子育て中のママ・パパにも、毎日の生活に役立つ情報をお届けします。 詳しくはこちら 記事制作への取り	sound_row	https://baby-calendar.jp/knowledge/common/1524	bc
2020	M	さ行	玖	さく	上の子と関連付く漢字、名前の響きにこだわっていきたいなと思い、旦那さんと悩みに悩んでいたが、旦那さんはキャパオーバーになり断念。私が候補を出すことに……。辞書などで由来などを調べ、わが子にそうなって欲しい願いを込めた名前を2つまで絞り、家族会議で多数決をする事に！まだ、4歳で意味も分かっていない中、上の子が絶対「玖、さく」がいい！と猛烈にアピール！旦那さんも私たちの親もそれがいいとなり、次男の名前は、「玖」に決定しました。	sound_row	https://baby-calendar.jp/knowledge/common/1514	bc
2020	M	さ行	咲	さく	結婚6年目でようやく授かった待望の赤ちゃん。初期の流産も経験し、つらい過去も乗り越えての妊娠。初めておなかの中で心拍が確認できた日に、出産予定日は2020年7月と告げられました。世界中が東京に注目するはずだったあの東京五輪開会式当日で、スポーツマンのパパも大喜びでした。 しかし、その後、まさかのオリンピックイヤーはコロナイヤーに変わり、暗いニュースが流れる日々。コロナ感染者が日に日に増え、先の見えない不安な妊婦生活を送る中、こんな時代に生を受けたからこその息子への願いはただ一つ。「どんなに小さなことにも感謝の気持ちを忘れず、たくさんの幸せを咲かせる人生を歩んでほしい」ということでした。 さらに、わが家の名字にちなんで「野の中に咲く」凛々しくも逞しい花を連想させるような名前にしようと「さく」くんに即決！ 長い人生、逆風が吹いて思い通りにならないこともたくさんあります。そんな時も、今のあなたのような最高な笑顔（添付の写真）を咲かせることを忘れないでね。パパとママはこの太陽のような笑顔からパワーをもらっています！ 咲くん、生まれてきてくれてありがとう。	sound_row	https://baby-calendar.jp/knowledge/common/1514	bc
2020	M	さ行	朔太朗	さくたろう	"人生で大切な人と人とのつながり。周りの人を大切にできる朗らかな子に育ってほしいと思い、「朗」の字を使いたいとまず考え、「じゃあ、○太朗にしよう」と夫婦で決めました。そこから○に入れる漢字をどうするか。意味、響き、画数、周りに同じ名前の子がいないか等々たくさん案を出し、悩むこと3カ月。ようやく夫のOKが出たのは「朔太朗」でした。 決め手のポイントは3つ！①私たちにとって、初めての子どもであり、「朔」には""はじめの""という意味があること。②画数が大吉だったこと。③周りの友達に同じ名前の子がいないこと。この3つで「朔太朗」に決めました。 その後、産院の看護師さんに名前について話していたところ、「いい名前だね。7月生まれだし、はっさく（八朔）もこの時期の夏の味覚だから、生まれた季節も感じられるし素敵！！」と言ってもらえました。はっさくの朔とは知らなかったので、素敵な意味がもう一つ増えました。"	sound_row	https://baby-calendar.jp/knowledge/common/1514	bc
2020	M	さ行	朔玖斗	さくと	今回2人目の出産だったのですが、妊娠8カ月の時に皮膚難病にかかってしまい、出産までの2カ月の間入院して治療しながら赤ちゃんの誕生を待ちました。自分が飲んでいる薬のせいで赤ちゃんに影響がないか不安になりながらも、37週の低出生体重児で元気に生まれてきてくれたわが子にどんな名前を付けようか期限ギリギリまで考え、「朔玖斗」と名づけました。 朔は月の始まりという意味で新しい門出、人生をスタートさせる思いを込め、玖は黒い美しい珠ということで男の子らしく輝いてほしい、斗は名字との総画や運勢を重視して最後に付けました。生まれてすぐNICUに入りながらも小さい体で必死に呼吸しているわが子に素晴らしい人生を歩んで欲しいという願いを込めて、付けたこの名前を胸に抱いて生きて欲しいことを将来本人にしっかり伝えたいと思っています。	sound_row	https://baby-calendar.jp/knowledge/common/1514	bc
2020	M	さ行	咲登	さくと	性別が男の子とわかった時、どんな名前がいいかになり姓名判断のサイトを使って色んな名前を考えていました。その中で、パパとママがこれだ！！と思う名前がサクトでした。咲という漢字に笑うという意味が含まれていること、優しい雰囲気の名前がよかったので、咲という漢字は決定！！ トをどの漢字にするかギリギリまで悩みましたが、パパもママもこれまでコツコツと努力を重ねてきた人生だったので、子どもにもコツコツとどんな困難も登っていってほしいと思い、登という漢字を選びました。 花が咲くように周囲を笑顔にし、どんな困難も乗り越えて登っていけるような子になってほしいって想いをこめて名づけました。	sound_row	https://baby-calendar.jp/knowledge/common/1514	bc
2020	M	さ行	咲斗	さくと	夫婦の意見が合わず、名前を付けたのは娘でした。旦那の一押しは「大和（やまと）」。でも私は、名字がぼーっとした音なのでサ行とかカ行とかの爽やかな響きを入れたくて、大和には反対、かと言って2人が納得するようなよい名前も思い付かず……。生まれてから決めよう、なんてのんきなことを言っていましたが、生まれてみてもやっぱり、旦那は「大和」、私は「サ行の顔してる……」と言って話し合いは平行線。そうこうするうちに、出生届の提出期限は迫ってくるし、いつまでも赤ちゃんと呼ぶのはかわいそうになってくるしで焦り出しました。 そんなとき、4歳の娘が「さくとくんじゃない？」と。早く名前を付けてあげたかった私は、音的にも爽やかでよかったので、一気にさくとくん押しに。旦那が「咲斗」と漢字を考え、私が「大和がいいなぁ」と決心のつかない旦那を押し切って、名前が決まりました。花が咲くの「咲」に、北斗七星の「斗」。咲く花のように明るく朗らかで、星空のように壮大で器の大きな人になってほしいなと願いをこめて。音から、強く爽やかなイメージもあります。 今のところ、よく笑う、お姉ちゃん大好きな子です。ちなみに、娘の名前は、「和奏（わか）」。見事に家族の和を奏でてくれました。	sound_row	https://baby-calendar.jp/knowledge/common/1514	bc
2020	M	さ行	朔也	さくなり	結婚して、2年目。そろそろ子どもが欲しいなと夫と話し始めた時、父の病気が判明。余命1年でした。つらいですが、少しでも早く父に子どもを見せてあげたいと思い、温活などをやってみるもなかなかできず、焦るばかり。そして、病気判明から1カ月後、進行が早く、父が亡くなってしまいました。とても悲しくて、妊活どころではなく、一旦お休みすることに。 ところが、父が亡くなってから2週間後、体調が悪く、なんとなく検査薬を試した所、陽性。本当に驚きました。しかも、男の子！ 私の家族は、この子は父の生まれ変わりなのではないかと思っています。そして名づけの時、父の名前の「也」をどうしてもつけたくて。また、私たち家族のはじまりの子という意味で、「朔也」と名づけました。もっと大きくなったら父の話をしてあげたいなと思います。	sound_row	https://baby-calendar.jp/knowledge/common/1514	bc
2020	M	さ行	朔矢	さくや	姓名判断の知り合いがいて、わが家の名字で男の子なら 10画と5画の組み合わせが一番良いと言われました。始まり一番と言う意味で「朔」、矢の様に真っ直ぐに突き進んで欲しいと思い「矢」をつけました。子年なので1番と言う意味もあります。日本神話に出てくる咲耶姫も絶世の美女と言われているから美男子になると嬉しいと思いました。もちろん他にも候補がありましたが、家族皆が納得する名前にしたかったので、家族みんなに意見を聞きました。	sound_row	https://baby-calendar.jp/knowledge/common/1514	bc
2020	M	さ行	桜弥	さくや	妊娠中は夫とよく散歩をしていて、赤ちゃんと散歩が出来る頃には桜が満開かもしれないねと話していました。しかし、出産は予定日を大幅に過ぎ、3月中旬に。妊娠中から、今年の春は暖かくなるのが早く、桜の開花が例年よりだいぶ早いという予想を聞いてましたが、出産直後に見たニュースで桜の開花宣言を知り、名前にも桜を入れることにしました。3月に咲く桜という意味で桜弥です。 6カ月になった桜弥を見ていると、小さな花の蕾を見つけたような暖かい気持ちになります。これから成長して、私たち以外の他の誰かにも、そんな気持ちになってもらえるような人になって欲しいと思います。	sound_row	https://baby-calendar.jp/knowledge/common/1514	bc
2020	M	さ行	咲樹	さつき	旦那とそれぞれ名前を考えました。私は娘が生まれた時に、旦那が私の漢字を使って名前を考えてくれたのが嬉しくて、男の子が生まれた時には決定の有無は別として絶対旦那の漢字を使いたいと思いました。娘の漢字も使いたいと思っていたので、咲（娘から）と樹（旦那から）を合わせて、読み方は単純に5月生まれなので、さつきにしました。 驚いたのは旦那も同じ漢字を考えていたことでした。読み方は「さき」でしたが、運命を感じて漢字はこれだねってことですぐに決まりました。読み方は話し合った結果で、さつきになりましま。	sound_row	https://baby-calendar.jp/knowledge/common/1514	bc
2020	M	さ行	颯月	さつき	名前を決める際に、自分の名前に「輝」の漢字を使って欲しかったと昔から思ってたせいか、子どもにはこの漢字を使用したく、それを元に名前を考えました。いくつかの候補を挙げ、さつきという響きが自分の中でしっくりきて、読みはさつきで考えたいと夫婦で話し合い漢字を出し合いました。バランスや合う漢字をたくさん調べて「颯」の漢字の柔らかさや意味が気に入り、最初は「颯輝」の予定でしたが名字と合わせたとき「輝」の画数の多さに重さを感じ、まさかの最初の条件を最後の最後で覆しました。 輝に代わる漢字はあるかなと夫婦で夜、散歩に行ってる時にふと月が目に入り、「月」がビビッと来たので携帯でフルネームを漢字で入力しバランスを見てこれだ！！となりました。最後に背中を押してもらうべくネットで漢字診断？みたいなものをしてさらに確定！！ってなりました。 最終的には、英姿颯爽に。月のように周りを照らすように困っていたら手を差し伸べてあげられる温かく優しい子に育ちますようにとの意味を込めて。「颯月」という名前に決めました。	sound_row	https://baby-calendar.jp/knowledge/common/1514	bc
2020	M	さ行	颯季	さつき	第4子で男女共に2人ずつのきょうだいです。女の子には“千”の字を使い、男の子には“颯”の字を使っています。ちゃんとした由来等はなく響きなどを重視し決めました。颯季は予定日が5月ということもありましたが、予定日を過ぎギリギリの31日に生まれました（笑）。	sound_row	https://baby-calendar.jp/knowledge/common/1514	bc
2020	M	さ行	茶人	さのひと	茶人（ちゃじん）」は「風流な人」という意味があります。これから季節の移り変わり、茶器のようにさまざまなことに興味を持って、豊かな人生を楽しく生きていってほしいという願いがこめられています。父親が考えました（私は母親）。 始めは、「蘭丸」とか「歩（あるく）」とか、え？っていう名前の候補をあげてきた父親。いろいろ聞いていたら、蘭丸もいいんじゃないかと混乱しました（笑）。茶人は、父親がかつて自分で書いた小説の主人公。だんだん素敵な名前だなと思って、それに決定。会議は一時間で終了。 産前、知人に出産祝い何がいい？と聞かれ、○○！お茶色で！とテーマカラーが自動的に決まりました（笑）。新聞に「日本茶茶茶」とあれば、とっておいてベッドの近くに貼りました。産後、産院で暇なときに読んで、と、父親は昔書いた小説を印刷して持ってきてくれました。私も楽しい時間を過ごせ、周りにもいい名前だねと言ってもらえています。（さのママさん）	sound_row	https://baby-calendar.jp/knowledge/common/1514	bc
2020	M	さ行	志桜	しおう	兄と姉もオリンピックイヤーに誕生し、開催国にちなんだ名前を付けたので、第三子、東京オリンピック開催の2020年生まれの息子にも絶対日本にまつわる名前、漢字をつけたいと思っていました。日本の春の象徴、桜という漢字を選びました。しかし、わが子が生まれた3月は、世界中が激動で、結果東京オリンピック延期が決まりましたが、どんな逆境でも志をもって生きて欲しいという想いもこめて志桜（しおう）と名づけました。	sound_row	https://baby-calendar.jp/knowledge/common/1514	bc
2020	M	さ行	志遠	しおん	ちょうど妊娠から10年前の頃、付き合って間もない夫と将来もし子どもが出来たらみたいな話をした。「女の子なら詩音（しおん）って名づけたい」と夫。妊娠がわかったとき、すぐにその話題になった。しばらくして性別が男の子だとわかった。お互い男の子でも女の子でも嬉しかったんだけど、男の子の名前は『詩音』ほど強く思い入れのある名前がなかったので、臨月まで胎児ネームの『にゃんぱす丸』で呼んでいた。私も夫も、生後一カ月の今でもたまにそう呼んでしまう。 『しおん』という名前に決めたのは出産二週間位前。イマイチ決め手に欠ける名前ばかりで、『しおん』なら男の子でも不自然じゃないなと夫が決めてくれた。一人っ子の予定ではあるが、万が一女の子に恵まれたらどうすると聞いてみれば「その時はその時」。私としては夫が10年以上温め続けた名前をもらえるのは、この上なく嬉しいことだった。産後に「実は20年温めていた」と聞いたときは驚いたが。 『志』の字はすんなり決まった。『紫』も候補ではあったが、書きやすさを重視した。私も夫も、あまり難しい字は一生書き続けることを思うと出来るだけ避けたかった。『おん』は産後まで決まらなかった。私が推した『穏』、夫が推した『恩』『遠』が拮抗していた。最終的に字面がきれいな『遠』に決めた。遠くまで見通せるように、広い視野を持って欲しいという願いを込めて。私も夫も生まれるずっと前からいつか会えるかと思いを馳せてきた『しおん』。きっと素敵な男の子になってくれると確信している。	sound_row	https://baby-calendar.jp/knowledge/common/1514	bc
2020	M	さ行	嵩士	しゅうじ	結婚して5年目にして、わが子が生まれました。最初は結婚したのが遅かったから子どものことは考えてなかったけど、3年目くらいにもう30代になったからそろそろ……と。しかし、なかなかタイミングが合わず、今年出来なかったら病院へと考えていた頃に、子宝の神社で有名な場所を友人に教えてもらいお願いに。しかも旦那さんが部署異動なり、余計にすれ違い&寂しい時間が増えるから子ども出来たら良いなぁと望んだ、その2カ月後に妊娠が判明 ！嬉しい&びっくりして自分も妊娠できる体だったと本当に喜びました。 妊娠してからは生もの、アルコールも避け、大好きなコーヒーも飲まずに10カ月を過ごしました。元々太りぎみだったため体重には気をつけましたが、妊娠糖尿病になりインスリン注射の生活で残りの2カ月を過ごしました。仕事も8カ月まで続けて出産に備えたけど40週目になっても陣痛がこず、帝王切開にて無事に出産！ 初入院、初出産、初手術で恐怖もある中の出産、生まれたわが子は旦那さん似で、最初は自分が産んだ感覚がありませんでした。約3,000gのわが子は半年が過ぎ、すくすくと成長してます。とても可愛い。 名前は性別が分かったころに男の子の名前で悩み、私自身が夫婦お互いの名前を入れたい、左右対称の漢字をつけるのは絶対条件でした。それから相談した結果、旦那さんから一文字、私から一文字で決定！ 漢字は山より高く、武士のように真っ直ぐな志しをもって自分の人生を歩んでもらいたいから「嵩士」と名づけました。自分の時代にやってたドラマのせいか（しゅうじ）というと次の子は（あきら）だねと言われます	sound_row	https://baby-calendar.jp/knowledge/common/1514	bc
2020	M	さ行	柊太	しゅうた	柊という字には用心深さ、魔除けという意味があります。私、実は妊娠していることに気づくのが遅くなってしまい、とても危険な出産となってしまい、たくさんの方に迷惑をかけてしまいました。 名前を決める余裕もなく、母（息子の祖母）にお願いしたところ、人に騙されない、用心深い子に。しっかり考え、判断力のある子に育ってほしい。災を跳ね除けてほしい。このような思いを込めて、柊という漢字をつけようと提案してもらいました。太という字は、叔父の名前が涼太、健太といい、ひとり親となった私ですが、家族みんなで息子を育てたいといってくれたので、息子にも太という字をつけようと思い柊太という名前になりました。	sound_row	https://baby-calendar.jp/knowledge/common/1514	bc
2020	M	さ行	秀人	しゅうと	女の子と言われていて、女の子の名前を決めていたのに生まれたら男の子でびっくり（笑）。病室に戻ってから旦那とお名前どうしようか？ 男の子の名前決めてなかったね（笑）と。また一から考え、旦那はスポーツ大好き。それに対して私はスポーツよりも興味を持ったことに対して勉強するほうが好き。親のいいところだけを受け継いでほしい。優れた才能に恵まれるように、いろいろな感性に優れた子になるように、と付けた名前です。	sound_row	https://baby-calendar.jp/knowledge/common/1514	bc
2020	M	さ行	萩翔	しゅうと	夫婦で話し合いました。4人目ということもあり大変悩みましたが、柔軟で広い心を持つ子になってほしいと思い、萩の花言葉でもある柔軟な精神、柔らかな心という意味の萩を選び、お兄ちゃんにも使っている翔、高く羽ばたいてほしいと意味を込めて翔を採用しました。とにかく常に上昇志向を持ち、みんなに優しい人になってほしくて萩翔と名づけました。	sound_row	https://baby-calendar.jp/knowledge/common/1514	bc
2020	M	さ行	修斗	しゅうと	一番最初に名前をどうするか話した時に、バスケが好きな旦那はバスケをやって欲しいからシュートのしゅうとにしようと言われ、そんな理由はダサいからいやだ！と言っていました。37wで破水し出産になりましたが、コロナ禍で1人で病院に入院し退院までずっと息子と2人でしたが、見れば見るほどしゅうとの響きが合うお顔。理由はちがいますが、結局しゅうとになりました。私が昔から使いたかった斗の字。このコロナ禍の中、私たちの希望の星が生まれてきてくれたこと、またキラキラとした素敵な人生を歩んでほしいと言う気持ちも込めました☆	sound_row	https://baby-calendar.jp/knowledge/common/1514	bc
2020	M	さ行	周真	しゅうま	私の希望で付けたい名前があり、仮候補として妊娠中はその名前で呼んでいましたが、何となくしっくりこない感じがありました。他にも名前の候補を考えておき、生まれたら神社で姓名判断して頂いて決定しようということになりました。 出産予定日まであと少し。4連休だったこともあり、家族に付き合ってもらい買い物や食事を楽しみ、入院の用意を見直して、「これでいつ生まれてきても大丈夫！」と考えていたら、急に頭の中に「しゅうま」と名前が浮かんできました。その後も度々「しゅうま」と頭の中で響きました。全く候補に無い名前だったので、不思議に思いながら寝たのですが、次の日起きたら破水！ そこから1日進まず、次の日に陣痛促進剤を使用して約2時間で生まれてきました。 候補の名前に「しゅうま」を付け足し神社でみて頂いたところ、仮候補の名前はよくありませんでした。「しゅうま」の方は、漢字は周真が良いと、また「段取り上手で物事の先を読み落とし所が分かる」とコメントが。思い返してみると、私の出産準備ができるのを待ち、陣痛が始まる前に1日休ませてくれ、また退院予定日が土曜になるという、素晴らしいタイミング。ほんとコメント通り！ 僕の名前は周真だよ！って教えてくれたのだと思っています。	sound_row	https://baby-calendar.jp/knowledge/common/1514	bc
2020	M	さ行	純	じゅん	私自身、今でも生きていくのが大変な世の中だと思っています。そして、これからを生きる子どもたちは人との関わり方も変わってくるでしょう。そんな世の中に子どもを産むという責任の重大さを感じています。 純はその素材のままで純真無垢という言葉もあります。響きもきれいでいい言葉と思うのですが、純は逆に弱さもある言葉です。純粋であるから傷つく事も多いでしょう。その中でも自分の中の本質を見失わず、変化する世の中で先を照らす明かりであってほしいのです。弱さを知るものが本当の強さです。自分の弱さを知っているからこそ、純真無垢な笑顔ができると思います。そんな顔を見たら悩んでいることがバカらしいと思えて心のつかえがとれる人もいるでしょう。あなたをみて疲れた心が癒やされる人がおりますように。（東さん）	sound_row	https://baby-calendar.jp/knowledge/common/1514	bc
2020	M	さ行	潤	じゅん	3番目、次男君です♪ 夫がギターを弾いているのもあるのですが、もし将来ギタリストになったら！！と言う事を考えて、海外でも覚えやすい呼びやすい名前に♪ ということで、6月生まれというのもあり「じゅん」と名づけました♡ 上の子二人も海外の方でも呼びやすい名前になってます。親バカですね	sound_row	https://baby-calendar.jp/knowledge/common/1514	bc
2020	M	さ行	旬	じゅん	3年前に婚約し、結婚したら子どもがほしいねと旦那と話していました。ところが、婚約直後に旦那の病気が判明。半年後に入院、その後様々な経緯で不妊治療……といろいろあり、結婚から2年後にやっと妊娠判明！予定日は私の誕生日の次の日でした。もう、これは神様が授けてくれた子なのだと信じて疑いませんでした。 旦那と相談し、私の誕生月と予定月、さらには結婚式をした月でもある6月にあやかり、男の子でも女の子でも から考えられる名前にしようとなりました。無事出産を迎えましたが、6月を待っていたかのように、6月1日の深夜2時から陣痛開始。元気な男の子が生まれました。 みんながすぐに覚えてくれるように、呼びやすいように、海外でも通用するように、「旬 じゅん」と名づけました。由来のそもそもの始まりがJuneと単純なのですが、結婚を機に人生いつ何が起きるか分からないし、旦那の病気判明のタイミングが少しでもズレれば結婚に至ることも困難だったかもしれないと思ったので、息子にはチャンスを逃さずに、常に旬を迎えたような健康で生き生きとした人生を送ってほしいという願いを込めました。家ではじゅんじゅんとあだ名をつけて呼んでいます。	sound_row	https://baby-calendar.jp/knowledge/common/1514	bc
2020	M	さ行	隼生	しゅんき	その時代、一瞬一瞬に順応していける人になってほしい！！という想いをつけて名づけました。今の時代は変化が多いので、その変化にいかに対応していくかがすごく大切だとパパが言っています♪（kogumaosaruママさん）	sound_row	https://baby-calendar.jp/knowledge/common/1514	bc
2020	M	さ行	駿太	しゅんた	上のお兄ちゃんが涼太で、同じ『太』を使いたかったのと、駿太は何事にも行動力があって優れた子になりますように。それとお兄ちゃんと同じく、たくましく育ちますようにと意味を込めてつけました。	sound_row	https://baby-calendar.jp/knowledge/common/1514	bc
2020	M	さ行	条	じょう	大きく育ってくれるように！	sound_row	https://baby-calendar.jp/knowledge/common/1514	bc
2020	M	さ行	昌汰	しょうた	お兄ちゃんの名前が太希（たいき）と言うので、同じ〇希で終わる名前にしようか悩んでいました。3つ程に候補を絞った時に、太希に「〇希としょーた、どっちがいい？」と聞くと、「しょーた」と答えてくれました。試しに次の日は順番を変えて「しょーたと△△、どっちがいい？」と聞くと、やはり「しょーた」と答えてくれました。 呼びやすい名前が一番だと思い、響きは「しょうた」に決まりました。漢字についてはお兄ちゃんの太希の「太」が太陽のように大きいという意味なので、弟は太陽のように明るい「昌」の字と、少し令和っぽく？さんずいを付けた「汰」の字を選びました。	sound_row	https://baby-calendar.jp/knowledge/common/1514	bc
2020	M	さ行	翔大	しょうた	まず、漢字を英語でも説明しやすいような、意味のある漢字を使いたいと思いました。そして見た時にポジティブなイメージがすぐ湧くような漢字を使いたかったのです。私の名前が晴香で、外国の方にも説明できましたし、名前を明るくて良い名前など褒められる機会が多かったからです。思い描く未来に羽ばたいて欲しいと思い翔という字は、使いたいと決めていました。太よりも大きく羽ばたいて欲しいので大を使いました。また、漢字でフルネームを書いた時の字のバランス、どっしりとした座り感を意識してつけました。	sound_row	https://baby-calendar.jp/knowledge/common/1514	bc
2020	M	さ行	祥太朗	しょうたろう	私たちの結婚は8年前。子どもはそのうち授かるだろうと悠長に構えていましたが、結婚から3年経っても妊娠することはなく、夫婦で検査をすることに。検査の結果、医師からは体外受精・顕微授精でないと妊娠は難しい、と言われました。が、なんと検査を受けた次の周期に自然妊娠したのです！夫と二人で驚き、喜んでいたのですが、初めての妊娠は心拍が確認出来ず流産となりました。 その後、タイミング、人工授精とチャレンジしましたが妊娠には至らず、最後に一回だけと決めた体外受精で授かることが出来ました！思えば、流産してから息子を授かるまでは、周りの妊娠・出産報告に心がザワザワ、そんな自分に嫌気が差して落ち込み、自己嫌悪ばかりの灰色の5年間でした。 息子を授かり、最初は妊娠継続できるのか不安でしたが、健診で順調に育っていく様子を見て、どんどん周りの景色が色付いていくような感覚でした。出産前には名前の響きは「しょうたろう」と決めていましたが、漢字は決めきれず、出産後に夫と考えて「祥太朗」に決まりました。「祥」にはおめでたいこと、喪明けという意味があり、幸せに溢れる人生になりますように、そして、私の人生で一番嬉しいできごと、灰色だった日々に色を取り戻してくれたこと、として私が決めました。「朗」は明るく、朗らかに育ってほしい、また出産日が日食の日だったこともあって「月」が入る漢字が良いね、と夫が決めました。祥太朗が私たちのもとに来てくれて本当に幸せです。	sound_row	https://baby-calendar.jp/knowledge/common/1514	bc
2020	M	さ行	翔万	しょうま	両親共に海外で仕事することが多かったため、将来息子も国際的に活躍する事になったら、外国の方からも呼びやすい名前が良いと考え、読みを「しょう（Show）」から始める事に。なかでも、人々を楽しませるテンターテイナーの意味を持つShowmanになぞらえ、「しょうま」をチョイス。世界中をかけまわって欲しいという思いを込めて「しょう」には「翔」の字を、よろずの、多くのことにチャレンジして欲しいという思いを込めて「ま」には「万」の字をあてました。画数にもこだわり、地格、人格、外格、総格、全て大吉の名前です！	sound_row	https://baby-calendar.jp/knowledge/common/1514	bc
2020	M	さ行	咲弥	しょうや	生まれた日が桜の開花日だったので「咲」をいれて、3月生まれなので異称の「弥生」から「弥」をとってつけました。漢字を調べると「咲」は「笑」の古字とのことで、一般的な「咲く」という意味のほかに「笑う」という意味もあると知って、「弥」には「いよいよ、ますます、さらに」といった意味があるので、将来の飛躍と、陽気な長男もいるので、兄弟仲良く、さらに笑いの絶えない家族になれるようにとも願って名づけました。 読み方には、あまりこだわりがなく、名字にあわせて、呼びやすい方を選びました。でも、「咲」という字がとても気に入って、漢字自体の意味が世の中に広まればいいなとも思い、あえて、あまり知られてない読みの「しょう」を選びました。 また、女の子みたいな印象の名前だと思いますが、上の長男が元気すぎる落ち着きのない子どもなので……名前だけでも柔らかな、優しい印象のものを心がけました	sound_row	https://baby-calendar.jp/knowledge/common/1514	bc
2020	M	さ行	心	しん	うちは主人が一文字ということと、名字が難しい字なので書きやすいように、全体が四文字五文字だとごちゃごちゃに見えるということで、男の子は名前一文字です。なにより四人子どもがいるんですが、ひらがなにすると一字もかぶらないので、それぞれ独立してほしい願いと様々な視点の考え方で合わせて兄弟仲良くしてほしい願いがありました。 名づけ条件は、①女の子なら二文字、男の子なら一文字、②ひらがなかぶりはNGとしました。今回は3人目の男の子で、とても悩みました。一文字も候補が絞られてしっくりくるものがないし、ひらがなはかぶるし、出産予定日の1カ月前まで悩みました。 よく、もしかして流行っていたあのTBS系日曜ドラマの主人公だからなの？と聞かれるのですが、実は違います。相手の気持ちを考えられるような思いやりのある心をもってほしい、芯の強い子に育ってほしいという願いから主人がつけました。妊娠中は名づけでよく喧嘩して……、四人とも結局主人がつけたんですけどね（笑）。	sound_row	https://baby-calendar.jp/knowledge/common/1514	bc
2020	M	さ行	迅	じん	わが子は出産予定日の3カ月前、破水に伴う緊急帝王切開により、わずか790gで誕生しました。超未熟児であるため、様々な不安を抱えていることに加え、新型コロナウイルスの流行により、里帰り出産も遠方に住む義母を呼ぶことさえも困難な状況でした。 そんな中で、妻と考えた「迅（じん）」という名前は、当時再放送していたドラマ「JIN」からとりました。自身への感染リスクを押して伝染病の治療に奮闘するドラマの主人公の勇姿は、新型コロナウイルス感染の恐怖にも関わらず、懸命にわが子の治療に励む医師や看護師の姿と重なり心が動かされました。感染予防の為、私生活も厳しく自粛し、昼夜問わずに治療に専念し、不安な私たちの相談に親身に耳を傾けてくれた多くの医療スタッフには、感謝してもしきれません。わが子には、その感謝の気持ちを忘れずに、将来人の役に立つ人間に成長して欲しいという想いを込めて名前をつけました。 また、「迅」という漢字は、ハヤブサの飛ぶ姿を現しています。ハヤブサは小柄ながら強靭な心臓と肺機能を持ち、地球上最速の飛翔能力を持つ鳥です。動物的な力強さを持つハヤブサのように、「早く」「逞しく」成長してほしいという願いも名前に込めました。	sound_row	https://baby-calendar.jp/knowledge/common/1514	bc
2020	M	さ行	心晴	しんば	心が晴れると書いて「心晴」。今年は長い梅雨で、梅雨明け2日目の晴れた朝に生まれてきてくれたから☆ 心が晴れる様な素敵な毎日を過ごしていけますように、と願いを込めた名前です。（まりさん）	sound_row	https://baby-calendar.jp/knowledge/common/1514	bc
2020	M	さ行	世唯	せい	妊娠がわかったものの、安定期に入るまでは息子2人には内緒にしていました。次男の保育園のお迎えに行った時、息子の友達が「おなかの赤ちゃんいつ生まれるの？」と……。主人以外知らないはずなのに！？ 息子にも保育園の先生にもバレちゃいました（苦笑）。 そこで「妹がいいな」と楽しみにしていた息子2人は「ももちゃん」と名前をつけて、毎日話しかけていました。しかし、赤ちゃんが男の子と判明。「ももちゃんは男の子だよ」と伝えると、長男が「だって三太郎の『ももちゃん』だよ」と……（驚）。 女の子だと思ってたのに（泣）。 息子2人とも「○○せい」とつくので、同じように「せい」がつくと思い、名前を「せいちゃん」にして家族みんなで誕生を楽しみにしていました。しかし、漢字や画数や読み方でみんなが納得のいく「○○せい」がなかなか決まらず困っていました。すると「世唯」の名前がバッチリな事が判明。何と兄2人と画数も同じ。これしかない！と決めました。自分も家族やこれから出会う人たちは「世界」で「唯一」の存在であり、自分も周囲の人達もこれから経験する物事も大切にして人生の糧にして成長して欲しい、と願い、名づけました。自分をしっかり持って、周囲を支え周囲からも支えられて、元気に成長して欲しいと思います。	sound_row	https://baby-calendar.jp/knowledge/common/1514	bc
2020	M	さ行	誠志郎	せいしろう	生まれる前は胎動がとても激しく、妊娠中のエコー検査の際にも、いつも元気に動いていました。出産予定日3週間前くらいになり、思いもよらない逆子の診断。翌週戻ったと言われたものの、また翌週には逆子と言われ、帝王切開になりました。ところが、手術室入る前にも検査して逆子だったのに、おなか開けたら逆子が戻っていました。助産師さんも先生もびっくりのサプライズで生まれてきた赤ちゃんですが、生まれた直後から手足を力強くバタバタさせており、これだけ元気なら、おなかの中でぐるぐる動くはずだ……と納得。 名前は、元気な男の子にちなんで、男の子らしい名前にしよう……ということで、妻と意見が一致しました。私は、男の子なら「誠」の文字を入れたいと思っていました。他人にも自分にも正直な人になってほしいと考えたからです。姓名判断を調べたら、姓との相性がピッタリでした。子どもの名前は、呼びたい名前にした方がよい……というコラムを見て、よみがなを「せ」にするか「ま」にするか悩みましたが、「せ」のほうが優しい響きがあるのと、別のコラムで「さ行」の名前は、爽やかでスマートにふるまえる子に育つという記載があり、イメージにピッタリだったので、「せい」の読みにしました。 「志」は、妻が男の子らしい字を入れたいという希望があり、一本筋が通った人になってほしいという思いを込めました。最後に、生まれてきた子を見ていると、やはり可愛いくてたまらないので、かわいい男の子のイメージがある「郎」の字を入れました。生まれる前から、好きな漢字の候補を元に、先入観なしでいろんな名前の候補を考えていましたが、いざ決めるとなると、なかなか迷ってしまい、たいへんでした。でも、出生届を出すギリギリまで、妻と一緒にいろいろ相談しながら悩む時間は、かけがえのない時間でした。	sound_row	https://baby-calendar.jp/knowledge/common/1514	bc
2020	M	さ行	晴大	せいだい	パパママは筋金入りの雨夫婦。デートはいつも雨。結婚指輪を買いに行った日は台風。新婚旅行の北海道ですら数年に一度の爆弾低気圧のため大雨。そんな2人の下にやってきてくれるのだから、子どもの名前には「晴」の文字を入れようと決めました。 そして、生まれた第二子の男の子。この「大」きく「晴」れ渡った夏空の下、キラキラ輝く元気な子に育ちますように。名前負けせず「晴れ男」になってほしいと願いを込めました。お姉ちゃんと2人「晴ハレコンビ」で仲良く大きくなってほしいです。	sound_row	https://baby-calendar.jp/knowledge/common/1514	bc
2020	M	さ行	誠真	せいま	主人の祖父が息子が生まれる3年前に亡くなりました。主人は祖父がとても大好きで、男の子が生まれたら絶対に祖父の名前の漢字を使いたいと強く思っていたそうです！！ 祖父の名前は、誠一なので誠を使いました。誠真の真は、真っ直ぐ強く優しい男の子になって欲しい為この名前に即決しました！！また、被らない名前なのでそこもとても気に入ってます！！ 息子の傍には常に主人の祖父が居てくれると思っています！！ これからも見守っててね！	sound_row	https://baby-calendar.jp/knowledge/common/1514	bc
2020	M	さ行	星那	せな	漢字の通り、星のように明るく元気で輝ける人生を送っていってほしいという意味で名づけました。私自身母子家庭だったり、今の主人と出会うまでひどい男に引っかかったり、あまりいい人生を歩めなかったので、せめて星那にはそういう人生を歩んでほしくないのと、私たち家族を幸せな未来に導いてくれる存在であってほしいとも思っています。	sound_row	https://baby-calendar.jp/knowledge/common/1514	bc
2020	M	さ行	青空	せら	名づけ本を見て“せら”っていいなと思って、でもそこに載ってる漢字が私たちの中であまり好きではなくてなかなか漢字がきまらない中、ふと“青空”でも“せら”って読めるんじゃ？と思い、画数とかもあるので調べたらほとんど大吉！！ もうこれだ！！ってなりました！！ 青空以外にも候補はあって、おなかの中にいる時にその候補とかも呼んだりしてみたのですが、青空が1番おなかをポコポコ何度も蹴ってくれたので、その子自身が自分で決めたのもあります。	sound_row	https://baby-calendar.jp/knowledge/common/1514	bc
2020	M	さ行	閃	せん	閃きのある子に育って欲しい。閃きには門の間にすっと入るという意味もあり、人にさり気なく寄り添うことのできる、あたたかい子に育ってほしいという想いを込めました。	sound_row	https://baby-calendar.jp/knowledge/common/1514	bc
2020	M	さ行	善	ぜん	当初、2文字の名前がいいねと、思いついた名前を旦那さんと2人で出し合い！ 何がいいか迷っている時に、昔のドラマを観ていたのが「人にやさしく」。そこから【ぜん】にしよう！となりました。そこから、善し悪しの分かる人になってほしいね、ということで【善】と名づけました。（さァさん）	sound_row	https://baby-calendar.jp/knowledge/common/1514	bc
2020	M	さ行	想	そう	結婚する前からMarvel作品を見ていたのですが、その中でもソーというキャラクターが男らしく、強く、思いやりのある心優しいキャラクターなので、2人の思い出でもあるソーと言う名前から、想という名前に決めました。	sound_row	https://baby-calendar.jp/knowledge/common/1514	bc
2020	M	さ行	蒼生	そう	【健康にすくすく育っていってほしい】 里帰り出産で、東京から関西にむかった2月上旬。このときは、まだ新型コロナウイルスがここまで広まるとは思っていませんでした。息子が生まれるまでの約2カ月、お互いに名前を考えて、夫が関西に来てくれた時に名前を決めようと話していました。 ただ、段々とコロナ感染も広がり、夫が関西に来ることも難しくなり、このまま出産をむかえるのかと不安でした。いくつか候補の名前を決めて、生まれた後に顔を見て、その子にぴったりの名前をつけようという話になったので、「あおい」とも「そう」とも呼べる「蒼生」という漢字を第一候補として決めました。 生まれてからの数日間、いろいろな名前で息子を呼んで、1番しっくりくる「蒼生 そう」という名前にしました。この漢字を選んだ理由は、おなかにいるときに健康に育ってほしいと「すくすく」と呼んでいたので、そのような意味がある「蒼」を使いたかったこと。そして、新型コロナウイルスなどの病気や、人生における様々な困難にへこたれず生きていってほしいと「生」を使いました。名前は、その子が人生で最もあびる言葉だと思います。言霊の力を信じ、どんなことにも負けず、すくすくと生きていってほしいと思っています。	sound_row	https://baby-calendar.jp/knowledge/common/1514	bc
2020	M	さ行	壮志	そうし	始めは「そうくん」と呼ぶのかわいいなぁ、と候補の一つでした。9カ月のときに、赤ちゃんが生まれてそうくんと呼んでいる夢を見ました！ それを旦那さんに話して、名字との相性も良く、志高く壮大な子になって欲しいと「壮志」とつけました♡	sound_row	https://baby-calendar.jp/knowledge/common/1514	bc
2020	M	さ行	湊詞	そうし	プロポーズされるより前から、もしも子どもができたらできたで嬉しいねと話していました。それからしばらくして、プロポーズ、結婚式、新婚旅行………となりました。今思えば、子どもを考え始めてから結構時間が経っていたと思います。 結婚式、新婚旅行が終わりちょうど1カ月ほどたったころ、息子がおなかに来てくれました。結婚式、新婚旅行のときだ！！！『沖縄の空で捕まえてきたハッピーボーイだね（笑）！！』ということで、ハッピーボーイ、ハッピーボーイと呼んでいました。 いろいろな名前を迷いましたが、私は人見知りするのに対して主人は友達も多く、誰にでも好かれるため、本人には内緒ですが、憧れです。この子の周りにも人がたくさん集まって、誰にでも好かれる子になってほしい。そして、人が傷つくことはしない、誰にでも優しいことばや嬉しいことばを言ってあげられる優しい子になってほしいという願いを込めました。	sound_row	https://baby-calendar.jp/knowledge/common/1514	bc
2020	M	さ行	創士	そうし	いろいろなことを創造し、切り開いて行けるような人になってほしいと名づけました。狙ってはいないですが、知人には響きから「沖田総司」のように美男子になるね！と言われます	sound_row	https://baby-calendar.jp/knowledge/common/1514	bc
2020	M	さ行	蒼二	そうじ	旦那の名前に一が入っているので二を入れたのと、子どもが2人目なので蒼は、季語を入れたくて！！	sound_row	https://baby-calendar.jp/knowledge/common/1514	bc
2020	M	さ行	宗奨	そうすけ	宗は、両家を大事にしてくれる子であるように。両家をまとめる。奨は、人との調和を保ちながらリーダーとして進んでいける子になるように。夫婦でとても悩みに悩んで、考えた名前は、家族からも周りの方からも素敵だと言ってもらえて、本当に嬉しいです♡ 息子の成長が日々嬉しいです♡	sound_row	https://baby-calendar.jp/knowledge/common/1514	bc
2020	M	さ行	蒼介	そうすけ	ママもパパも漢字は苦手なので、とりあえず愛の詰まった名前にしたい！と思っていました。「介」の字をパパからもらうことは決めていたのですが、何を合わせるのかなかなか意見が合わず、どうしようかなあと悩んだまま陣痛が来てしまいました。すると、陣痛の最中にパパが「蒼介ってどうかな？」と。ママも「実は私も蒼介っていいなと思ってた！」。陣痛中に初めて意見が一致して「蒼介」という名前にすることに決めました。 実はママの名前は「あおい」で蒼介の蒼もあおいと読めるのです。ママとパパの名前をそれぞれ1文字ずつもらった「蒼介」という名前は、愛情がたっぷり詰まった自慢の名前です！	sound_row	https://baby-calendar.jp/knowledge/common/1514	bc
2020	M	さ行	蒼介	そうすけ	上の子が突然赤ちゃんを、そうちゃんと呼びたいと言い出したので、そういう名前もいいと思いそれをヒントにしました。私が好きな俳優（池松壮亮さん）がちょうどソウと付くので、そうすけに決めました。漢字は壮亮や壮佑を考えていましたが、上手に私が書ける字を選びました。	sound_row	https://baby-calendar.jp/knowledge/common/1514	bc
2020	M	さ行	湊介	そうすけ	夏生まれのわが子。なんとなーく爽やかな名前を付けたかったのと、主人から1文字取って名づけました。また、私自身が1発で変換できない漢字の組み合わせで面倒だったのと、画数が多くて苦労したこともあり、難しすぎない字を選びました。	sound_row	https://baby-calendar.jp/knowledge/common/1514	bc
2020	M	さ行	奏拓	そうた	予定日前日に陣痛が始まり、予定日の1時40分に生まれました。私が出産した病院は、以前働いていたバイト先のお客様がそこの産婦人科で働いてました。奏ちゃんはお世話になっている助産師さんに抱っこされ、この世に生まれてくれました。そうたとかなたと呼び名は悩みましたが、爽やかに優しい子に育ってほしいとそうたにしました。 今、生後5カ月ですでにやんちゃな男の子ですが、予定日ちょうどに生まれてくれたこの子を奇跡だなと今でも思い出します。ママが同じ月の3日後だったので、その日に生まれてほしかったみたいです（笑）。病気ひとつも無く元気に過ごしてます！ 奏ちゃん、うちのとこに来てくれてありがとう！ これからもよろしくね！	sound_row	https://baby-calendar.jp/knowledge/common/1514	bc
2020	M	さ行	湊大	そうた	妊娠中名づけの話が主人と全く進まず、なんと候補すら上がらないまま出産に至ってしまいました！ 退院してから出生届を出すまで残り10日。「そろそろ考え始めなきゃまずいね（遅すぎ）」とようやく名前決め。それでもなかなか思い浮かばず、今乗りに乗ってる藤井聡太さんにあやかろうという事で【そうた】にすることに！ 画数占いを参考にして、漢字は湊大になりました☆	sound_row	https://baby-calendar.jp/knowledge/common/1514	bc
2020	M	さ行	蒼大	そうた	今回は、4人目の妊娠・出産でした。女の子、男の子、女の子だったので、次はどっちかなぁ？とわくわくしながら性別を先生に見てもらうも、いつも背を向けられてしまったりして中々分からず、20週ごろに「男の子かな」と健診で言われてから、名づけ本を見たり、ネットで名字との相性判断をしていました。長男が「悟」という字を使っていたので、同じ字を使いたいと思っていたのですが、中々「これ！」というものがなく、あっても仲の良い友人の子どもと一緒になってしまったりして断念しました。 2日前から前駆陣痛で入院。「経産婦だから波がくればすぐ生まれちゃうよ」なんて言われながら気配もなく、3日目に促進剤を使用して出産しました。とても元気な産声をあげて、髪の毛もふっさふさ（笑）。身長が1人目50㎝、2人目49㎝、3人目48㎝。さすがに4人目47㎝なんてことないよね。なんて思って計測するのを見ていたらまさかの47㎝！！ 身長を聞いて笑ってしまいました。そして、パパと協議の結果、「蒼」という字から「草原のように大きくなってほしい」という思いを込めて「蒼大」と名づけました。	sound_row	https://baby-calendar.jp/knowledge/common/1514	bc
2020	M	さ行	湊大	そうた	この子の周りにたくさんの大切な人が『湊』（あつ）まり、その中で『氵』（みず）のように、時には人を潤し、時には柔らかく人を受け入れ、人との関わりを大切にして、周りとハーモニーを『奏』でながら、生まれた日に初めて両親に聞かせてくれた産声のように『大』きく、自らの音色も響かせる人になってほしい。 大らか、大切の意味もある。と、何個も出た候補から生まれてきて顔をみて決めました。父親がとても熱心に考えてくれました！	sound_row	https://baby-calendar.jp/knowledge/common/1514	bc
2020	M	さ行	想汰	そうた	なかなか子どもを授かることが出来なかった私たちのもとに、無事授かることが出来た念願の赤ちゃん。オリンピック年に生まれることになりとても楽しみにしていた矢先に、新型コロナウイルスが流行しました。 初めての産休は旦那さんと最後の旅行へ行ったり、なかなか仕事で会えなかった友達とおでかけしたりと楽しみにしていたのに、毎日お家で自粛。病気にかかることなく、無事生まれてきてくれた赤ちゃんは、将来新型コロナウイルスが流行したときに生まれた子だって思われるかなって考えたとき、「想汰」という名前を付けたいと思いました。 コロナ禍はソーシャルディスタンスや、マスク着用など相手のことを考える、思いやる心が必要。この子はコロナ禍が落ち着いても、大きくなっても相手を思う優しい子になってほしい。「汰」は豊か、の意味だそうなので思いやり溢れる子という意味で「想汰」と名づけました。こんな時だからこそ、生まれてきてくれて本当にありがとう。	sound_row	https://baby-calendar.jp/knowledge/common/1514	bc
2020	M	さ行	奏汰	そうた	主人が海外に主張に行ったまま、コロナの影響で日本へ飛行機が飛ばなくなり帰ってこれなくなりました……。出産にも立ち合えず、新生児の時期も過ぎた頃にやっと日本に帰ってこれる事になりました。初めての子どもなのでせめて名前だけは主人につけてもらいたいと思い、字画や音、いろいろな角度から考えてもらい、新型コロナウイルスで世界中が大変なこの時に生まれた子どもだからこそ、これからの人生を素敵に奏でていってほしいとの思いで主人が名づけてくれました。	sound_row	https://baby-calendar.jp/knowledge/common/1514	bc
2020	M	さ行	槍大	そうた	お父ちゃんとママはお山が大好きで、山登りをよくします。山登りを2人で始めて、二年目には槍ヶ岳に登りたいねと準備して、念願の憧れのお山槍ヶ岳を登頂しました。山登りをする人なら憧れる雄大でかっこいい山。みんなに憧れられるようなすてきな人に育ってほしい、いろんな意味でおおきくのびのびと育ってほしいという思いを込めて、夫婦二人の思い出の憧れの山、槍ヶ岳の一文字を頂き槍大と名づけました。	sound_row	https://baby-calendar.jp/knowledge/common/1514	bc
2020	M	さ行	想第	そうた	予定日よりも3カ月早く低体重児として600g台で小さく生まれた事もあり、みんなの大きくなってほしいという想いを込めて、名づけました。生後2カ月たち、今はちょっとずつ体重も増え今は1,300gの倍以上になっています。大きくなったら、みんなの想いが名前に込められていて、あなたの事を大事に思ってるよという事を伝えたいです。（3カ月早いママデビューさん）	sound_row	https://baby-calendar.jp/knowledge/common/1514	bc
2020	M	さ行	聡大	そうた	結婚して15年。不妊治療を続けていましたが、40代になり何度もうまくいかず、あと1年だけ頑張ろうと思い採卵し、受精した受精卵は一個だけ。望みをかけて移植しました。妊娠の判定まで時間があったので、夫婦で子宝にゆかりのある場所をまわりました。すると、私の肩にオレンジのてんとう虫がとまったり、すごく綺麗で大きい蝶々が目の前を通り過ぎる出来事が……。もしかしたら、この子は大きく育ってくれるかもしれないと思っていました。 後日、妊娠判定陽性の結果があり、力強い心拍を聞いたとき、「生きてくれてる！」と涙がとまりませんでした。その後、出血があったりしましたが、すくすくとおなかの中で成長してくれ、性別が分かり名前を決める時に夫婦でまたドライブに。雨が降っていましたが、車を停めて真剣に話をしていました。 主人の名前が聡生（あきお）といい、主人の亡くなったお母さんが「公の心に耳を傾けて生きてほしいから名づけたんだよ」と生前言っていたのがずっと素敵だなと思っており、おなかのこの子にも、公の心に耳を傾けて大きく優しく育ってほしいと願いをこめてつけました。今、もうすぐ5カ月を迎えようとしていますが、優しく笑うこの子に会えたことを本当に感謝しています。聡大と過ごす毎日は本当に幸せです。	sound_row	https://baby-calendar.jp/knowledge/common/1514	bc
2020	M	さ行	早泰	そうた	下の子がおなかにいるときに、何気なく上の子（当時2歳）に「お名前、考えなきゃね～！」と話をしていたら、少し間を置いて「そうた……そうたくん、だよ！」と。パパとママが考えていた名前もあったのですが、断固として「そうた」と言い続けました。そこまで言うなら……と「そうた」の漢字を考えました。パパとママから一文字ずつ「早」「泰」の文字。下の子へ、パパとママとお兄ちゃんからの生まれて最初のプレゼントになりました！	sound_row	https://baby-calendar.jp/knowledge/common/1514	bc
2020	M	さ行	想矢	そうや	人への想いを真っ直ぐに貫けるように。一生人からも真っ直ぐ思われるような人になるように。	sound_row	https://baby-calendar.jp/knowledge/common/1514	bc
2020	M	さ行	碧空	そら	碧く澄んだ空のように広い心でスクスク育ちますように。	sound_row	https://baby-calendar.jp/knowledge/common/1514	bc
2020	M	さ行	大空	そら	空だけだと、名字を含めた字画が良くなくてちょっとキラキラっぽくなるかな〜とも思ったけど、やっぱり字画は気になるし、今は生まれてきた息子を見て大空にしてホントに良かった！と夫婦で感じています。このまま大きな空のように広い心を持った優しい子に育てていければと思います！！	sound_row	https://baby-calendar.jp/knowledge/common/1514	bc
2020	M	さ行	葵空	そら	私の名前が佑莉奈（ゆりな）で、百合の花があるけど漢字がちがう。そのため、花の漢字はあるけど読み方が違うという逆にしたくて、7月に生まれたので夏の花向日葵から一文字とって葵空（そら）。ちなみにお姉ちゃんは3月生まれで、春の花桜をいれて桜衣（るい）。	sound_row	https://baby-calendar.jp/knowledge/common/1514	bc
2020	M	さ行	壮良	そら	生まれた北海道の広大な大地で壮大に育ってほしいという願いを込めました。	sound_row	https://baby-calendar.jp/knowledge/common/1514	bc
2020	M	さ行	碧飛	そら	ハーフの子どもなので、日本と海外との架け橋になれるような子に育ってほしい、でも、何ていう名前が良いだろうかと野原にねっころびながら空を眺めていて、あー、何て素敵な青空なんだろう！ 子どももこの素敵な青空みたいに元気に育ってほしいと思ったのがきっかけで、この名前をつけました。	sound_row	https://baby-calendar.jp/knowledge/common/1514	bc
2020	M	さ行	空	そら	上の子は、陣痛がきて病院に向かう時、キレイな青空がとても印象的で青と名づけました。そして、今年、梅雨が長くどんよりと天気が悪い日が続き、気分も体調も悪く、そんな時生まれてきた子に空と名づけました。兄弟で青空。コロナ禍で沈んだ気分も明るくなるようにと願いも込めて。	sound_row	https://baby-calendar.jp/knowledge/common/1514	bc
2020	M	さ行	昊	そら	日本と韓国の遠距離恋愛中にこの子を授かりました（私が日本人、彼が韓国人）。彼に妊娠したことを伝えるとすごく喜んでくれて、産んでほしいと言ってくれました。でも、まだ20歳だった私は、経済的にも精神的にも不安しかありませんでした。中絶手術を考えて産婦人科に行きましたが、初めてもらったエコー写真を見ると愛おしくて涙が止まりませんでした。 それからすぐ出産を決意して、妊娠中は遠距離生活でお互い仕事もしておりスムーズにコミュニケーションが取れなかったため、名前を決めるのにも時間がかかりました。まず、私たちが入籍したら別姓か同性か選択するのですが、旦那の韓国の名字にするか、しないかから始まり、日本で出産して日本で暮らす予定だったので、生まれてくる子が日本に馴染みやすいようにと考え別姓を選びました。 妊娠20週、彼が短期滞在で日本にいる時に初めて一緒に産婦人科に行き性別も聞けました！おなかが丸かったので周りの方からも女の子？とよく聞かれていて、私たちは勝手に女の子だと思い込み女の子の名前ばかり考えていましたが、なんと男の子でした！日本と韓国どちらでも通用する名前を付けたいと思っていて、女の子の名前は候補がたくさんありますが、男の子だと難しくて悩む日々でした。 出産予定日が近づき、ようやく入籍し結婚生活を楽しんでいたころ、テレビ番組でキラキラネームのランキングの中に昊空（そら）という名前を見て「昊この漢字、夫の名前に使われている漢字じゃん」となったのがきっかけでした！ 韓国で名前は普通ハングル表記ですが、漢字表記もあるのです。昊この1文字だけでも“そら”と読むそうで、韓国では소라（そら）は貝のサザエという意味で、名前にも使われるようです。日本と韓国では意味が違いますが、健やかに育ち広く世界で活動できるようになってほしいという気持ちと、夫のような男になってほしいという気持ちを込めて 「昊」と名づけました！ 普通分娩で臨みましたが子宮内感染症の疑いで緊急帝王切開での出産になりました。おなかの中で健康に大きく育ち生まれてきてくれた昊は、今では愛嬌があり、周りをニコニコさせ和ませてくれます。中絶まで考えた私が、こうやって楽しく子育てできているのは、夫や周りの方の支えがあるからです。何より愛おしいわが子をそばで見守れることが何より幸せです。これからも大切に育てていきます。（そらのままさん） 	sound_row	https://baby-calendar.jp/knowledge/common/1514	bc
2020	M	さ行	湊楽	そら	パパとの名前戦争が勃発し、出生届を出す日付け当日まで決まりませんでした。今思えば、生まれてから顔を見てつけようなんて呑気に考えてた自分が恥ずかしいです。 出産前・入退院後にいくつか候補を考えました。漢字1文字の憧れがあり、1月生まれの予定だったので、この子の周りにたくさんの味方で溢れている様にと願い「睦」を提案した時は、滑舌悪くて呼びにくいと却下。「蒼（そう）」を提案した時は、小学生の頃クラスにお道具箱の側面に鼻くそコレクションしてた子の名字だったから嫌だと言われ却下された名前も（そう君とつけた方すみません）。他にもいろいろと却下され、当時はこんな名前つけてどうすんだよ覚えられないだろと思っていた「じゅげむ……」の話に、同感している自分がいました（笑）。 結局はパパの名前、陸に関連付け、「そら」が良いと言われ渋々承諾。漢字は私に決めさせてくれと、ありきたりな漢字ではなく、意味から考え「湊楽」としました。 パパには長期休みの度に遊んでいる、小学校から仲の良い友達（通称ナナコイチ）がいます。他にも私とは比べものにならないくらい、友人がいて、休みが足りないよ〜と言ってるほどです（笑）。また、私もパパも職場の人に可愛がってもらえ、転勤先でも寂しくありません。こっちのお母さんだと思って甘えて〜なんて言ってくれるパートさんもいて、頼もしいです♡ そんな私たちのように、「人が集まる意味の“湊”・楽しいはそのままの意味で“楽”」を使い、人に恵まれて楽しく笑って生涯を過ごしてほしいと名づけました。あと名字も爽やかなので、「君に届け」の風早君のような、爽やかイケメンになってほしいというのもあったりなかったり	sound_row	https://baby-calendar.jp/knowledge/common/1514	bc
2020	M	さ行	大空	そら	7年前に、元気なかわいい女の子を出産し、そろそろ2人目が欲しいねと主人や姑と話していた3年前に、おなかに赤ちゃんが来てくれました。女の子で、検診では順調で、上のお姉ちゃんが健康だったので、何の疑いも無く出産しました。が、看護師さんが来て、赤ちゃんに、いくつか異常が見つかったとの事でした。私は、お姉ちゃんが健康だったんだから、大丈夫と自分に何度も言い聞かせてました。 それから、すぐ大きな病院に救急搬送され先生から話されたのは、染色体異常の13トミソリーの可能性が高いという事、余命は明日かもしれないし、いつ天国にいってしまうかわからないという事でした。私は毎日NICUに通い、オッパイを届け、出来るだけ一緒に過ごしました。ちょうど、菜の花が綺麗な季節だったので、菜乃（なの）と名づけました。それから、1か月後、眠るように天使になりました。人生の中で、こんなにつらく悲しい事があるんだと、自分が思っている以上に立ち直るには時間がかかりました。でも、やっぱり赤ちゃんが欲しくて、また菜乃がおなかに戻ってきてくれるんじゃないのかと願っていた4年後に妊娠しました。 勝手に女の子と願っていた私のおなかに来た赤ちゃんは、男の子でした。戻って来なかったと、心の中で思っていた私に、上のお姉ちゃんが、ふと、菜乃が男の子になって来てくれたんだね！と言いました。私は、それを聞いて、そうだねと元気に生まれてきてくれてありがとうと、深く思いました。大空（そら）は、大きな空から、菜乃と一緒に私たちを見つけて、おなかに来てくれたんだよとお姉ちゃんが言ってくれて、パパとお姉ちゃんのごり押しで、大空（そら）に決まりました。	sound_row	https://baby-calendar.jp/knowledge/common/1514	bc
2020	M	さ行	奏良	そら	名字に自然の名が二つも入っていて、すぐにそらって名前しか浮かばず、普通に空じゃ嫌だなって思いました。ふわぁって頭に過った奏、一文字でそらと読ませようかと思ったが旦那にOKを貰うにはっと考え、大好きな旦那の祖父から一文字もらい奏良と名づけました。奏でるように（な）良い人生がおくれますようにと願いをこめてつけました。（紙ママさん） 歴代の赤ちゃんの名づけエピソード大賞 2020年赤ちゃんの名づけエピソード大賞 ＞ 2019年赤ちゃんの名づけエピソード大賞 ＞ 2018年赤ちゃんの名づけエピソード大賞 ＞ 2017年赤ちゃんの名づけエピソード大賞 ＞ 2016年赤ちゃんの名づけエピソード大賞 ＞ 2015年赤ちゃんの名づけエピソード大賞 ＞ 歴代の赤ちゃんの名前ランキング 2020年赤ちゃんの名前ランキング ＞ 2019年赤ちゃんの名前ランキング ＞ 2018年赤ちゃんの名前ランキング ＞ 2017年赤ちゃんの名前ランキング ＞ 2016年赤ちゃんの名前ランキング ＞ 2015年赤ちゃんの名前ランキング ＞ 2014年赤ちゃんの名前ランキング ＞ 2013年赤ちゃんの名前ランキング ＞ 2012年赤ちゃんの名前ランキング ＞ 2011年赤ちゃんの名前ランキング ＞ 2010年赤ちゃんの名前ランキング ＞ あなたの“今”の悩みを専門家に無料で相談できます 自分だけでは解決できない不安やお悩みは、助産師や管理栄養士などの専門家に個別相談してみませんか？ 専門家に相談する その他についての悩み もっと見る 専門家に相談する 妊娠・育児アプリ ベビーカレンダー記事制作の取り組み ＼ この記事にいいね！しよう ／ 0 クリップ 現在ログインしていません。 ログイン しますか？ シェアする 名前ランキング検索 ベビーカレンダーが独自で調査・集計した2017年以降に生まれた赤ちゃんの名前データの中から、知りたい名前の順位、よみの順位、漢字の順位を見ることができます。 【名前で検索】【よみ方で検索】が名前の一部で検索できるようになりました！ 名前で検索 男の子 女の子 と一致する で始まる で終わる を含む 検索 よみ方で検索 男の子 女の子 と一致する で始まる で終わる を含む 検索 漢字で検索 男の子 女の子 検索 ご利用のルールとマナー ベビーカレンダーへのご意見をお聞かせくだ	sound_row	https://baby-calendar.jp/knowledge/common/1514	bc
2020	F	た行	千朝	ちあさ	何度調べても凶だ……」名づけで字画は気にしないと決めていたものの、いざ決定！となると、どうしてもネットで姓名判断をしてしまう。夫婦間で意見をすり合わせて、クラスで被らない・難しくない漢字・誰でも読めるの3点だけのこだわりだったはずなのに……。候補にしていた可愛い名前たちは、この壁が越えられずに無残に却下されてしまった。 「どうしよう、漢字を変えればこの読み仮名でも大丈夫そうだけど……。“薔薇”並みに難しい漢字だよ……」暇さえあれば辞書を見て頭を悩ませていたある日。「名前にとらわれず、漢字単体を見て名前を生み出そう！」と夫からの一言。 そういえば既にある名前にとらわれていたけど、私たちから生まれてくる赤ちゃんへの最初のプレゼント。漢字から名前を作ってもいいかも…！と頭を切り替えて、好きな漢字や意味から生み出した名前が『千朝』。 千…数多くの経験を積み、多くの出会いから前進する。 朝…始まり。大きな光で周りを照らす。 ネックだった姓名判断も大吉！ 早速名前の通りに名づけの悩みを払拭し、私たち夫婦に光をさしてくれたのでした。千朝ちゃん、これからもパパとママの事をさんさんと照らしてくださいね。	sound_row	https://baby-calendar.jp/knowledge/common/1525	bc
2020	F	た行	茅生	ちお	以前仕事でお世話になった女性が知央（ちお）さんという方で、読み方と響きが気に入り、娘にも同じ名前をつけたいと思いました。茅（ち）は、かやと読み、かやは屋根などにも使われて草です。耐久性耐水性が優れていて様々な環境下でも力強く耐えぬく事ができます。どんな事にも負けない力強さのイメージがあり、とても良い字だなと思いました。 生（お）の、生きる、生命力、芽生えるという意味が茅と合うと感じ、この2文字に決めました。どんな世界でも力強く生きて成長していって欲しいと願いがこもっています。ちなみにお世話になった知央さんと茅生は誕生日が1日違いで、縁があるなと感じています。	sound_row	https://baby-calendar.jp/knowledge/common/1525	bc
2020	F	た行	千咲	ちさき	読みは決まっていたけど、漢字がなかなか決まらなかった。生まれてからパパに抱っこされてるわが子を見て、なんとなく『やわらかい』イメージがわいてきた。やさしさを心に咲かせる、いろんな才能を咲かせる、自分も相手も大切にできる。そんな人に育ってほしいなと、願いをこめた漢字をプレゼント。	sound_row	https://baby-calendar.jp/knowledge/common/1525	bc
2020	F	た行	千咲	ちさき	どの親御さんもそうだと思いますが、名づけにはかなりこだりを持ってました。名字がかなり珍しく、なかなか1発では読めない、伝わらないので名前は万人が読める名前にしようと夫婦で一緒に考えました。しかし、将来どんなふうになってほしいという願い、画数、響きなどを考えるとなかなか2人がしっくりくる名前には出合えませんでした。すでに5人もいる姪っ子たちの名前の響きや漢字がかぶらないようにと考えると、かなり苦戦しました。お互いが考えた名前をお互いがボツにする、そんな日が何日も続きました。 夫婦揃って軽くスランプになっていたところ、夫が「由来云々も大事だけど、この子が笑って過ごせたらそれでいいよね〜」と言いました。私も、確かにこの子が笑って過ごせたらそれで幸せなんじゃないかと思い、それを名前にしよう！となりました。たくさん笑って豊かな人生を送れますようにと願いを込めて、数が多くあるさまを表す「千」と、笑うという意味がある「咲」を合わせて千咲（ちさき）という名前に決定しました。今ではこの子が笑うと私たちも幸せな気持ちになります。今後も家族で笑って過ごせるように頑張っていこうと思います。	sound_row	https://baby-calendar.jp/knowledge/common/1525	bc
2020	F	た行	千桜姫	ちさき	旦那の親（子どもにとっては祖母）の名前を1文字かえてこの名前にしました。｢私たちが元気に生きていれるのは親のおかげ｣。親に感謝の気持ちを忘れず、これからも繋いでいってほしいおもい。また、日本の国花が桜のため、海外に行っても日本を忘れずにいてほしいとのおもいを込め桜を使いました。	sound_row	https://baby-calendar.jp/knowledge/common/1525	bc
2020	F	た行	千葵	ちさき	夏生まれなので夏らしい「葵」を使った名前にしたいなと考えていました。候補としては可愛い響きの名前ばかり考えていたのですが、生まれたわが子を見たときに娘には綺麗な響きをつけたいと思い組み合わせる漢字を考えました。 親の都合でひとり親になってしまう娘に一より十、十より百、百より千とたくさんの出会い、経験をしてほしい。そして夏の日差しの中で咲くアオイの花たちのように、周りを明るく照らす子に育ってほしいと思い「千葵」と名づけました。	sound_row	https://baby-calendar.jp/knowledge/common/1525	bc
2020	F	た行	千歳	ちとせ	まだおなかの中の子の性別も分かっていない妊娠初期のころ、旦那と一緒に気が早いけど名前をいろいろ候補を出したり字画を調べたりしていました。その時におなかの赤ちゃんにも「お名前なにがいいかねぇ♡」と話しかけたりしていました。そんな日々を過ごしていた時、夜に夢を見たのです。夢の中に小さい女の子が出てきて「私の名前、“ちせ”か“ちとせ”がいい」と言っていました！ 私は地震が来ても分からないくらい一度寝たらぐっすりなのですが、そのときはなぜか飛び起きて名前を書きとめておき、次の日旦那に伝えました！ そのときは名前の候補くらいでしたが、健診の際に性別を教えてもらったらなんと女の子！！ 自分で伝えてくるなんて、なかなかないよね♡となり、字画も良く私たち夫婦も古風で縁起の良い名前なので気に入り、千歳と名づけました！	sound_row	https://baby-calendar.jp/knowledge/common/1525	bc
2020	F	た行	千春	ちはる	旦那と結婚する前の付き合いはじめたときに、旦那の名前には「千春」という名前が合うね！と2人で意気投合し、それからずーっとあたためたきた名前です！生まれてきてくれたわが子は春生まれではありませんが、「春」という漢字が持つ出会いの季節 ・物事の始まりという前向きなイメージをそのままにしたく、たくさん悩んだものの最初に考えていたこの名前・漢字に決めました。 また、名前を決める際には、①誰もが読める名前、②でも、私たちの周りにいない名前にすることで、その名前＝わが子をみんながイメージできるようにしたい ということも考えました。パパとママからの最初にして最大のプレゼント！喜んでくれるといいなぁ。	sound_row	https://baby-calendar.jp/knowledge/common/1525	bc
2020	F	た行	千紘	ちひろ	女の子なら、ちーちゃんって呼びたい」という夫の願いがきっかけで、「ち」から始まる名前をいっぱい考えました……。そんなことか〜という気もしますが、毎日「ちーちゃん」と愛情込めて呼びかけていると、すごく幸せです。柔らかい響きにひかれて「ちひろ」、漢字は姓名判断も参考にしながら、どこまでも伸び伸びと広い心で力強くという願いを込めて、「千紘」にしました。	sound_row	https://baby-calendar.jp/knowledge/common/1525	bc
2020	F	た行	千尋	ちひろ	次女が生まれたのは寒さ厳しい1月。夜中に陣痛が始まり病院についた時は雨。そして、その日の午前中に産声をあげ外を見ると雨だった夜中とは違い、1月とは思えない快晴、そして雲の切れ間から虹が出ていました。そのときに頭に浮かんだのが「にじのむこうに」という長女が大好きな歌。長女の名前は、太陽のように明るい子になるように陽璃（ひまり）という名前です。 この歌の歌詞は、｢雨があがったよ お日さまが出てきたよ 青い空のむこうには虹がかかったよ｣という温かい歌。お日さまのように明るい姉と虹のように綺麗な心を持つ妹、手をとりあって成長して欲しいという思いを込めて「心虹」と名づけました。パパとママはふわふわの雲のように優しく、お日さまのような姉は明るく、虹のように綺麗な心を持てるよう「心虹」を家族みんなで大切に育てていくからね。	sound_row	https://baby-calendar.jp/knowledge/common/1525	bc
2020	F	た行	茅依	ちよ	名づけにはとても時間がかかりました。退院しているのに、まだ名は無い……。お世話で慌ただしい中、とにかく気持ちが焦りました。理由は……、胎児ネームから抜け出せなくなったからでした！ 3人目なので上の子たちと一緒に誕生を心待ちにしていましたが、そうなるとおなかに呼びかけるためにどうしても胎児ネームが必要。性別もわからないし、あるときからとりあえず『ピヨちゃん』と呼んでいました。 ところが上の子たちとの生活は、想像以上にこの胎児ネームを呼ぶ機会が多かったのです……。しかも今年は保育園の休園に伴い、大きなおなかを抱えながら兄・姉と四六時中一緒にいました。すると、おなかから出てくるころにはもう『ピヨちゃん』以外の何者でもなくなってしまったのです！ 入院中も後陣痛と戦いながら『ピヨちゃん』をしのぐ名前を考えていたんですが、出てこず……。あまりに悩みすぎて退院前日に胃痛で倒れました。こうしてピヨちゃんのまま退院。やっと夫と顔をつき合わせて相談ができたので、音をピヨちゃんに寄せよう！作戦で、読みを『ちよ』にすることにしました。 そこで次なる問題が漢字。『ち』でまず思いつくのは『千』かと思うのですが、どうも姓名判断では苗字に合わない。どうしよう……とまた悩む。そんなとき『茅』の字を見つけました。『茅』はチガヤという植物を表します。姉の名前にも植物の漢字が入っているし、いいかも！と思いました。早速花言葉を調べていくと「子どもの守護神」など。ふーん変わっているなぁと思いつつ読み進めると、ふと気になる記事を見つけました。 「悪い病が流行ったときに茅の輪をつけていると病にならない」という内容で、日本神話の中にチガヤが登場しているとのこと。ちょうどそのころは、新型コロナウイルス感染者の数の増減が日々のニュースの中心でした。子どもたちを病気など災いから護りたい！という想いを抱えていた私たちに『茅』の字が舞い降りてきたような気がしました。「ち」は「茅」を使うことに決定！ こうして『ピヨちゃん』は、無事『チヨちゃん』になれたのでした。 世界が今まで経験したことのない感染症と戦っている、そんな中生まれてきてくれたわが子に、どうか強く育って欲しい。みんなの守護神でいてほしい。そんな願いを込めた名前となりました。漢字では悩みましたが、おなかにいたころからの響きに愛着を感じてつけた名前なので、これからたくさ	sound_row	https://baby-calendar.jp/knowledge/common/1525	bc
2020	F	た行	月海	つぐみ	海の字がつけたくて探しました。海に浮かぶ月が綺麗で、おだやかで、おおらかで広い海のように広い世界に出て行ってほしいなと思いつけました。	sound_row	https://baby-calendar.jp/knowledge/common/1525	bc
2020	F	た行	紬季	つむぎ	私たち家族には名前に共通点があり、まずはそこから考えました。主人がかずとで1、私がみなみで3、娘がしおりで4と名前の頭が数字になっているのです！ 汐織（しおり）はたまたまなのですが、ここまできたら数字で揃えたいと思い、2から始まる名前を考えました。 また、紬季は第二子なので姉妹で何か関連を持たせたいと思い、糸編の漢字を使い、季は主人の名前にある和からのぎへんをもらい季という字を使いました。上の子の漢字は私から取り、下の子は主人から取り、姉妹は糸で、私たち家族は繋がっています。いろいろな縛りがあって名づけに苦戦しましたが、娘たちが大きくなったとき、自分の名前を好きになってくれたらうれしいです。四季折々色鮮やかな人生を楽しめますように。	sound_row	https://baby-calendar.jp/knowledge/common/1525	bc
2020	F	た行	紬	つむぎ	わが子の名前はなかなか決まらずでしたが生まれるギリギリに決まりました。最初は紬希と決めていたのですが、いざ4日間の陣痛のなか元旦の日に生まれたわが子を見たら、たくさんの人に愛されて、人との絆をたくさん結んで幸せになってほしいと込めました。	sound_row	https://baby-calendar.jp/knowledge/common/1525	bc
2020	F	た行	紬麦	つむぎ	麦の穂をまくのは晩秋から初冬にかけて、寒い冬に芽を出し春の暖かさを迎えるとすくすくと育ち、やがて麦畑は鮮やかな緑色で多い尽くされる。そして初夏、麦の穂がたわわに実り麦畑が黄金色に染まる5月下旬から6月初旬、この時期が麦秋。命が宿った瞬間と重なる。紬の着物が好きだから。着物という日本の良さを感じてほしい。夢を紡いでほしい。紬糸のように、努力を重ねてほしい。（着物が好きさん）	sound_row	https://baby-calendar.jp/knowledge/common/1525	bc
2020	F	た行	桃鈴	とうり	長女の名前は、母音（あいうえお）が全て入るように名前を付けたことから、次女にも同じように付けようと思っていましたが、候補が多くあり、生まれても絞りきれずにいたら、初めて対面した長女がすでに呼んでいました（笑）。ちなみに長女は7月生まれで『夏鈴』、次女は2月生まれで『桃鈴』と2人とも季節の漢字と、響きを考えて鈴の漢字で揃えました。（とっちゃんママさん） 歴代の赤ちゃんの名づけエピソード大賞 2020年赤ちゃんの名づけエピソード大賞 ＞ 2019年赤ちゃんの名づけエピソード大賞 ＞ 2018年赤ちゃんの名づけエピソード大賞 ＞ 2017年赤ちゃんの名づけエピソード大賞 ＞ 2016年赤ちゃんの名づけエピソード大賞 ＞ 2015年赤ちゃんの名づけエピソード大賞 ＞ 歴代の赤ちゃんの名前ランキング 2020年赤ちゃんの名前ランキング ＞ 2019年赤ちゃんの名前ランキング ＞ 2018年赤ちゃんの名前ランキング ＞ 2017年赤ちゃんの名前ランキング ＞ 2016年赤ちゃんの名前ランキング ＞ 2015年赤ちゃんの名前ランキング ＞ 2014年赤ちゃんの名前ランキング ＞ 2013年赤ちゃんの名前ランキング ＞ 2012年赤ちゃんの名前ランキング ＞ 2011年赤ちゃんの名前ランキング ＞ 2010年赤ちゃんの名前ランキング ＞ あなたの“今”の悩みを専門家に無料で相談できます 自分だけでは解決できない不安やお悩みは、助産師や管理栄養士などの専門家に個別相談してみませんか？ 専門家に相談する その他についての悩み もっと見る 専門家に相談する 妊娠・育児アプリ ベビーカレンダー記事制作の取り組み ＼ この記事にいいね！しよう ／ 0 クリップ 現在ログインしていません。 ログイン しますか？ シェアする 名前ランキング検索 ベビーカレンダーが独自で調査・集計した2017年以降に生まれた赤ちゃんの名前データの中から、知りたい名前の順位、よみの順位、漢字の順位を見ることができます。 【名前で検索】【よみ方で検索】が名前の一部で検索できるようになりました！ 名前で検索 男の子 女の子 と一致する で始まる で終わる を含む 検索 よみ方で検索 男の子 女の子 と一致する で始まる で終わる を含む 検索 漢字で検索 男の子 女の子 検索 ご利用のルールとマナー ベビーカレンダー	sound_row	https://baby-calendar.jp/knowledge/common/1525	bc
2020	M	た行	大叶	たいが	妊娠中にベビーの性別がわかったとき、「名前何にしようね〜？」なんて主人と話していたのですが、お互い頭の中では考えていたものの名前の案を口には出していませんでした。丁度1週間後、「そう言えば名前さぁ〜……」と私が話し始めたとき、「せーの！で言おう！」と主人。せーの！で2人が口にした名前が【たいが！！】でした！ 以心伝心？！私も主人もびっくり！と同時に名前は決まり、「優しくてどんな夢も叶えられる子」という意味で「大叶」に。病院や予防接種のときに「たいちゃん」と覚えてもらって私も主人も、たいちゃんもニコニコです♡	sound_row	https://baby-calendar.jp/knowledge/common/1515	bc
2020	M	た行	大河	たいが	小さな障害で立ち止まらず、河のように突き進む、そんな大きな人間に育って欲しいという想いを込めて、「大河」と命名しました。	sound_row	https://baby-calendar.jp/knowledge/common/1515	bc
2020	M	た行	奈一駕	たいが	妊娠3カ月くらいのまだ性別も分かっていない頃に、子育てをしている夢を見て、その子の名前が【たいが】でした。まだ何も考えていなかったのに、どうして【たいが】だったんだろうとずっと気になっていました。主人は、この子を授かった時、私たちはカナダに住んでいたので【加奈陀】の字をどれか使いたいと言っていて調べたら、【奈】という字が【たい】と読むことを知ったので、夢の話をして、【たいが】いいね！となりました。主人の家族が【一】を代々使っていたので、【一】も使い、画数を調べて【駕】がとても良かったので、【奈一駕】と名づけました。タイガーのように、可愛くもありカッコよくもあり、しっかりした力強い子になって欲しい、ロシア語でタイガとは森という意味なのでしっかりと根を張り、人に流されない自分を持った子になって欲しいと思います。	sound_row	https://baby-calendar.jp/knowledge/common/1515	bc
2020	M	た行	琥雅	たいが	3人目の子どもでした。2人目が生まれたあとに、海外に実は外国人の親戚がいることがわかりました。なのでいつか会いに行くと決めて海外の人達にもわかりやすく、発音しやすい名前にしたい！と思っていました。長男と同じ雅（が）で終わりたいと思い、また変化の多い、予測できないこの世界をとらのように強くたくましく生きていって欲しいという願いも込めて「たいが」と決めました！漢字は上の2人に使っている字の部首をちょうど組み合わせた字にしました。	sound_row	https://baby-calendar.jp/knowledge/common/1515	bc
2020	M	た行	大粋	たいき	5カ月目の健診で男の子と判明。さっそく名前探しを始め、旦那とお互いに「粋」の漢字を付けたい！と意気投合。ネットで字画の確認をして「大粋（たいき）」と名づけました。出産予定日が9月9日だったのですが、1日伸びて9月10日に。偶然か必然か、誕生日の数字（九と十）が入った名前となりました。	sound_row	https://baby-calendar.jp/knowledge/common/1515	bc
2020	M	た行	大悟	だいご	姉が2人いて、名前の画数が13画。兄弟そろって13画に揃えたらいいなと思っていたので、漢字で書くと13画になる名前を探しました。また、ローマ字で書いたときに家族の名前がみんなO（オー）で終わるのでその点も考えていました。名前辞典などを見ていて、気になる名前がいくつかあったのでピックアップして、その2つを満たし、響きのいいもので選びました。最終的に家族投票で多かったものを選びました。生まれたときの顔も見て、もうひとつ候補を考えてはいましたが、大きく生まれてきたので、やはりだいごにしました。このような時期なので、漢字の意味も合っていて気に入っています。	sound_row	https://baby-calendar.jp/knowledge/common/1515	bc
2020	M	た行	奈志	たいし	北海道で生まれた道産子です！我が家は転勤族で、全国どこも行く可能性があるので、せっかく北海道の地に生まれたならばそれにまつわる名前にしたいとまず思いました。そこで北海道と言えばクラーク博士の名言、「少年よ大志を抱け」にあやかり、「大志」を候補に考えました。ただ、ここでちょっと難問が。字画も良いものをと思ったのですが「大志」だとあまり良くなかったのです。 そこでほかに良い字がないか探していると奈良の「奈」が「たい」と読むことが判明！ 夫が奈良で生まれたこともあり奈良には縁もあり、また漢字の意味として、もとは「柰」と書き「示」は神事で使われる文字で「大（木）」は大地をおおう大きい樹を表すことから「神事に用いられる果樹を意味する」ということを知りました。神様に守られながら、大きな樹のように大らかに、優しく、そして大志を抱いて大きく育って欲しいという気持ちを込めて、「奈志」と名づけました。	sound_row	https://baby-calendar.jp/knowledge/common/1515	bc
2020	M	た行	太聖	たいせい	太陽のような明るい笑顔で、思いやりがある優しい誠実で聡い人になってほしいという思いで名づけました。「太」は父親の名前からもらっていて、その字と組み合わせて、いちばん自分の思いにしっくりくる名にしました。名前のとおり笑顔の可愛い子に育っています。	sound_row	https://baby-calendar.jp/knowledge/common/1515	bc
2020	M	た行	太晴	たいせい	早く子どもが欲しかったので先に入籍を済ませ、すぐに妊活に取り組みましたがなかなか授からず。まさかの半年後、結婚式場を決めた直後に妊娠が分かりました。式の時には妊娠8カ月でだいぶおなかも大きくなっているので、少し不安もありましたが待望の赤ちゃん！できるだけ安静にして式に備えることにしました。当日は何事もなく無事に終えることができ、また12月の式でしたが、晴天のぽかぽか陽気の中で最高の1日となりました。 予定日が2月で里帰り出産だったので、年末には地元の北陸へ帰りました。予定日の1週間ほど前からおしるしがあり、徐々に陣痛も。破水からの朝入院し、その日の夜に無事生まれてきてくれました！ 北陸の冬なので雪の心配もしていましたが、珍しくその日だけは1日中ずっと快晴でした。名前の候補はいくつかありましたが、なかなかコレ！といったものが思いつかず、顔を見たらピンとくるだろうと思っていました。 しかしどうもしっくりくるものがなく、悩みに悩んでいると、出産2日後に主人からいきなり「太晴はどう？」と。まったく候補になかった名前ですが、すぐに良い！！となりました。結婚式も出産の日も晴れていたし、晴れ男に間違いないと。もともと誰でも読める漢字にしたいと思っていたのと、「太」は主人の名前にも入っているのですぐに愛着が湧きました。生まれてからも雨の日はぐずぐず機嫌の悪い日が多いので、太晴ちゃんは晴れが好きだもんね〜とみんなで笑っています。	sound_row	https://baby-calendar.jp/knowledge/common/1515	bc
2020	M	た行	太一	たいち	息子の名前は太一（たいち）。この子のお父さんの名前が健太だから、一文字もらって太一。字画もよく、妊娠中にはもう決めていました。はじめての妊娠、はじめての出産！！ なんとか生まれて来てくれたのは元気な男の子。ただ予定日の一週間前に生まれたにも関わらず体重は2,102g……。2,300gになるまで退院できず、最初は私と一緒に家に帰ることができませんでした。「私の体がどこかおかしくて、小さく生まれてしまったのか」そう思い、涙が出る日もありました。 現在太一は生まれて約3カ月。ミルクをたくさん飲んですくすく育ち、あの小さくて細かった面影はほとんどありません。その名前の通り太～く育っています！ 小さく生まれたことは悲しかったけれど、今では日に日に成長する息子に感動する日々を過ごしています。これからもこの名前のように太く、そして健康に育ってと願いを込めて、大切にこの名前を呼びたいと思います。	sound_row	https://baby-calendar.jp/knowledge/common/1515	bc
2020	M	た行	梛市	だいち	画数にこだわって考えていた名前。ですが、なかなか一つに絞れなくてとうとう出産。生まれてきた息子の顔を見て夫婦とも「この名前が良い！」と意見が一致しました。梛という木は神木とされているということで、コロナ禍の中で、生まれてきた息子がどうか、神様に守られながらすくすく育ちますようにという願いも込めました。	sound_row	https://baby-calendar.jp/knowledge/common/1515	bc
2020	M	た行	大地	だいち	自然の名前をつけたくて、のびのびと元気に育ってほしいと名づけました。また、お兄ちゃんは「空」に関する名前、愛犬は「海」に関する名前をつけているので、兄弟で自然の繋がりや絆という意味も含んでいます。長い人生の中で困難が立ちはだかった時にも兄弟で助け合ったり、広い大地のようにおおらかな心で解決していければなと思います。	sound_row	https://baby-calendar.jp/knowledge/common/1515	bc
2020	M	た行	平	たいら	旦那の家族は、みんな漢字一文字・平仮名三文字で読む名前だったので、それに習い名づけようと思っていました。4歳上にお姉ちゃんがいて、和（なごみ）といいます。お姉ちゃんの名前は戌の日参りで訪れた神社で、漢字一文字のお守り入りのおみくじがあり、引いたところ、お守りの文字が和で良い人間関係に恵まれて心穏やかな日々を送れるようにとあったので、素敵だと思い、その漢字を名づけました。お姉ちゃんの名前から続けて、大変な時に生まれたけれど、心穏やかな平和な日々を送って欲しいと願い、平（たいら）と名づけました。	sound_row	https://baby-calendar.jp/knowledge/common/1515	bc
2020	M	た行	皐一	たかひと	5月生まれの息子。旧暦の皐月から、皐をもらい、パパが弘一（ひろひと）なので、一字もらって、文字数も同じに。ちなみに家族全員、名前の文字数は、4文字とお揃いで、とても気に入っています。	sound_row	https://baby-calendar.jp/knowledge/common/1515	bc
2020	M	た行	幹桜	たから	春生まれの男の子。パパ、ママの好きな桜の漢字を入れました。私たちのタカラモノです。桜の木の幹のように太く力強く筋の通った芯の強い子に、人の繋がりを大切に、心の広い優しい子になど、想いがたくさんこもっています。	sound_row	https://baby-calendar.jp/knowledge/common/1515	bc
2020	M	た行	巧虎	たくと	4人目の子なので上の子達とイニシャルが被らないよう、親族や友人の子どもなどと名前被りがないよう意識しました。母である私自身が音楽好きのため「たくと」と決定。ネットで字画の良い漢字を検索。手先が器用になって欲しいという願いを込めて「巧」。長男に「龍」の字を使っているのもあり、上の子たちにも負けないよう強くなって欲しい、逞しくなってほしいと思いで「虎」の字をあてました。	sound_row	https://baby-calendar.jp/knowledge/common/1515	bc
2020	M	た行	拓海	たくみ	拓…開拓する。海…広い。人生を切り開いて海のように広い心を持ったスケールの大きい男の子になりますように。	sound_row	https://baby-calendar.jp/knowledge/common/1515	bc
2020	M	た行	拓実	たくみ	世間で新型コロナ感染者が出始め、不安なご時世の中、元気に産声をあげて誕生してくれた我が子。私たち夫婦だけでなく、たくさんの人を笑顔にしてくれました。おなかの中にいる時から、「たくみ～」と、夫婦で話し合うわけでもなく呼び始め、いつのまにやら「たくみ」以外考えられなくなりました。漢字を考えるときに、名前に込める意味を真剣に考えました。これから生きていくには、もちろん楽しいことばかりではないかもしれません。だからこそ、明るい未来への道を自分で切り拓き、実りある人生を歩んでほしいという願いを込め、拓実と名づけました。大きくなったら我が子に、この願いを伝えたいですし、そのような人生が歩めるように私たち夫婦も、愛情いっぱいに子育てを楽しみたいです。	sound_row	https://baby-calendar.jp/knowledge/common/1515	bc
2020	M	た行	巧望	たくみ	巧」という字はじょうずである、わざ、うでまえと辞書に記載されており、何事も上手にできるよう、望みをかけて「巧望」と名づけました！あと、北村匠海さんや、斎藤工さんが好きなので、うちの子もイケメンに育つように♡	sound_row	https://baby-calendar.jp/knowledge/common/1515	bc
2020	M	た行	武瑠	たける	"新型コロナが猛威をふるう中での妊婦生活で、明日どうなるかわからないといった不安な状態のなか、生まれてくる我が子に何と名前を付けようかと夫に相談したところ「乱世のような時代に生まれてくるから、荒ぶるで""ブル""がいい。ブル＝牡牛みたいに猛々しくいきていってほしい。だから武を入れたい」と言われました。正直、レンとかショウとか爽やかなイマドキな名前がいいなと思っていた私ですが、夫の熱意におされ「ブルはムリやで」と言いながら武を含めた名前を模索。 立ち会い、面会NGな中での孤独な入院生活を耐え抜き、なんとか無事に出産。予定日が早まり、息子の星座が牡牛座になったことと、生まれてきた我が子を見たときに、あまりにも大きな声で泣く姿と古風な顔立ちに「これはほんまにブルかもしれない……」と思わず笑ってしまいました。一重ですが目が大きく瞳がキラキラしているのが印象的だったので、私の好きなラピスラズリの和名でもあり宝物という意味の瑠を入れたい、私も名づけ親になりたいと熱望し、武瑠（たける）となりました。 読み方次第では“ブル”とも呼べるので夫も大喜び！ 我ながらよくひらめいたと思いました（笑）。読み方は昔からある名前なので、特にお年寄りの方には好評で、いろんな愛称でたくさん呼んでもらえているのでこの名前にしてよかったなぁと思います。まだまだ大変なご時世なので、名前の通り強く逞しく、育っていってほしいです。"	sound_row	https://baby-calendar.jp/knowledge/common/1515	bc
2020	M	た行	佑	たすく	私たち夫婦は、これまでたくさんの方々との繋がりの中で、ここまで歩んでくることができました。お互いに、人との縁をとても大切にしています。我が子にも、人との出会いを大切にし、たくさんの人との繋がりの中で、豊かに人生を歩んでほしい、人を「たすけ」、そして周りに「たすけられ」ながら、一歩一歩しっかりと歩いて行ってほしい。そう願って、「佑（たすく）」と名づけました。	sound_row	https://baby-calendar.jp/knowledge/common/1515	bc
2020	M	た行	佑	たすく	パパの名前に『人偏』と『右』が付いているため、合体させて『佑』にしました。ママの名前が一文字で、当初から一文字の名前を付けたいと思っていました。ずっと名前を考えていましたが、なかなかピンと来る名前に辿りつかなかったものの、生まれる少し前にパパが考えてくれました。パパとママの名前にちなんでいて、2人の愛を感じてもらえる名前、パパとママの良いとこどりな名前を付けられ満足しています。 ママとしては、パパの名前からとっている名前なので、パパに似て優しい子になってほしいなと思っています。『佑』の漢字の意味が『たすける』であるので、「困った人に優しく手を差し伸べられる子に」、また「人や神様に助けてもらえる子に」なってほしいと思います。名前が決まってからですが、同じ名前の方でノーベル賞を受賞した本庶佑さん、俳優の柄本佑さんがおりましたので、才能ある子になってほしいとも思っています。とにかく一文字にたくさんの意味がこもった名前です。	sound_row	https://baby-calendar.jp/knowledge/common/1515	bc
2020	M	た行	匡悠	ただはる	結婚してからすぐ子どもが欲しく妊活を始め、半年後に妊娠が分かり、あんなに待ち望んでいたのに結果が分かった途端、嬉しい半面不安になりました。私は幼いころより父親から虐待を受け最終的に児童養護施設で育ち、私も同じ過ちをするのではないかと思い悩まされました。また、出産しても自分の親にも頼れず、旦那さんも頼れない初めての事で悩みました。 そんな時、会社の上司へ相談しました。上司からは「だったらおろせばいいよ。また何年かしたら考え方も変わってくるから」と言われ、「おろす」という言葉を聞いて頭が真っ白になり、その日は言われた言葉が頭から離れず家に着いてからも考えました。考えているうちに、中絶自体、父親と同じ過ちを繰り返すことになるのではないかと思い、次の日上司へ再び話しました。上司からは「応援する」と言われ嬉しかったです。まだまだいろいろと考える事は山積みでしたが、一番の悩みがなくなり気持ちがラクになりました。 その後おなかの赤ちゃんは順調に育ち、名前を生まれる3カ月前から夫婦で案を考えました。時間がある時に携帯や本屋さんで調べ、名前を決定するまでに2カ月かかりました。穏やかで正義感がある子に育ってほしい、そんな想いを込めて匡悠（ただはる）と決めました。新型コロナウイルスにより立ち会い出産が難しいと言われていましたが、予定日から7日過ぎてくれたので（第二波前だったので）立ち会い出産が可能になり、最後まで旦那さんが付き添ってくれました。赤ちゃんを初めて見た時、とても小さくてかわいらしいと思い、同時に親になるという不思議な気分を感じました♡（たーさん） ※人工妊娠中絶は、母体保護法により定められた適応条件を満たしている場合に限り、施行されます。本記事の内容は、母体保護法 第14条 第1項 第1 号「妊娠の継続または分娩が身体的または経済的理由により母体の健康を著しく害するおそれのあるもの」に該当します。	sound_row	https://baby-calendar.jp/knowledge/common/1515	bc
2020	M	た行	竜輝	たつき	天地を繋ぐ竜神のように世界中の人々の輝きを繋げられる子。こんなコロナ禍の世の中に生まれてきたからこそ、丈夫な体と強く優しい心を持ってほしいと願いを込めました。	sound_row	https://baby-calendar.jp/knowledge/common/1515	bc
2020	M	た行	立輝	たつき	私の夢は助産師になることでした。しかし、本格的に勉強を進めるうちに、高校生の時から通院していた私の婦人科の病気は自然妊娠できず、不妊治療が必要であることを知りました。いつか普通に妊娠・出産できると信じていた私は、とてもショックでした。助産実習で分娩に携わる機会がありましたが、もしかしたら私には一生この瞬間は訪れないかもしれないと思うと、出産に関わることがつらく、結局助産師にはなれませんでした。 結婚して早々に不妊治療を始めましたが、なかなか実らず、毎回期待と落胆を繰り返していました。自分で注射を打ちながら、ふとした時に何をやっているのだろうと急に涙があふれることもありました。そんな時は、夫からの「誰にでも少しくらい思い通りにいかないことはある。でも、不妊治療で妊娠するチャンスはある。俺も協力するから、どんな結果でも後悔しないようにできるだけのことを納得するまでやろう」という言葉を思い出し、乗り切ることができました。体外受精の末に妊娠し、その後は私のおなかの中で順調に大きくなっていきましたが、陣痛の時に胎児心拍が落ち、緊急帝王切開での出産となりました。いくつもの困難を乗り越えて生まれてきてくれた息子を初めて抱っこした時、体重以上の重みを感じました。これが命の重さであり、幸せな気持ちになると同時に、責任を持って大切に育てていこうと思いました。 私たちは、『自分の足で立って、人生を輝かせてほしい』から、立輝と名づけました。不妊治療の際に私が勇気づけられた夫からの言葉を、今度はパパとママから息子に伝えたい思いとして名前に込めました。一度きりの人生だからこそ悔いのないように、強い意志を持って自分で決めた道を全うしてほしい。世の中、理不尽なことや努力しても報われないことはたくさんある。でも、頑張ったらいいこともあるよ。私たちも、諦めずに夫婦で支えながら不妊治療を頑張り抜くことで、あなたに出会えた。あなたは私たちにとってキラキラ輝くまぶしい光です、と。確かに助産師にはなれませんでしたが、あの時に不妊治療が必要だと分かったことで、早めに不妊治療に取り掛かることができました。自分ではどうすることもできないことも、その経験は次につながると前向きに捉えることができるようになったのは、息子のおかげです。ママとして過ごせることに感謝し、これからの日々を楽しみたいと思います。	sound_row	https://baby-calendar.jp/knowledge/common/1515	bc
2020	M	た行	太朗	たろう	妊娠4カ月、世間では新型コロナが流行し、安定期に入ったとはいえ気の張る生活が始まりました。産婦人科も妊婦しか入れない厳戒態勢で、安心な反面、初産の私にとって、誰にも付き添ってもらえないと不安を感じる日々でした。もしかしたら主人の立ち会いもできなくなるかもしれない、マタニティセミナーも参加できないなか、主人に少しでも親になるという実感を持ってもらいたい気持ちもあり、生まれてくる赤ちゃんの名前は一任しようと決めました。 そこで提案されたのが太朗。なんで今どき……。任せようと勝手に決めておきながらも早速不満が出ましたが、いや、でもまず理由を聞いてみようとグッと堪えて、どうして太郎にしようと思ったん？と聞くと、すぐ人に覚えてもらえるやん。おばあちゃんも呼びやすいやろ。と。 私には今年100歳になる祖母がいます。子どものように可愛がってきた私の子ども、ひ孫が誕生することをすごく楽しみにしてくれてました。そんな祖母のことを考えてくれていたことが嬉しかったのと、コロナで人と会う機会が減り、リモート化する社会で少しでも印象に残る名前になれば良いなと思い、太朗に決定しました。健診でおしゃれな名前が飛び交うなか、太朗くんと呼ばれると少し恥ずかしい気もしますが、今ではとても愛着のある名前だなと感じています。（カスタードクリームさん）	sound_row	https://baby-calendar.jp/knowledge/common/1515	bc
2020	M	た行	千暁	ちあき	妊娠が分かってからはパパと2人で妊婦健診に行っていました。2人ともエコーを見るのが毎回楽しみで、健診の日は張り切って早起きしていました（笑）。妊娠5カ月のとき性別がわかりました（パパが健診に一緒に行けるのもコロナの影響でこれが最後でした）。何故か女の子だと思い込んでいたわたしたち。しかし先生の口からは「9割男の子だね」と。すごく驚いたのと同時に男の子のママになれるんだとやっと母としての実感が湧いたのを覚えています。 健診の帰りに名前を考えようとカフェに寄りました。パパの名前には「百」の漢字が入っていて「男の子なら俺を超えていって欲しいから千の漢字を使いたい」と。千の漢字の意味を調べると「人が集まってくる 実りある人生」という意味がありました。千に合う漢字を考え「暁」が候補に。暁の意味は「夜明け 明るい未来に向かって歩き出す」という素敵なもので2人ともすぐにこの名前が気に入りました。 「ちあき」は女の子でもある名前ですが、漢字は男らしくかっこいいと思っています。コロナ禍で暗いニュースが多い今ですが、千暁たちが育つ未来は明るいものであって欲しいです。これからの成長が楽しみです♪	sound_row	https://baby-calendar.jp/knowledge/common/1515	bc
2020	M	た行	睦弥	ちかや	1月が予定日だったので1月の昔の言い方「睦月」の「睦」の字が使いたくて、読み方であったり意味だったりを調べました。そしたら夫が睦の字に「ちか」という読み方があるのを発見したので「ちか」を採用しました！ 睦の字は親睦にも使われているので、いろいろな人と仲良くなれますようにという願いを込めてこの名前をつけました！ なかなか1発でちかやと読むことはできませんが、初めてできた子にすごく似合った名前が付けられたなと思っています！	sound_row	https://baby-calendar.jp/knowledge/common/1515	bc
2020	M	た行	茅星	ちとせ	夫がサザンオールスターズが好きで茅ヶ崎から始まったと聞き、茅がいいなと思いつけました。星はもともとつけたくて、上のお兄ちゃんお姉ちゃんを末っ子の茅星が星のようにいろいろなところからみて、成長していってくれますようにと茅星になりました。	sound_row	https://baby-calendar.jp/knowledge/common/1515	bc
2020	M	た行	千颯	ちはや	元々の生理不順もあり少し妊娠しにくいかもしれないと言われて数年後に自然妊娠。仕事もしながら、順調に経過してくれればと思っていた3カ月目に出血、切迫流産になりかけていました。「私が仕事中にたくさん動いてしまったから、重いものもってしまったから、私のせいで」と大号泣で自分を責めました。病院で、赤ちゃんは頑張ってしがみついてくれてるよ大丈夫！そんな自分を責めなくても大丈夫！と優しく医師や助産師さんから言われ、本当に安堵したのを覚えてます。 その後2カ月の安静を経て、仕事復帰したのも束の間、新型コロナが流行し始め、とても不安な日々を過ごしました。予定日あたりであれば立ち会いも面会もできそうでしたが、予定日より20日ほど早く破水。立ち会いも入院中の家族の面会もできない出産でしたが、赤ちゃんは無事に生まれてきて元気な声を聞かせてくれました。新型コロナも流行し、オリンピックも中止になってしまった今年。先の見えない不安感がたくさんありました。そんな中でも、妊娠中のトラブル時ずっと支えてくれていた夫や家族、切迫や出産時にお世話になった医師や助産師さん、そして予定日よりもかなり早く、颯爽と安産で生まれてきてくれた我が子、周囲の温かい人たちに支えてもらいながらの妊娠生活と出産でした。 千颯には『たくさんの実りのある出逢いがありますように』『常に先を考えながら、どんなことがあっても前向きに自分の足で行動ができますように』と夫と願いを込めました。笑顔の素敵な千颯の成長が毎日楽しみです。	sound_row	https://baby-calendar.jp/knowledge/common/1515	bc
2020	M	た行	千陽	ちはる	妊娠がわかったとき、夫婦共々女の子を希望し、私のつけたい名前で呼んでいました。20週の胎児ドックの時に、性別を教えてもらい、男の子と言われました。夫も毎日、女の子ネームでおなかに声をかけてくれていたので、名前をどうしようかという話になり、私の考えていた名前を伝えました。胎児ドックよりも前の健診で、薄々男の子だというのはわかっていたので、良い名前はないかと考えていました。私たちが2年前に結婚式を挙げたとき、お色直し後の夫の入場曲をY.M.C.Aにしたんです。夫の名前は陽平（ようへい）、私は美夏子（みかこ）。イニシャルがY、Mとなり、じゃあ生まれてくる子はCから始まる名前が良いなと。女の子を希望していたこともあって、息子に思い入れを抱くことができるように、夫婦どちらかの名前、今回は夫の名前の字を入れることも考えました。そして、Cから始まって、『陽』を使う名前を考え、『千陽』にました。（たつミカンさん）	sound_row	https://baby-calendar.jp/knowledge/common/1515	bc
2020	M	た行	紡	つむぎ	私と夫は交際0日の授かり婚で、夫は以前の彼女さんに「あなたのせいで子どもができない」と言われていました（当時の精液検査が不良だったそう）が、まさかの私と一緒になりすぐに妊娠判明！ そして結婚しようとなったこともあり、私たち夫婦を紡いでくれた大切な存在だという気持ち、これから人との絆や良い縁を紡げますように、何事にも努力し辛抱強い子に育ちますようにという想いを込めて名づけました。	sound_row	https://baby-calendar.jp/knowledge/common/1515	bc
2020	M	た行	紡	つむぐ	妊娠26週の健診で切迫早産と診断され即入院になりました。まだ1,000gにもならないおなかの赤ちゃんが、今にも生まれてきてしまいそうな状況でした。24時間点滴の絶対安静の日々。病院も3つ転院して、不安な毎日。コロナ禍もあり、面会などは一切禁止。ママはおなかの中の赤ちゃんの命を守るため必死に願いました。 そして、誰もが無理だと思っていた正期産をなんとか迎え、無事に生まれてきてくれました。生まれてきた我が子は、1,000gしかなかったのが信じられない、なんと、3,846gの大きな大きな赤ちゃんでした。ずっとママと2人で頑張った入院生活。妊娠生活。一生懸命に、大事な命を紡いで生まれてきてくれた。これからも、想い、幸せ、人生、経験、絆など、大切に人生を自分らしく紡いでいけますように、という願いを込めて「紡（つむぐ）」という名前をつけました。	sound_row	https://baby-calendar.jp/knowledge/common/1515	bc
2020	M	た行	剣	つるぎ	私たち夫婦は高校2年生から付き合っていて、9年目に結婚しました。いつか子どもができたらいいねと話しながらもお互いの仕事を優先してきました。男の子は旦那が、女の子だったら私が名づけようとずっと名前の候補を考えていました。ですが、旦那はいつまでたっても名前を決められずにいました。結婚して1年たったころ、そろそろ子どもがほしいと思い始めて妊活をスタート。すぐに授かると甘く考えていた私たちは、なかなか授からないことにつらさを覚え、夫婦関係が不仲になることもありました。 半年以上たったころ、近所の海沿いをドライブしていると、いきなり旦那が「名前は、つるぎにしようと思うんだ」と言ってきました。私は、まだ子どもが授からないという不安やつらさと、旦那が初めて名前の候補をあげてくれたことの嬉しさ、つるぎという珍しい名前に驚き、いろいろな気持ちがこみ上げてきました。まず「なんでつるぎなの？ 名前の由来はなに？」と聞くと、「刀（かたな）か、剣（つるぎ）にしたいと思った。将来、自分の大切な人を守れるように強くてカッコいい名前をつけたかった」と話してくれました。その時の私は、あー、やっと私たちの子どもの名前を真剣に考えてくれた！と心の中で思っていました。 それから2〜3週間後、なんと妊娠していることがわかったのです。付き合って10年以上経ち、やっとやっと私たちのところにきてくれた赤ちゃん。初期の段階でしたが、きっとこの子は男の子だろうなと謎の自信がありました。妊娠5カ月の健診で、エコーをみていると、先生に教えてもらう前に素人の私でもすぐに男の子だとわかるくらい、映像にハッキリとうつっていました（笑）！ 今年8月に無事男の子が生まれました。名前は剣（つるぎ）です。初めての妊婦生活はコロナで世の中が大変な時期真っ只中でした。通院中の付き添い不可や、妊娠後期になってコロナ感染対策の為、里帰り出産受け入れ不可とのことで、元々の里帰り先の病院にいきなり受け入れを断られ、出産する病院を何件も電話して探してやっと受け入れてくれる病院が決まりました。その他にも、出産の立ち会いと面会の制限など大変なこともあり、一人心細い思いを経験しましたが、おなかの中で無事育ってくれたことに感動しています。 あの時、旦那がつるぎという名前をつけてくれたから。この子はあのタイミングでおなかにきてくれたから。たくさんの大変なこと	sound_row	https://baby-calendar.jp/knowledge/common/1515	bc
2020	M	た行	哲太	てった	予定していなかったまさかの3人目。しかも初めて男の子。日々の生活と妊娠中の不調に振り回されてあまり考えられなかったなか、旦那さんが男の子ならこんな名前いいなとずっと思っていたひとつに哲太がありました。ベタですが、おじいちゃんから哲の字をひとつもらいました。普段は、敷地内ですが必要以上に接触のない関係性でも、旦那さんがお義父さんに対しての気持ちも入っている良い名前かなと私も賛成して決まった名前です。	sound_row	https://baby-calendar.jp/knowledge/common/1515	bc
2020	M	た行	天	てん	4人目の男の子。上から凛、潤、旬。最後は「ん」、漢字一文字は絶対でした。子どもたちが考えて男の子…レン（漢字未定）、女の子…暖となり。生まれてくるまでどちらか知らずに！ いざ男の子出産。レンと決まりましたが、意味がある漢字がなく……。パパさんが考えていた「天」は画数もばっちりで、旬君は絶対にレンがいいと泣くほどでしたが、今では「天君」とかわいがってくれてます。仲良くしてるお家では、なんて名前になるかクイズのようになっていて「意外！ハズレた！」と言っていました。天のように大きく伸び伸びと天才に育ってもらいたいです。（てんママさん）	sound_row	https://baby-calendar.jp/knowledge/common/1515	bc
2020	M	た行	斗亜	とあ	出産直前まで名前の候補には亘（わたる）、斗希（とき）、斗亜（とあ）の3つが残っており、旦那とは赤ちゃんの顔を見てから決めようということになっていました。 予定日から4日後の夜についに陣痛が始まったものの陣痛の間隔が短くならず、昼間になると陣痛が遠のいてしまいお産がなかなか進まなかったので、両親と旦那にはとても心配をかけました。予定日超過7日目に病院で破水してからも子宮口が全然開かなかったため、助産師さんや看護師さんには長時間に渡り親切に丁寧なケアをしてもらいました。また、母は24時間寝ずに腰をさすったり、テニスボールで押したりと、片時も気を抜く暇もない状況の中で私を励まし、応援しながら支えてくれました。 この4日間に渡るお産の中でたくさんの方々に感謝してもしきれないほどお世話になったので、生まれてくる赤ちゃんには「自分の周りの人を敬い大切にできる、星空のように壮大で広い心を持った人になって欲しい」との想いを込めて「斗亜」にしたいと旦那にお願いして名づけました。	sound_row	https://baby-calendar.jp/knowledge/common/1515	bc
2020	M	た行	十空	とあ	夫婦共々自然が好きなので自然にまつわる感じを使いたいと思い、まず空という漢字を使いたいと思いました。いろいろと候補を考えていたところ、夫が十という漢数字にしようと言いました。私は数字かぁ〜と思いましたが、夫が十は「じゆう」	sound_row	https://baby-calendar.jp/knowledge/common/1515	bc
2020	M	た行	永愛	とあ	永愛（とあ）は、私の名前が一愛（ちなり）なので、私の名前の中の愛をとって付けました。息子に永愛とつけた理由は、まわりから永遠に愛される人になってほしいという思いでつけました。	sound_row	https://baby-calendar.jp/knowledge/common/1515	bc
2020	M	た行	柊唯	とうい	我が子を授かるまで6年にわたり高度不妊治療をしました。金銭面、精神面、私の体など、乗り越えなければならない大変なことも多かったですが、常に周りと自分を比べず、私らしく。「大丈夫、今はその時じゃなかったんだね」とリセット期間も気持ちを穏やかに過ごすことを心がけて取り組みました。これで最後にしようと決意し、病院に治療の中止を告げようとした日の結果でおなかに命が宿っていることがわかった時の驚きと動揺の気持ちは今でも忘れることができません。 我が子の名前として選んだのは15年ほど前から男の子だったらつけたいとあたためていた名前、「とうい」。名づけたのには2つの意味があります。「Toi、Toi、Toi」というドイツ語で「だいじょうぶ！きっとうまくいくよ！」という相手の幸せを願うおまじないの言葉があります。まさに私の人生そのもの。焦ったりしなくても努力は叶う。この名前は私の子に付けるべくして出会った名前だと思っています。もうひとつの意味は大人になってもおもちゃ（TOY）を好きだった頃の素直で純朴な気持ちを忘れない心優しい男性になりますようにと願いを込めました。 漢字は主人の実家が町の小さなお花屋さんということで植物の「柊」という漢字を選びました。「唯」はただひとつ。私たちにとって実家のお花屋さんは唯一の場所です。この子がお花屋さんになるかはわかりませんが、そこに確かにあった存在を忘れないように我が子の名前に刻むことにしました。	sound_row	https://baby-calendar.jp/knowledge/common/1515	bc
2020	M	た行	貴雅	とうが	パパと兄の漢字をそれぞれ一文字ずつ取って。周りの人や物を大切にできる人に。強い意志を持って人生を貫ける男の子になるように。	sound_row	https://baby-calendar.jp/knowledge/common/1515	bc
2020	M	た行	東世	とうせい	第三子の長男として誕生した東世。長女を妊娠した2012年、もし男の子だったら東世と名づけようとパパと決めていました。当時はまだ震災の爪痕が残っていましたが、復興に向かって一致団結しているときでした。場所も住む人々の人柄も、改めて自分たちの住む東北の素晴らしさを実感したのです。故郷を忘れずたくさんの場所へ羽ばたいて欲しい、という願いを込め、東北から世界へ、という意味で東世と考えました。第二子も女の子でしたが、今年、男の子を出産。あのころと気持ちは変わらなかったため、この子に東世と名づけました。	sound_row	https://baby-calendar.jp/knowledge/common/1515	bc
2020	M	た行	橙晴	とうは	コロナの影響で、早めに里帰りをしたママ。LINEでお互いの候補をあげるも、なかなかパッとせず。ただ夫婦でピッタリ合っていたのは、名前のイメージ。結婚式を挙げる際、式場のイメージをプランナーさんと決めるとき、200枚ほどの言葉（「自然な」「かわいい」「新しい」「感謝」「面白い」など）のカードの中から、新郎新婦で5枚ずつ選ぶということをした。唯一2人が揃った言葉、それは「あたたかみのある」だった。それがそのまま2人の子どもの名前のイメージになっていた私たち。3カ月ぶりの夫婦の再会。ジャズが流れていて、オシャレで落ち着いた喫茶店へ。やっとやっと顔を合わせて名前の相談（これが出産前最後のデートに）。 たくさんたくさん考えて、ふたりの意見が寄り添っていき、ついに候補決定！ 橙の色味のような、あたたかい人になってほしい。夏の青空のような晴れ晴れとして、爽やかな人になってほしい。おまけに橙は縁起が良い！ さらにおまけに、パパの出身地は愛媛県。私たちからの初めてのプレゼントである名前。まずは私たちがあたたかみのある夫婦を目指して、あたたかみのある家庭に。そうすれば、きっと橙晴もあたたかみのある人になってくれるよね♡	sound_row	https://baby-calendar.jp/knowledge/common/1515	bc
2020	M	た行	灯稀	とうま	夫婦が好きなバンドのコンセプトが「だれかの灯台になりたい」であり、息子も誰かの灯台になれるような存在。そして、めったにない唯一無二な存在になってほしい。という意味を込めて、灯稀とつけました。	sound_row	https://baby-calendar.jp/knowledge/common/1515	bc
2020	M	た行	叶真	とうま	たくさんの夢を持ち、叶えられる人になって欲しいという願いを込めて叶真と名づけました。	sound_row	https://baby-calendar.jp/knowledge/common/1515	bc
2020	M	た行	灯璃	とうり	名づけに関して、よく聞く名前も、キラキラネームも、最近の人気上位の名前も、つけたくありませんでした。幸いにも夫は命名についてはこだわりはそこまでありませんでしたので、私のつけたい名前を聞いてくれました。妊娠中から、私はいろいろな漢字を見て、これも素敵だな、これはなってほしい人柄のイメージと合うな、と、楽しく名前候補を考えていました。 母親である私自身は、家族の名前で1枚の絵になる名前をつけてもらいました。母の晴の字、父の太平洋の洋、そして、晴れた海に浮かぶヨットの帆から、私の名前が美帆になりました。1枚の絵になることを友人から「お洒落だね」と言ってもらうことが多く、子どもにもそのような名づけをしたいと思っていました。夫は「慧」。慧眼という言葉があるとおり、私は先を見通している絵が浮かびました。ヨットに乗って、一緒に将来を見通して進んでいるイメージです。本やサイトで漢字を見ているときも、海や空に関連するものが多く目にとまり、自然に関する漢字は人気ですので、煮詰まっていました。 あるとき夫に、私の名前の由来と1枚の絵の話をしたところ、「じゃあ一世代経って夜になったら、その先に見えるのは灯台だね」と言いました。今まで思い付かなかったモチーフにとてもしっくりきて、灯の字を使おうと決めました。そういえば、夫の両親も、凪いだ静かな海やと太陽の光のイメージのある漢字を使っており、祖父母まで入れても絵になります。ますます他の字を考えられなくなりました。止め字として、海の美しい濃い青のイメージの瑠璃から璃の字を選び、「灯璃」と名づけました。俳優の松坂桃李さんと音が同じで、覚えてもらいやすいかなと思っています。あとになって聞きましたが、彼の家族にもミホさんがいらっしゃるということで、驚きと親近感を覚えました。	sound_row	https://baby-calendar.jp/knowledge/common/1515	bc
2020	M	た行	橙凜	とうり	付き合って9カ月ごろ、妊娠判明。23歳だったため、両家両親の説得。38時間に及ぶ分娩時間。コロナの影響で立ち会いも面会もできず、ひとりの時間。つらく苦しかったですが、どうしても自然分娩で産んであげたいと思い、促進剤を使用して必死に頑張りました。産声を聞いた時は今までにない感動で、電話をすることが許され、すぐに旦那に電話しました。旦那も親も泣いて喜んでくれました。 第一子の名前は旦那に決めてもらうと決めていたので聞きました。『名前は？』 「橙凜」『意味は？』「9月生まれだから秋に関する漢字をつけたくて、明るいっていう意味で“橙”。“凜”は、“凛”のほうがよく使われるけど、“凜”は天から授かった宝物って意味が含まれるんだって」と聞いた瞬間、この子を産んでよかったと心の底から思いました。 “明るく元気な子に育ちますように、あなたは天から授かった宝物、かけがえのない存在だよ”という思いが込められています。橙凜が大きくなった時、画数が多くて書くのが大変かもしれないけど、名前に込めた思いを伝えて大事に大切に育てていきたいと思います！	sound_row	https://baby-calendar.jp/knowledge/common/1515	bc
2020	M	た行	寿也	としや	パパの名前の一部の「とし」から響きをもらいました。実は祖父も「とし」が入ります。敏→利→寿三世代で漢字は違えど「とし」仲間♪ としやに寿を使ったのは、長生きの長寿の他に、健康で人生にたくさん幸せなことがありますように。様々な幸せに気づいて、喜んでいける人になってほしいという願いを込めました。ちょっとした幸せに気づいて喜べる人になれると、人生はきっと楽しいものになると思います。いっぱい笑って、一緒にたくさんの幸せを見つけていこうね！	sound_row	https://baby-calendar.jp/knowledge/common/1515	bc
2020	M	た行	徳望	とも	旦那さんの家は、代々男の子には「徳」がついていて、義父さんから必ず「徳」の字を入れて欲しいとお願いされました。「徳」を入れて画数の良いものを探し、漢字は「徳望」に決定し、読み方の候補を2つに絞って出産に臨みました。生まれてきたわが子の両手に5円玉を握らせ、右手が開けば「めぐむ」、左手が開けば「とも」にすることにしました。わが子は左手を開いたので「とも」に決まりました。子どもが成長したら、自分で自分の名前を選んだことを伝えてたいです。	sound_row	https://baby-calendar.jp/knowledge/common/1515	bc
2020	M	た行	智也	ともや	臨月に入ってからすぐの妊婦健診。超音波検査をしていたお医者さんが「赤ちゃんは男の子っぽいね〜」と教えてくれてびっくり仰天。というのも、それまでの健診で性別は女の子としか言われていなかったので、男の子の名前候補を全く立てていなかったからです。 慌てて男の子の名前を考え始めたのですが、ここでトラブル発生！ 夫と名づけのことで喧嘩になり、名づけどころか会話も少なくなる状態……。刻々と迫る出産予定日に、焦った私たちが助けを求めた相手が夫のお母さんでした。夫も私も、頑固で譲らない性格。そこでお義母さんに男の子の名前候補をいくつか考えてもらって、その中から夫婦2人で最終的な名前を選ぼう、と話がまとまりました。 不思議なことに夫婦2人で決めようとしていたときよりも、スルスルと名前を決められて、お義母さんも名づけに参加できたことを喜んでくれて、結果的に大成功の方法でした。お義母さんによると、智也は叡智にあふれる子、賢い子になってほしいと願ってつけた名前だそうです。赤ちゃんがもう少し大きくなったときに、あなたの名前は、ばあばがつけてくれたのよと教えてあげるのが今からとても楽しみです。	sound_row	https://baby-calendar.jp/knowledge/common/1515	bc
2020	M	た行	寅之助	とらのすけ	寅という字にはつつしんでいずまいを正すという意味があり、強く勇敢な中にも謙虚さと誠実さを持った男の子に育ってほしいという思いがあります。また、そのたくましく強い心で誰かを助けたり支えたりできるような人になってほしいという思いで名づけました。（寅くんママさん） 歴代の赤ちゃんの名づけエピソード大賞 2020年赤ちゃんの名づけエピソード大賞 ＞ 2019年赤ちゃんの名づけエピソード大賞 ＞ 2018年赤ちゃんの名づけエピソード大賞 ＞ 2017年赤ちゃんの名づけエピソード大賞 ＞ 2016年赤ちゃんの名づけエピソード大賞 ＞ 2015年赤ちゃんの名づけエピソード大賞 ＞ 歴代の赤ちゃんの名前ランキング 2020年赤ちゃんの名前ランキング ＞ 2019年赤ちゃんの名前ランキング ＞ 2018年赤ちゃんの名前ランキング ＞ 2017年赤ちゃんの名前ランキング ＞ 2016年赤ちゃんの名前ランキング ＞ 2015年赤ちゃんの名前ランキング ＞ 2014年赤ちゃんの名前ランキング ＞ 2013年赤ちゃんの名前ランキング ＞ 2012年赤ちゃんの名前ランキング ＞ 2011年赤ちゃんの名前ランキング ＞ 2010年赤ちゃんの名前ランキング ＞ あなたの“今”の悩みを専門家に無料で相談できます 自分だけでは解決できない不安やお悩みは、助産師や管理栄養士などの専門家に個別相談してみませんか？ 専門家に相談する その他についての悩み もっと見る 専門家に相談する 妊娠・育児アプリ ベビーカレンダー記事制作の取り組み ＼ この記事にいいね！しよう ／ 0 クリップ 現在ログインしていません。 ログイン しますか？ シェアする 名前ランキング検索 ベビーカレンダーが独自で調査・集計した2017年以降に生まれた赤ちゃんの名前データの中から、知りたい名前の順位、よみの順位、漢字の順位を見ることができます。 【名前で検索】【よみ方で検索】が名前の一部で検索できるようになりました！ 名前で検索 男の子 女の子 と一致する で始まる で終わる を含む 検索 よみ方で検索 男の子 女の子 と一致する で始まる で終わる を含む 検索 漢字で検索 男の子 女の子 検索 ご利用のルールとマナー ベビーカレンダーへのご意見をお聞かせください ご質問・お問い合わせはこちら 赤ちゃんの成長にあったママに必要な	sound_row	https://baby-calendar.jp/knowledge/common/1515	bc
2020	F	な行	夏蓮	なぎ	夏の太陽のように元気で明るく、蓮の花のように儚く美しく。	sound_row	https://baby-calendar.jp/knowledge/common/1526	bc
2020	F	な行	渚	なぎさ	新型コロナ流行初期のころ、夫と気晴らしにドライブで行った角島。海を見ると気持ちがすっきりして2人にとってパワースポットだと感じました。途中、「渚の交番」という建物を見かけて、渚っていいねと一瞬で決定。 渚には波打ち際、人が集まる憩いの場所という意味があり、私たちにとって角島がパワーを与えてくれた場所であるように、誰からも愛される元気で明るい子に育ってほしいという意味を込めて名づけた。	sound_row	https://baby-calendar.jp/knowledge/common/1526	bc
2020	F	な行	凪沙	なぎさ	赤ちゃんがおなかに来てから、引っ越し、介護、実家の引き払い、切迫早産で早めの休職など目まぐるしい日々だったので、せめてこの子には安定した人生を送れるような名前をあげたいと思いました。予定が7月だったので夏らしい響きの名前を考えていました。 凪沙の凪は波が止んで穏やかな海の様子。凪沙の沙は砂の意味もあります。穏やかで開かれた人生を、そして砂の中からも素敵なものを見つけられる子になってほしいと思い名づけました。今のところ、にこやかで元気いっぱいに育ってくれています。娘に感謝です。	sound_row	https://baby-calendar.jp/knowledge/common/1526	bc
2020	F	な行	凪心	なこ	2人目なので、お兄ちゃんと共通点のある名前にしたいなと思うところからはじまりました。夫婦で女の子だと2文字がいいな、と意見も合ったのでしぼられていきました。お兄ちゃんの名前から『な』をとり、呼びやすい音を考えて『なこ』となりました。漢字は夏生まれとゆうことと、おだやかの意味を持つ『凪』に、そんなこころをもってほしいと『心』と名づけました。	sound_row	https://baby-calendar.jp/knowledge/common/1526	bc
2020	F	な行	菜沙	なずな	いつもうちは、子どもが生まれる前に夫婦でいくつか候補の名前を決めて、実際生まれた顔を見て名前を最終決定します。3番目の子が生まれるので、夫婦で話し合って、3つ決めていました。 一つは雛多（ひなた）、イメージ黄色。みんなに可愛がってもらえますように。 二つ目は結灯（ゆうひ）、イメージ赤。小さな光をともし、周りをてらせる子。 三つ目は菜沙（なずな）、イメージ青。夏の青い海のサラサラの沙のように清々しい子。 そして、まさに生まれた日が雨続きの中の唯一の晴天。空気も清々しく、気持ちの良い日でした。顔を見ても、この名前だなーと感じでいました。生まれた後、次の日に夫婦で一斉に出した名前は、夫婦一致の菜沙（なずな）でした。	sound_row	https://baby-calendar.jp/knowledge/common/1526	bc
2020	F	な行	那津	なつ	10月にプロポーズをしてもらい、1カ月後に結婚指輪を見に行きました。指輪購入の翌日に妊娠がわかり、驚きつつも二人でとても喜んでいました。妊娠中の性別もわからない時に「赤ちゃんに仮の呼び名をつけよう！」と夫が提案し、7月末の夏が出産予定だったこともあり、案を出し合うまでもなく『なっちゃん』と呼ぶことに決まりました。 予定日が近づき名前を考えようという時、お互いに気になる名前を出し合おうということになりましたが、半年以上も『なっちゃん』と呼んできたため愛着があり、『なっちゃん』と呼べる名前にすることにしました。読みを『なつ』とすることに決め、漢字を決める時には、様々な組み合わせの候補の漢字の意味を調べました。お互いに直感で選んだ漢字は『那津』でしたが、画数やフルネームの漢字の字面などいろいろ悩みました。 最終的には、私が沖縄出身であることから『那』を、夫が福島で被災していたり幼少時に水難事故に遭ったり、ずっと水泳をしていることなど水に関わることがあり『津』を最終候補とし、しなやかで美しく、良き仲間に恵まれる人になってほしいと願いを込めて、最初に良いと思った『那津』としました。	sound_row	https://baby-calendar.jp/knowledge/common/1526	bc
2020	F	な行	夏葵	なつき	お兄ちゃんが生まれて1年半後、2人目を妊娠。お兄ちゃんの時と同じ切迫流産診断で休職、つらい悪阻期間を乗り越え安定期に入り、安静解除となって復職した後出血。感染症にかかっていることが判明し、入院するが張り止めの点滴でも陣痛を止められず死産……。お兄ちゃんそっくりの男の子。自分をたくさん責めた。あの時もっとちゃんと診てくれていれば、一度診てもらったからと腹痛を我慢しなければよかった、と。 妊活を再開するが、すぐに授かっていたのに全く妊娠しなかった。諦めかけていた時、妊娠。ちょうど死産から2年経った時だった。切迫流産、切迫早産の診断。死産した時と同じくらいの時期に原因不明の出血が始まり、ひたすら寝たきりの生活。止まってはまた出血してを繰り返しお兄ちゃんのお世話もできず、精神的にも追い詰められたけれど、周りのサポートもあってとにかく無事に生まれてくれることをみんなで祈った。 お兄ちゃんにつけた「葵」が6月の花であることを知り使いたくて、元気に生まれてまっすぐかわいく夏の日差しのように明るく成長してくれるように、夏葵と名づけました。今、みんなになっちゃんと呼ばれて、生まれるまでのトラブルが嘘のように何事もなくすくすく育ってくれています。（あおちゃん＆なっちゃんママさん）	sound_row	https://baby-calendar.jp/knowledge/common/1526	bc
2020	F	な行	夏希	なつき	この子の妊娠がわかって1週間ぐらいした時に見た夢で、旦那と自分、3歳ぐらいの女の子と公園で遊んでいて自分が呼んでいた名前。夢で見た女の子の顔とかは覚えてないけど、起きてから旦那に話をしたら、いい名前だからとそのままつけた。漢字も旦那と考えている字が全く一緒だったから。	sound_row	https://baby-calendar.jp/knowledge/common/1526	bc
2020	F	な行	菜摘那	なづな	我が家は名前の響きから決めました。ある漫画の登場人物に「なづな」ちゃんが出てきた瞬間、夫婦でこれだ！と迷わず決まり、妊娠中からおなかの子に呼びかけていました。そして、4月に生まれたので、菜っ葉を摘むように輝いてほしいと意味を込めて名づけました。	sound_row	https://baby-calendar.jp/knowledge/common/1526	bc
2020	F	な行	夏帆	なつほ	夏生まれ。海のイメージの帆。 帆は風をうけて進んでいくので、周りの人に支えられながらも自分で歩いていける人になってほしい。名字が2文字のため、バランスをとって3文字読める名前にしたい。変換や書くのが難しくない。	sound_row	https://baby-calendar.jp/knowledge/common/1526	bc
2020	F	な行	なつめ	なつめ	新婚旅行でドバイに行き、そこでパワーフードとして大人気だった『デーツ』。デーツは『なつめやし』の実でできており、果実や植物から名前をつけたいと思っていたので、ドバイで『神様の果実』と呼ばれている『なつめやし』から『なつめ』と名づけて、神様からいただいた命を大切にしようと思いました。また、いつまでも新婚のころを思い出して、家族仲良く幸せに暮らしたいという気持ちも込めています。	sound_row	https://baby-calendar.jp/knowledge/common/1526	bc
2020	F	な行	菜那	なな	子どもの名づけには、漢字の意味や親の思い願いを込める方がたくさんいるといると思います。私たちも妊娠当初はそう思ってました！ しかし妊娠5カ月の妊婦健診の朝、旦那さんが起きてきて「なな、名前はななにする！」と突然言い出して、そのまま妊婦健診に向かうと女の子と判明！ 後々ゆっくり聞くと夢の中で小さい女の子が出てきて、名前を聞いたらななと名乗ったそうです。信じられないような話しですが、妊娠出産を経て、今となると神秘的だな〜と娘の名前をとても気に入っています。	sound_row	https://baby-calendar.jp/knowledge/common/1526	bc
2020	F	な行	七海	ななか	娘の名前は、お兄ちゃんたちの名前と同様に、父親と母親の名前から取り入れようと思いました。そこで、父親の名前の「大」という漢字と、母親の名前の由来、「アクアマリン」から、「海」の漢字を連想し、「海」を使った名前にしたいと考えました。いろいろな漢字を組み合わせ、画数・バランス・呼び方・漢字の意味から、「七海」という名前にしました。「七」はラッキーセブンの七、このコロナ禍で不安定な情勢の中でも、幸運を必ず掴み取る強い女性になってほしい。また、「海」のように、大きく広くキラキラと輝く美しい心をもった女性になってほしいという願いを、その名前に込めました。 お兄ちゃんたちの名前が個性的な名前なのに比べ、そのままの読みではインパクトがやや足りないと悩んだ結果、「海」を「か」と呼ぶことにし、今ではこの個性的な「ナナちゃん」らしい名前を、家族みんなとても気に入っています。	sound_row	https://baby-calendar.jp/knowledge/common/1526	bc
2020	F	な行	七海	ななみ	10年ほど前に夢に父がでてきて、その時に呼んでる子どもの名前がななみでした。そのころから女の子が生まれたら、ななみとつけようと決めていました。漢字は妊娠してから決めました。七は幸せな人生になりますように、海は心の広い優しい子に育ってほしい、と願いをこめました。	sound_row	https://baby-calendar.jp/knowledge/common/1526	bc
2020	F	な行	七美	ななみ	最終候補は「七海」と「ひなた」。生まれてから顔を見て決めようと思っていました。けれどどちらの名前も気に入っていたため、なかなか決めきれませんでした。そんなとき、出産祝いに会いに来てくれた産院の先生と奥さま。そこで改めて、先生の名前に「美しい」という一文字があることを思い出しました。大変お世話になった産院の方々のように温かい人になってもらいたいと願いを込めて、先生の名前からもらい「七美」とすることにしました。 そして七つの「美しい」を探すことに。心の美しい人、瞳の美しい人、産院の方々のような温かい人になってもらいたい等……。七つ目のエピソードは、七美が大きくなってから自分で見つけてもらいたいと思っています。	sound_row	https://baby-calendar.jp/knowledge/common/1526	bc
2020	F	な行	奈々未	ななみ	私の名前が望（のぞみ）で、女の子が生まれたら私と同じ「み」で終わる3文字の名前にしようと夫が提案してくれました。そこで娘が結婚するまでは同じイニシャルでいられるよう、Nから始まる名前で考え、響きでななみにしました。奈は末広がりでバランスがとりやすく、未来に向かって根をはやし、やがて大樹となり、周囲の人を雨宿りさせてあげられるような存在になってほしいと思います。また娘とともに私自身が成長し、同じ響きの名前で嬉しいと思ってもらえるような母親、人になりたいと思います。	sound_row	https://baby-calendar.jp/knowledge/common/1526	bc
2020	F	な行	夏乃花	なのは	7月の夏に生まれるので夏を。花は夏と言えば向日葵。向日葵のように太陽に向かって笑顔で微笑んで、たくさんの人を笑顔にできる人に。何本もいっぱい並んで咲き、同じ方向を向く花の様に、寄り添ってずっと笑いの絶えない家族の1人でいようねと意味を込めました。	sound_row	https://baby-calendar.jp/knowledge/common/1526	bc
2020	F	な行	凪結	なゆ	母親の私がダイビングをするので、海にちなんだ名前をつけました。凪というと穏やかなイメージですが、海の中は海藻が芽吹き幼魚が生まれ始め生命力に溢れています。優しいだけじゃなくて、バイタリティ溢れる好奇心旺盛な子になってほしいなと思います。また、人との縁を大切にしてほしいので「結」の字を使いました。（なゆママさん）	sound_row	https://baby-calendar.jp/knowledge/common/1526	bc
2020	F	な行	仁伽	にか	周りの人をニコニコ笑顔にしてほしい。	sound_row	https://baby-calendar.jp/knowledge/common/1526	bc
2020	F	な行	仁琴	にこ	名づけ親は、上の娘（長女）でした。今年4歳になる娘は小さい子が大好きで、妹ができることを伝えると、とても喜んでいました。「早く生まれないかな」と毎日楽しみにするほどでした。私にとっても待望の妊娠だったので、とても嬉しく思っていましたが、そんな折のコロナ禍。里帰りの心配や外出時のストレスなどから、次第にイライラが募るようになり、それが顔にも表れるようになったのでしょう。ある日、娘が言ったのです。「おなかの赤ちゃんのお名前は『ニコちゃん』にしようよ」「どうして？」「ママのお顔、ニコニコちゃんじゃないから。赤ちゃんはニコニコしててほしいの。赤ちゃんがニコニコなら、ママもニコニコちゃんになるでしょ？」と。娘の言葉にハッとして、娘の前でもイライラしてしまい心配をかけてしまっていたのだと気づかされ、申し訳ない気持ちとそんな私でも心配してくれる優しい娘に感動しました。 もともと、2番目の娘なので『に』から始まる名前を付けたいなと思っていたので、娘が名づけてくれた『にこ』を名前の読みにし、長女の優しい心から生まれた名前なので、思いやりのある優しく愛される子になってほしい想いを込めて『仁』の漢字を入れました。 そして、今年9月に無事に出産。長女は大喜びし、毎日お世話などをして可愛がっています。長女の想いどおり、娘たちの元気な様子を見て、毎日ニコニコできています。（いちか&にこママさん）	sound_row	https://baby-calendar.jp/knowledge/common/1526	bc
2020	F	な行	寧々	ねね	関西の人は秀吉が大好き。秀吉の正室、高台院寧々から名前をいただきました。	sound_row	https://baby-calendar.jp/knowledge/common/1526	bc
2020	F	な行	寧々	ねね	わが家の次女として元気に生まれてくれました。豊臣秀吉の妻であるねね（おね）のように容姿端麗、頭脳明晰そして人から愛される人になってほしいと願い命名しました。また、内助の功で有名な山内一豊の妻である千代にちなみ、長女は千代と命名しました。歴史上の千代とねねは、とても親しい間柄だと言われています。姉妹が仲良くいられることも願っています。（よしこりんさん）	sound_row	https://baby-calendar.jp/knowledge/common/1526	bc
2020	F	な行	希	のぞみ	希望に満ちた素晴らしい人生を送ってほしい。自分だけでなく周りの人にも希望を与えられるような立派な人間になってほしい。	sound_row	https://baby-calendar.jp/knowledge/common/1526	bc
2020	F	な行	野花	のどか	野に咲く花のように、雨風（様々な困難）にも負けず太陽や水（私たち両親や周りの助けてくれる人）に支えられながら伸び伸びと成長し、自分らしい花を開花出来ますように。また、穏やかな子になりますように。という想いで名づけました。新生児仮死で生まれてきましたが、名前の通り生命力がとても強く、元気に成長しています。	sound_row	https://baby-calendar.jp/knowledge/common/1526	bc
2020	F	な行	和花	のどか	コロナ禍で世界中が大変な状況にあった妊娠期、夫は海外赴任中のため電話で話し合っていたこともあり、ギリギリまで名前が決まりませんでした。優しい子、思いやりのある子……等、自分たちの願いを名前にしても、なかなかしっくりいかず悩んでいた時、こんな大変な時に生まれるからこそ、周囲の人、社会、ゆくゆくは世界を平和な心にする子に育ってほしいと強く思うようになりました。そこから、平和である花を咲かせる子にという願いをこめて、和花と名づけました。（あおママさん） 歴代の赤ちゃんの名づけエピソード大賞 2020年赤ちゃんの名づけエピソード大賞 ＞ 2019年赤ちゃんの名づけエピソード大賞 ＞ 2018年赤ちゃんの名づけエピソード大賞 ＞ 2017年赤ちゃんの名づけエピソード大賞 ＞ 2016年赤ちゃんの名づけエピソード大賞 ＞ 2015年赤ちゃんの名づけエピソード大賞 ＞ 歴代の赤ちゃんの名前ランキング 2020年赤ちゃんの名前ランキング ＞ 2019年赤ちゃんの名前ランキング ＞ 2018年赤ちゃんの名前ランキング ＞ 2017年赤ちゃんの名前ランキング ＞ 2016年赤ちゃんの名前ランキング ＞ 2015年赤ちゃんの名前ランキング ＞ 2014年赤ちゃんの名前ランキング ＞ 2013年赤ちゃんの名前ランキング ＞ 2012年赤ちゃんの名前ランキング ＞ 2011年赤ちゃんの名前ランキング ＞ 2010年赤ちゃんの名前ランキング ＞ あなたの“今”の悩みを専門家に無料で相談できます 自分だけでは解決できない不安やお悩みは、助産師や管理栄養士などの専門家に個別相談してみませんか？ 専門家に相談する その他についての悩み もっと見る 専門家に相談する 妊娠・育児アプリ ベビーカレンダー記事制作の取り組み ＼ この記事にいいね！しよう ／ 0 クリップ 現在ログインしていません。 ログイン しますか？ シェアする 名前ランキング検索 ベビーカレンダーが独自で調査・集計した2017年以降に生まれた赤ちゃんの名前データの中から、知りたい名前の順位、よみの順位、漢字の順位を見ることができます。 【名前で検索】【よみ方で検索】が名前の一部で検索できるようになりました！ 名前で検索 男の子 女の子 と一致する で始まる で終わる を含む 検索 よみ方で検索 男の子 女の子 と一致する で始まる	sound_row	https://baby-calendar.jp/knowledge/common/1526	bc
2020	M	な行	七央	なお	出産予定日が7月7日でした。6月に生まれたらじゅん君、7月中に生まれたら穂高君、予定日ぴったりだったら七生君にしようと考えていました。予定日前日の検診で、「次は、しあさって」と言われ、穂高君に決定だなぁと思っていたら、まさかの陣痛が……。予定日ぴったりで生まれました。でも、七生だと意味があまり気に入るものではなく、七央に落ち着きました。女子ネームとは言われますが、とても呼びやすく、上の娘たちはメロメロです。由来はあまりにも安易ですが、7月7日生まれなので。平仮名でも漢字でも7画です。	sound_row	https://baby-calendar.jp/knowledge/common/1516	bc
2020	M	な行	直想	なお	一番初めに、旦那と2人で“どんな子どもになってほしいか”をいくつか書き出しました。「素直な子」「人を想いやれる子」など、ほかにもいろいろ……。その中から好きな漢字に丸をしていると、直と想が目に入り、なおと読んでみるとすごくしっくりきたので“直想（なお）”に決めました。	sound_row	https://baby-calendar.jp/knowledge/common/1516	bc
2020	M	な行	直希	なおき	主人と親戚の男性が、狙ってないのにみんな「○○き」の名前のため、長男もその流れに。今回次男も例に漏れず、き止めの名前を考えました。最初は「なつき」を考えていましたが、悲しいことに名字とどれも相性があわずなくなく断念。長男は「はるき」、次男は「なつき」になったらいいなと思ったのに。実家でも義実家でも「なつき」の候補がでていたので、本当に残念でした。あとは、姓名判断で「まさき」「なおき」「ごうき」が残り、最終的に生まれてからの顔をみて決めました。ただ、はじめに決めていた「なおき」の漢字が決まったあとに、義実家よりダメだしされてしまい、入院中に再度漢字だけ別の字に変えました。最終候補に残しておくんだから、旦那には打診として聞いておいてほしかった。	sound_row	https://baby-calendar.jp/knowledge/common/1516	bc
2020	M	な行	尚昊	なおひろ	主人の海外駐在が決まり、出国日まであと3日のタイミングで妊娠が判明。大事をとって、わたしは日本に残ることに。妊娠期間は主人と離れての生活。そんな中で新型コロナの流行。つらいと思うこともたくさんあったけれど、健診の度におなかの子がすくすく育ってくれている事を確認すると、心があったかくなり、明るい気持ちで過ごせました。こんな不安で世間が暗い雰囲気の中、わたしたち夫婦はこの子の存在のおかげで明るい気持ちでいれている。出産予定日が夏だったので、太陽が高く昇る夏の空のように、こんな暗い世の中でも周りを明るく照らし、素直で志を高く持った人間になってほしいと名づけました。	sound_row	https://baby-calendar.jp/knowledge/common/1516	bc
2020	M	な行	梛木	なぎ	縁起の良い木、梛の木から名前をいただきました。梛の木の葉は裏表が変わらず綺麗な様子であるので裏表のない正直な人間に育ってほしいと思いを込めて名づけました。また良縁にも恵まれるとされる梛の木のように人生で良い縁に恵まれてほしいとも思いました。	sound_row	https://baby-calendar.jp/knowledge/common/1516	bc
2020	M	な行	凪瑳	なぎさ	穏やかで周りを癒やし、努力して自分を磨いていけるように。	sound_row	https://baby-calendar.jp/knowledge/common/1516	bc
2020	M	な行	梛杜	なぎと	漢字検定に出てきた『和ぐ』。『なぐ』と読みますが、知っている人は少ないと思います。意味は心が和ぐ、穏やかになる、やわらぐ、ないでいる、などです。そのまま『和ぐ』としたかったのですが、漢字と平仮名か混在しているので、『梛』を使うことにしました。『梛』の木も神社に祭られていたり、『梛』の木の葉をお守りに持って帰ったり、凪いでいるを連想させるので、航海の安全を願ったりと良い意味だなーと思って使いました。姓名判断から『梛』に合うのは7画でした。『杜』は果物のヤマナシの意味もあり、小さな花を咲かせる木です。9月生まれなので、ヤマナシの花はちょうど見頃で使いました。	sound_row	https://baby-calendar.jp/knowledge/common/1516	bc
2020	M	な行	七椿	なつ	そろそろ2人目をと妊活を始めましたが、なかなか授からず、周りが2人目をどんどん授かっていくのを見て正直焦っていました。そんな矢先に妊娠出来ましたが、初期流産。検診に行くと心拍が止まっていました。 ショックで立ち直るのに2カ月かかりましたが、その後再度妊娠。また流産しないか不安な毎日を送っていたらおなかの張りと出血の絨毛羊膜炎になり入院。良くならず総合病院に転院し退院出来ましたが1週間後に大量出血し、「今度は胎盤からかもしれないので止まらなければ退院出来ません。早産になるかもしれません」と言われ続けました。 コロナで面会も出来ないまま入退院を繰り返し精神的にもボロボロでした。37週で元いた産院に戻る事ができ、マタニティフォトを撮る事も出来ました。七椿が選んだ日は私の誕生日前日でした。七椿の「七」は入院中何度か見た虹の色の数から。「椿」はたくさんの人に支えられたので、これから愛の溢れる人になってねと込めて付けました。 何度も何度も奇跡を起こし無事に正期産で生まれてきてくれたミラクルボーイ。毎日生まれてきてくれてありがとうと感謝でいっぱいです。	sound_row	https://baby-calendar.jp/knowledge/common/1516	bc
2020	M	な行	凪都	なつ	結婚する前に夫がチラッと、男の子でも女の子でも「人懐っこい」子どもになるように“なつ”がいいなぁと言っていました。 そんなこともすっかり忘れ、私たち2人は新婚旅行に向かうバスの中、ああでもないこうでもないとずっと名前を考えていました。向かう先はハワイ。穏やかな波と綺麗な景色が楽しみだね〜なんて話していると、「凪」って漢字いいなあ！と2人の意見が一致。「な」がつく男の子の名前かぁ……と考えていると、常夏のハワイ……。あ！！なつ！！なつにしよう！！とあの時の話も思い出し、凪都（なつ）になりました。 凪…おだやかで、都…みやこのように自然と人が集まってくるという想いを込めて、この名前に決まりました。春生まれですけどね……。	sound_row	https://baby-calendar.jp/knowledge/common/1516	bc
2020	M	な行	永紬	なつ	予定日を1週間過ぎても生まれる気配のなかった赤ちゃん。このままいけば計画入院で陣痛促進剤とバルーンを使って……と言われ、覚悟を決めていました。しかし計画入院前日、朝から陣痛がきました。新型コロナの影響で誰も立ち会うことができず、助産師さんに支えてもらいながら陣痛に耐えていました。しかし、赤ちゃんが少し苦しそうとのことで、何度も体勢を変えて頑張っていたのですが、なかなか良くならず徐脈に。 そこに私の高血圧が重なり、これ以上続けることは母子共に危険との判断で、緊急帝王切開になりました。急な手術で心細かったですが、赤ちゃんのために頑張ろうと思いました。 その後無事元気な男の子が生まれました。一瞬だけ顔を見せてもらうことができて、無事に生まれてきてくれてほっとしました。やっと赤ちゃんにゆっくり会えると楽しみにしていたのですが、私がHELLP症候群を発症していた疑いがあると言われ、私だけ他の病院へ緊急搬送されました。赤ちゃんを少しだけ抱っこさせてもらいましたが、離れ離れになるのがとてもつらかったです。 何が何だかわからないまま転院し、たくさんの採血と点滴、後陣痛、傷口の痛み、何より赤ちゃんに会えないことが不安で、とてもつらい入院生活でした。先生によると私はHELLP症候群と妊娠高血圧症候群を併発していたそう。あのまま陣痛に耐えて自然分娩をしていればとても危険だったようです。 赤ちゃんの徐脈があったことで、すぐに帝王切開を受け入れることができたので、二人が助かるための赤ちゃんからのサインだったのかなと思いました。幸い、輸血の副作用もなく順調に回復したので、先生にお願いして数日で退院し、赤ちゃんの元へ戻ることができました。 赤ちゃんは私がいない間、たくさん泣いていたようで、ママがいないことに気づいていたのかな。一緒にいられなくてごめんねという気持ちと同時に、今日からはこの子のために頑張ろうと強く思いました。 永紬という名前は、紬という字が屑繭や不揃いの紬糸を集めて作る庶民的な絹織物の名前で、丈夫で何代にも渡って着られたりする物なのですが、そんな織物の様に分け隔てなくいろいろな人の縁を永く紬ぐような、人との繋がりを大事にする人になってほしい。また、紬は今は品のある粋な着物という位置付けでもあるので、そういう品や男気も持ってほしいという思いを込めました。 少し小さく生まれた我が子です	sound_row	https://baby-calendar.jp/knowledge/common/1516	bc
2020	M	な行	成継	なつ	8月が出産予定日で男の子だとわかったころ。予定日は昨年93歳で亡くなった私たちの大好きだったおじいちゃん（息子からしたらひいおじいちゃん）の誕生日も近かったため、おじいちゃんの名前から「継」の字をいただき、夏生まれなので「なつ」という名前にすることに決まりました。 そして長男の名前から「成」をもらい「成継」と名づけることに決まりました。長男にも「赤ちゃんのお名前にあなたの名前から一文字もらうね」と伝えると、とても嬉しかったようで、じいじやばあば、保育園の先生にもそのことを話していました。 実は成継の妊娠が分かった時、長男は複雑な心境だったようで「赤ちゃんなんかいらない！」と言っていたのですが、七夕の短冊には「おかあちゃんのおなかのなかの赤ちゃんが げんきにうまれてきますように」とお願いしてくれたり、今では誰よりも成継のことを可愛がってくれています。大切なひいおじいちゃんとお兄ちゃん、2人の名前をもらい、夏生まれの成継は誕生しました。	sound_row	https://baby-calendar.jp/knowledge/common/1516	bc
2020	M	な行	夏輝	なつき	息子の人生が、清々しい夏の青空のように晴れ渡ってほしい。優しい子になってほしい。人生辉煌になってほしい。私たちの元に来てくれてありがとう、という意味を込めて命名しました。（赟ママさん）	sound_row	https://baby-calendar.jp/knowledge/common/1516	bc
2020	M	な行	仁己	にこ	あれこれ名前の候補はありましたが、生まれてくるころ、新型コロナが流行してしまい……、暗いニュースばかりでした。これからの人生 ニコニコして笑顔でいれば周りも自分もハッピーになれるよ！という気持ちを込めて、ニコと名づけました。	sound_row	https://baby-calendar.jp/knowledge/common/1516	bc
2020	M	な行	虹空	にじと	2人目の子がおなかにいる時、戌の日に神社へお参りに行った時の写真に緑の光が家族を包むように写った。調べると龍の神様だということがわかり、それにちなんだ名前にしたかった。虹は龍神と言われているいうことがわかり、虹という文字を使いたかった。由来は、虹のように皆の笑顔の架け橋になるような人に育ち、虹の龍神のように強く優しい子に育ってほしい。 そして、出産予定日が、2月14日なのでゴロで「にじ」とも読めると思い考えていたのですが、1月21日に生まれてきました。でも21でも「にじ」になるかなと思い、偶然か必然か全てが重なりました！ 空は、あて字ですが、私自身海、空、虹が好きなので。お兄ちゃんが海がついていることから、空にしたいと決めました。（まぁかあちゃんさん）	sound_row	https://baby-calendar.jp/knowledge/common/1516	bc
2020	M	な行	希光	のぞみ	妊娠がわかった時は、喜びと悲しさがぐちゃぐちゃで泣きながら夫に報告しました。 その理由というのは、保育士をしている自分は3月に卒園予定の年長児のクラス担任なのに出産予定日は4月、産休に入るのは2月中旬。卒園まで子どもたちと過ごせないことがとても悔しくて申し訳ない気持ちと、大好きな家族が増えることの喜びとで喜びたいけど喜べない自分がいました。 それでも幸せなことにおなかに来てくれた我が子は順調に大きくなっていってくれました。すぐに職場に報告し、保育園の子どもたちや保護者には安定期に入ってから卒園までいられないことを謝りながら報告しました。しかし子どもたちは、おなかに赤ちゃんがいるとわかると毎日「あかちゃーん！げんき？」と呼びかけたり、おなかをさすってくれたり、名前を考えてくれたりして、その姿にとても救われ、私も少しずつ我が子に会えることが楽しみになってきていました。 そんな時に夫が子どもの名前を「のぞみ」と考えてくれました。私の名前の1字である「希」をつかいたいこと、生まれるまで性別を聞かないことにしていたので男女どちらにも合う名前であることで考えてくれて、字画を調べて「希光」となりました。 また、結婚式のサプライズで私の父からもらった手紙には「2人で新しい希望を目指して進んでください」と書かれていました。まるで息子のことを言っているような手紙に今ではびっくりです。 私や夫にとっては新しい「希望の光」である息子。私たちの周囲みんなが「会えることを待ち望んでくれた」息子。いつか息子が大きくなったら「あなたはみんなに生まれるのを楽しみに待っててもらったのよ」と話したいと思っています。そして、コロナが騒がれているため、卒園していった子どもたちには出産後まだ会えていませんが、いつか会えたら「待っててくれてありがとう。みんなに待ってもらっていたから元気に生まれてきてくれたよ」と伝えたいと思っています。（のんママさん） 歴代の赤ちゃんの名づけエピソード大賞 2020年赤ちゃんの名づけエピソード大賞 ＞ 2019年赤ちゃんの名づけエピソード大賞 ＞ 2018年赤ちゃんの名づけエピソード大賞 ＞ 2017年赤ちゃんの名づけエピソード大賞 ＞ 2016年赤ちゃんの名づけエピソード大賞 ＞ 2015年赤ちゃんの名づけエピソード大賞 ＞ 歴代の赤ちゃんの名前ランキング 2020年赤ちゃん	sound_row	https://baby-calendar.jp/knowledge/common/1516	bc
2020	F	は行	春寿姫	はずき	長女が杏寿（あんじゅ）、次女が寿音（ことね）読み方違いで「寿」を長女は名前終わりに、次女は名前始まりに使用しました。3女にも「寿」を真ん中に入れてつけたく思い考えていました。妊娠中は産院の検診中に出血し、切迫早産で緊急入院でつわりもひどく、2カ月ほど動けませんでした。妊娠後期には切迫早産と子宮下垂で緊急入院で1カ月動けず、破水をして緊急帝王切開で生みました。すごく大変でしたが家族や産院のサポートで無事に健康で生まれてくれました。 小さく生まれたため、産院でもミルクを飲ませるのも20mlを1時間かけて助産師さんが飲ませてくれたりしていました。3人の中で1番手がかかったお姫様だったので「姫」を、春生まれで「春」を使い、「春寿姫」と名づけました。「寿」は素敵な人生を長く歩んでほしいと思いを込めてつけています。今はお乳をいっぱい飲んで元気に笑顔を振りまいて、皆に愛されて育っています。	sound_row	https://baby-calendar.jp/knowledge/common/1527	bc
2020	F	は行	葉月	はづき	わが家の待望の末っ子長女！生まれるまで女の子か分からなく、男の子、女の子両方の名前を考えることにしました。上2人が男の子なので男の子の名前は直ぐ候補が決まりました。女の子の名前はすごく悩みました。予定日までどうするか夫婦で悩みに悩んで「葉月」という名前の候補が決まりました。しかし、義母があまり良い顔をしてくれませんでした。どうするか、主人と話をしていたら、「自分達の子どもだから義母になんと言われても自分達で決めた名前にすれば良いから！義母のことは気にしなくて良い！」と主人に後押しをしてもらえました。 今の暦で8月下旬から10月上旬の葉が落ちる季節なので、娘にはこの秋の実りの季節のように多くの方に幸せと笑顔を届けられる人になって欲しい願ってこの名前にしました。主人が義母と話をしてくれ、今では「葉月」の名前を気に入ってくれているみたいです。夫婦で話し合って決めた名前をつけれたことがすごくうれしいです。	sound_row	https://baby-calendar.jp/knowledge/common/1527	bc
2020	F	は行	晴夏	はな	もともと夫婦で5歳になるお姉ちゃんと1文字だけ被せて、明るく元気な子になるようにという意味を込めた名前の候補をあげていました。出産予定日に無事元気な女の子を出産をしましたが、コロナの影響で生まれた赤ちゃんにお姉ちゃんはすぐに会うことができませんでした。パパが写真に写る生まれたばかりの赤ちゃんを見せるとお姉ちゃんが『はなちゃん』と呼び、それ以降、お姉ちゃんは赤ちゃんのことを「はなちゃん」と呼んでいました。 元々考えていたいた名前よりお姉ちゃんが呼ぶ『はな』が両親ともしっくりきて、それから元々名前に込めたかった明るく元気なという意味を込め、晴夏と名づけました。はなの名づけ親はお姉ちゃんになりました。	sound_row	https://baby-calendar.jp/knowledge/common/1527	bc
2020	F	は行	桜愛	はな	春生まれだったので、桜と言う漢字を入れたいなと最初は思ってました。しかし、考えていくうちに桜のようにみんなに愛されてほしいと言う意味をこめて「桜愛」にしました。読み方は2年前にパパが飼っていた犬が結婚式の前撮りの後、突然いなくなってしまったのですが、もともとトリマーで犬好きだった私と、はなちゃんが大好きだった主人を結びつけるきっかけを作ってくれたのが当時のわんちゃん「はな」だったので、とても悲しくショックでした。 はなちゃんへの感謝と愛情を同じようにもらえるように「はな」と名づけることにしました。天国の可愛いはなちゃんも見守ってくれているとうれしいです。	sound_row	https://baby-calendar.jp/knowledge/common/1527	bc
2020	F	は行	華	はな	結婚して11年。一男一女の2人の子どもに恵まれながらも、兄妹が多い中で育った私は3人目を考えていましたが、夫との間で子どもは2人と決めていました。その中、夫から3人目の提案が！うれしさもありましたが、8年ぶりの出産と私自身の年齢を考え不安もありました。出産予定日が40歳を迎える前までとの期限を決め妊活に挑みました。 幸いなことにしばらくして無事に授かり、上の子たちも喜んでくれました。おなかが大きくなり始め、名前をどうしようかと夫婦で話していたとき、そばにいた娘に「何がいいかな？」と問いかけると、間髪入れずに「はなちゃんがいい！」と。不思議と私たちもその名前がストンとはまりました。そう、赤ちゃんの名づけ親は娘でした。 漢字をどうするかはなかなか決められず、最終的には顔を見てから決めることに。しかしコロナの緊急事態宣言下のため入院中の面会は一切出来ず、テレビ電話や写メで娘の顔を見てもらう毎日でした。そしてついに、夫が一番最初から提案していた「華」に決定。「はな」のようにかわいく育ち、また周囲も華やかにする存在になってほしいとの思いを込めました。年の離れた新しい家族は、今やみんなのアイドルとして、わが家を毎日華やかにしてくれています。	sound_row	https://baby-calendar.jp/knowledge/common/1527	bc
2020	F	は行	波那	はな	・心豊かな、心が美しい人に育ってほしい。 ・那には、ゆったりという意味も込められて いるということで、何事にも焦らず自分のペースで進んでほしい。 ・いろいろな波にもまれながらも、うまく乗りこなしていけるように、幸せな人生を歩んでいけるように。	sound_row	https://baby-calendar.jp/knowledge/common/1527	bc
2020	F	は行	華	はな	華やかに誰からも愛される子に育ってほしいなという思いが込められています。	sound_row	https://baby-calendar.jp/knowledge/common/1527	bc
2020	F	は行	華	はな	響きが良く、可愛い名前にしたいと思いながら名前を探していました。私の名前が2文字なので娘も2文字にしたいと思っていました。本やSNSを通して探し、美しく咲き誇った花のような、人を惹きつける魅力を持った、きらびやかな人に育ってほしいという思いを込めて華にしました。	sound_row	https://baby-calendar.jp/knowledge/common/1527	bc
2020	F	は行	花南	はな	夫婦で好きだったドラマの登場人物で「はなちゃん」という女の子がいました。性格が素直で両親のことが大好きでとてもいい子だったので、その子のように育ってほしいという気持ちを込めて名づけました。	sound_row	https://baby-calendar.jp/knowledge/common/1527	bc
2020	F	は行	波望	はの	妊娠したら性別どっちがいいかなと考えたとき、もちろん元気であればどちらでも良かったのですが、ひそかに女の子がいいと願ってました。その理由として、わたし自身の名前が母の名前の一文字が使われて、そして海が大好きだった母は『波』という漢字もわたしにいれて名づけてくれました。そんな母は実はわたしが中学一年生の時に亡くなりました。母はわたしのことをいつも第一に考えてくれて、悩んでる時は親身に話を聞いてくれました。本当に大好きな母でした。 わたしは妊娠したときに母みたいな親になる、そして女の子だったらわたしの名前の一文字を入れたいなと思っていました。会わせてあげることのできない孫だけど、あなたの孫なんだよと繋がりを形として残してあげたいなと思ったからです。そのため、わたし自身の名前の一文字である『波』と希望に満ち溢れた素敵な未来が待っていますようにとわたしと夫の願いを込めた『望』という字を取り、『波望』と名づけました。 親孝行をする前に会えなくなってしまったので、きっと母も娘の名前を聞いたら喜んでくれるかなと思い……。そして、おばあちゃんになった亡き母が天国で娘を見つけてずっと見守ってくれると信じて……。	sound_row	https://baby-calendar.jp/knowledge/common/1527	bc
2020	F	は行	颯音	はやね	胎動を感じるのが早かったこと、動きが素早かったことから“颯”、音楽に反応して胎動していたことから“音”を付けて颯音と名づけました。なので割と早い段階で名前は決まっていましたが、夫がまだ名前を考えていたことと、私自身も生まれるまでに違う名前にしたくなるかもしれないと考えて、生まれるまでは名前で呼ぶことができませんでした。 でも生まれてから顔を見ても、違う名前にはピンと来ず、颯音がしっくりしたのでやっと呼ぶことが出来ました。今も音楽に反応して元気に動いて、生後5カ月でつかまり立ちを始めるくらい成長の早い子に育っているので、ピッタリの名前だったなぁと思っています。	sound_row	https://baby-calendar.jp/knowledge/common/1527	bc
2020	F	は行	晴	はる	登山が好きな私たち夫婦は晴れた日に山を歩くのが大好き。晴れた空と山の青々とした稜線が眼前に広がる光景を見ていると、心が爽やかになり、活力が湧いてきます。私たちの子どもが、出会う人々に対して澄み切った空のようにさわやかで誠実であってほしい、また天晴れな人生を送れますように、との願いを込めて名づけました。	sound_row	https://baby-calendar.jp/knowledge/common/1527	bc
2020	F	は行	陽愛	はるあ	春に生まれたので、「ハル」という音を入れたいと思っていました。私の母が私や私の姉の命名にも使った、それぞれ流派の異なる姓名判断の本を3冊持ってきてくれたので、その3冊を読み、すべての本にかかれていた異なる内容を網羅しつつ最も良い画数になるように、漢字を選びました。姓名判断は流派によっても考えが異なるので、それぞれを最も良い画数になる漢字を選ぶのはとても時間がかかりましたし、大変でした。 しかし、太陽の様に明るく皆んなから愛され、みんなを愛すような人に育ってほしいという意味を込めることができたので、最高の名前をつけてあげることができたなと感じています。	sound_row	https://baby-calendar.jp/knowledge/common/1527	bc
2020	F	は行	晴花	はるか	かわいい、かっこいい、元気、大人しい……どんな個性を持ってもいい。何が好きでもいい。はるか先へ、どんな人生を選んでもいい。ただ、親として望むことがあるとすれば、「これからの人生で、たくさんの晴れの日がありますように。花の咲く、幸せな日がたくさんありますように」。そう思い、名づけました。	sound_row	https://baby-calendar.jp/knowledge/common/1527	bc
2020	F	は行	遥	はるか	私たちは授かり婚でした。妊娠がわかったのは21歳のときです。経済力がまだないという理由で初めは産むか産まないか、という話し合いがありました。ですが、私はおろすということは全く考えてなく、何があってもこの子を守ると思っていました。夫も妊娠したことを喜んでくれて、「頑張っていこう！」とたくさんのことを乗り越えてきました。 妊娠26週目のとき、切迫早産で緊急入院しました。予想もしなかったことで動揺、不安、赤ちゃんに申し訳ないと思うなど、何日も隠れて泣いていました。「若いから大丈夫だろ」「自分はならないだろう」そういうふうに思っていた自分をとても責めていました。「今生まれてしまうと、生存率は50%」と担当医に言われ、とても怖くなりました。命を育むこと、出産することは命がけで奇跡であることは分かっていましたが、切迫早産になって身をもって痛感しました。 しかし、入院のおかげで予定日の2日前までおなかにいてくれて、無事に生まれてきてくれました！ 入院していたので、子どもの名前をどうするかの話合いを十分にできていなかったのですが、夫の名前が漢字一文字なので、夫の希望で子どもの名前も漢字一文字にする事にしました。私と夫と一つずつ希望の名前を出しあって、生まれて顔を見てからどっちがその子にぴったりか決めようと言うことになり、私は「葵」、夫は「遥」。この2つを候補に出していました。 そして、立ち会い出産でおなかから出てきた赤ちゃんの顔を見たときに、夫が『遥！！』とLDR内に響き渡るぐらい大きな声を出しました。助産師さんにも笑われるぐらい大きな声でした。笑丸2日かかった出産にもかかわらず、夫は寝ずにずっと立ち会ってくれていました。絶対に眠たくて疲れていたはずです。夫の大声を聞いて、赤ちゃんに会えることを楽しみにしていたんだなと感じました。私は恥ずかしいよりも、なんだかうれしかったです！ 落ち着いたときに名前の意味を聞いてみたら、『遥』という漢字と響きがもっている雰囲気が好きなのと、のびのびとおおらかな子になってほしい、無限の可能性を秘めた子になってほしい、大きな心でやさしい子になってほしい、自分らしく周りに流されない子に育ってほしいなど、たくさんの意味が込められた一文字の名前でした。「はるか」と呼ぶときもあれば、「はる」「はるちゃん」「はるさん」とあだ名で呼ぶときもあります！ 名前の意味の	sound_row	https://baby-calendar.jp/knowledge/common/1527	bc
2020	F	は行	晴香	はるか	上の姉妹が8歳と6歳で、6年ぶりの妊娠出産となりました。上2人のときは旦那が当たり前のように付き添うことができ、祖父母にも祝福されながら出産することが出来ました。しかし、今回は新型コロナウイルスの影響でとても孤独な健診、出産を経験することになりました。 私は3人目となるので、出産経験もあり「ま、1人でも大丈夫！」と思うことが出来たのでですが、1人目の方や、小さなご兄弟がいらっしゃる方は相当な不安を感じているのではと思いました。早く新型コロナウイルスが収束してほしい、晴れやかな世の中になってほしい。そんな思いから「晴香」と名づけました。	sound_row	https://baby-calendar.jp/knowledge/common/1527	bc
2020	F	は行	陽妃	はるひ	長男が瑛都（えいと）で王という字（偏）を、長女が妃渚（ひなぎ）で妃の字を使い、王様とお妃様にしました。また女の子だったので妃を使おうと考えていて、8月で一番太陽がギラギラしてる季節だったので、太陽のようにあたたかな人になるようにという思いを込めて陽妃（はるひ）と名づけました。	sound_row	https://baby-calendar.jp/knowledge/common/1527	bc
2020	F	は行	悠未	はるみ	3姉妹の末っ子ちゃん。パパ、ママの名前に心という漢字が共通して入っていることから、生まれた子にも心という感じを取り入れたいなと思っていました。長女も次女も、そして誕生した末っ子ちゃんも、みんな名前の漢字の中に、「心」をプレゼント。心のつながりを大切に、仲良し家族でいようね♡	sound_row	https://baby-calendar.jp/knowledge/common/1527	bc
2020	F	は行	絆七	はんな	人と人との絆を大切にできる人になってほしい、そして、たくさんのラッキー（七＝ラッキー7）が訪れますように！と願い、名づけました★（はーちゃんのおかあちゃんさん）	sound_row	https://baby-calendar.jp/knowledge/common/1527	bc
2020	F	は行	陽綺	ひいろ	2016年に結婚してから約3年、私たち夫婦にはなかなか子どもができませんでした。「何でうちだけ赤ちゃんがきてくれないの？」と何度もつらくなり、周りの親族や友達の妊娠や出産を素直に喜べないときもありました。 私は昔から子どもが好きで仕事は保育士をしていました。毎日子どもたちの成長していく姿を見ながら「うちにもこんなかわいい子どもがいたらなぁ」と思っていました。旦那と話し合い、「3年経ったら一度保育士の仕事をやめて不妊治療を始めよう」と決めていました。そして月日が流れ、保育士として最後の1年になる2019年の春に妊娠することができました。何回も試した妊娠検査薬で初めて陽性が出た時は、旦那と飛び跳ねて喜びました。 私たちの元へ来てくれてありがとう。私たちの人生に陽が差し込みました。太陽のように照らしてくれてありがとう。これからも周りを、そして自分の人生を陽の光で照らして綺麗な道を歩いていってほしいという願いを込めて陽綺という名前を付けました。今日も私はおひさまのそばで、ぽかぽか幸せに過ごしています。	sound_row	https://baby-calendar.jp/knowledge/common/1527	bc
2020	F	は行	光	ひかり	上の子たちは病院に通い妊活して授かりましたが、光は自然と私たち家族のもとにやってきてくれました。おなかにいる間にコロナ禍になり、世の中がこれからどうなるのか、私たち家族もどうなっていくのか不安な中、小さいながらも元気に生まれてくれた姿は光輝いて見えて、うれしかったです。私のもとにきてくれて私の家族に光を与えてくれたこと、暗い世の中であっても光輝いて明るく育ってほしいという思いも込めました。	sound_row	https://baby-calendar.jp/knowledge/common/1527	bc
2020	F	は行	ひかり	ひかり	予定日より2週間早く、1月1日に生まれた娘。しかも生まれた時刻は偶然にも初日の出とほぼ同じ時間。令和になって初の元旦に生まれるなんて、なんておめでたい子だろうと思い、生まれる前に考えていた名前の候補もありましたが、せっかくなら元旦にあやかった名前にしたいともう一度考え直しました。初日の出と聞くとご来光のイメージが強かったこと、また母である私の名前がひらがななので、女の子ならひらがなと決めていたため、“ひかり”と名づけました。	sound_row	https://baby-calendar.jp/knowledge/common/1527	bc
2020	F	は行	日紗乃	ひさの	夫と私（妻）のおばあちゃんがたまたま同じ名前のヒサコさんで、私たちが今住んでいるおうちは、夫方のヒサコおばあちゃんが住んでいたおうちです。そのヒサコおばあちゃんと1日違いで生まれてきた娘。おばあちゃんたちにちなんで、候補の名前の1つに「ヒサ」の音をもらった「ヒサノ」という名前がありました。 出産当日、想像を絶する痛さの陣痛。痛みのピークから出産まで、ついててくださった助産師さんもなんとヒサコさん！ 縁がありすぎる！ これはヒサノでいくしかないなと確信し、読みはひさの。漢字にはたくさんの人を明るく照らすようにと願いを込めて名づけました。	sound_row	https://baby-calendar.jp/knowledge/common/1527	bc
2020	F	は行	陽月	ひづき	父が真っ先に考えてきた名前です。夫婦の思いは、太陽のように人を照らし、また月のように太陽に照らされて輝くように……、自分もまた人に照らされて輝けるようにという想いを後付けですが加えました。出産した時間も明け方で、ちょうど太陽と月が出ていました。出産の立ち会いを終えて帰路に向かう夫は、その日の朝陽が人生で一番綺麗だったと言っていました。美しい太陽に照らされて生まれてきたこの子を、陽月と命名することにしました。	sound_row	https://baby-calendar.jp/knowledge/common/1527	bc
2020	F	は行	陽南	ひな	太陽の陽のように明るく育ち、太陽が南に昇るように人生も昇っていくよう、願い名づけました。母親の名前が朝陽（あさひ）のため、一文字お揃いで、親子であり友達のように、仲良く過ごしていきたいです。	sound_row	https://baby-calendar.jp/knowledge/common/1527	bc
2020	F	は行	陽七	ひな	ママとパパからの最初のプレゼント！ なかなか子どもができなくて不妊治療をしてようやく授かれたわが子。名前も名前も本当にワクワクしながら考えました。候補がなかなか絞れないとき、32wの心音の検査のときに心臓の病気が見つかり、「もしかしたら生まれるときは紫色の体かもしれない、産声があげられないかもしれない、そして少し大きくなるまで運動制限をしなければいけない」などと医師から話があり、本当に時が止まりました。 不妊治療がいけなかった？ 妊婦のときに食べたもの？ 自分を責めるばかりで……。毎日神社へ通ってお参りして、大丈夫大丈夫とおなかをなでてお話ししたり出産までを迎えました。そんなときに雨上がりの虹を見て、あっ、私たち夫婦の子らしいなと思い、名前を決めました。私たち夫婦は毎回のデート、結婚式、新婚旅行、年に1度の結婚記念日旅行……ととことん雨。本当に笑えるくらい雨夫婦でした。 そんな夫婦の元に太陽の光となって幸せや笑顔を運んできてくれ、雨夫婦に光がさして虹（七色）がかかるくらい奇跡や幸福であふれる人生を送れますように、そして太陽のように元気いっぱい遊んでたくさん人生を楽しめますようにと願いをこめました。自然分娩でしっかり産声を聞かせてくれたひなちゃん。心臓は経過観察ですが……、大丈夫！！ パパとママで守るからね！！！	sound_row	https://baby-calendar.jp/knowledge/common/1527	bc
2020	F	は行	陽菜	ひな	私が臨月に入る前に新型コロナウイルスが流行し始め、急きょ里帰り出産、立ち会いや面会がNGになりました。不安だった切迫早産を乗り越え、やっと出産するぞっと意気込んでたときだったので、再び不安に襲われました。そんな日々を過ごす中、出張中の夫から菜の花の綺麗な写真といつか3人で見に行こうねとメッセージが送られてきました。すごく不安な日々を過ごしていたけれど、急に心がほっこりさせられ、生まれてくる赤ちゃんに早く会いたいという気持ちが湧きました。 そして、生まれてくる子は菜の花の文字をいれたいなと思い夫に電話すると、夫も同じことを考えていたと言い、2人で笑い合いました。そこから、夫婦で名前を考え、陽だまりのように優しくて心が温かく、思いやりがある子になりますようにと陽菜と名づけました。新型コロナウイルスが収束したら、3人で菜の花畑にいきたいなと思います。	sound_row	https://baby-calendar.jp/knowledge/common/1527	bc
2020	F	は行	妃奈	ひな	まず子どもが出来たらこの名前をつけよう！！！とずっと思っていました！ ひな、名前の響きも呼び方も可愛いし、旦那を説得しました！ キラキラネームでもないし、なおかつ流行りの名前でもある。そんなことは私には関係なく、絶対女の子ならひな！と言い通してよかったです。漢字は私の思った通りではありませんでしたが、漢字は旦那、読みはわたしなので、夫婦で決められてよかったです。妃のように上品な子になりますように！	sound_row	https://baby-calendar.jp/knowledge/common/1527	bc
2020	F	は行	陽葵	ひな	生まれるまえ、名前辞典を購入して画数との相性を考えながら、いくつかの候補をあげました。生まれた日は、冬で寒くて天候が悪い日が多かったのですが、彼女が生まれた日だけは晴天で、しかも夫の夢にとっても元気に泣く明るいベビーちゃんがてできた！ もともと夫の第一候補でしたが、太陽のようにみんなをあったかく照らしてくれて、向日葵のように真っ直ぐに大きく成長してほしいという願いを込めて陽葵にしました。	sound_row	https://baby-calendar.jp/knowledge/common/1527	bc
2020	F	は行	ひな	ひな	夫が、刀を納めるように何でも包み込む子になってほしいと「鞘（サヤ）」と名づけたがっていたのですが、私がどうしても「蛸（タコ）」とからかわれるのではと、気にして却下していました。しかし折れてくれず、臨月になっても決まりませんでした。 なんとなく、チラシ枠に旦那の名前「ひかる」と私の名前「まなみ」の名前を書いていたとき、お互いの頭文字の「ひ」と「ま」を取って「ひま」と適当に考えたことを旦那に話したところ、意外と気に入り「ひま」で決定したと思っていました。しかし、夢の中に出てきた女の子に「ひな」と呼びかけている私と旦那の姿を見て、その話をしたら「おなかの子がひなって名前にしてって言ってるんだね」となり、「ひな」になりました。	sound_row	https://baby-calendar.jp/knowledge/common/1527	bc
2020	F	は行	陽菜	ひな	夫婦ともに植物の名前（漢字）が入っているので、子どもにも植物の漢字を入れたいと思いました。	sound_row	https://baby-calendar.jp/knowledge/common/1527	bc
2020	F	は行	姫叶	ひな	子どもの名前は、もともと光の字か叶の字のどちらかを入れたいと、前々から思っていました。一人目の妊娠は妊活を始めて1カ月目で授かりましたが、初期流産してしまい、精神的ショックから、半年間は次の子どもと考えることが出来ませんでした。ようやく、妊活をスタートしましたが1年半授からず、やっと授かったのが今の娘でした。 名づけを考えているときに、なかなかいい名前が思い浮かばず、ある名づけサイトで、光叶（ひな）の文字を見たときに、直感でこれだ！と思いました。ただ、姓名判断では凶……。諦めるしかありませんでした。何とか【ひな】の名前で、自分の入れたい漢字をと思い探していたら、仕事場の子が、姫も【ひ】と読むことがあると見つけてくれて、姫叶で組み合わせてくれて、その名前を姓名判断したところ、オール大吉でした。この名前だ！と思いました。 漢字も念願【叶って】生まれてきた、わが家の【お姫様】と言っているようで、この漢字の組み合わせを見つけてくれた、仕事場の子には感謝感謝です。周りからもいい名前と好評いただいてます。	sound_row	https://baby-calendar.jp/knowledge/common/1527	bc
2020	F	は行	日向子	ひなこ	そろそろ2人目が欲しいなと夫婦で話していたところ、思いがけず妊娠が判明！しかし、心拍を確認する前に流産してしまいました。悲しかったけれど、長女がいるため、落ち込んでばかりもいられず、再び妊活をスタートするも、1年経っても赤ちゃんは来てくれませんでした。 不妊外来へ行くとさまざまな検査ののち、体外受精をすすめられました。長女は自然妊娠していたのでかなりショックでしたが、赤ちゃんや小さな子が大好きな長女をお姉ちゃんにしてあげたい！と夫婦で話し合い、ステップアップすることを決意しました。ちょうど年末だったので、昨年亡くなった大好きなじいちゃんとばあちゃんのお墓参りをし、「赤ちゃんが来てくれるように見守っててね」とお祈りしました。 その後、不妊外来から体外受精をしてくれる産科へ紹介状を書いてもらうこととなりました。紹介状を受け取りに行く日の前日、なんとなくピンと来て、妊娠検査薬をしてみると、なんと陽性反応が！ 驚きと感動で検査薬を持つ手が震えました。じいちゃんとばあちゃんが、亡くなった後も私のことを心配し、妊娠させてくれたのだと思うと、涙がでてきました。 妊娠後は、小さいながらもすくすくと赤ちゃんが育ってくれて、先日無事に出産することができました。名前は、日向子。新型コロナの流行など困難の多い世の中でも、前を向いて明るく逞しく生きてほしいという願いを込めました。長女は、赤ちゃんが生まれてから、可愛い！と言って頭を撫で、おむつ替えを手伝ったり、泣いているのを教えてくれたりと、張り切ってお世話をしてくれています。天国のじいちゃんとばあちゃんも、可愛い2人のひ孫、見守ってくれているといいな。	sound_row	https://baby-calendar.jp/knowledge/common/1527	bc
2020	F	は行	陽咲	ひなた	太陽のように明るく、周りの人達に笑顔を咲かせるようになってほしいと思い名づけました。	sound_row	https://baby-calendar.jp/knowledge/common/1527	bc
2020	F	は行	陽咲	ひなた	女の子とわかったときにいくつか候補を出して、家族みんなで考えました。旦那が出した名前が「陽咲（ひなた）」でした。旦那とはふざけ合ってよく笑い合うので、太陽の様に明るく、たくさん笑い、その明るさをお花のようにたくさんの人達の笑顔を咲かせますようにという意味を込めて名づけました。生まれて4カ月、よく笑い私たち家族以外にも笑顔をたくさん引き出す名前に負けない子です。これからも明るくみんなに笑顔を咲かせる子になりますように。	sound_row	https://baby-calendar.jp/knowledge/common/1527	bc
2020	F	は行	日捺	ひなつ	生後8カ月まで男の子と診断されていたわが子。名前まで考えていたある日の検診でお医者さんの診断は「女の子ですね」。私も主人も驚きましたが主人から思わぬ一言が。「実は女の子にずっと付けたかった名前がある」とのこと。それが今の娘の名前『日捺』でした。「お日様の日に捺印の捺だよ！」といわれ、初めは冗談だと思っていました。 捺の字には背中を押してもらう、見守ってもらう、という意味があるそうで。私と主人の誕生月である8月のサンサン輝くお日様が、冬生まれの娘の人生を見守り後押しをする、そんな意味だと話してくれました。これ以上の名前はない！という何かを感じ、即決！ 以降、生まれるまでずっと日捺と呼びかけていました。無事に生まれてから今まで風邪1つ引かず、私たち夫婦とお日様に見守られ、スクスクと成長中です。	sound_row	https://baby-calendar.jp/knowledge/common/1527	bc
2020	F	は行	陽奈乃	ひなの	初めての妊娠がわかってから、毎日のように元気なのかな？寝てるのかな？動いてるかな？と胎動が伝わないときは、心配と不安で赤ちゃんの心音が聞こえる機械で探していました。小さくても力強く聴こえる心臓の音強くなれる自分も居ました。胎動が感じられるとおなかも少しずつ大きくなり予定日は3月に決まりました。 もし女の子だったら雛祭りの月だなーなんて思って「ひな」がつく名前にピンと来てました。性別がわかるころに女の子と教わりワクワクとドキドキ出産の緊張よりも無事に生まれて来てくれればそれだけで幸せだと感じていました。 早く会いたいなーと母の願いが強かったのか正期産に入ってすぐのこと、予定日よりも2週間早く会いに来てくれてとても胸が熱くなる思いでいっぱいでした。まだ早い春の風が吹く中で太陽がとても温かくポカポカしてる日に春のように心温かく穏やかであるようにと想い「陽」を入れ、実り多き人生をと「奈」を。そしてありのままの自分をと願い「乃」を入れて「陽奈乃」と命名しました。生まれてきてくれてありがとう。	sound_row	https://baby-calendar.jp/knowledge/common/1527	bc
2020	F	は行	陽菜美	ひなみ	仕事が大変な時期に妊娠がわかり、年度末で退職。フルで仕事三昧、また食物アレルギーを発症して救急車で運ばれ、入院したこともありました。新型コロナウイルスも流行り、上の娘のときのようにパパは健診に付き添えず、エコー写真でどうにか見る日々。大変なご時世におなかに宿った赤ちゃんですが、何しろ前向きに太陽のように明るく生きていってほしいと、「陽」が付く名前を考えていました。 でも、なかなか決まらず過ごしているうちに、トイレでオシッコ？と思いきや、どうも破水だったようで、病院に電話した直後に陣痛が強まり、到着後は、あっという間の出産。もちろん、立ち会いもなく一人での出産でした。予定よりも早く会いにきてくれましたが、名前は決まってなく……。電話で、やりとりしながら、「ひなみ……ひなみちゃんって、可愛いよね」、「太陽の陽に、菜の花の菜、美しい美」と、パパが提案。 意味は後付けのようになりますが、2人で温かくやさしく、すくすくと元気に、そして前向きに、素直で美しい心をもった人に育ちますように……と、たくさんの想いを込めました。親からの初めてのプレゼントが名前となり、ずっと一緒に付き合っていくものなので、出生届を出すときは緊張しましたが、大きくなったときに、この名前に誇りを持って過ごしてほしいなと思います。	sound_row	https://baby-calendar.jp/knowledge/common/1527	bc
2020	F	は行	日向美	ひなみ	妊娠中、夢の中で一緒にお弁当を食べていた女の子の胸に「ひなみ」と書いたバッジがついていました。目が覚めて、聞き覚えのない名前に、性別もわかっていないおなかの子が出てきてくれたのかな？と不思議な気持ちになりました。生まれてきてくれた赤ちゃんは女の子。やっぱり自分で名前を知らせてくれたのかもしれません。漢字は夫が考えてくれた、お日様のように明るく、前向きに美しく育ってね！と思いを込めて日向美ちゃんです。	sound_row	https://baby-calendar.jp/knowledge/common/1527	bc
2020	F	は行	紐乃葉	ひのは	よく、『紐』と言う字が珍しいと言われます。私も名づけたあとにそう思いました。紐は1本1本の糸がしっかりと結びついています。この子も1つ1つの出会いや経験をしっかりと結びつけ、太陽の光（楽しいことや幸せなこと）をいっぱい浴びて葉のように空に向かってぐんぐんとその手を伸ばし、『紐乃葉』という人間をしっかりと築き上げてほしい。そう願いを込めました。そしてこの子に結ぶ最初の糸は、私たち夫婦です。素敵な出会いや経験にたくさん恵まれるように、これから支えていこうと思っています。	sound_row	https://baby-calendar.jp/knowledge/common/1527	bc
2020	F	は行	陽莉	ひまり	家族の中心となって太陽のように周りを明るく照らしてくれる存在になるようにという思いから「陽」をとって。莉はママの字を使って繋がりを感じられるように。	sound_row	https://baby-calendar.jp/knowledge/common/1527	bc
2020	F	は行	日真莉	ひまり	わたしの名前が姓名判断で大凶や凶ばかりで、そのせいとは思っていないものの、若いころからずっと、ノンフィクション小説が書けそうなくらいの苦労ばかりしてきました。ところが主人は大吉の名字！ 結婚してからわたしの姓名判断のバランスも良くなり、すごく幸せに！ 娘を妊娠し、折角大吉の名字なので、どこから見ても大吉の名前にしようと思いました。ほかにも可愛い呼び名がいい、ローマ字のバランスがいい、年をとっても綺麗な名前がいい等、妥協せず考えに考え抜き、結果、どこを取ってもすべてが大吉の名前をつけることができました！ 「日」は、周囲の人を明るく照らす温かい心を持てるように。「真」は、誠実で前向き、真心のある人になるように。「莉」は、ジャスミンの花みたいに癒やされる、明るく誰からも愛される人になれるように。あと、パパのお花の名前にしたいという希望も♡ どうかわが子がずっと幸せな人生を過ごせますように！	sound_row	https://baby-calendar.jp/knowledge/common/1527	bc
2020	F	は行	陽葵	ひまり	妊娠超初期からつわりがひどかった私は、起きて吐き気、仕事中も吐き気、夜も吐き気、寝る前も吐き気……と、一日中身体がムカムカとしていました。もともと早食いの大食いでしたが、妊娠中は食事も喉を通らず、食べられるのは赤ちゃんの握りこぶし1個分ほどのおにぎりくらい。それを少しずつかじっていました。 しかし、吐き気のみで吐けない私の姿は、家族からみれば『妊娠を理由にだらけている』ような印象だったようで、心配はしてくれるものの、仕事を休んだり遅刻すると「今日も休むの？」「職場の迷惑にならないの？ 居場所がなくなるよ」と少しきついことを言われることがありました。家で感じる居心地の悪さで余計に気持ちが沈んでいたのですが、幸いにも職場はとても理解が深く、仕事中でも休んでていいよと横になる場所を提供してくださいました。感謝の気持ちはもちろんありましたが、その一方で申し訳なさや至らなさもありました。そして、つわりのムカムカは日を追うごとに増していくのでした。 11月のある日、いつものように吐き気とだるさと気持ち悪さ、寒気でベッドに横になっていると、天気がいいからと主人がベッドの横にある大きな窓のカーテンを開けてくれました。ふと、窓の外を見ると雲一つない秋晴れの空にやさしく輝く太陽と、その陽をいっぱいに浴びる庭の植物の姿。さらに部屋の中にもやさしく入り込み、ベッドに横たわる私のことも暖かく照らしてくれるお日様の光。つわりでぐったりしていた私の体がだんだんとぽかぽかとしてきて、純粋に『暖かいなぁ』と安心感に包まれ、自然の恵みの有り難さが体の中にゆっくりの染みてくるように感じました。やさしい太陽光で、顔色が悪い私の顔がゆっくりこんがりと焼け、後で鏡をみたら顔色が良くなっていたのです。 そのときに、『生まれてくる子どもも、お日様のように人を暖かく包む優しい人間になれたら。お日様の力を借りて向上心のある子に……』と思い、名字と相性のいい『陽』の字を使った女の子の名前を調べ、画数と響きがよく、名前としてよく見かけるようなものをいくつかピックアップし、主人と話し合って決めました。主人は「もっとかわいい名前があるはず！」と調べていましたが、画数重視の姑から許可がおりず（笑）、私が願いを込めて考えた『陽葵』という名前が採用されました！	sound_row	https://baby-calendar.jp/knowledge/common/1527	bc
2020	F	は行	ひまり	ひまり	『花のひまわり』と『陽だまり』をあわせてひらがなで【ひまり】。 由来：太陽に向かうヒマワリのようにたくましく、陽だまりの様に暖かく、可憐でみんなに愛される子。	sound_row	https://baby-calendar.jp/knowledge/common/1527	bc
2020	F	は行	妃真里	ひまり	うちはとにかく名字の字画が悪い！！ 女の子は結婚してお嫁に行くからそんなに気にしなくて大丈夫とも言われるけどやっぱり気になる……。もちろん誰よりも幸せになってほしいので名字と照らし合わせて一番いい名前に決めました。「ひまりちゃんはたくさんいるけれど、漢字三文字は珍しいね」と助産師さんに言われました。王妃様の妃と真の里、誰よりも輝いて優しい女の子に育っていってほしいです。	sound_row	https://baby-calendar.jp/knowledge/common/1527	bc
2020	F	は行	陽葵	ひまり	私の好きな花が“ひまわり”で“ひまわり”っぽい名前にしたくて、“ひまり”にしました。漢字は2文字が良かったので、“向日葵”の“葵”を取り、太陽の様に明るく、ヒマワリの様に大きく成長してほしいと言う願いを込めて付けました。“葵”の漢字には“天”の漢字が入っているので、神様に一生守ってもらえるように、一生のお守りを付けさせてもらいました。	sound_row	https://baby-calendar.jp/knowledge/common/1527	bc
2020	F	は行	陽愛莉	ひまり	太陽のように明るく、愛情をたくさん持つかわいい子に育ってほしいと考えました。	sound_row	https://baby-calendar.jp/knowledge/common/1527	bc
2020	F	は行	陽梨	ひまり	私が高血圧腎症になったため、早産の帝王切開になることが決まりました。そのため、夫婦共に母子ともに元気に、ママの病気というリスクがあるから、なにより無事に生まれてきてほしい！！という気持ちが強くなりました。 そこで、夫の提案で、太陽のように力強く生まれて欲しいと願い、「陽」という字を使い、私の思いとして、秋生まれということで、秋に関する漢字を取り入れたいという考えと、かわいらしいお花が咲くと有名だったので「梨」の漢字を使うことに決めました。夫婦で、小さな体でも、大きく元気に育ってほしい、かわいらしく、たくましい樹のように芯を強く持ってほしいと願いを込めてこの名前に決めました。	sound_row	https://baby-calendar.jp/knowledge/common/1527	bc
2020	F	は行	向葵	ひまり	新型コロナで世の中も暗く、季節的にも梅雨でどんよりしていた中、生まれることになった子。向日葵は常に太陽を向いている、明るい方を向いている。そんな向日葵のように、明るい日差しがこの子に差してくれますように。落ち込むことがあったとしても、明るい考えに目がいきますように、と願いを込めました。	sound_row	https://baby-calendar.jp/knowledge/common/1527	bc
2020	F	は行	日真梨	ひまり	妊娠しているときから、長女が「ひまりちゃん」っと呼んでくれていました。漢字は、太陽の日のように温かく、周りからも見守られるような子どもになってほしいと願いを込めました。	sound_row	https://baby-calendar.jp/knowledge/common/1527	bc
2020	F	は行	姫茉里	ひまり	テレビに浅香唯さんの子どもが出ていて、その子が「ひまり」ちゃんで、響きがかわいいなと思い頂きました。漢字は姓名判断で見て、良い組み合わせを考えました。お兄ちゃんの漢字に「王」が入っているので、統一感を出そうと下の子には「姫」を入れたら、King&Princessになりました	sound_row	https://baby-calendar.jp/knowledge/common/1527	bc
2020	F	は行	陽和梨	ひより	1人目のときに四季のある日本に生まれたからこそ季節に関する漢字を入れたい！と思い、秋生まれの息子に「楓」の漢字を使い、楓人（ふうと）とつけました。2人目が分かったときにも同じく季節の名前をと思って考えていましたが、なかなか春の花で思いつかず悩んでいました。 しかし、ある日寝ていたら、パッと“ひより”という名前を思いつき、飛び起きたんです。なぜかは分からないのですが、これが一番いいって思ってしまい、漢字を探してると4月に梨の花が咲くことを知りました。ちょうど祖母の家の近くにも今まで気づかなかったのに、今年は満開の梨の白い可愛い花が咲いてて、絶対この漢字を使おうと決めました。 生まれた日はとても天気のいい日でした。そのため、太陽のように明るい子に、和歌山に生まれたのと令和生まれの和で和やかな子に、梨の花のようにかわいくて、花言葉の愛情や癒やしのように誰からも愛されてみんなの癒やしになれますようにと付けました！！ 名前のように笑顔いっぱいですでにみんなに愛されまくって、日々癒やしをお届けしています！	sound_row	https://baby-calendar.jp/knowledge/common/1527	bc
2020	F	は行	日和	ひより	夫婦ともにキラキラネームは嫌で、名字に合う名前で年齢を重ねても違和感のない名前で、お日様みたいに明るく人を和ませる優しい人になってほしいという意味を込めて名づけました。	sound_row	https://baby-calendar.jp/knowledge/common/1527	bc
2020	F	は行	枇由	ひより	私の祖父の誕生日は昭和2年2月、私の誕生日は平成2年2月、そしてこの子の予定日は令和2年2月でした。以前に流産で悲しい思いもしましたが、きっとこのときを選んできてくれたんだとうれしく思っていました。しかし1月に入って突然の前期破水。入院安静で10日ほどが経った日、もしかしたら2月まで頑張れるかも？とも思っていた矢先、先生から明日気配がなければ促進剤を使おうとのお話がありました。 2月生まれじゃなくてもいいよ〜。もう出てきてもいいんだよ〜。そんな風におなかをなでていると、まさかの陣痛。先生もびっくり。予定日より1カ月早く、まだまだ小さかったので不安もありましたが、無事に生まれてきてくれました。性別は生まれるまでわからなかったのですが、なんとなく女の子の気がしていました。 入院中は名前を考える時間がたくさんありました。「女の子ならひよりちゃんがいいね〜」と夫と話をしていました。漢字は最後まで悩みましたが、「枇由」にしました。家の庭にある大好きな「枇」杷の木のようにすくすくと、そして自「由」に自分のペースで育ってほしい。そんな願いをこめて名づけました。「枇」には小さくて可愛らしい様との意味合いもあり、1,900gで生まれたこの子にぴったりの漢字だと思いました。令和2年2月生まれとはなりませんでしたが、そんな事はきっとみんな忘れてしまっていると思います。それぐらい、みんな枇由にメロメロです。（ひよこママさん）	sound_row	https://baby-calendar.jp/knowledge/common/1527	bc
2020	F	は行	風花	ふうか	妊娠中から主人と名字とのバランスや雰囲気、姓名判断を見てずっと考え、3つ候補を出して生まれたら顔を見て決めよう！となっていました。そして予定日より4日早く出産し、幸せいっぱいでした。ところが生後2日で心疾患が見つかり、急きょ大学病院へ救急車で緊急搬送されることに……。私はパニックになり涙がとまらず、主人と看護師さんに慰められながら生まれたばかりのわが子と離れる現実を受け入れようと必死でした。 しかし、娘が運ばれる前に私が一番いいなと思っていた名前をそっと呼んだとき、ピクッと動いて反応しました。そのため、すぐに主人に「この名前にしよう！」と伝えて決まりました。今思えばただ声に反応していただけかもしれませんが……。風のように自由に、花のように誰からも愛される子になるように大切に名づけました（当日は風も強かったです。笑）。今も通院と治療は続いていますが、親子3人で幸せに暮らしています。	sound_row	https://baby-calendar.jp/knowledge/common/1527	bc
2020	F	は行	冬	ふゆ	予定日は2月の下旬、季節としては冬の予定で生まれる前からパパが名前は冬と決めていました。妊娠初期からつわりが重く、安定期を過ぎても吐きつづけ、匂いづわり、痰つわり、胃腸症状、頭痛とほとんど寝たきりの状態での妊娠期間を過ごしました。食べれる物も限られていて、飲み物も受け付けない身体に、赤ちゃんが生きてくれているのか不安で不安で、出産までが遠く感じられました。日常生活もままならないため、上のお兄ちゃんもと実家に身を寄せて、パパとは離れ離れの生活。 お兄ちゃんにはたくさん寂しい思いと我慢をさせてしまいましたが、だんだん大きくなるおなかに「ふゆ〜、生まれてきてね〜」と呼びかけてくれるやさしいお兄ちゃんに成長してくれました。生まれてからも、お兄ちゃんの呼ぶ声によく反応している冬。おなかのなかにいたころから知っている声は安心するのかな。ちなみにお兄ちゃんは春生まれで、はるです。冬は寒さ厳しい季節ですが、忍耐強く、雪のように真っ白な澄んだ気持ちを忘れないで成長してもらいたいなと思っています。（りょうぞうさん）	sound_row	https://baby-calendar.jp/knowledge/common/1527	bc
2020	F	は行	鳳花	ほうか	母親の私が3月初旬生まれなのですが、生まれた日に雪が降っていたことや、その他にも由来があり名前に雪が入っています。娘は予定日が同じく3月初旬。季節感のある漢字を入れたいなとは思っていました。女の子だし名前に春らしく桜など入れるのもいいかと思いましたが、現実的に考えると私の住む地方では3月に雪が降っていたり、桜が咲いているかも微妙なので悩みどころでした。 結局、出産後退院し、出生届を書く寸前まであれこれ悩みました。中国ではおめでたい？伝説の鳥である鳳凰の鳳と、春と言えば！をイメージし、お花を組み合わせ鳳花と名づけました。あまり同じ漢字と読みで名前が被ることもなく、娘にとても似合っているのでこの名前にしてよかったなと気に入っています！	sound_row	https://baby-calendar.jp/knowledge/common/1527	bc
2020	F	は行	帆鳥	ほとり	夏生まれということから、夏を連想する字を入れたく船の帆を採用しました。そこから語感で帆鳥となり、大きなことをして周りに人を集められる人になってほしいと、思ってこの名前を付けさせてもらいました。	sound_row	https://baby-calendar.jp/knowledge/common/1527	bc
2020	F	は行	穂七実	ほなみ	わが家で五人目の赤ちゃんです。そして、わが家は7人家族となりました。主人と、七とゆう漢字を入れたいねと考えに考え、【穂七実】とつけました。わが家7人目に生まれてきたこの子。黄金に輝く稲穂のように、実りある豊かな人生を送れますように……。元気に生まれてきてくれて、ありがとう。	sound_row	https://baby-calendar.jp/knowledge/common/1527	bc
2020	F	は行	歩乃	ほの	胎盤と臍帯の位置異常のため、正産期を待たず早産にて出産する事になった娘。私も長く入院し、その間いろいろ名前を考えるうちに、歩くという「歩」の字を名前に入れたいなと思いました。一歩一歩、周りと比べず、自分のペースで成長していってほしい、という願いを込めてこの名前をつけました。現在、生後8カ月になった娘は、風邪ひとつひかず毎日元気にハイハイで動き回ってます！	sound_row	https://baby-calendar.jp/knowledge/common/1527	bc
2020	F	は行	帆乃花	ほのか	本当は、お姉ちゃんの名前の最後に羽がつくので、妹にもつけてあげたかったのですが、姓名判断がよく、私たちも納得できる組み合わせが見つかりませんでした。そこで発想をかえて、順風満帆な人生を送ってほしくて帆乃花で姓名判断をするとばっちり ！夫も気に入って、名字とのバランスもよかったので、帆乃花と名づけました！	sound_row	https://baby-calendar.jp/knowledge/common/1527	bc
2020	F	は行	帆夏	ほのか	妊娠が分かったのは昨年の12月上旬。コロナが中国で流行する前のことでした。つわりがひどく、入院。年内に退院したものの、年明けにまた入院してしまいました。その後、つわりがひどく里帰り出産で帰る日を数カ月も早めることになり、夫とは別々の生活が始まりました。コロナが流行っていたものの、地域ではまだでていなかったので、本屋で名づけ本を購入し、考え始めました。 病院では女の子だと思います。とは言われていたものの、半信半疑のまま考えてました。予定日が8月6日だったので夏らしい名前にしたくて、夏をイメージする漢字を使った名前を考えていました。また、響きを大切にしたかったので、読み方から考え始めました。一時、帰宅できたものの、今度は切迫早産で入院。再び、夫とは別の生活に……。出産までは帰ることは出来なくなりました。夫との名づけの相談はLINEのみ。電話だと両親に聞こえてしまうので、電話では話せませんでした。お互い両親には2人で決めてから報告しようと話し合っていたからです。何度も本を読み返し、ネット検索もたくさんしました。そんな風にしているうちに臨月になり、夫婦2人でそれぞれが候補をあげて、念のため画数も調べながら最終的に3つの候補にまでに絞りました。 しかし、そこからなかなかひとつには決められず……。まさかの、決定前に陣痛……。あっという間に誕生しました。予定通り、生まれたのは女の子。さて、新型コロナの影響で夫には退院まで会えません。慌てて、LINEで話し合い決めることになりました。漢字の意味、どうしてその名前にしたのかをはっきりできるように候補を選んでいきました。 帆夏に決めた理由は、7月生まれになったので、夏という漢字を入れたかったこと、また、帆はコロナにも負けずに生まれてきて、順風満帆にスクスク育ってもらいたいと決めました。読み、漢字ともに2文字も良いかなと思っていましたが、夏らしさとコロナに負けない強い子になってほしいこと、響きが可愛いことを考えてこの名前にしました。マスク着用での出産、退院までパパに会えない中、よく頑張ってくれたなと。コロナが無ければ、違う名前になっていたと思います。	sound_row	https://baby-calendar.jp/knowledge/common/1527	bc
2020	F	は行	帆ノ歌	ほのか	初めて授かった子で、男の子ならパパの名前1文字、女の子ならママの名前1文字を入れたいねと夫婦で話していました。妊娠6カ月ごろ女の子の可能性が高いだろうと先生から伝えられ、ママの名前の1文字「歌」を入れた名前をいろいろと考えました。その中で「ほのか」という響きに2人とも惹かれ、「ほのか」という名前はすぐに決まりました。ただ、漢字を決めるにあたって私は画数や運勢を気にしてなかなか決めきれずにいました。 そんな中、パパに候補を伝えたところ「「帆ノ歌」という字がいい！」と他の字には目もくれませんでした。理由を問うと「帆の字は順風満帆の帆だから。順風満帆な人生を謳歌して欲しいで帆ノ歌。」ということでした。私はハッとしました。画数や運勢を気にするのもいいけれど、それよりも意味をもって名前を決める方がずっといい！と気づかされました。 名前に込めた私たちの願いとは裏腹に、コロナ禍に生まれさっそく波乱の幕開けでしたが、帆ノ歌がいてくれるだけでわが家には毎日笑顔が溢れています。これからも家族みんなで支え合いながらコロナに負けず笑顔の絶えない家庭を作っていこうと思います。	sound_row	https://baby-calendar.jp/knowledge/common/1527	bc
2020	F	は行	歩乃花	ほのか	名づけるにあたり、まず、誰でも読めて間違えられない名前、本人が小学生で書ける漢字にすることを条件にしました。私が教師をしていたこともあり、誰もが読めるというのは大切だと感じています。でもよくある名前（漢字）というよりは少し珍しいくらいのがいいと思っていました。 そこで夫と二人でまず読みを考え「ほのか」に決定しました。「穂」という字を使ったり、ひらがなを使うことが多い読みです。いろいろ考えた末、「自分で歩いた先に花が咲く子でありますように」という意味で、「歩乃花」にしました。自分の人生を一生懸命歩んで行けば、幸せいっぱいの人生になるようにと願っています。（奏風さん） 歴代の赤ちゃんの名づけエピソード大賞 2020年赤ちゃんの名づけエピソード大賞 ＞ 2019年赤ちゃんの名づけエピソード大賞 ＞ 2018年赤ちゃんの名づけエピソード大賞 ＞ 2017年赤ちゃんの名づけエピソード大賞 ＞ 2016年赤ちゃんの名づけエピソード大賞 ＞ 2015年赤ちゃんの名づけエピソード大賞 ＞ 歴代の赤ちゃんの名前ランキング 2020年赤ちゃんの名前ランキング ＞ 2019年赤ちゃんの名前ランキング ＞ 2018年赤ちゃんの名前ランキング ＞ 2017年赤ちゃんの名前ランキング ＞ 2016年赤ちゃんの名前ランキング ＞ 2015年赤ちゃんの名前ランキング ＞ 2014年赤ちゃんの名前ランキング ＞ 2013年赤ちゃんの名前ランキング ＞ 2012年赤ちゃんの名前ランキング ＞ 2011年赤ちゃんの名前ランキング ＞ 2010年赤ちゃんの名前ランキング ＞ あなたの“今”の悩みを専門家に無料で相談できます 自分だけでは解決できない不安やお悩みは、助産師や管理栄養士などの専門家に個別相談してみませんか？ 専門家に相談する その他についての悩み もっと見る 専門家に相談する 妊娠・育児アプリ ベビーカレンダー記事制作の取り組み ＼ この記事にいいね！しよう ／ 0 クリップ 現在ログインしていません。 ログイン しますか？ シェアする 名前ランキング検索 ベビーカレンダーが独自で調査・集計した2017年以降に生まれた赤ちゃんの名前データの中から、知りたい名前の順位、よみの順位、漢字の順位を見ることができます。 【名前で検索】【よみ方で検索】が名前の一部で検索できるようになりました！ 名前で	sound_row	https://baby-calendar.jp/knowledge/common/1527	bc
2020	M	は行	珀琥	はくと	もともと子どもができにくい体だった私……。通院を重ねていろいろな検査をしました。「もしかしたら赤ちゃんができないかも」そんな不安の中、治療を進めていると案の定、腹水という病気になってしまい、気持ち的にも体力的にもつらくなっていました……。 しかし、この病気になったと同時に今回の妊娠が判明！ 流産してしまうかもしれないというリスクを背負いながらも「どうかこの命が無事でありますように……」と毎回の健診で祈っていました。切迫早産、妊娠糖尿病と、妊娠中も不安は尽きず。コロナの影響もあり、言葉にできないくらいの不安やストレスを受けてしまったのですが、懸命に動く心臓や、日々大きくなるおなかを見ては幸せを感じていました。 私たちの元に来てくれたことは本当に奇跡のようで、トツキトウカ、幸せを感じで過ごすことができました。名前の由来は、琥珀の宝石のように幸せを呼び寄せ周りの人を幸せにできるように。虎のように強く逞しく生きていってほしいという願いを込めました！	sound_row	https://baby-calendar.jp/knowledge/common/1517	bc
2020	M	は行	珀音	はくと	主人とふたりで名づけの本を見て決めようということになり、開いたページからいい名前があれば候補にあげていく感じでしていました。この名前は2人が初めて同時にいいね！となり、びっくりしてそのまま付けちゃいました	sound_row	https://baby-calendar.jp/knowledge/common/1517	bc
2020	M	は行	蓮輝	はすき	長女も出産月の花のかすみ草からつけたので、2人目も出産月の蓮からつけました。花言葉は清らかな心。汚れのない正直で優しい子になりますように。そして泥中の蓮という言葉から汚れた環境でも染まらず清く生きてほしいと願いを込めて。 「き」の漢字がいろいろあって悩んでいたのですが、2歳の長女が「輝」という漢字を指差したのでこの漢字に決めました。夫婦だけでなく家族みんなで決めた自慢の名前です。	sound_row	https://baby-calendar.jp/knowledge/common/1517	bc
2020	M	は行	花翔	はなと	かまいたち山内さんの息子さんの名前を真似しました。	sound_row	https://baby-calendar.jp/knowledge/common/1517	bc
2020	M	は行	颯	はやて	さまざまな風の中でも、屈しない子に育ってほしい。	sound_row	https://baby-calendar.jp/knowledge/common/1517	bc
2020	M	は行	隼人	はやと	義両親のことが大好きな私。おじいちゃん（主人の父）の名前が「悠人」、主人の名前が「健人」と、親子代々で名前の終わりに「人」が付いています。おなかの子どもが男の子と分かった時に、これは「人」を付けるしかない！そう思いました。 様々な候補がありましたが出産しお顔を見ると「隼人」がしっくりきてそのまま名づけました。義両親に名前を伝えると、「人を使ってくれてありがとう！」と大喜び。息子の名前を見るたび家族の繋がりを感じることができて嬉しい気持ちでいっぱいになります。	sound_row	https://baby-calendar.jp/knowledge/common/1517	bc
2020	M	は行	颯斗	はやと	お兄ちゃんの時に、斗真か颯斗で迷っており、兄は斗真に。次に男の子が生まれたら、颯斗にしよう！となり、すぐ決まりました。5月生まれということもあり、爽やかな星のようにキラキラ輝く人生を送ってほしいという思いを込めて、颯斗という漢字＆名前になりました。	sound_row	https://baby-calendar.jp/knowledge/common/1517	bc
2020	M	は行	隼	はやと	はやと」正直、音で決めました。漢字は「隼」。自分の進むべき道を見つけ、信念を持って強く生きられる子になるように。 私は不妊治療を4年。結婚してからは7年目に息子を授かりました。念願の子どもです。しかも自然妊娠で授かり本当に驚きました。高齢出産という事もあり、出生前診断をしたり、妊娠後期には赤ちゃんが小さめとの事で管理入院を2週間しました。幸い薬や点滴は無く、安静にして、ごはんやおやつは必ず完食していました（笑）。入院してくる方は本当にいろいろな方がいて本当に妊娠・出産は奇跡だなぁと思いました。 今は生後7カ月になり、元気に育ってくれています。念願叶っての赤ちゃんなのに、やはり育児は大変ですね。息子に感謝すると同時に、両親にも改めて感謝したいと思います。名前の意味は難しいかもしれないけど、息子にも感謝の気持ちを忘れずに生きてほしいなぁと思います。	sound_row	https://baby-calendar.jp/knowledge/common/1517	bc
2020	M	は行	隼聡	はやと	長男の出産から7年かかりました……。まさかの2人目不妊で、両親とも問題があり、治療も良い結果がなかなか出ず、その間に最愛の父に末期の膵臓ガンが見つかり、闘病の末に亡くなりました。実家が九州、住まいが関東なので危篤の知らせを受けたのが夜……。もう生きて会えないだろうと諦めていましたが、翌日の午前中、亡くなる30分前に着いて、最後にお礼を伝えることができました。 そして49日が過ぎて1週間後に念願の妊娠が判明しました！ しかし妊娠中は最初2カ月まで出血が続き、塊もあり、何度も父に祈っていました。隼聡は父と干支も一緒で生まれ日も一緒！ 皆で生まれ変わりだねとか、長男に兄弟を望んでいた父が連れてきてくれたんだねと言われて、とても嬉しかったです。 名づけでは、妊娠39週まで隼聡か陽登で悩んでいて、やっと隼聡に決めた翌4時に破水がきて、陣痛待ちで予定日に出産だねと医師と話していましたが、赤ちゃんの心拍が弱まり。緊急帝王切開で、長男と5日違いで生まれました！ 「隼聡」は男の子なので名字に画数を合わせたのもありますが、ありきたりな名前の漢字にしたくなく、隼（はやぶさ）のように何事も素早くできて、聡明な子どもに育ってほしいと願いを込めて名づけました。	sound_row	https://baby-calendar.jp/knowledge/common/1517	bc
2020	M	は行	悠	はる	妊娠が分かったのは籍を入れた4カ月後、私たち夫婦にとって初めての子どもでした。以降、夜寝る前には毎日おなかの中の子の話をしていました。「どんなスポーツに興味持つかな？」「私に似て食いしん坊さんかな？」「周囲に好かれる優しい子に育つといいな」想像がどんどん膨らんでいき、その中でハルという胎児ネームが付きました。 音の響きがあたたかく柔らかい感じが気に入り、また、当時性別がまだ分からなかったため性別関係なく呼べる名だったのも決め手の一つでした。わりと早いタイミング（妊娠4カ月くらい）から名前で呼んでいましたが、あくまで胎児ネームだと考えていたため、妊娠9カ月ごろに改めて名づけについて考えました。 主人は特にマメで、名づけの本を4、5冊読んでいました。男の子だろうと聞いており、画数や名字との相性等含め、候補を出しました。3〜4個に絞ったものの、結局以前より呼んでいたハルという名が一番しっくりくると2人の意見が一致。漢字表記については、落ち着きがあり、穏やかで優しい人間になってほしいという思いを込めて、「悠」に決定しました。 生で我が子を見たときに、悠という名前が合わないようだったら変えようねと話していましたが、全くそんな心配はいりませんでした。現在生後3カ月、まだ性格は分かりませんが、いつもニコニコ、周囲に笑顔を振りまく愛想の良い子に育っています。これから言葉が分かるようななってきたら、悠の名づけの由来や私たちの思いを、しっかり伝えていきたいと思います。	sound_row	https://baby-calendar.jp/knowledge/common/1517	bc
2020	M	は行	春陽	はる	なかなか妊娠できず、やっとできた初めての赤ちゃんでした。共働き夫婦の私たち。子ども好きで、妊娠前から「成長をこの目で見守りたいから育休をとって子育てをさせてほしい！」と言っていたパパ。私が仕事の都合で育休に長く入れなかったのもあり、パパが半年以上の育休をとって家事育児を頑張ってくれています。 そんなパパから妊娠初期に突然、「赤ちゃんの名前なんだけど、予定日の季節は春だから……春は出会いの季節で、君（赤ちゃん）に出会えた季節。これから人との出会いを大切に、たくさんの人から囲まれ幸せな人生を歩んでほしい！ そして、太陽のように明るく元気な男の子に育ってほしいという願いを込めて……春陽 （ はる ）！！！ 愛称は、はるたんでいこう（笑）！ 画数もばっちりだよ！ どうかな？」とLINEが。私もとても気に入りこの名前に決まりました。 春陽は生後半年になりますが、育休をとったパパにたくさん名前を呼んで可愛がってもらって、ママよりもパパっ子です（笑）。名前はパパに決めてもらってよかったなーと思います。これからもよろしくね、パパ♡	sound_row	https://baby-calendar.jp/knowledge/common/1517	bc
2020	M	は行	悠	はるか	私は悠という漢字がとても好きでした。意味を調べてみると“マイペース”や“ゆっくり”という意味があり、第二子ということもあったので「ゆっくり大きくなってほしい」という意味を込めて決めました。 第一子は3週間近く早く破水から始まったお産で分娩台に乗ってからは2、3回いきんだら出てきた子でした。なので今回もそんな感じのお産になるかな、と思っていたら予定日を余裕でこえて妊娠40週2日。微弱陣痛ばかりで本陣痛になかなか繋がらず。分娩台に上がってからも何回いきんだか覚えていません。 助産師さんからも頑張れ!と応援され続けましたが本当になかなか出てこず、なんで！？と不安になりました。最後の最後、やっと生まれて出生体重をはかったところ、なんと3,910g！ 先生や助産師さんもしばらく見てない数字ということで、「そりゃ出てこないね」と大笑い！ 私はそのときふと“悠”と名づけて“ゆっくり大きく”と意味を思いだし、その通りの子が生まれてきたな、と確信しました	sound_row	https://baby-calendar.jp/knowledge/common/1517	bc
2020	M	は行	遥	はるか	春に生まれたので『はるか』。安易ですが、夫婦共に音の響きも気に入ったのですぐに決まりました。漢字は、いろいろな候補がありました。決定的だったのは、志村けんさんの訃報を聞いて、元気だと思っていた人でも突然いなくなってしまうこともあるのだと思ったことです。『遥』、この子の幸せな人生が永く続く様にと願いを込めてつけました。	sound_row	https://baby-calendar.jp/knowledge/common/1517	bc
2020	M	は行	悠騎	はるき	優」「愛」「悠」、主人、私、長男みんな名前に「心」が入っています。なかなかないことだと思います。子どもが生まれたら心を入れてあげたいと結婚前からずっと思っていました。仕事や学校などで離れていても、心を一つに家族の絆はしっかりしてるよ。という意味も込めて……。次男は長男と同じ「悠」の字を使いました。悠はゆうゆうとしておおらかなという意味もあるので、のびのびと育ってほしい意味も込めています。騎は颯爽と駆け抜ける様子をイメージさせ、たくましい印象を受けます。行動的で目標に向けて向かっていけるようこの字を選び、「悠騎」と名づけました。	sound_row	https://baby-calendar.jp/knowledge/common/1517	bc
2020	M	は行	大義	はるき	うちの子達は家族誰かの名前の一字を入れて名づけしてきました。3人目の僕にはパパの一字と祖父の一字で大義に。先に漢字を決め、読み方をどうするか迷っており、出産までは別の読み方での名前にする予定でした。 コロナ禍での出産でしたが立ち会い出産は何とかでき、出産して我が子の顔を見てパパがふと「はるき」という名を口にし、私もその名前がとてもしっくりきたため、急遽はるきに決定しました。1人目がまさき、2人目がちはる。兄姉からとった名前にもなり、家族兄弟の結束を感じられる名前でとても気に入っております。	sound_row	https://baby-calendar.jp/knowledge/common/1517	bc
2020	M	は行	遥煌	はるき	妊娠6カ月のある日のこと。夫と外食しながら、まだ男の子か女の子かわからないけど名前どうする？と話し合っていました。なぜかそのとき女の子の名前は思いつかなかったのに、ふと降りてきたのが「はるき」でした。 夫もすぐにいいね！！と言ってくれ、漢字を検索。「遥煌」という字には、自分自身が煌めく光となって遥かかなたまではばたけるように、そしてその光を周りにも灯せるひとになるようにとの願いを込めました。 現在息子は生後8カ月。いつもにこにこ笑顔、ひとが好きで、名前のとおり周りを明るく照らしてくれています。ずっとこのだいじな光を守り続けたいと、その笑顔を抱きしめています。	sound_row	https://baby-calendar.jp/knowledge/common/1517	bc
2020	M	は行	晴己	はるき	周りを照らすような晴れやか心の持ち主で、己（自分自身）をもってほしいとの気持ちを込めてつけました。	sound_row	https://baby-calendar.jp/knowledge/common/1517	bc
2020	M	は行	遥輝	はるき	春生まれでつけたのと、遥輝（はるき）はるかに輝いてほしいと言う思いでつけたのと、どうしてもはるきと言う名前にしたかったからです。	sound_row	https://baby-calendar.jp/knowledge/common/1517	bc
2020	M	は行	陽喜	はるき	太『陽』のように温かく人を包み込める優しさと明るさを持ち、どんなことも『喜』べる前向きな人になってほしい。	sound_row	https://baby-calendar.jp/knowledge/common/1517	bc
2020	M	は行	晴希	はるき	戸籍上は第一子の晴希くんですが、3回目の妊娠で生まれた子どもです。1回目は10週で流産、2回目は30週のときにおなかで男の子の赤ちゃんが亡くなり、出産してから火葬をしてお空に見送るという経験をしました。晴希くんには、本当はお兄ちゃんがいるのです。 お兄ちゃんを出産してからお空に見送るまでの3日間、私たち夫婦は、大切で貴重な、そしてわずかな、お兄ちゃんとの時間を必死に過ごしました。涙が止まらなかったですが、お兄ちゃんには、笑顔の私たちの姿を覚えていて欲しいと思い、また、できることはなんでもしてあげたいと思い、夫婦でかわいい棺を作り、たくさんの想いを込めた手紙を棺に入れ、最期は「ありがとう！ ずっと見守っていてね！」とお空に送りました。 一緒に過ごした期間のさわやかに晴れた空がずっと心に残っていて、晴れた空には、お兄ちゃんが天国から見守ってくれているとずっと信じていました。3回目の妊娠まで、何度も何度も、息も苦しいつらい期間が夫婦共にありました。妊娠してからも、不育症治療の1日2回の注射や切迫早産による入院など、毎日が不安でたまらなかったです。そんなとき、晴れた空を見てはお空のお兄ちゃんに、「どうか見守っていてね、私たちに弟か妹を、希望の子を連れてきてね」と願っていました。 元気な産声をあげて我が家に生まれてきた待望の子は、「晴れた空に願っていた希望の子」ということで、晴希くんと、夫が名づけました。これからも天国のお兄ちゃんが、私たち家族の幸せと希望を見守ってくれていると信じています。晴希くんには、お兄ちゃんの分までたくさんの愛情を注いでいきたいです。	sound_row	https://baby-calendar.jp/knowledge/common/1517	bc
2020	M	は行	桜希	はるき	彼と知り合って、彼から送られてきた写真がとても綺麗な桜だった。咲き始めていたから撮ったみたい。もし子どもができたら一緒になる約束をして付き合い始めた。 7カ月目。妊娠して彼に伝えたら「今は無理」と言われて音信不通になった。でも彼はそんな人じゃないって今でも信じてる。子どもの名前にどうしても桜の漢字を入れたくて、桜と希望の希で桜希にしました。 もしも彼に会えたら、本当は2人で考えてつけたかったけど、彼との思い出の桜にしたんだよ。私だけの宝物じゃなくて、今もこれから先もずっと一緒になれなくても、2人の宝物だよって伝えたいからつけました。	sound_row	https://baby-calendar.jp/knowledge/common/1517	bc
2020	M	は行	陽己	はるき	私の名前も旦那の名前もHから始まる名前で、結婚したことによりイニシャルがお互いH.Kとなりました。そのため、子どももHがつく名前に……！と考え姓名判断のサイトを見ながら決めました。太陽のようにあたたかく優しい男の子になってほしいという願いを込めて。	sound_row	https://baby-calendar.jp/knowledge/common/1517	bc
2020	M	は行	晴希	はるき	妊娠する前から、お父さんの名前から一文字取って「希」をつけたいと考えていた。いろいろ候補が出て、2つに絞ったうちの一つが「晴希」だった。晴れやかな人、頭の良い人になって欲しいという想いを込めて考えていた。生まれてきてから顔を見て、「晴希」だな、なんとなくもう一つのほうではないなと感じた。安倍晴明の誕生日（諸説あり）と一緒だ！となり、最終的に決定した。	sound_row	https://baby-calendar.jp/knowledge/common/1517	bc
2020	M	は行	遥暉	はるき	自立心や好奇心を持った人に育つように。日の光が輝くように、可能性ある未来が長く続くように。コロナ禍の先が見えない不安の中でも強くすくすくと育ち生まれてきた我が子への感謝と、彼が生きていく世界が輝きで満ちているよう、希望を込めて夫と名づけました。	sound_row	https://baby-calendar.jp/knowledge/common/1517	bc
2020	M	は行	春樹	はるき	お姉ちゃんの名前が「怜夏（れいか）」だったため、下の子の名前にも季節の漢字を入れたいね！と、夫婦で何となく話はしていました。その後性別もわかり、春生まれの「春」の字を入れた名前を考えよう！とお姉ちゃんも含めてみんなで話をしました。 それから数日が経ち、お姉ちゃんが通うこども園のお友達や先生に、「春になったら弟が生まれるんだー。はるきだよ！よろしくね」と言ってしまったため、会う人、会う人、「おめでとう！はるきくんが生まれたら抱っこさせてねー」と言われるようになってしまいました。結局、お姉ちゃんが決めたとおり春の字を使って「春樹」に決めました。	sound_row	https://baby-calendar.jp/knowledge/common/1517	bc
2020	M	は行	遥葵	はるき	自分で筋道を立てて考えられる子になってほしくて、その意味のある「遥」という漢字を使いました。また、5月生まれで初夏であることと、素直で真っ直ぐに育ってほしいという思いから「葵」という漢字を使いました。それぞれの意味を持つ漢字は他にもありましたが、組み合わせた時の雰囲気や姓と合わせた時の画数で最終的に決めました。	sound_row	https://baby-calendar.jp/knowledge/common/1517	bc
2020	M	は行	悠幹	はるき	なかなか2人目を授かることができず、やっと授かった赤ちゃんも妊娠12週で稽留流産。流産してしばらくした時に、「赤ちゃんは忘れ物を取りに行っただけ」という言葉に出会い、気持ちが沈んだり自分を責めたりすることが少しずつ減った。 やっぱり子どもが欲しいと妊活を再開してすぐに、この子は私たちのもとにやってきてくれた。性別は生まれてくるまで聞くつもりはなかったのに、5カ月に入ったばかりの健診で「男の子だね～」と先生がポツリ。まさか。まさかね。私の母方の血筋は女系寄り。私も姉妹、いとこも姉妹。私の子どもは女の子、いとこの子どもも女の子。私のおなかの中の子が男の子だと分かり、母方の祖父は孫に男の子が生まれるよう祖母と祈祷にも行っていたということを母から聞いた。そうか、赤ちゃんの忘れ物はおちんちんだったのか。おじいちゃんに呼び戻されて、男の子になって戻ってきたのか。なんだかそんな気がしてならず、私はどうしても祖父の名前の漢字を付けたくて、パパと何度も相談した。 そして元気に生まれてきてくれた男の子に、悠幹（はるき）と付けた。悠はお姉ちゃんと同じ字で、のびのびと健やかに育ってくれるように。幹は祖父の名前、幹吾からもらい、しっかりと芯を持ち、それでいて祖父のように心優しく周囲を思いやれる人間になってほしいという私の願いを込めた。 祖父が生きていたら、曾孫の名前に自分の漢字を使ってもらったとカラオケ仲間に自慢していただろうな。天国ですでに自慢して回ってるかもしれない。祖母は3人目となる曾孫にメロメロで、「よか男やね～」を常に連呼。祖父の漢字が入った名前も気に入ってくれた。名前は生まれてきた赤ちゃんへ両親から初めてのプレゼント。大きくなって自分の名前の由来を聞いた時に、少しでも私の気持ちを悟ってくれたら嬉しいなと思いつつ、ただただ今は元気に育ってくれていることに感謝する毎日を過ごしている。	sound_row	https://baby-calendar.jp/knowledge/common/1517	bc
2020	M	は行	榛祈	はるき	誰かの為に幸せを祈れる人になってほしい。そう願って、『祈』の文字を使いたいと思っていました。妊娠中、主人と、女の子なら『祈李（いのり）』とかもありだよね、と話していましたが、男の子と判明。『はる』の音が入ると愛されると聞いたことがあり、名前の候補は『はるき』に、『き』を『祈』の字に、と決まりました。 『はる』の文字をどうしようか迷い、候補に出たのが『榛』と、『陽』の字でした。『太陽のように、明るい人になりそう』と思い、出産までその二つに絞っていましたが、息子の生まれた当日の天気は、曇りから雨、更には雹も降るような荒れっぷり！太陽の恩恵がまるで感じられなかったです。けれど、ならばと、荒天にも負けない、大地に根を張る榛の木のように、しっかりと地に足をつけて生きて欲しと思い、『榛祈』と名づけました。	sound_row	https://baby-calendar.jp/knowledge/common/1517	bc
2020	M	は行	悠希	はるき	心優しく大らかな人に育ってほしいという願いを込めた名前にしたいと思っていました。“はる”や“ひろ”というような、優しいイメージの響きの名前をいろいろな漢字でリストアップし、最後は納得のいく漢字と画数で、悠希（はるき）に決めました。読み間違えられやすいところは迷ったものの、父も祖父も必ず読み間違えられる名前なので、そういう繋がりもおもしろいかなと思っています。	sound_row	https://baby-calendar.jp/knowledge/common/1517	bc
2020	M	は行	遥太	はるた	次男のため、長男（啓太）と兄弟感を出したく、「太」は付けようということで、名前を考え始めました。私がイニシャルにしたときに家族で被りたくないという変なこだわりがあり、限られた候補の中での選定となりました。 なかなかピンと来るものが思いつきませんでしたが、ある日、旦那が提案した名前がとても良い響きだったため採用。そこから気に入った漢字を当てはめ、名前が決まりました。「太」は旦那の名前にある「泰」の異体字だそうで、親子感を出しています。「遥」には大きな心を持った優しい子になるように、無限の可能性を秘めた子になってほしいという想いを込めました。	sound_row	https://baby-calendar.jp/knowledge/common/1517	bc
2020	M	は行	春人	はると	旦那と名前について話し合った時、2人して『はると』が良いとすぐに決まりました。漢字は何パターンかで迷い、姓名診断などいろいろ調べたりもしました。その中で、旦那から『春人』か『晴人』が良いと言ってきたので、どちらかにする事に！ しかし夏生まれなのもあり、春だと季節的には微妙な感じがしていたので少し悩んでもいました。その時に旦那が「2人に春を運んでくれた人」って意味があると言ってきたのもあり、結果生まれる前に『春人』と決まりました。	sound_row	https://baby-calendar.jp/knowledge/common/1517	bc
2020	M	は行	悠翔	はると	妊娠が判明し、性別が分かってから主人と名前を考えはじめました。お互いに名前の候補を出し合うと、なんと！！ 『はると』という名前がお互いの候補に入っていました。名前の響きも良く即決定でした★ 私たちの願いが（1）優しい子（2）のびのびと育てる（3）夢を見つける、だったこともあり、このような意味をもつ漢字を調べたところ『悠』にはゆったりしている、気の長い様子という意味があり『翔』には飛ぶ、空高く飛び巡るという意味があることを知りました。【自然体で優しく、自由にのびのびと夢に向かって羽ばたいてほしい】そう願いを込めて悠翔と名づけました。	sound_row	https://baby-calendar.jp/knowledge/common/1517	bc
2020	M	は行	遼音	はると	2人目が欲しくて妊活を始めて半年で授かる事が出来ました。1人目の時はトラブルもなく順調に育ってってくれていたので普通分娩で産めるかと思っていたら途中から逆子になってしまって予定帝王切開になってしまいました。 この子も上の子と同じようにいくかと思ってたら、まさかの途中から切迫になってしまって、ドキドキしながらの妊娠期を過ごしました。出てきてくれた時は無事に出てきてくれた事に安心しましたが、2,500gと小ぶりだったので、無事に大きく育ってほしい、自分らしさを持って自分のやりたいと思った事をとことん成し遂げて、悔いのない人生を送ってほしいという願いを込めて「遼音」にしました。	sound_row	https://baby-calendar.jp/knowledge/common/1517	bc
2020	M	は行	遥斗	はると	第一段階で男の子なら、漢字2文字で読みが3文字、または漢字2文字で読みも2文字と決めていました。また、ローマ字で表記した時に例えば『ゆうと』なら『YUTO』となってしまうような名前は避けました。そして、拗音も避けました。 なぜなら、自分が旅行会社勤めで、よくお客様のパスポート表記が書きにくかったり、間違いやすいものはどうしても抵抗があったので……。そして、男の子か女の子か、名前を聞いたり漢字を見たりしただけで判別がつくこと、誰からでも間違いなく読んでもらえる名前にしたいと思っていました。 第二段階で名字とのバランス、字画を考えました。第三段階で生まれが春だったので『はる』の響きを入れたかったので、最終『遥斗』になりました。『遥』は遥な未来を見据えて、大きく、たくましく『斗』は北斗七星のように光り輝く子になってほしいと願いを込めて。	sound_row	https://baby-calendar.jp/knowledge/common/1517	bc
2020	M	は行	悠翔	はると	そろそろ子どもが欲しいな〜と思っていた頃に、ビビっと【悠】の文字が直感的に良いなぁ……と感じ、意味を調べたら「ゆっくり・マイペース」の意味がある事を知りました。私は、子どもには【人に流されず自分ペースで人生を生きて欲しい】と思っていたので、意味を知った時にこの漢字を絶対使いたい！！ってなりました。その漢字から連想されるのは、全部男の子の名前で、結果【悠翔】【悠悟】の2つ候補を作っていました。 ビビっと来た日から1カ月経った頃、妊娠判明して夫婦2人で喜び合いました。そして2人して「おなかの子は絶対男の子な気がする！」と変な確信を持っていました（笑）。それからおなかの子に話しかける時は、出産が4月の春予定だったのでずっと「はる君」って呼んでた事もあり、【悠翔】で【はると】にしようって自然と決まりました。生まれたらやはり元気な男の子で、母親の直感ってスゴいなと驚きました。	sound_row	https://baby-calendar.jp/knowledge/common/1517	bc
2020	M	は行	遥登	はると	名づけたのは父親の私です。名前の由来は、ありきたりですが、遥か遠くに自分で登っていけるように名づけました。【渡る】という漢字も悩んだのですが、世渡りよりは自分の道登ってと考え、【登る】としました。 一番のこだわりは遥という漢字です。春、晴、陽、栄……、はると読む漢字はたくさんありますが、私は【遥】を選びました。小学生のころから、好きな漢字で、遥を選んでいました。理由は、この漢字に、優しさと柔らかさを感じるからです。何がきっかけか覚えていないのですが、書き初めでもこの漢字を書いたことを今でも覚えています。 女性に多く使われる漢字ですが、女性のような柔らかさ、温和さ、何があっても登っていく力強さを持った芯のある子に育ってくれる事を願い、伝えていくつもりです。両親や家系の漢字を引き継ぐ事も考えましたが、この子にはこの子の人生を歩んでほしいと切に願います。	sound_row	https://baby-calendar.jp/knowledge/common/1517	bc
2020	M	は行	晴翔	はると	名前を考えているときに、私が男の子だったら「晴翔」だったと旦那に伝えて、画数を調べたところ、いい結果が！ 旦那が気に入り、第一候補になりました。2月生まれで「晴」の字を使うのは不安もありましたが、雪の多い地域にも関わらず、生まれた日は一日中晴天でまさに晴れるの晴翔！ 晴翔本人がママの不安を吹き飛ばしてくれて、パパママ納得の名前となりました。	sound_row	https://baby-calendar.jp/knowledge/common/1517	bc
2020	M	は行	遥都	はると	生まれる前の候補はコロナなどもあり、健康であればという気持ちで「健太郎」、生きにくい世の中でも幸せになってほしいという気持ちで「幸太郎」、聡明で賢く「聡一郎」などの候補があったが、破水し緊急入院。しかし土日は医師が少ないため促進剤は使えないということで2日ほど陣痛がこないまま入院生活を送り、その間に友人に教えてもらった名前アプリでたまたま見つけた名前です。 出産後、破水してから時間が経っていることからNICUに入院し、2日後戻ってきた時の顔を見て、遥都しかないと思い、頑固に言い張る旦那が根負けし、遥都となった。	sound_row	https://baby-calendar.jp/knowledge/common/1517	bc
2020	M	は行	悠翔	はると	穏やかに育ってほしい！！という気持ちを込めて「悠」、凛としたたたずまいから、そして大きくはばたいてほしい気持ちを込めて「翔」。自然体で優しい人に育ってほしい気持ちを込めて♡	sound_row	https://baby-calendar.jp/knowledge/common/1517	bc
2020	M	は行	遥都	はると	次の子どもができたら、男の子でも女の子でも「はる」と呼びたいとずっと思っていた。男の子だとわかり、いろいろ候補はあげたが、やっぱり自分の中で、「はる」は譲れず、『はると』にしたいと押し通した。	sound_row	https://baby-calendar.jp/knowledge/common/1517	bc
2020	M	は行	遙眞	はるま	初めての子どもで、どうやって名前候補を出すかからスタート。男の子だし、名字とのバランスも必要だし、画数もやっぱりいいのがいいしと、全く進まず。春生まれだから、名前の響きの中に、どこか春を感じられるものがあるといいなと、1人で思いつつ……。でも実際はなかなかいい名前が出てこなくて、なんとかいろいろ候補をあげていきましたが、残り2つが絞れない！！ よく顔みたら、どっちかピンとくる名前があるよ！というのを聞いた事があったため、主人と2人であとは生まれてきて、顔まで決めよう！！と。 そしていざ誕生！！ 予定日通りに生まれた我が子。長い長い18時間の陣痛を乗り換え、やっと会えた我が子の顔見て、名前はすぐピン！ときました。生まれてすぐ旦那に「名前どうする？？」と聞いたら、即答で同じ名前をチョイス！！ やっぱりピンとくるものなのかと思いつつ、また、自分が考えて名前に春を感じられたらという思いも伝わったのか、漢字は違えど「はるま」も、名前にしっかりハルが。しっかり芯を持って夢に突き進み、周りの人には優しく思いやりをもった子になってほしい。春のような、優しい雰囲気をまとって、自分も周りの人も幸せにしてほしい。そんな思いを込めて、この子にこの名前を贈りました。	sound_row	https://baby-calendar.jp/knowledge/common/1517	bc
2020	M	は行	榛真	はるま	我が家は夫婦二人、共に【木】に関係する字が入っています。そのため上の子二人も名前に【木】をいれました。そして今年3月末に生まれた三番目の子にも同じように名づけることに。コロナ禍の中で生まれた息子。素直で真っ直ぐに、すくすくと育って欲しい。そしてこんな時代に生まれてきたからこそ、【平和】の意味を持つ榛の字を入れました。	sound_row	https://baby-calendar.jp/knowledge/common/1517	bc
2020	M	は行	晴天	はるま	4年妊活をし、その中で子宮外妊娠を3度繰り返し、その中には双子の赤ちゃんもいて何度も泣き、体外受精でやっと授かったのですが、「この子も心拍が遅いからダメかもしれません」と告げられたり、出血があったりなど、不安な事が絶えなかった中での妊娠生活でした……。 しかし、なんとか乗り越え、それからは心躍らせながら、毎日期待でいっぱい。名前候補もいくつかあったのですが、ある日、旦那が候補にすらなかった「この子は男の子だから漢字は晴天で読みははるまにする」と言い出し、性別もわかっていなかったのですが、字画もよくそれに決まったのです。 実は彼の実家は有名な祈祷師がいます。代々人によっては霊感が強い家系で、義母は私の母ともともと知り合いなのですが、義母が私と会った瞬間に「2人が結婚するのが見えた」と言いだしました。そして例に漏れず旦那も「男の子が自分の子どもとして出てきて2人で喋った」と言い出し、その時はまだ赤ちゃんの性別も分かっていなかったのですが、それで決まりました。 それから名前にぴったりの可愛い赤ちゃんが生まれてきました。コロナ禍の中での出産でしたがやっと自分たちの赤ちゃんに会うことができ、夫も感動で泣いていました。なんとも不思議な体験と、改めて命の重さを出産を通して本当に感じました。	sound_row	https://baby-calendar.jp/knowledge/common/1517	bc
2020	M	は行	悠真	はるま	一つ一つ努力を積み重ねて大成するように。狭い世界に囚われず、いろいろな事に興味を持ち、学んでスケールの大きな人になるように。穏やかで思いやりのある子に。嘘をつかない素直で誠実な人間になってほしい。旦那と真逆の人間になってほしくて名づけました。	sound_row	https://baby-calendar.jp/knowledge/common/1517	bc
2020	M	は行	春幸	はるゆき	姉と14歳差の弟です。妊娠が分かったころ、中学1年生だった長女は反抗期真っ只中。素直に喜べず、学校でも家でも荒れていました。私自身も久しぶりの出産、しかもコロナ禍の高齢出産で、不安もあり、また反抗期の長女との付き合い方に悩み、気持ちが晴れない毎日を過ごしていました。それでも春になれば、きっと幸せになれる！と願掛けのように祈っていました。 実際に春に息子が生まれると、長女の反抗期も落ち着き、とっても優しいお姉ちゃんになってくれました。息子が名前の通り幸せを運んでくれたので、今度は息子自身が幸せになれるよう願っています。（ぱるちゃんさん）	sound_row	https://baby-calendar.jp/knowledge/common/1517	bc
2020	M	は行	太陽	ひかる	大事な日には必ず晴れる晴れ女な母と、写真を撮るのが好きで太陽の光にこだわる父。周りの人を明るく照らして元気にしてほしいという願いを込めて『太陽』に関係する名前を探していたところ、『ひかる』と読ませる名前もあると知り、決めました。また、高位破水のため妊娠34週で入院し、安静にして週数を延ばしていましたが、雨や雪が続いていた日から急に晴れた日に生まれたので、考えていたこの名前しかないと思いました。	sound_row	https://baby-calendar.jp/knowledge/common/1517	bc
2020	M	は行	輝	ひかる	私たちはお互いバツイチで、再婚時、私には小学生の娘と保育園児の息子がいました。主人からは、「いつか自分たちの子どもが欲しいね」と言われてましたが、再婚して1年半程経ったころ、息子を身ごもっていることが分かりました。 妊娠中はつわりや胃もたれがひどく、仕事は辞めざるをえませんでした。でも、このコロナ禍、仕事を辞め、休校中の子どもたちと一緒に過ごせたのは良かったと思っています。妊娠後期に逆子になってしまいましたが、毎日、おなかの中の息子に「頭は下にしてね」と語りかけ、鍼灸院でも治療を受けたことで、逆子は治りました。 私が産んだ産院は、立ち会い出産を認めてくれていたので、主人も出産に立ち会うことができました。久しぶりの出産でしたが、主人がそばにいてくれたので、安心して臨めました。破水から始まった今回のお産は、なかなか進んでくれず、破水から15時間半後の15時30分にようやく生まれました。 息子の名前は、あらかじめ私たちが候補の漢字を3つまでに絞り、私の父にどの字がいいか選んでもらってつけました。前述した通り、私には娘と息子が居たのですが、ふたりの名前は前夫と相談して決めていました。また、私の姉ふたりも自分たちで子どもの名前を決めていました。ですから、今回、今の主人のたっての希望で、私の父に名前をつけてほしいとお願いした時、父は大変嬉しそうでした。 父が悩みに悩んで選んでくれたのは、「輝」という字でした。実は、この「輝」という字は、私自身も大変気に入っていた字でしたので、父と私はやはり親子なんだなと、改めて実感しました。父が選んでくれた「輝」という名前に、私たちは、息子がどんな場所にいても自分らしく光輝いてほしいという願いを込めました。	sound_row	https://baby-calendar.jp/knowledge/common/1517	bc
2020	M	は行	陽向	ひなた	気が早いですが、2年前、旦那さんと付き合ってはいましたが、まだプロポーズもされていない、結婚も決まっていない、妊娠もしていないころに、車で香川県へ旅行へ行きました。3時間以上のドライブ中に暇だったので、もし子どもが生まれたらどんな名前がいいか2人で考えました。 その時に、「どんなことにも前向きに捉え、取り組める子に育ってほしい」という話になり、また2人ともお花が好きだったことから、太陽に向かって咲く「向日葵」の漢字を入れたいねということになりました。そこから、子どもが2人欲しかったので、「日向（ひなた）」と「葵（あおい）」がいいねという結論に！ そして、この度の男の子の出産にあたり、漢字は違いますが「陽向（ひなた）」と名づけました。ちなみにその時の旅行では、旅行ということでテンションが上がっていたこともあり、小豆島のお土産ショップで自分たちの名前ではなく、「ひなた」と「あおい」の名前が入ったオリーブちゃんというキャラクターのキーホルダーを買いました。陽向の持ち物につけてあげたいと思います。	sound_row	https://baby-calendar.jp/knowledge/common/1517	bc
2020	M	は行	穂大	ひなた	結婚して仕事を辞めて、まだ若いしすぐ授かると思っていたのに私自身が自然に排卵しない事がわかりました。毎日排卵誘発剤を打ち続け、結婚してから5年後にやっと初めて妊娠検査薬に陽性反応がありました。病院にいって確認してもらったら、心拍とか確認できないから化学流産と言われ、2カ月落ち着かせてから、また排卵誘発剤を打ちましょうと言われました。すごくショックでした。 けれど2カ月落ち着かせたおかげか、やっと心拍も確認できる子ができました。妊娠していた期間は、本当に不安で生きているのか心配でした。名前を考える時に絶対優しい子になってほしいと思って旦那さんと相談し、いろいろ漢字など調べました。 臨月に入り予定日の2日前に破水して4時間で生まれてきてくれました。陣痛来てからは2時間で生まれてきてくれたので本当、母想いの優しい子なのかな？って思いました。名前は、稲穂のようにまっすぐ成長し、実りのある子に育ってほしい思いとおおらかで優しい子になってほしい思いで「穂大」という名前をつけました。	sound_row	https://baby-calendar.jp/knowledge/common/1517	bc
2020	M	は行	陽大	ひなた	大の字は兄弟で揃えました。由来は「太陽のように明るく、心の大きな子に育ってほしい」です★	sound_row	https://baby-calendar.jp/knowledge/common/1517	bc
2020	M	は行	陽向	ひなた	上のお兄ちゃんは夫が夢で見た名前にしたので、ほとんど悩むことなく、漢字だけ話し合って即決。今回も夫の夢で見てもらうのを期待したのですが、結局はっきりした夢はなく……（実は夢を見たのですが、なかなか納得するものにならなかったため却下）。生まれるちょっと前くらいから夫と名前の候補を出しまくり、お互い納得できるものは見つからないまま出産。 妊娠中から産後もとても穏やかな子だな、という印象があったし、このコロナで大変な世界の中で光を与えてくれる存在になってほしいという意味も込めて、太陽の「陽」を付けたいと思って、その漢字を使った名前を探し始めました。3月生まれだし「はる」という読みで名前を考えていました。 しかし、入院中に夫がその名前と似た名前の知り合いで、その人の印象があまり良くないという話をしてきて急遽別の候補探し…泣。でもどうしても「陽」という字を付けたいので「ひ」という読み方で探しました。最終的に「陽翔（ひなと）」と「陽向（ひなた）」の2つに絞りました。個人的には「陽翔」という名前のほうが珍しくて、他の子となかなか被らない男の子らしい名前ですごく好きでした。 しかし「陽向」も捨てがたく、夫とも2人で悩みに悩み……そこで2人目が生まれる前から夫が言っていた「お兄ちゃんに次の弟か妹の名前を決めてもらう」というので最終的に決めることにしました。そこで2つの中からお兄ちゃんが選んだのが「陽向」だったので、陽向に決定！ （実は「陽翔（ひなと）」は書いてる分には良くても、私も夫もお兄ちゃんもうまく呼べなかったというのはここだけの話。笑）	sound_row	https://baby-calendar.jp/knowledge/common/1517	bc
2020	M	は行	一陽	ひなた	名前に関しては夫に任せようと思っていたのですが、妊娠8カ月の頃に赤ちゃんをそう呼んでいる夢を見て以来、自分の中でこっそり呼んでいました。いざ名前を決めるときに、候補のなかに紛れさせてみたところ、夫が絞った候補のなかに残ったので、意見を聞かれたときにこの名前がいいなと軽く伝えていて、最終二つに絞った名前の候補に入っていました。 生まれてからもなかなか決まらずにいましたが、名字との相性や、漢字の一陽についての意味を調べたときに、一陽来復という熟語に出会いました。意味は、その中の悪い事が続いたあと、ようやく好運に向かうこと[※明徳記（1392‐93頃か）中]。「一陽来復の天を待、先非を悔て歎申されしかば」という記述が今のコロナ禍から抜け出して、いい未来になるようにという想いや、6月1日に生まれたため、一という漢字にも良さを覚えたのでこの名前に決まりました。 当て字になるので、読みづらさはありますがとても気に入っています。朗らかで明るい陽ざしのような人になってほしいです。	sound_row	https://baby-calendar.jp/knowledge/common/1517	bc
2020	M	は行	陽大	ひなた	主人と付き合っていた際、ある冬の寒い日の事でした。山下公園の近くをお散歩中、とても寒かった中歩いていると、太陽のあたるひなたに出た瞬間とってもあったかく、生き返る心地でした。ひなたにはたくさんの人が集まるし、人々を暖めてもくれる。どちらが言い出したかまでは覚えていませんが、それからというもの、いつか子どもができたらひなたって名前にしたいね、が2人の合言葉になりました！ その後結婚して赤ちゃんも授かり、今年の5月無事に男の子を出産しました。もちろんひなたと名づけ、漢字はあの時の日差しの太陽のように大きく育ってほしいという願いも込めて、陽大と名づけました。これからも元気に育ってほしいです。	sound_row	https://baby-calendar.jp/knowledge/common/1517	bc
2020	M	は行	陽向	ひなた	太陽のように明るく、逞しく優しい心を持ち常に前を向いて歩んでほしい……という願いをこめて。念願の妊娠、出産でしたが、新型コロナや芸能人の相次ぐ自殺……。すごく悲しい世の中に生まれてきました。どんなことがあっても自分をしっかりと持って常に前へと進んでほしい。周囲の人が困っていたり悲しんでいたら、太陽のような温かさで包んであげてほしい。おひさまに照らされながら生まれてきた我が子をみて、そう思いました。	sound_row	https://baby-calendar.jp/knowledge/common/1517	bc
2020	M	は行	陽友	ひなと	なかなかコレと言う名前がなく、降ってこないかと思っていた妊娠8カ月を迎えたころ、干した布団を夜に着たときお日様のいい匂いに包まれ、あっと名前が降ってきました。お日様みたいにポカポカして周りをあったかく包み込むような子になって欲しいと思い名前を付けました。名前の通り、周りをあったかく包み込むような笑顔の子です。	sound_row	https://baby-calendar.jp/knowledge/common/1517	bc
2020	M	は行	響	ひびき	名づけでこだわったのは、男の子でも女の子でもかっこよくて、誰でも読める名前、他の子と被りにくい名前です。また、パパが漢字一文字の名前なので、漢字一文字の名前の候補をたくさん挙げて、響に決まりました。周りにいい影響を与える、そしてそれが自分に返ってくる、そんな人生を歩んでほしいという意味を込めました。ママが音楽をやっているので、音楽をやってくれたらいいなぁ～という願望も込められています。	sound_row	https://baby-calendar.jp/knowledge/common/1517	bc
2020	M	は行	日丸	ひまる	父「元丸」母「日美子」の字を一文字ずつとり、日丸と名づけました。太陽のように明るくまーるく周りを包み込むような優しさを持った子どもに育ちますように。おかげさまで、まん丸に育ってます	sound_row	https://baby-calendar.jp/knowledge/common/1517	bc
2020	M	は行	彪叶	ひゅうが	男の子で、誕生日が3月30日で最後になってしまったので、彪はトラのように強くたくましい男の子になってほしいと思い、付けました。叶うは自分が描いた夢をたくさん持ち、叶えてほしいと願い、付けました。ひゅうがという響きもとても気に入っています。4月生まれの子とは1年くらい差がありますが、何事も負けず頑張ってほしいです！！	sound_row	https://baby-calendar.jp/knowledge/common/1517	bc
2020	M	は行	彪之助	ひょうのすけ	私は今学校の先生をしているのですが、そこで以前受け持った児童でひょうのすけ君がいました。最初の印象は名前がカッコいいな！そして活発な野球好きの子！でした。お父さんが名づけたそうです。一緒に過ごしていくうちに、家族からも友だちからも愛される存在でいろいろなことに一生懸命な子だなと思うようになりました。 それから何年か経ち、時間はかかったけれど、私たちのところにきてくれたかわいいかわいい天使。名前を考える時、あっステキな名前の子がいたな、あんな子になってほしいなと思い。漢字は違いますが、名づけました。 そのひょうのすけ君は今も野球一筋で逞しく成長しているようです。私たちの子もこのカッコいい名前のように逞しく育ち、たくさんの人から愛され、周りの人に優しくできるそんな子になってほしいという思いを込めました。	sound_row	https://baby-calendar.jp/knowledge/common/1517	bc
2020	M	は行	陽和	ひより	上のお兄ちゃんが『太陽に向かって真っ直ぐ成長してほしい』という気持ちで陽向（ひなた）と名づけたので、次の子にも同じ太陽の意味を付けたくて『太陽の様に周りを照らし、和ませられる子』になってほしいと思い、この漢字にしました。	sound_row	https://baby-calendar.jp/knowledge/common/1517	bc
2020	M	は行	飛来	ひらい	この子は不妊治療で授かった第一子です。妊活・治療期間2年でやっと来てくれた我が子。漢字の通り「飛んで来てくれた」という意味と「将来、飛躍する」という意味を込めて名づけました。	sound_row	https://baby-calendar.jp/knowledge/common/1517	bc
2020	M	は行	緋呂	ひろ	我が家のふたりめの赤ちゃん。ひとりめもそうでしたが、なかなか名前が決まりませんでした。パパがいろんな名前を「これはどう？」と聞いてくれるのですが、なかなかピンと来ず…。画数の良い、でもそれだけじゃない名前を求めて、名前に使える画数別の漢字一覧を一文字ずつ眺める日々でした。 できれば上の子と同じ画数で。できれば上の子と同じ文字数の名前を。なんとなくのこだわりを頼りに、いいなぁ、という名前を閃いたのは、なかなか寝付けなかった深夜でした。上の子が青色イメージの名前だったので、次の子も色を感じる名前にしたい、と思っていたところ、漢字一覧に「緋」の文字。2文字目の画数一覧には、「呂」がありました。漢字の意味は……「せぼね」「道」。 赤色の元気なヒーロー。男の子にぴったりだ！と思いました。朝になって、パパにどう？と聞いてみると、「カッコいい！決まり！」と喜んでくれました。ヒーローみたいに、まっすぐ元気に育ってくれますように。	sound_row	https://baby-calendar.jp/knowledge/common/1517	bc
2020	M	は行	広絆	ひろき	出産前から名前は考えてたもののしっくりこず……。名前は一生モノだし、いい名前をつけてあげたい！顔みてから決めよう！てことで、うまれてから考えてたけどなかなかいい名前が思いつかず……。もう明日には出生届をださないといけない！という時に、じーっと顔を見つめ続けて「あっ、ひろきって感じの顔！」で、ひろきになりました。漢字は名字に合う字を調べて決めました☆	sound_row	https://baby-calendar.jp/knowledge/common/1517	bc
2020	M	は行	大翔	ひろと	お兄ちゃんにも【大】という字が付いているから、下にも同じ大きくなってほしいという思いで【大】をつけたくて。【大】をそのまま読む形だとつまらないと思って、【ひろ】という読み方もあるので、普段読まなさそうなほうをとり、大きく羽ばたいてほしいという道から【翔】を使い、【大翔】という字にしました。	sound_row	https://baby-calendar.jp/knowledge/common/1517	bc
2020	M	は行	大翔	ひろと	ひろとは三男です。長男が名前を決めてくれました。世界に大きく羽ばたいてほしい！そんな願いをこめて、お兄ちゃん2人も翔という字を使いました。一番大きく生まれた三男。兄たちにもまれながら、朗らかに育ってもらいたいです。	sound_row	https://baby-calendar.jp/knowledge/common/1517	bc
2020	M	は行	優陽	ひろや	我が家には4歳のお兄ちゃん（心優「こう」）がいます。3歳過ぎたころから、「2人目が欲しいね」と旦那と話していて、妊活を始めてすぐに妊娠が分かりました。 妊娠中は仕事もしていて、食べ悪阻と、体調を崩していました。妊娠後期になり、切迫早産と診断され、張り止めを服用し、自宅療養になり、3月に産休に入る予定でしたが、1月末に入りました。自宅療養中もお兄ちゃんの園の送り迎えがあり、赤ちゃん返りもひどくなり、大変でした。4月になりお兄ちゃんが進級して、妊娠37週に入りましたが、おしるしがあり、午後から陣痛があり救急車で運ばれて、すぐに生まれました。 名前はお兄ちゃんの名前の「優」をもらい、「陽だまりのように温かく、優しい男の子に育ってほしい」思いと、新婚旅行で行ったハワイが好きで、ハワイで見た夕陽がキレイだったので、ハワイ語で、「ヒロ＝広大な」の意味も込めて、『優陽（ひろや）』と名づけました。（かなさん）	sound_row	https://baby-calendar.jp/knowledge/common/1517	bc
2020	M	は行	風汰	ふうた	妊娠5カ月、図書館から名づけ辞典を5冊ほど借りたのが始まりです。夫婦共通で『自然系』の名前にしたいと案が出ていました。旭、伊吹、荀、旬太……。しかし大きな決め手がなく、妊娠7カ月がすぎました。私は焦っていました。このままでは決まらない。そんなときふと、夫が私のおなかをさすりながら「ふうた……」と呟いて「ふうたやったら、風が入れられるし、風ちゃんって呼べて、すっごく可愛くない！？」と、興奮気味に話してきました。まるで泉からいきなり湧いて出たようでしたが、私にもピーンと響くものがありました。名字に川が入るので、涼しげで爽やかな名前の出来上がりです。3カ月近く悩んでおきながら、ひらめいてわずか5分の名前になるとは……。でも今でもとても気に入っています。	sound_row	https://baby-calendar.jp/knowledge/common/1517	bc
2020	M	は行	フェルナンド	ふぇるなんど	妊娠後期に旦那のお父さんが癌で亡くなってしまって。初めて男の子の孫がみれると楽しみにしてたけど見ること叶わずで、これからもお空で息子を見守ってほしいのとずっと忘れないって意味を込めて、お父様からお名前をいただきました！	sound_row	https://baby-calendar.jp/knowledge/common/1517	bc
2020	M	は行	福久	ふく	出産予定日が2月9日で、「ふく」と読めるので、ぴったりに生まれたらふくにしようと決めていた。初産だったこと、前日に子宮口の変化もなかったこともあり、まさか予定日ぴったりで生まれると思わず、これは運命的だねと夫婦で話しました。 生後2日目でにこーっと笑った顔が何とも幸せそうで私たちを幸福な気持ちにさせてくれたこの子。それにふまえて、この子の誕生が私たち夫婦にとっての幸福という意味と、この子にとって久しく福があるようにという願いを込めて、「福久」と名づけました。（福久ママさん）	sound_row	https://baby-calendar.jp/knowledge/common/1517	bc
2020	M	は行	誉令	ほまれ	誉」には、「人から誉められる、そして誇りをもって他の人を誉められる豊かな心を持って欲しい！」、「令」には、令和と同じく万葉集の「令月」の意味する新しいことをするのにめでたい月から由来し、「新しく家族が増えてとても嬉しい」という家族みんなの思いを込めてつけました。 「ほまれ」の響きは4兄弟の四男なので、兄3人との繋がりが明確にわかるように兄弟統一して「は行」であること、漢字2文字、ひらがな3文字と決めて、兄たちも含めて数カ月かけて決めました。家族みんなの愛が詰まった名前です。（あやさん） 歴代の赤ちゃんの名づけエピソード大賞 2020年赤ちゃんの名づけエピソード大賞 ＞ 2019年赤ちゃんの名づけエピソード大賞 ＞ 2018年赤ちゃんの名づけエピソード大賞 ＞ 2017年赤ちゃんの名づけエピソード大賞 ＞ 2016年赤ちゃんの名づけエピソード大賞 ＞ 2015年赤ちゃんの名づけエピソード大賞 ＞ 歴代の赤ちゃんの名前ランキング 2020年赤ちゃんの名前ランキング ＞ 2019年赤ちゃんの名前ランキング ＞ 2018年赤ちゃんの名前ランキング ＞ 2017年赤ちゃんの名前ランキング ＞ 2016年赤ちゃんの名前ランキング ＞ 2015年赤ちゃんの名前ランキング ＞ 2014年赤ちゃんの名前ランキング ＞ 2013年赤ちゃんの名前ランキング ＞ 2012年赤ちゃんの名前ランキング ＞ 2011年赤ちゃんの名前ランキング ＞ 2010年赤ちゃんの名前ランキング ＞ あなたの“今”の悩みを専門家に無料で相談できます 自分だけでは解決できない不安やお悩みは、助産師や管理栄養士などの専門家に個別相談してみませんか？ 専門家に相談する その他についての悩み もっと見る 専門家に相談する 妊娠・育児アプリ ベビーカレンダー記事制作の取り組み ＼ この記事にいいね！しよう ／ 1 クリップ 現在ログインしていません。 ログイン しますか？ シェアする 名前ランキング検索 ベビーカレンダーが独自で調査・集計した2017年以降に生まれた赤ちゃんの名前データの中から、知りたい名前の順位、よみの順位、漢字の順位を見ることができます。 【名前で検索】【よみ方で検索】が名前の一部で検索できるようになりました！ 名前で検索 男の子 女の子 と一致する で始まる で終わる を含む 検索 よみ方で検	sound_row	https://baby-calendar.jp/knowledge/common/1517	bc
2020	F	ま行	茉礼	まあや	性別が女の子とわかり、お姉ちゃんが『あやね』で何か共通した名前にしたくて……。でも、あや○では、あやちゃん！あーちゃん！と皆から呼ばれてややこしいだろうな、と。インターネットをうろうろしたり、何冊も新しい名づけ本を読んだりして悩んでいたところ、お姉ちゃんの時に使った我が家に眠っていた名づけ本をたまたま開くと、響きから検索のページでした。ひらがなで『まあや』と目に入り、これしかない！！と、思いました。当て字ではないのですが、あやはとても読みにくい漢字。少しでも我が子が幸せになれるように画数を調べて縁起のよい漢字にしました。	sound_row	https://baby-calendar.jp/knowledge/common/1528	bc
2020	F	ま行	真緒	まお	長女にはママの名前で使われている漢字を使い、パパが2人目の名前を考えている時にボソッと「俺の字は使われないの……」とぼやいていたので、パパの名前で使われている漢字を使いました。もともと男の子だったらパパの字は使う予定で、女の子だったらママの名前のもう1文字の漢字を使おうと密かに考えていましたが、ボヤかれてしまい、かわいそうかなと思い……最終的には使いました。	sound_row	https://baby-calendar.jp/knowledge/common/1528	bc
2020	F	ま行	茉叶	まかな	娘の名前は茉叶（まかな）。娘の妊娠がわかったのは私（母親）の誕生日の日でした。いつもと体調と違うような気がしていました。検査薬で確認するには少し早かったのですが誕生日の日に妊娠が分かったらすごいことだなと思いダメ元で検査をしてみると陽性！！ 人生でこれ以上に嬉しいプレゼントはない！と夫と抱き合って大喜びしたのを覚えています。 私たち夫婦は2018年にハワイのシェラトンワイキキのホテル内にあるマカナチャペルで挙式をしていました。マカナとはハワイ語で贈り物という意味があります。式場の名前がマカナ、意味が贈り物、妊娠判明が誕生日3つが重なり名前はマカナ以外に思いつきませんでした。	sound_row	https://baby-calendar.jp/knowledge/common/1528	bc
2020	F	ま行	真心	まこ	たくさんの候補をママが考えて、この名前をパパが選びました。自分の事だけではなく周りの人に対して助けてあげたり人の痛みがわかる真っすぐな心の優しい女のコになってほしいと思います。	sound_row	https://baby-calendar.jp/knowledge/common/1528	bc
2020	F	ま行	舞好	まこ	妊娠判明時は予想外の3人目で正直驚きと、戸惑い、不安が出ました。一姫二太郎に恵まれたので、3人目は現実的に考えて大変だなと思ってました。 令和ベビー生まれたら我が家には昭和、平成、令和が揃う！と冗談混じりで思ってたぐらいでした。妊娠判明時は上二人、それぞれの前に1度ずつ流産してるのもあり今回も流産するかもしれない、という不安もありました。ところがおなかの中で頑張ってくれました！！！切迫流産~切迫早産で安静の妊婦生活でなおかつ妊娠後期に子宮頚管が1.7cmまでなり絶対入院しないといけないところを上二人の子を見ないといけないので絶対安静で自宅にいました。その中私が胃腸風邪にかかるなど大変な思いをしながらもおなかの中で元気に育ってくれました。 あれこれとあり名づけは妊娠35週ぐらいから真剣に考え始めました。正直名づけすごく悩みました。予定日が3月5日で私の亡くなった母の誕生日に近いな、ひな祭りの日近いなと思い名前に繋げたいなとも思ったり、お姉ちゃんお兄ちゃんに関係する名前がいいなと思ったりとアイデアがあっちこっちに飛びなかなかまとまらなかったです。まずは名前の文字数を決めよう！と思い文字数を決めてるうちに、上二人の名前から取ろうと思い上二人の名前を平仮名にしてどれをとるかといくつかパターンを決めました。そこで、上二人の漢字も使えたらいいなと思い、選択が絞られてきて名前が決まりました！！！ 結果的には3人姉弟が1つになった感じの名前になり良かったです。毎回名前を考える度に思うのですが、名づけって生まれてきてくれる子の事を思っていろいろと考えるので楽しいなと思います。そしてこの子が生まれた日は、ひな祭りの日でもあり私の亡くなった母の誕生日でもあるので、私にとってはかけがえのない日になりました。私の両親からのプレゼントかな、だからおなかの中で頑張って持ちこたえて元気に大きく育って生まれてきてくれたのかな、と思いました。	sound_row	https://baby-calendar.jp/knowledge/common/1528	bc
2020	F	ま行	まつり	まつり	私たちが住んでいる町で大きなお祭りがある9月。予定日が9月と分かった時に『まつり』にしようと決めました。無病息災と元気いっぱいな子に育ちますようにと願いを込めて……。	sound_row	https://baby-calendar.jp/knowledge/common/1528	bc
2020	F	ま行	茉莉	まつり	ジャスミンの花【茉莉花】のように愛らしい子になりますようにとの願いを込めて付けました。	sound_row	https://baby-calendar.jp/knowledge/common/1528	bc
2020	F	ま行	円花	まどか	円花」という漢字には、事象・人の縁や心情・世の中はさまざまなな連鎖で繋がっている、との大局観を持ち、未来を自分で創造すること。そして花のように優しい心を持つこと、という願いを込めています。名づけ本を夫婦で毎晩眺めては、たくさん考え抜いてつけた名前です。 新型コロナウイルスの影響がなければ、名づけ合宿と称して、ペンと大量の付箋とホワイトボードを片手に、名前を決めるための一泊弾丸夫婦旅行に行くつもりでした。今では合宿が開催できなかったことも含めて良い思い出です。	sound_row	https://baby-calendar.jp/knowledge/common/1528	bc
2020	F	ま行	麻奈	まな	上の子の名前にも『奈』が付くので、下の子のにも『奈』が付く名前を。6歳の長女がなまえ（読み方）を考えたので（「まなちゃんがいい！」と）それを基準に、私が漢字の候補を2つにしぼり、生まれた時に顔を見て主人が漢字の決定をしました。家族みんなで考え、素敵な名前を付けてあげれたと思います。	sound_row	https://baby-calendar.jp/knowledge/common/1528	bc
2020	F	ま行	まや	まや	いやだ！ママといっしょにいたいー！」「ママがとられるなら、赤ちゃんなんかいらないー！」泣き叫ぶ長女の顔を最後に家を出て、陣痛タクシーで病院へ。病院では新型コロナウイルスの影響で家族に会えないと分かっていたため、少し前から長女に「パパとお留守番をお願いね。ママは赤ちゃんと頑張ってくるからね」と伝えていたものの、いざ離れるとなると、寂しさが爆発したようでした。 赤ちゃんの名前は、候補をいくつか考えておき、生まれてから顔を見て決めるつもりでした。今回は、第二子の出産で心にも余裕があり、大丈夫だと思い込んでいましたが、実際は生死をさまよう事態になってしまい、それどころではなくなりました。候補の名前はどれも赤ちゃんに合わず、考え直す時間が欲しかったのですが、入院中は回復で精一杯、退院後は夫は仕事で、きちんと考えられる時間がないと思い、焦っていました。「名前」は、子どもにあげられる一生の贈り物、とても大切なものなのに。 入院中、ビデオ通話で久しぶりに見た長女が、ふいに赤ちゃんに呼びかけました。「まやちゃん」長女は、ママがいなくて寂しいと泣きながらも、赤ちゃんの名前を考えてくれていたようです。「パパと一緒に赤ちゃんのおもちゃをつくったよ。ママと赤ちゃんは、病院でがんばってるんだよね」そう言った長女は、すっかりお姉さんの顔になっていました。「まやちゃん」腕の中で眠る赤ちゃんに呟くと、ぴったりとおさまり、夫婦で考えていた候補の名前は、どこかへ飛んでいった感覚がありました。夫もこの名前がいいと言ってくれたことで焦りが解消され、その日は久しぶりに熟睡できました。退院後、長女が初対面の妹に放った一言は「まゆちゃん！」。……日によって呼び方が変わるようです。	sound_row	https://baby-calendar.jp/knowledge/common/1528	bc
2020	F	ま行	茉優	まゆ	はじめは同じ漢字で、まひろ、と考えていましたが、読み易い、まゆ、と産後も悩みました。結局、名字とあわせてゴロのいい方を選びました。かわいらしい名前なので気に入ってます。（まゆままさん）	sound_row	https://baby-calendar.jp/knowledge/common/1528	bc
2020	F	ま行	澪藍	みあ	9月9日、救急の日に生まれた娘。救急隊のパパにまさにピッタリの日で、私もパパもなんだかほっこりしました。そんな娘に、『穏やかで、落ち着いた判断で、周りのみんなを導いてゆけるような人に育ってネ☆』という願いを込めて名づけました。	sound_row	https://baby-calendar.jp/knowledge/common/1528	bc
2020	F	ま行	実愛	みあ	産婦人科の主治医に名前は決まったかと健診の度に聞かれていました。8か月を過ぎたある日、市役所に2人で行き、はじめて名前の話になりました。 旦那につけたい名前を問うと1つあるとのことで、私も1つありました。お先にどうぞというと、旦那はみおとつけたい。私はみあとつけたいと思っていました。ほとんど変わらないことに2人で驚き、1人目なので、あいうえお順でみあ、2人目で女の子ができれば、みおとつけることにしました。 漢字は、愛らしい誠実な子になりますようにと旦那がつけてくれました。生まれてきてくれてありがとう、実愛ちゃん。	sound_row	https://baby-calendar.jp/knowledge/common/1528	bc
2020	F	ま行	美葵	みあ	美葵という名前を付けた理由が2つあります。私、夫が妻が何より好きで、妻みたいになってほしいというのが願いでした。そして、もう一つの理由が、子どもを見て妻が笑顔になり、それを見た私がまた笑顔になり、2人の顔をみた、子どもが笑顔になり、笑顔が絶えない家庭を作りたいと思ったからです。だから、妻が1番好きな花の名前を子どもにつけたいと思いました。その花は、向日葵（ひまわり）です。毎年、妻の誕生日に、向日葵の花束を渡すようにしています。その向日葵の花束を、妻は毎回嬉しそうに受けとってくれるので、妻にみたいに美しく、妻を毎日喜ばせてくれる向日葵のような存在になってほしいと思い、「美葵」という名前を付けました。	sound_row	https://baby-calendar.jp/knowledge/common/1528	bc
2020	F	ま行	美愛	みあ	生まれる前から旦那さんが響きがいいからという理由で「みあ」にしようと決めていました。生まれてから漢字を決める予定でした。美愛の美は旦那のお母さんの「真由美」から美という字をもらい、美しい心の持つ子に育ってほしいという願いをこめました。 生まれた日は8月14日で、ふと誕生花を調べたらカノコソウという植物が出てきました。わたしの名前がちょうど佳乃子（かのこ）で、運命を感じました！ 花言葉は真実の愛、優しい人、と。美愛の愛は、カノコソウの花言葉の愛から貰って、優しい人に育ってほしいという願いを込めました。このようなエピソードがあり、美愛という名前をつけました。	sound_row	https://baby-calendar.jp/knowledge/common/1528	bc
2020	F	ま行	美宇	みう	主人と名前をいろいろ考えました。結局10個候補が出てなかなか選べなくて、赤ちゃんが生まれて顔を見て決めることにしました。今はコロナで面会ができない主人に画像と動画を送り、お互い何の名前が良いか2個候補を出し合った結果『宇宙一美しい子』で『美宇』がお互い出ていたので、美宇ちゃんになりました。	sound_row	https://baby-calendar.jp/knowledge/common/1528	bc
2020	F	ま行	未桜	みお	予定日が10月11日で秋桜が満開で綺麗な時期だな〜と楽しみにしていました。せっかくなので秋桜にちなんだ名前をつけてあげたい！と思い、秋桜の「桜」と、秋桜の花言葉が「純潔、優美、美麗、乙女の愛情」なので、その花言葉のような素敵な女性に育ちますように、と「未桜」と名づけました。また予定日より2週間早く9月27日に生まれてきてくれたのですが、これまたびっくりでなんと、この日の誕生花が秋桜で、ほんとに運命を感じました。	sound_row	https://baby-calendar.jp/knowledge/common/1528	bc
2020	F	ま行	実緒	みお	読み方はパパ、漢字はママと、2人の共同作業で名前は決めました。まずは読み。ママが夜な夜なパパに向けて女の子の名前を音読……。その中でピンときたものを3つ、候補に選びました。次に漢字。候補の一つに『みお』があり、ふとある事を思い出しました。 婚礼司会の仕事をしていた私は、「お二人でこれから始まる新しい人生、実り豊かなものとなりますように」というフレーズを気に入ってよく使っていました。結婚を新たな人生スタートラインとよく例えて使っていましたが、我が子にとってはまさに誕生が人生のスタートライン。誕生し、これから何もかもが初めての事ばかりの我が子、さまざまな出会いを通して実り豊かな人生を送れますように、と願いを込めて、実るの『実』。いとぐち、ものごとのはじまり、そして一緒にも使われている『緒』を使って、『実緒』と名づけました。	sound_row	https://baby-calendar.jp/knowledge/common/1528	bc
2020	F	ま行	美音	みお	主人の家系の女性に（美）が入った名前が多く、私にも偶然（美）か入っていました。また、夫婦どちらも歌を歌ったり音楽が大好きで、音は人々の生活になくてはならないもの、人を感動させ、勇気づけ、元気をくれるそんな存在になってほしいと名づけました。	sound_row	https://baby-calendar.jp/knowledge/common/1528	bc
2020	F	ま行	美桜	みお	きれいな桜のようにみんなから愛される人に育ってほしいという想いを込めて名づけました。	sound_row	https://baby-calendar.jp/knowledge/common/1528	bc
2020	F	ま行	光桜	みお	4人きょうだいのお姉ちゃんの長女。下はみんな男で、さらに次男と三男の間に死産した子は女の子でした。ずっとずっと望んでいた妹、四葉のクローバーをたくさん集めて妹ができるように願った翌月に、私のおなかにやってきた子でした。名づけもお姉ちゃんの希望する2文字の名前に。ひかりという響きが好きな夫、桜の字を使いたかった私、そんな3人の好きが詰まった名前です。さらに長女には月が、息子たちには陽が入るので、月明かりの下でも太陽が輝く昼間でもとても美しい桜が入る次女の名前は、我が家の末っ子ちゃんにはぴったりです。	sound_row	https://baby-calendar.jp/knowledge/common/1528	bc
2020	F	ま行	澪	みお	結婚する前から主人が、いつか女の子が生まれたらつけたいといっていた名前です。澪という漢字の、凛とした雰囲気がとても好きだそうで、わたしもそれを聞いた時、大賛成でした。その後結婚して、新元号が令和になってびっくり！ 澪の令の字がはいってる〜！と、とても嬉しかったです。そして妊娠し、待望の女の子、澪が生まれました。生まれたのは改元後だったので、令和だから澪ちゃんにしたんだと思われがちですが、令和になる前から名前は決まってたんだよとまわりに力説しています！！	sound_row	https://baby-calendar.jp/knowledge/common/1528	bc
2020	F	ま行	未桜菜	みおな	あまりキラキラした名前でなく、それでいて人気ランキングに入らない古風な響きや漢字が良い。お互いの入れたい字などの希望でアプリなどを使っていろいろ候補を出していました。総画で姓名判断も見ていましたが、最終的には漢字で書いた時の美しさ、名字との相性、両親の意見「生まれた日に桜の木を家の庭に植えて成長を楽しみたい」との一言が決定打になりました。	sound_row	https://baby-calendar.jp/knowledge/common/1528	bc
2020	F	ま行	美香	みか	私が以前働いていた病院の院長先生のお名前をつけました。院長先生はとても美人で気さくで仕事熱心で、私が今まで出会った人の中で一番尊敬している方です。自分の子どもが女の子だったら院長先生のようなカッコいい素敵な女性になってほしいと思い、同じ名前にしようと決めていました。先日、最初の予防接種を院長先生に打ってもらいに病院へ行き、院長先生に抱っこしてもらいました。先生も喜んでくれていて、嬉しかったです。	sound_row	https://baby-calendar.jp/knowledge/common/1528	bc
2020	F	ま行	実絆	みき	名前に込めた思いは二つあります。一つ目は、誠実で嘘偽りのない子、中身がぎゅっと詰まった（心のある）子になってほしい、そして人生で出会う人との絆を大切に、実らせてほしい、という思い。もう一つ、実絆には姉さんがいます。第一子の咲絆（さき）、第二子さん直絆（なおき）です。家族の「絆」を「咲かせ」、「真っ直ぐ」のばし、そして「実らせる」……。楽しいこともつらいことも共有できる家族でありたい、という思い。それが私たち親の願いです。	sound_row	https://baby-calendar.jp/knowledge/common/1528	bc
2020	F	ま行	水葵	みき	名前を決めるまですっごく時間がかかりました。お花を調べていたところ、夏生まれのため夏のお花のミズアオイ（水葵）をみつけここからつけました。花言葉は前途洋洋で、生まれてからどんどん素晴らしい人生を切り開いていけるようミズアオイの漢字をつけさせていただき、みきと名づけました。	sound_row	https://baby-calendar.jp/knowledge/common/1528	bc
2020	F	ま行	美虹	みく	虹のようにずっと明るくいられますように、との願いと、兄姉がいるので、ずっとみんな仲良く手を取り合えるような架け橋のような存在であってほしいとの願いを込めて名づけました。	sound_row	https://baby-calendar.jp/knowledge/common/1528	bc
2020	F	ま行	海心	みこ	"""海のような広い心を持ち、また穏やかに育ってほしい""と思い、名づけました。 パパとママはもともと海が好きで、初めてのデートも海でした。何かあると、海に行っていました。ママのおなかに海心ちゃんがいると知ったのも、なんと石垣島に行く前日。パパを驚かそうと、せっせとサプライズの準備をして旅行バッグに詰めたのを思い出します。 みんなが踊りながら料理を楽しむ民謡居酒屋で、歌い手さんにサプライズの手紙を読んでもらいました。パパは嬉しくて涙を流し、周りのお客さんもみんなが祝福してくれて、人生で一番幸せな日でした。石垣島の海もとっても綺麗で、またこの子を連れて来たいね、と話しました。 海はなくてはならないものであり、生命の始まりであり、まだまだ未知なるものです。海心ちゃんがみんなにとってそういう存在でありますように☆"	sound_row	https://baby-calendar.jp/knowledge/common/1528	bc
2020	F	ま行	実思	みこと	名前は一生ものですから物凄く悩みました。名前はどうしても“み”からはじめたいと思っていて、パパが“み”からはじまるからです。そして両親共に3文字の名前なのでそう考えていくと最終的に3つ候補が残りました。 性別は生まれてくるまで内緒にしてもらっていたので男の子でも女の子でも大丈夫な名前を考えていて、生まれてから3候補の中から選ぼうと決めてました。パパには候補を伝えてその中で1つこれがいいんじゃないと言われましたが、いざ出産して顔を見た時、パパが選んだのはこの子には似合わんな……と思い実思（みこと）にしました。 意味は①他人を思いやれる人になりますように……です。私が子どもの頃母親に何百回と言われてきて大人になって他人を思いやる事がどんなに大切で当たり前にする事が大変か身にしみたからです。②実りある人生を送れるように……です。何が実りあるかは人それぞれですが、本人が大人になってふと考えた時にそう思える人生であったらいいなと願いを込めました。 名前に思いを込めてもどう生きどう人生を歩んでいくかは本人次第だと思います。押し付けるのではなく、ママはそう思って願って名前を決めたんだ、愛されているんだと知っていてくれたらいいなと思っています。	sound_row	https://baby-calendar.jp/knowledge/common/1528	bc
2020	F	ま行	望琴	みこと	やっと授かり幸せいっぱいの頃に新型コロナウイルスが流行し始め不安でいっぱいでした。6月初めが予定日だったため、自粛生活が続いた中でのマタニティライフ。第一子というのもあり私たち夫婦、両親から新型コロナでの心疲れなどもある中、我が子が希望の光となり、望まれながら無事に健康に生まれてきてくれました。 将来、私たち家族に希望を与えてくれたように、周りの方に希望を与え、自分の望みを叶えられる真っ直ぐな女性に育ってほしいと思い望琴と名づけました。	sound_row	https://baby-calendar.jp/knowledge/common/1528	bc
2020	F	ま行	水惺	みさ	結婚して10年、年齢的にももう無理かもしれないけど、もし子どもができたら、小さい時からずっと大好きで大切な祖母の名前から一文字もらう、というのはずっと前から決めていました。祖母は孫の中で私にだけ子どもがいない事を寂しく思い、心配していたと後に母から聞きました。 そんな中42歳で奇跡的に自然妊娠。一番に祖母に伝えたかったけど、何があるかわからないから安定期に入るまでは待とうと思ってそわそわしていました。妊娠がわかった10日後、祖母が倒れたと連絡があり、病院に駆けつけましたが意識が戻る事なくその日の内に亡くなりました。100歳だったのでもちろん大往生なのですが、一人暮らしでなんでも自分でできる元気なおばあちゃんだったので、まさかこんなに急に亡くなってしまうなんて、しばらくは現実だと思えませんでした。高齢で妊娠したばかりで、不安しかなかった中、祖母が亡くなった事でなんとなく……祖母の生まれ変わりだと思うようになり、自然と女の子な気がして、不安ばかりだったけど、きっと祖母が守ってくれていると信じていました。 落ち着いてから家族に報告した時、皆がおばあちゃんの生まれ変わりだと同じ事を言いました。祖母が亡くなった事で皆がすごく落ち込んで暗くなっていた中、この子の存在が皆の気持ちを明るくしてくれました。祖母の名前ミツエからミをもらい、水の星地球をイメージして水惺とつけました。宇宙から見た地球のように、いつまでも穏やかで美しい星でありますように。	sound_row	https://baby-calendar.jp/knowledge/common/1528	bc
2020	F	ま行	みず季	みずき	第一子を授かってすぐのころ、なぜか夫婦で女の子だと思いこみ名前を決め、おなかの子に声をかけてました。妊娠5カ月ごろ、男の子だとわかり別の名前を考えて名づけました。第二子が女の子だとわかった時は迷わず、ずっと考えていた名前をつけました。	sound_row	https://baby-calendar.jp/knowledge/common/1528	bc
2020	F	ま行	水芭	みずは	今回の出産は3人目でしたが、1人目の時は、私が考え、2人目の時には、上のお姉ちゃんと私が考えた名前をミックスさせました。なので、さすがの主人も今回ばかりは、自分が考えた名前をつけたい ！と楽しみにしていました。家族会議の結果、候補が何個かあり、あとは、生まれてきてからお顔を見て決めたいねと話していました。 だんだんと予定日近くになるにつれ、不安と心配でいっぱいでした。そして、夜中に破水をしたのですが、そこからなかなか出てきてくれず、先生から「誘発剤を使用して出すよ」と言われ、またか～あれ痛いんだよな……と心の中で思いながら、痛みと戦い、そしてまさかの出てくる間近に赤ちゃんの心拍数が落ちて、先生や助産師さん皆さんが焦り、先生の診断ですぐさま、吸引にきりかえてようやく出てきてくれました 。 私は年齢もあり体力、精神的に限界でしたが、生まれた時、なぜかこんにちはとお話ししました。水芭は、蓮の葉っぱを連想する名前で、蓮は困難に負けない強さを持っていることから、つらいことや苦しいことに負けない人になってほしいとつけました。	sound_row	https://baby-calendar.jp/knowledge/common/1528	bc
2020	F	ま行	美空	みそら	出産予定日から10日がすぎたため、入院することになり、入院から3日経ちやっと生まれたのがもうすぐ9カ月になる愛娘です。高血圧になってきたため、出産は緊急帝王切開となり、私の母が旦那に電話で連絡をしてくれました。 旦那が病院へ向かう途中にみた青くて透き通った空を見て、【美空】と名づけることになりました。少し古風で、ほかにはあまりいない名前なので、愛娘も気に入ってくれると嬉しいです！3度目の体外受精で授かれた大事な娘だからこそ、あの時の空のようにまっすぐ澄んだ瞳のまま、成長していってほしいです！	sound_row	https://baby-calendar.jp/knowledge/common/1528	bc
2020	F	ま行	光希	みつき	全然しっくりくる名前がなく、困っていました。私はディズニーが大好きなので、遊び半分で何かないかなー？と思った時、今年は子年ということに気付き、そして、予定日が3月ということとかけて、“みつき”（ミッキーと三月をかけて）が思いつきました。冗談に聞こえた主人からは渋い顔をされましたが、数日後にいい名前を思いついた！と義母から電話が！ まさかの同じ理由で、みつきを提案されました。 新型コロナが世を騒がせ始めたころだったので、暗い世の中の“光”、明るい未来への“希”望を託した漢字を選びました。	sound_row	https://baby-calendar.jp/knowledge/common/1528	bc
2020	F	ま行	満月	みつき	欠けていても見えなくても在るだけでいい。どんな月でも大好き！ これから、満ちたりた月を過ごしていけますように。団欒（和）を大切だと思ってほしい。 「今夜は月が綺麗ですね＝I love you」が好きで、付き合ってる時から「今日の月は〜だよ」と言っていたので、月にちなむことができてよかった。意味は後付けだけど、発案は旦那で、好きな名前だそうです。	sound_row	https://baby-calendar.jp/knowledge/common/1528	bc
2020	F	ま行	美月	みつき	1度目の結婚で不妊治療をしていましたが子どもに恵まれず、その後夫婦で支え合うことができなくなり30半ばで離婚することとなりました。年齢のこともあり私には子どもを授かることは夢のまた夢のような話になってしまい、半ば諦めていました。 そんな中、私のすべてを受け入れてくれたのは今の夫です。付き合うきっかけとなったのは夫が私にくれた手紙でした。その手紙の最後に、月が綺麗ですね。と一文が添えてありました。この一文を読んだ時、自然と嬉しさで涙が溢れました。というのも、以前彼との会話の中で夏目漱石がアイラブユーを翻訳した際、月が綺麗ですねと訳したと会話の中であったからです……。 その後、順調に交際が続き、とんとん拍子に彼との結婚が決まりました。それと同時に、なんと自然に赤ちゃんを授かることができました。運命はあるのだと実感しました。 その子には美しい月と書いて美月みつきと命名しました。身も心も美しく輝いてほしいとの願いはもちろんのことですが、この名前の裏側には愛しているよという私たち夫婦の美月への気持ちと、このエピソードが添えられています。	sound_row	https://baby-calendar.jp/knowledge/common/1528	bc
2020	F	ま行	未菜	みな	皆に愛されますように、健康でありますようにと、名づけました。	sound_row	https://baby-calendar.jp/knowledge/common/1528	bc
2020	F	ま行	美凪	みな	私、姉、実母（娘からすれば伯母と祖母）の名前に使われている漢字「美」と主人が女の子が生まれたら名前で使いたい漢字「凪」を繋げました。そうしたら、私たちがつけたい名前になったのです。主人が「凪」という漢字を使いたいと思ったのは学生時代だそうです。	sound_row	https://baby-calendar.jp/knowledge/common/1528	bc
2020	F	ま行	実那	みな	何か1つ実りあるものになるように、努力を続け実を結ぶことを願って付けました。	sound_row	https://baby-calendar.jp/knowledge/common/1528	bc
2020	F	ま行	珠波	みなみ	結婚して三年目に、ようやくおなかの中に授かることができたベビちゃんです。生まれる前から主人といろいろと候補を出し合い考えました。これがいい？こっちはどう？などと、おなかをさすってたずねてみたりしたこともあります。最終的に“ミナミ”という響きが暖かく穏やかなイメージで、周りを優しい気持ちにしてくれる子に育つようにとの思いで決めていました。 漢字は、二人の意見が合うものになかなか出合えず、最後まで悩み、誕生して二日目に『掌中の珠（何よりも大切な存在）』との言葉を知り、まさにこの子の存在は私たちにとってこれだね！と二人で意見が合致。そこから“珠”の字をもらい、人生の波にのって楽しめるようにとの思いから“波”の字をもらって“珠波（みなみ）”という名前になりました。 たまたまですが、今思うと、ハワイで挙式をしたこともこの名前を引き寄せてくれた要因のひとつかな～とも感じています。名前を決定したとき、新型コロナの影響で主人と面会できない状況だったので、病室から多量のLINEのやりとりの中、あーでもない、こーでもないと相談して決めました。そんなエピソードも名前に込めた思いと共に、娘が大きくなったら話をして聞かせたいと思っています。	sound_row	https://baby-calendar.jp/knowledge/common/1528	bc
2020	F	ま行	みのり	みのり	勝手に私が「みのり」に命名。何故かというと私の父は20年前に他界しました。その父の名前が「みのる」なので、私の父の名前をもらってしまいました。父はとても優しくて、友達もたくさんいたので、そんな子になってほしいなと思ってつけました。	sound_row	https://baby-calendar.jp/knowledge/common/1528	bc
2020	F	ま行	未乃莉	みのり	女の子は結婚をすると名字が変わってしまうため、パパとママから名前の一部を取り未乃莉と言う名前にしました。 未は未来に希望をもって、莉は7月～9月に咲くジャスミンの花で花言葉で清浄無垢、愛想がよい、可愛らしさがあり清らかに誠実、明るく元気なという意味があるため誰からも愛される子になってほしいと言う願いが込められてます。	sound_row	https://baby-calendar.jp/knowledge/common/1528	bc
2020	F	ま行	珠花	みはな	三姉妹の末っ子として生まれました。上の子二人が「花」にまつわる名前だったので、三女も花に関係する名前にしようと思っていました。 生まれる前からお姉ちゃんたちはおなかをさすってくれたり、話しかけてくれたり、大切にしてもらっていました。お姉ちゃんたちの宝物＝宝石の真珠。そして、真珠の内、特に品質が良く、非常に出現率の低いもののことを「花珠」といい、貴重で非常にきれいであることからこの名前にしました。 また、生まれたときの目がすごくきれいで、これから先、正直で心もきれいな人になってほしいと思い、名づけました。	sound_row	https://baby-calendar.jp/knowledge/common/1528	bc
2020	F	ま行	心晴	みはる	普通は生まれる前に名前を決めたり候補をいくつか考えておくと思いますがうちの場合、名前は生まれた子の顔を見てから決めようと主人と話し、候補も考えていませんでした。 夜中の破水から始まった出産ですが、陣痛がきていよいよ生まれるってなった時に悪天候だった空が雲ひとつない「心」地いい「晴」れになったんです！ お天気さえ変えてしまう子だと思い「心晴」と名づけました。死ぬまで可愛く誰からも愛されてほしいと思います。	sound_row	https://baby-calendar.jp/knowledge/common/1528	bc
2020	F	ま行	実侑	みゆ	女の子だった場合、母の名前が「亜実」なので「実」が付く名前で決めるが絶対条件でした。そこでいくつか候補があがり「みゆ」と言う名前に辿り付き、祖母に報告したところ母の名前を決める際、「あみ」と「みゆ」で迷ったと聞き同じ候補があがったことをとても喜んで大賛成しており、同じ名前が考え付いたことに運命を感じ、「みゆ」という名前になりました。 漢字も「実」はすぐ決まりましたが「ゆ」のほうがいろいろ迷った結果、「侑」には助けると言う意味があると知り、思いやりの心を持ち困った人に手を差し伸べられる優しい子に実ってほしいと思いを込めて「実侑」という名前になりました。	sound_row	https://baby-calendar.jp/knowledge/common/1528	bc
2020	F	ま行	美由	みゆ	男の子ならパパが名づけ、女の子ならママが名づけと決めていました。しかし、優柔不断でおっちょこちょいの私は間違えてばかりでした。響きが可愛くすぐに書ける漢字でというのをまず決めていきました。そして、みゆに決まりました。 残りは漢字です。私は、美宙でみゆと思い込んでいて周りにも報告し、出生届提出のときでした。パパが「えっ？漢字違うよね」。そこから再確認とバタバタなりながら美由になりました。	sound_row	https://baby-calendar.jp/knowledge/common/1528	bc
2020	F	ま行	心結	みゆ	性別がわかってから名前の候補をいくつも出し、最終的に2つに。「心結」は、いろんな人と心を通わせ、人との繋がりを通して様々なことを感じたり学んだりしてほしいという思いから。初めての出産。ただでさえ初めてで不安なのに、新型コロナのせいで病院に入れるのは旦那だけ。でも、旦那が立ち会ってくれて本当によかったです！ 長い陣痛を乗り越え、女の子が誕生。生まれてすぐの娘を、看護師さんがきれいにして服を着せ、旦那と私の間に寝かせてくれました。その時に右手で私の指、左手で旦那の指をギュッと握った娘。最後までもう1つの候補と悩んでいたのですが、その姿を見た時に、家族3人の心が結ばれた気がしてこの名前に決まりました。大変な時代だけれど、生まれてきてくれてありがとう！ 楽しく仲良しな家族でいようね！	sound_row	https://baby-calendar.jp/knowledge/common/1528	bc
2020	F	ま行	美結	みゆう	主人とお付き合いしてた時に、何気に聞いた話。学生のころ、数学の時間に、苦手な科目なので授業内容に集中することなく黒板をボ〜っと見てた時に“ある記号”に目がいく！「μ（ミュー）」という単位。初めて耳にするのに、聞こえ心地がとても良かった！ なんとなく……将来、女の子を授かったらこの名前にしたい！と学生ながらに思った。 この話を一度だけ聞いた私。それから結婚する事になり、年齢的な事もあり、すぐに婦人科に行き、妊活を始めた。すぐにできる、と思っていたが現実は厳しく、長い不妊治療が始まった。何度もリセットを繰り返し、2年が過ぎた……。去年の年末、初めての陽性反応。安定期を迎えるころ、性別が分かり、以前に聞いた話を切り出す私。「みゆー、って名前が良いんでしょ」。そしたら、私の名前の一文字を使いたい、と言ってくれて。それから残りの漢字を2人で考えました。	sound_row	https://baby-calendar.jp/knowledge/common/1528	bc
2020	F	ま行	美鈴愛	みりあ	美しく、鳴り響く、愛をもった子にたくさんの人に愛されますようにと名づけました♡ 美鈴愛は漢字に意味を込めました。 「美」・・・ママが早恵美と言う名前だけに、美をとりました。 「鈴」・・・漢字に悩みましたが、美しく、鳴り響く、愛と書きたかったので、鈴にしました。ちなみに、ママの旧姓が鈴木なので、いつか嫁いだ時に、旧姓も大切にする。この気持ちも大切にしてほしいと思い、鈴を選びました。 「愛」・・・私たち夫婦は、一度別れてから結婚をしました。別れて良かった事もありましたが、後悔もありました。愛を大切にして、愛せる人と結婚してほしいと願っています。 漢字の画数も調べましたが、やはり自分がしっくりする漢字を選びました。一生大切にしていきたいと思います♡	sound_row	https://baby-calendar.jp/knowledge/common/1528	bc
2020	F	ま行	美瑠	みる	宝石みたいにキラキラと美しく輝いて、[みる]という音の響きから連想するように、可愛らしい女の子に育ってほしいから。	sound_row	https://baby-calendar.jp/knowledge/common/1528	bc
2020	F	ま行	美玲	みれい	年だからもういい卵残ってないかもね」不妊治療クリニックの医師から言われた言葉に泣き、着々と減ってゆく銀行残高に泣き、人生に絶望しかけていた矢先に令和時代が訪れ、それと同時に生命を授かるという奇跡が起きました。 美しい奇跡と令和のレイの音を頂き、「美玲」という名を付けました。	sound_row	https://baby-calendar.jp/knowledge/common/1528	bc
2020	F	ま行	瑞和	みわ	和」という字の意味や背景が大好きで、子どもの名前にずっと使いたいと考えていました。この子の4歳年上のお兄ちゃんにも「和」を入れた名前をつけています。女の子の性別がわかった時点で名前を考え始め、妻と二人で考え始めました。 基準は①キラキラし過ぎない名前、②「和」を入れる、③自然に関わる何かを入れる。姓名判断をまじえながら使う文字を絞り込んだ結果、「瑞」という漢字が浮かんできました。 文字の成り立ちわ意味合いも私たちが望む子ども達の将来像に合致していたので、シンプルにふた文字を合わせて名前が完成しました。（ぱぱおさん）	sound_row	https://baby-calendar.jp/knowledge/common/1528	bc
2020	F	ま行	芽依	めい	私が昔本当に大好きだった人に言われた、今でも忘れない言葉。それが、「君はトトロに出てくるめいちゃんみたいだ」です。 わがままのようで、憎めない、天真爛漫さがある……そして可愛いという褒め言葉で言われました。それが忘れられなくて、娘には、私が真剣に恋したあの時みたいな、可愛い女の子になってほしいと思い、めいという名前がずっといいなーと思っていました。そして、調べてみたら、芽依だと字画がよかったので、候補にだし決まりました。 旦那さんには言ってないですが、秘密の忘れられない素敵な恋の思い出が娘の名前に詰まっています。	sound_row	https://baby-calendar.jp/knowledge/common/1528	bc
2020	F	ま行	芽郁	めい	親である私たちが隣のトトロを好きで、上の子もトトロを好きになってよく見ていた。上の子が1歳過ぎて言葉を喋り始めたころに、トトロを見ていて、主人公のめいちゃんのことを“めい”と呼べるようになっているのを見て、今妊娠している下の子が女の子なら、“めい”と名づけたら上の子が可愛がってくれるかなと思い、“めい”にした。	sound_row	https://baby-calendar.jp/knowledge/common/1528	bc
2020	F	ま行	芽生	めい	5月生まれのMayとかけたのと、新型コロナが流行っていてこんなご時世でも強く逞しく希望いっぱいで育ってほしいと願いをこめて、すくすく育つイメージの芽生えるという漢字を使った「めい」にしました。	sound_row	https://baby-calendar.jp/knowledge/common/1528	bc
2020	F	ま行	芽生	めい	なかなか子宝に恵まれず、私たち夫婦は長い間不妊治療をしていました。どんな痛み、辛さにも耐え、赤ちゃんはやってきてはくれましたが、すぐに空に旅立ってしまいました。その後二度同じことが続き、神様から「あなたはお母さんになる資格がないのですよ。」と烙印を押されてしまったような気持ちでした。あの時の絶望感、喪失感に精神が持たず、これで最後の妊活にしようと夫婦で話し合いました。そしてその末、奇跡的な妊娠を果たしました。 出産予定日まで約一カ月というころ、立て続けに二度の感染症に罹患し入院しました。正直「赤ちゃん、頑張って！」と願う気持ちの反面、「今回も赤ちゃんに会えないのかな」と気持ちが落ち込み、負けそうになっていました。退院してすぐ、恐る恐る健診へ行くと、そこでみたエコーの様子にただただ驚かされました。自分の不安のすべてかき消してくれるくらい、元気に動く赤ちゃんが映し出されていたからです。その姿に一瞬で大きな安心と喜びに包まれました。思わず涙をこらえきれず、健診室で胸を強く押さえながら、声を押し殺すようにして号泣してしまいました。 そして、何度も臨月の大きなおなかに向かって、「よく頑張ったね。ママも負けないからね。」と伝えました。このことをその夜主人に話すと、「新芽が力強く育つように、赤ちゃんもスクスク大きくなってくれていたんだね」と言い、しばしの沈黙の後ポロっと涙をこぼしました。それは主人に出会ってから初めて見た涙でした。その時にふと、「	sound_row	https://baby-calendar.jp/knowledge/common/1528	bc
2020	F	ま行	『芽生	めい	』っていう名前いいな」と主人が言いました。私自身も物事の始まりを感じさせてくれる「芽」の字にかねてより好感を持っており、この字に我が子の成長、将来への希望を託したいと思い、すぐに「うん」と答えました。 のんびりマイペースな赤ちゃんはなかなか生まれてきませんでした。出産予定日を5日過ぎた頃、担当医が「3日後の月曜日までに赤ちゃんが生まれなかったら、その翌日に陣痛促進剤を使いましょう」というと、その月曜日の朝におしるし。微弱陣痛が続いていたため病院へ向かい、そのまま入院となりました。夕飯を食べて「今日もまだおなかにいたいのかな？」なんて思っていたら、急に力強い陣痛がやってきました。体の内側からやってくるものすごいエネルギーに驚きながらも、なんとか分娩台に上がると、10分も経たずに『おぎゃー！！！！！』という元気な産声が聞こえました。産婦人科の先生が到着する前に出てきた赤ちゃん、のちに助産師さんより「超稀にみるスーパー安産だったよ」と言われました。この奇跡を一生忘れることなく、我が子とこれからたくさんの時間を育んでいきたいです。	sound_row	https://baby-calendar.jp/knowledge/common/1528	bc
2020	F	ま行	愛惟	めい	5月（May）生まれのため。両親ともにジブリのトトロが好きなため、トトロに出てくるメイちゃんから取った。	sound_row	https://baby-calendar.jp/knowledge/common/1528	bc
2020	F	ま行	芽依	めい	いろいろな事、物に興味が芽生えますように。そして力強くすくすくと育っていきますように。芽依の依は、私の名前から一文字とりました。 夫とは芽依か莉子にしようと話し合いで決まりました。出産時はコロナの影響で立ち会いも面会もできませんでした。私は子どもが生まれた瞬間に芽依だ！と思いました。その後すぐに夫にビデオ通話すると、何も言っていないのに芽依にしよう！と言ってくれました。 その後心室中隔欠損と診断されました。初めての子なのに病気なの？とすごく驚き、夫も私も泣いてしまいました。しかし、我が子は母乳をたくさん飲み、よく寝てよく遊び、ちゃんと成長してくれています。先天性の病気とわかる前に力強く育ってほしいと夫と名前を決めましたが、我が子があまり心配しないでねと言ってくれている気がしました。	sound_row	https://baby-calendar.jp/knowledge/common/1528	bc
2020	F	ま行	名咲	めいさ	私たち夫婦は野菜や果物、お花などの仲卸の仕事で自営業です。そういった植物がないと仕事もなりたちません。そこで、たくさん太陽の光を浴びて、栄養を蓄えて咲くお花や植物などに感謝の気持ちも込め、そしてあなた自身がたくさん光を浴びて、たくさんの栄養を蓄えすくすく成長し、美しく咲き誇って欲しいと言う願いを込めて、名前が咲くで、『名咲』という名前をつけました。	sound_row	https://baby-calendar.jp/knowledge/common/1528	bc
2020	F	ま行	芽衣里	めいり	五月に生まれるので、旦那と二人で『めい』がいいねなんて言っていました。二人で出産後に『あなたの名前はめいだよ』って言いたかったのですが、新型コロナの影響で旦那の立ち会いができず、一人で産むことになりました。心細く不安の中出産し、生まれてきた赤ちゃんも2,004gとかなり小さく弱々しく、強くならなきゃいけないと思っていてもかなりメンタルはまいっていました。 そんな中入院中、泣きながら「めい」って呼んでみたら、赤ちゃんは「りーーー！！」と今までで一番大きな声で泣きました。なんだか「私は弱くないよ。意志もちゃんとあるよ！ママも頑張って」と言われているようで嬉しくて嬉しくてまた涙が止まらなくなりました。 退院してから再度旦那を説得し、「めいり」と名づけました。そしてずっと私と赤ちゃんを心配してくれていた義母に、強く（芽）、優しく（衣）、家族思い（里）な子になりますようにと願いを込めて、漢字を考えて頂きました。	sound_row	https://baby-calendar.jp/knowledge/common/1528	bc
2020	F	ま行	めぐ瑠	めぐる	第一子となる男の子を授かったのは、妊娠を希望してすぐのことでした。ところが、その直後に私自身がガンに罹患していることが分かったんです。なによりも苦しかったのは、母体の命と胎児の命、どちらを優先させるのか、自分で決めなくてはならなかったこと。「この子、病気のことを知らせるために私のところに来てくれたのかな。」「この子を産んであげられるなら、私はどうなっても…」様々な葛藤の中、私は自分が生きることを選び、おなかにいる15週の赤ちゃんを天国へ送り出し、ガン治療を始めました。このとき、担当医からは今後の妊娠は望めないと伝えられていました。 それからちょうど1年後、私の身体にいくつもの奇跡が起こり、なんと第二子を授かることができたのです。「あぁ。命って巡るのかも。なくなる命があるからこそ、続く命も、生まれる命もあるんだ」そんなことを思いました。“巡る”という言葉には、一周して戻ってくるという意味があります。家族、友人、担当医や看護師さん、そして天国の長男に助けられ励まされて生まれてこられた命だから、この子もまた人に優しくできるように。その優しさが連鎖して巡り巡ってぐるっと一周して、この子の幸せに繋がるといいな。そんな想いを 込めて「めぐ瑠」と名づけました。ちなみに、瑠璃（ラピスラズリ）は、12月の誕生石。長男がこの世界に誕生し、天国へ旅立ったのは12月でした。（しぃさん）	sound_row	https://baby-calendar.jp/knowledge/common/1528	bc
2020	F	ま行	百杏	もあ	百・・・たくさん 杏・・・実をたくさんつける、植物として美しく、食用にもなるため人の役に立つ 「たくさんの実りある人生を送れますように、たくさんの人を幸せにできる人になりますように」といった願いを込めてこの名前をつけました。 平仮名や聞いただけでは少し今風になりすぎてしまうので、漢字は古風な雰囲気がでるように考えました。画数も完璧だったので気に入っています！パパがたくさん考えてつけてくれた名前です。パパとママから一番最初の贈り物なのでこの名前を大切にしてくれたらと思います。	sound_row	https://baby-calendar.jp/knowledge/common/1528	bc
2020	F	ま行	萌音	もね	生まれる前にガンで亡くなってしまった私の父の名前が明で、明が入る名前を考えていたら萌音に辿り着きました。上の子の名前も音が入っているので最初は音が入るいい名前ないかな？と思っていろいろ考えていたのですが、やっぱり亡くなった父の名前をどこかに入れることができたら父も喜ぶかなと思い、この名前に決まりました。 父は私に何かあるとその度に心配してくれていつでも相談に乗ってくれて力になってくれる私にとってすごく大きい存在でした。そんな優しい父が生きていたら、きっと萌音のことをすごく可愛がってくれてたと思います。そしてなんていい名前なんだとベタ褒めしてくれていたと思います。 萌音という名前にしたことで、いつも優しかった父がいつまでも私たちのそばで寄り添ってくれているような見守ってくれているような気持ちになります。人として一番尊敬していた父のような立派な子に育ってくれることを祈っています。	sound_row	https://baby-calendar.jp/knowledge/common/1528	bc
2020	F	ま行	もも	もも	一人目が結婚してすぐにできたので、二人目も欲しいと思っていたのですが、なかなかおなかにやってきてくれず、諦めかけていた矢先、やっと妊娠が分かりました。 秋生まれだったので、いろいろ可愛い名前を考えていましたが、最終的にまるーいコロンとした感じが可愛かったのと、朗らかな子に育ってほしいと思いももと名づけました。 平仮名にしたのは、母親の自分も平仮名の名前だったので、娘にも平仮名で名づけました。漢字の名前も多い中、珍しいとよく自分も言われましたが、漢字より平仮名のほうが柔らかい感じがするので、あえての平仮名です。	sound_row	https://baby-calendar.jp/knowledge/common/1528	bc
2020	F	ま行	百恵	ももえ	私は昔から山口百恵さんが好きで、高校生頃からカラオケで秋桜やプレイバックパート2等を歌っていました。主人と付き合ってからも一緒に歌って2人共山口百恵さんが好きでした。 そして、2人目を妊娠して名前を決める時に主人が9月の誕生花のコスモスから連想して、百恵ちゃんは？と提案してきてくれました。 響きも女の子らしくて可愛いですし、私たちの憧れの方から名前を頂く事にし、百恵と決まりました！	sound_row	https://baby-calendar.jp/knowledge/common/1528	bc
2020	F	ま行	百花	ももか	5年目で待望の第一子。2年目以降は妊活を意識。検査を受け、子宮筋腫が複数大小発見。場所的に妊娠の妨げにはならないとの事。タイミング療法から人工受精を数回行い、主人も検査問題なし。期待しつつ結果を待っている間に生理がきたり、尿検査で陰性だったり……。数あたれば少しでも確率があがるかも……と、愛する人との子どもを望んでるのに、義務的に行う行動に嫌気がきたり……。妊娠しないのは子宮筋腫が原因と思うようになり、思いきって手術を受けました。 腹腔鏡手術の予定が、病院の関係で開腹手術。大きく傷が残る……。戸惑いもありましたが、筋腫がなくなれば妊娠するかも……と信じ、痛みと戦い、術後1年子宮を休め、体のケアに努めました。 1年が経過し妊活再開。自然に実るかと思えば、やはり実らず……。この時点ですでに3年以上。そして不妊治療の専門医に通い始めました。二人とも一から細かく検査し、私は手術でとりきれない小さな筋腫はあるものの、卵を運ぶ卵管など一切問題なし。主人は最初問題ないと言われていたものの、精子が少ない……。少なくてもしっかり動いていれば問題ないものの、運動率も悪い……。人工受精で頑張ってもいいが、早く妊娠を望むなら体外受精をすすめるとの事。主人不在の中、淡々と話す医師……。今までのいろいろな気持ちが込み上げて、必死で涙をこらえました。そして体外受精を決心しました。 治療は聞いた以上につらく、それに加えて保険適用外の高額医療費……。毎回何十万という精算……。先が見えないだけに肉体的、精神的にも本当につらかったです。妊娠したいだけなのに……。生まれてからもたくさんお金はかかるのに、妊娠前から多額の金額。不妊治療は本当に大変だし、受けた人にしか、この時の気持ちは本当に分からないと思います。 治療中、メリットをあげるとしたら、自然妊娠の方と違い、受精卵をおなかに戻す際、モニターで小さな受精卵を見る事ができるという事です。最終的に着床しないと妊娠になりませんが、おなかに確実に卵が戻ってくると、この時点でとても愛おしく感じます。 最終的に4個の受精卵ができて、1個ずつ体内に戻し、3個目にして妊娠。予定日が3月という事で桃の節句から「ももちゃん」とずっと呼んでました。女の子と分かり余計に愛着が湧き、開腹手術を受けた事で出産は帝王切開で出産。手術室に向かう際は感極まってすでに泣きまくり。血圧が低	sound_row	https://baby-calendar.jp/knowledge/common/1528	bc
2020	F	ま行	百花	ももか	子どもの名前は響きを優先して決めようと思っており、ルカ、が第一候補でしたが漢字の意味があまりしっくりこず。そんななか、モモカ、百花という漢字を思いつき、この名前が初めて漢字の意味を最初に気に入ってつけた名前です。 百には“たくさんの”や“色とりどりの”という意味があるので「人生でたくさんの花を咲かせてほしい。周りにも花を咲かせられるような人間になってほしい」という意味で付けた名前です。誰にでも受け入れやすく、読みやすい漢字を選びました。	sound_row	https://baby-calendar.jp/knowledge/common/1528	bc
2020	F	ま行	桃子	ももこ	先生に、たぶん性別は女の子だろうと言われていたので生まれる前に、姓名判断をもとに、いくつか候補をあげていました。せなちゃん、りなちゃんなど、今どきの名前で○○子など古風な名前にはしないつもりで考えていました。夫にも、名前を考えておいてと伝えていましたが、全く候補があがらずでした。 お産は大変で、結局帝王切開になってしまったのですが、かなりの緊急手術のため全身麻酔だったので私は生まれたての赤ちゃんに会えず……。ぬくぬくの保育器の中でほっぺを真っ赤にしていたそうで、夫に「ほっぺもピンクで白くてまん丸の桃みたいだよ！ 名前は桃ちゃんにしよう。字画を見たら、子をつけたほうがいいから桃子にしよう」の一言で、桃子になりました。 当初、子はつけないつもりでいましたが、今ではお気に入りの名前です。女の子なので、本人にはまん丸な桃みたいだったとは言わず、桃には魔除けの意味があって、女の子の成長を助けてくれるものなんだって。桃はみずみずしくてピンク色でふんわりした印象で、生まれた時も白くてピンクでふんわりしていて可愛らしかったから、ふんわりした女の子になってもらいたくてつけたよ、と伝えるつもりです。	sound_row	https://baby-calendar.jp/knowledge/common/1528	bc
2020	F	ま行	桃々子	ももこ	純粋な心と、ありのままを受け入れられる包容力のある子に育ってくれるよう、願い込めて名づけました。（はるちゃんさん） 歴代の赤ちゃんの名づけエピソード大賞 2020年赤ちゃんの名づけエピソード大賞 ＞ 2019年赤ちゃんの名づけエピソード大賞 ＞ 2018年赤ちゃんの名づけエピソード大賞 ＞ 2017年赤ちゃんの名づけエピソード大賞 ＞ 2016年赤ちゃんの名づけエピソード大賞 ＞ 2015年赤ちゃんの名づけエピソード大賞 ＞ 歴代の赤ちゃんの名前ランキング 2020年赤ちゃんの名前ランキング ＞ 2019年赤ちゃんの名前ランキング ＞ 2018年赤ちゃんの名前ランキング ＞ 2017年赤ちゃんの名前ランキング ＞ 2016年赤ちゃんの名前ランキング ＞ 2015年赤ちゃんの名前ランキング ＞ 2014年赤ちゃんの名前ランキング ＞ 2013年赤ちゃんの名前ランキング ＞ 2012年赤ちゃんの名前ランキング ＞ 2011年赤ちゃんの名前ランキング ＞ 2010年赤ちゃんの名前ランキング ＞ あなたの“今”の悩みを専門家に無料で相談できます 自分だけでは解決できない不安やお悩みは、助産師や管理栄養士などの専門家に個別相談してみませんか？ 専門家に相談する その他についての悩み もっと見る 専門家に相談する 妊娠・育児アプリ ベビーカレンダー記事制作の取り組み ＼ この記事にいいね！しよう ／ 0 クリップ 現在ログインしていません。 ログイン しますか？ シェアする 名前ランキング検索 ベビーカレンダーが独自で調査・集計した2017年以降に生まれた赤ちゃんの名前データの中から、知りたい名前の順位、よみの順位、漢字の順位を見ることができます。 【名前で検索】【よみ方で検索】が名前の一部で検索できるようになりました！ 名前で検索 男の子 女の子 と一致する で始まる で終わる を含む 検索 よみ方で検索 男の子 女の子 と一致する で始まる で終わる を含む 検索 漢字で検索 男の子 女の子 検索 ご利用のルールとマナー ベビーカレンダーへのご意見をお聞かせください ご質問・お問い合わせはこちら 赤ちゃんの成長にあったママに必要な情報が毎日届く！ 妊娠から出産までのプレママ、子育て中のママ・パパにも、毎日の生活に役立つ情報をお届けします。 詳しくはこちら 記事制作への取り	sound_row	https://baby-calendar.jp/knowledge/common/1528	bc
2020	M	ま行	真輝	まさき	強く、賢く、美しく、等の親の勝手な希望を込めないように気を付けました。その上で、図書館で借りてきた名づけ辞典を参考に、字画の良い漢字を選びました。ありのままの飾らない自分で、自然と輝いているという意味です。	sound_row	https://baby-calendar.jp/knowledge/common/1518	bc
2020	M	ま行	誠常	まさつね	主人は歴史が好きで、それにちなんだ名前にしたいということで、出産した日まで考えていました。特に新撰組の誠という漢字が心にささり、意味を調べると「誠」を含む言葉には「誠実」「誠意」「忠誠心」などがあり、「筋が通ってまっすぐ」という事が分かり、この子にはそのような気持ちを常に持って欲しいという気持ちで「誠常」という名前に決まりました。響きも戦国時代の武将のようで、今の時代の爽やかなネームではないですが、主人の心のこもった名前なのでそのように育ってくれるといいなと思います。	sound_row	https://baby-calendar.jp/knowledge/common/1518	bc
2020	M	ま行	和礼	まさゆき	親の名前から一文字ずつ取って名づけました。冬に生まれたので読み方を“ゆき”にしたことで、生まれた季節を分かりやすくしました。	sound_row	https://baby-calendar.jp/knowledge/common/1518	bc
2020	M	ま行	真那人	まなと	主人が子どもには絶対「マナ」という名前をつけたいと言っていました。マナはハワイの言葉で奇跡や生命の力という意味があります。私たちは真那人の前に1人流産していて、妊娠、出産は奇跡の連続だと身をもって体感しました。 赤ちゃんはみんな奇跡でいっぱいの子です。どうか無事に生まれてきますように。生命力の強い子でありますように。と願いを込めておなかにいる時から決めていました。その後男の子と判明したので、男の子らしい響きになるように「まなと」となりました。	sound_row	https://baby-calendar.jp/knowledge/common/1518	bc
2020	M	ま行	愛大	まひろ	ありのままの自分を愛してほしい。きみは存在するだけで素晴らしいし、生きてる価値があるんだよ。ありのままの他者を受け入れ、愛情を注げる人であってほしい。そして、たくさんの人から愛される人でありますように。大きな夢を持ち、守りたい誰かを守れるヒーローでありますように。 そんな願いを込めて、愛大（まひろ）と名づけました。	sound_row	https://baby-calendar.jp/knowledge/common/1518	bc
2020	M	ま行	眞穂呂	まほろ	名前を考えるにあたって、最初にあまり周りにいないような名前にしようと思って考えました。かっこいい名前と言うよりは、愛嬌や一度聞いたら覚えてもらえるような名前にしたく、まほろという名前を思い付きました。漢字は名字を含め画数が大吉になるように考えました。そのほか、穂という字は私が好きで豊かさ等がこの漢字から連想できるので気に入っています。	sound_row	https://baby-calendar.jp/knowledge/common/1518	bc
2020	M	ま行	守	まもる	名前の由来は、「自分と大切な人を守れるよう、優しくて強い人になってほしい」という願いを込めて名づけました。 この子を産む前に、20週5日で後期流産したお兄ちゃんがいました。名前を「亘」と名づけて生まれてくるのを楽しみにしていました。ですが突然陣痛が始まり、そのまま止められずおなかから生まれてしまいました。 お兄ちゃんがいたことは、家族と本当に親しい友達しか知りません。私のおなかに来てくれたこと、この世に存在していたことを忘れたくない。お兄ちゃんが「る」で終わる名前だったので、お揃いで「る」で終わる名前にしました！ お兄ちゃんの分まで甘えてきて、すごく甘えんぼうな守です。	sound_row	https://baby-calendar.jp/knowledge/common/1518	bc
2020	M	ま行	守	まもる	妊娠がわかったとき、初めてエコーで子どもを見たときに抱いた「絶対にこの子を守る」という思いにちなんだ名前です。夫は名づけを私に任せてくれていたので、男の子だったら「まもる」、女の子だったら「まもり」と名づけようと決めていました。夫もとてもしっくりきたようで、私自身それ以外の名前は考えられませんでした。性別がわからないときからおなかの赤ちゃんのことを「まも」と呼んでおり、生まれた後もみんなで「まも」と呼んでいます。 夫が高齢なこともあり、子どもを授かることはできないだろうと思っていたので、妊娠がわかったときは、驚くとともに嬉しい気持ちでいっぱいになり、この上なく愛しい気持ちでした。妊娠がわかったときのこの気持ちや、「絶対にこの子を守る」という初心をずっと忘れないように、という思いが込められています。私と夫にとって、とても大切な意味を持つ名前です。（ひさのさん）	sound_row	https://baby-calendar.jp/knowledge/common/1518	bc
2020	M	ま行	幹人	みきと	名字と合わせて 画 数のよいものを選びました。候補を2つまで絞りましたが決めきれず、顔をみて決定！ 長女の名前に植物、自然のものを取り入れたので、息子にも取り入れたく幹の字を入れました。 幹は物事の主要な部分、樹木の太い部分となる。真っ直ぐに伸びる大樹のようにすくすく元気に育ってほしい。また、長女（万葉）のたくさんの葉、木の幹にたくさんの葉をしげらせるように、2人助け合い幸せをたくさん見つけて力強く生きてほしいと願いを込めて。ネズミ年生まれで、みんなに愛されるミッキーマウスにちなんで、愛称をミッキーと呼んだりしています。	sound_row	https://baby-calendar.jp/knowledge/common/1518	bc
2020	M	ま行	海寿	みこと	夏生まれで、海のように広い心を持った、幸多い子に育ちますようにとつけました。	sound_row	https://baby-calendar.jp/knowledge/common/1518	bc
2020	M	ま行	瑞葵	みずき	妊娠中のニックネームが「たまちゃん」だったため、「たま」と読める字から検討し、響きと字画のよい名前を考えた結果、一文字目は「瑞」の字に。「瑞」は「たま」「宝物」という意味を込めて。「葵」の字は、太陽に向かって伸びる葵のようにのびのび育ってほしい、また、葵の花言葉のように豊かな実りある人生を歩んでほしい、との願いを込めて。	sound_row	https://baby-calendar.jp/knowledge/common/1518	bc
2020	M	ま行	道成	みちなり	この名前は主人が付けました。結婚する前に丸1年かけて世界一周旅行をしていた主人。ヨーロッパ、中東、北米、南米あらゆる地域へ行き、貧富の差や文化の違い、言葉の壁があっても親しくなる事ができた経験、携帯をスラれた時にも落ち込んでてもしょうがない！ そんな旅の中で感じたことは「どんなところにいても道は続いているのだから、自分でその道を切り開いていくしかない。それが良いか悪いかは後にならないと分からないのだから、失敗しながらも成功への道を自分で歩んでいけるように」。そんな事から「道成」と付けました。	sound_row	https://baby-calendar.jp/knowledge/common/1518	bc
2020	M	ま行	充	みちる	不妊治療の末、結婚4年目でやっと会えた念願の我が子は、妊娠35週目の早産。体重2,060ｇ、低出生体重のおチビさんでした。普通分娩で生まれてすぐにNICUに入院することになり、次に会えた時には、保育器の中で点滴や呼吸のチューブに繋がれている姿でした。 コロナ禍で立ち会いも面会も一切出来ない心細さに加え、予定日よりも1カ月早い出生への心配。迎えるべき週数までおなかで守ってあげられなかった不安に自分がいっぱいいっぱいになっているところ、保育器の中で一生懸命に生きてくれている小さな命に涙が出ました。 小さく生まれているので、すくすくと育ち、充分な幸せに満ち足りた人生になるようにと願って「充（みちる）」と名づけました。今は体重も発育グラフ内に入っていて、母乳をよく飲み、大きな声で笑って、元気いっぱいに過ごしてくれています。（みさん）	sound_row	https://baby-calendar.jp/knowledge/common/1518	bc
2020	M	ま行	光希	みつき	コロナ禍という大変な時に生まれたので、コロナ収束への願いや、希望に満ちた人生を歩んでもらいたいという思いで名づけました。	sound_row	https://baby-calendar.jp/knowledge/common/1518	bc
2020	M	ま行	充桔	みつき	主人が字画、私が漢字を選びました。6画と10画の漢字を組み合わせると温厚な子になるということで、画数は決まりました。おなかの中にいるときから我が家に充足感を与えてくれていたこと、夏に生まれる予定だったので私の実家で毎年夏に咲いていた桔梗の花をイメージしてこの2文字を選びました。後で調べたら桔梗の花言葉は誠実と永遠の愛でした。愛に充ちた人になってもらいたいと願ってます。	sound_row	https://baby-calendar.jp/knowledge/common/1518	bc
2020	M	ま行	光晴	みつはる	最近、新型コロナウイルスだったり、豪雨や地震での災害が増えている中、生まれてきてくれる我が子。私たち家族や周りの人に、晴れやかな気持ちにさせるそんな1つの光になるだろうと、考えてこの名前を付けました。その子の存在が周りを明るくする、晴れやかにするような、そんな子に育ってほしいと思います。	sound_row	https://baby-calendar.jp/knowledge/common/1518	bc
2020	M	ま行	心翔	みと	妊娠中、アメリカ人の主人から[心]を使った子どもの名前を考えてほしいと重大な任務を任された私。年齢が42歳と高齢で初産であること、また私の血液型が特殊なため、最初から超ハイリスクでした。 心拍確認後も切迫流産、羊水検査ではベテランの先生が初めてみる結果が出たと特別な病院に回され、妊娠後期には切迫早産と、10カ月の妊娠期間中6カ月は自宅安静を余儀なくされました。 そんな状況で受けた4Dエコー。そこで見せてくれた彼の陽気な顔に私たちは心からほっとしました。それ以降、どのような状況下でも明るく前向きに未来を切り開いていく子であってほしい、心翔ぶような子でいてほしいとの思いから、息子の名前は心翔に決めました。現在主人のアーティストネームにも絡めたこの名前を体現するかのように、息子は日々元気に陽気に私たちの心をも幸せにしてくれています。	sound_row	https://baby-calendar.jp/knowledge/common/1518	bc
2020	M	ま行	湊斗	みなと	湊は夏らしい海のイメージがある事と、字自体が船着き場を表し、人が集まるところという意味も持つ。斗は、昔船乗りたちが大海原で方角を確認する為に北極星を指標にしており、その北極星を見つける際に目印にしていたのが北斗七星だった。湊斗という名前には、たくさんの素敵な人たちが集まるところの目印でいられるような、魅力ある人になってほしいという思いを込めました。	sound_row	https://baby-calendar.jp/knowledge/common/1518	bc
2020	M	ま行	湊杜	みなと	湊という漢字には人や物が集まるという意味が込められていて、活発で社交的な子になってほしいという願いを込めてつけました。明るく愛嬌があり、ただいるだけで周りが笑顔になれる存在になってほしいです。また、私が保育士を長くしている事もあり、今まで出会ってきたことのない名前をつけました。	sound_row	https://baby-calendar.jp/knowledge/common/1518	bc
2020	M	ま行	湊斗	みなと	湊」は、「港」を変換して、船や人が集まるように、たくさん友達や仲間を作れるように、社交的な人になってほしい。「斗」は、星のように光輝くような人になってほしい。そんな願いを込めて付けました！！ 3つくらい候補があった中で悩んでいたところ、この名前を呼んだら、にやっと新生児微笑があったので、きっとこの名前がいいんだなと付けました。	sound_row	https://baby-calendar.jp/knowledge/common/1518	bc
2020	M	ま行	陽斗	みなと	約10年ぶりに第二子を出産しました。お兄ちゃんは月のように静かな光（心）で周りを優しい気持ちにさせて（結ばせて）あげられる人になって欲しいと結月（ゆづき）と名づけたので、第二子ができたら太陽の陽という漢字を使いたいと思っていました。 太陽のような明るい光（笑顔）と広い心で周りをハッピーに出来る人になって欲しいと陽斗としました。名前の呼び名はお兄ちゃんから「みなと」が良いとの希望があり、調べたら陽は名前の中で「みな」と読ませることもあると知り、陽斗（みなと）と名づけました！	sound_row	https://baby-calendar.jp/knowledge/common/1518	bc
2020	M	ま行	湊翔	みなと	私たち夫婦は、夫の職業が遠洋漁業の漁師、私の名前が「七つの海」で七海という、海つながりの夫婦で、子どもの名前も海関係にしたいねと話していました。かっこよくならなくていいし､賢くならなくてもいいから、人に恵まれた人間になってほしい。人が集まって愛される人であってほしい、という願いを込めて「港」のように多くの人が集まってくるように、夫の名前から一字使って、『湊翔』という名前を付けました。海のような広い心をもった家族になれるよう頑張っていきたいと思っています。（みなままさん）	sound_row	https://baby-calendar.jp/knowledge/common/1518	bc
2020	M	ま行	明	めい	（1）心が明るくいてほしい。（2）明るくいられるよう、両親ががんばりたい。（3）先を考えられる落ち着きをもってほしい。（しろちこくろまめさん） 歴代の赤ちゃんの名づけエピソード大賞 2020年赤ちゃんの名づけエピソード大賞 ＞ 2019年赤ちゃんの名づけエピソード大賞 ＞ 2018年赤ちゃんの名づけエピソード大賞 ＞ 2017年赤ちゃんの名づけエピソード大賞 ＞ 2016年赤ちゃんの名づけエピソード大賞 ＞ 2015年赤ちゃんの名づけエピソード大賞 ＞ 歴代の赤ちゃんの名前ランキング 2020年赤ちゃんの名前ランキング ＞ 2019年赤ちゃんの名前ランキング ＞ 2018年赤ちゃんの名前ランキング ＞ 2017年赤ちゃんの名前ランキング ＞ 2016年赤ちゃんの名前ランキング ＞ 2015年赤ちゃんの名前ランキング ＞ 2014年赤ちゃんの名前ランキング ＞ 2013年赤ちゃんの名前ランキング ＞ 2012年赤ちゃんの名前ランキング ＞ 2011年赤ちゃんの名前ランキング ＞ 2010年赤ちゃんの名前ランキング ＞ あなたの“今”の悩みを専門家に無料で相談できます 自分だけでは解決できない不安やお悩みは、助産師や管理栄養士などの専門家に個別相談してみませんか？ 専門家に相談する その他についての悩み もっと見る 専門家に相談する 妊娠・育児アプリ ベビーカレンダー記事制作の取り組み ＼ この記事にいいね！しよう ／ 1 クリップ 現在ログインしていません。 ログイン しますか？ シェアする 名前ランキング検索 ベビーカレンダーが独自で調査・集計した2017年以降に生まれた赤ちゃんの名前データの中から、知りたい名前の順位、よみの順位、漢字の順位を見ることができます。 【名前で検索】【よみ方で検索】が名前の一部で検索できるようになりました！ 名前で検索 男の子 女の子 と一致する で始まる で終わる を含む 検索 よみ方で検索 男の子 女の子 と一致する で始まる で終わる を含む 検索 漢字で検索 男の子 女の子 検索 ご利用のルールとマナー ベビーカレンダーへのご意見をお聞かせください ご質問・お問い合わせはこちら 赤ちゃんの成長にあったママに必要な情報が毎日届く！ 妊娠から出産までのプレママ、子育て中のママ・パパにも、毎日の生活に役立つ情報をお届けします。 詳し	sound_row	https://baby-calendar.jp/knowledge/common/1518	bc
2020	F	や行	結愛	ゆあ	妊娠期間中、たくさんおなかに話しかけて、名前を一生懸命考えて、体を気遣ってくれて……。そんな優しいパパの表情になっていく彼。彼氏から旦那さんに、旦那さんからパパに変わっていく姿を見て、良い意味で恋心が愛情に変わっていく時間がとても幸せでした。家族になり愛を教えてくれて、より強い結びつきを与えてくれた我が子に心から感謝しています。家族の強い愛情で結ばれて幸せに育ってほしい、そんな想いを込めて、結愛と名づけました。	sound_row	https://baby-calendar.jp/knowledge/common/1529	bc
2020	F	や行	結愛	ゆあ	娘の名前は主人と2人で考えました。付き合っている頃に、子どもの名前は絶対「結愛」と決めていました。たくさんの人達との縁を大切にして欲しい。誰からも愛される子になって欲しい。この2つの想いを込めて、娘に名前を付けました。今現在、生後6カ月ですが、たくさんの人達との出会い、そして、誰からも愛される子に育っています。これからも素直で良い子に育っていって欲しいです。この最後の言葉は実父が私に昔から言っていた言葉です。娘にも伝えていこうと思います。	sound_row	https://baby-calendar.jp/knowledge/common/1529	bc
2020	F	や行	優愛	ゆあ	結婚して子どもを考えたときから、この名前を女の子ができたらつけたいとずっと思っていました。自分の名前の漢字を1文字あげたいと思っていて、響きも可愛い名前ということでこの名前を考えていました。今回の子は第二子で、1人目は男の子でした。今回もし男の子だったらこのずっと温めていた名前は諦めようと思っていたので、おなかの中にいる時点で女の子とわかった時にはとても嬉しかったです。ずっと決めてた名前だけに、いざ本当に子どもに名前をプレゼントしたときには少し照れ臭かったですが、家族が愛しそうに名前を呼んでくれているのを見ると、この名前をつけてあげられて本当に良かったなと思いました。	sound_row	https://baby-calendar.jp/knowledge/common/1529	bc
2020	F	や行	結心	ゆあ	交際1カ月半で妊娠が判明し、まだまだな旦那との関係、喧嘩も多く不安でした。ですが妊娠をきっかけに将来のことやお互いのことをたくさん話し、旦那への想いがとても深まりました。それは旦那も同じだったみたいで、そのあたりから喧嘩がほとんどなくなりました。娘のおかげで私たちの心が深く結びつけられたのです。そこから結ぶに心でゆあと名づけました。あなたがいるから私たちパパとママがいるんだよ、と毎日感謝と愛おしさでいっぱいです。パパとママのところへきてくれてありがとう。	sound_row	https://baby-calendar.jp/knowledge/common/1529	bc
2020	F	や行	結彩	ゆあ	両親共に『ゆ』から始まる名前のため、夫が『ゆ』から始まる名前をつけたいと言い出しました。私は娘には以前から2文字の名前をつけたいと思っていました。名前をいろいろ調べていき、『結』という字を使いたくなり、ゆあという響きを気に入りました。『結』という字が入っており『ゆあ』と読めそうな名前ということで『結彩』に決定しました。人と人を結んでくれる存在。結びつきを大切にできる人。また結果を出せるように努力できる人になってほしいという願いがこもっています。そして何より、彩のある人生を歩んでほしいと思っています。	sound_row	https://baby-calendar.jp/knowledge/common/1529	bc
2020	F	や行	結愛	ゆあ	自分と嫁は付き合った当時、ホストとキャバ嬢でした。周りからすぐ別れると散々言われ続けて、1年半が経ち、9月15日に第一子が生まれ、母子共に健康な状態で退院してきました。周りに散々馬鹿にされ、絶対続かない、絶対うまくいかないと言われてきましたが、世間体等気にせず、本当に純粋な愛と結びつき、幸せになれるようにと思い、名づけました。	sound_row	https://baby-calendar.jp/knowledge/common/1529	bc
2020	F	や行	結愛	ゆあ	家族の絆が冷めていた時にこの子が生まれて、みんなが集まってご飯を食べたり旅行に行ったりするようになりました。それで愛を結んでくれる子ということと、これからも愛を結んでいってくれる子になってほしいと思い名づけました。（煉さん）	sound_row	https://baby-calendar.jp/knowledge/common/1529	bc
2020	F	や行	結衣	ゆい	結婚当初から子どもの名前は何がいいかなって夫婦2人で話していて、男の子なら「そうた」、女の子なら「ゆい」がいいな、なんて話していました。性別が女の子とわかって、いざ本格的に決めるってなったときにいろいろ案を出したけどしっくりこなくて。ゆいっておなかに話しかけてみたら反応も良かったので、ゆいになりました。いろんな人との縁、素敵な出会いが訪れるように、友達を大切にし、大切にされる存在であってほしいという思いで「結衣」にしました。	sound_row	https://baby-calendar.jp/knowledge/common/1529	bc
2020	F	や行	結	ゆい	女の子だったのでママの漢字一文字を使いました。漢字が結ぶと読むため、いろいろな人と結ばれるように、人と人を結ぶように。あとは2文字の名前で皆に覚えてもらえるように。	sound_row	https://baby-calendar.jp/knowledge/common/1529	bc
2020	F	や行	結愛	ゆい	最初は陽葵（ひな）という名前にしたかったけど、旦那が陽は可愛くないから嫌だと言って、なかなか名前が決まりませんでした。陽に変わる可愛い漢字もなくて、仕方なくひなから離れることに。ひながダメならゆいと私が言い、旦那が漢字を探しました。「結愛はどうや」となり字画を調べたら、なんと我が家は全員、特殊格という字画にたまたまなりました（笑）。待っていたかのように名前が決まった翌日に赤ちゃんも生まれました。	sound_row	https://baby-calendar.jp/knowledge/common/1529	bc
2020	F	や行	心結	ゆい	ワーキングマザーです。ナースをしながらの妊婦。皆に助けられながら仕事をしていました。妊婦健診の時に出血。子どもの拳大の血の塊が出て流産を覚悟しました。すぐ診察をしてもらい赤ちゃんは無事、と。そこから、3週間自宅で絶対安静になりました。その後、出血は止まり仕事を再開することになりましたが、仕事を調整してもらい負担の少ない仕事へ。夜勤も降りました。 私たち夫婦は、沖縄が好きです。沖縄には「ゆいま～る」という助け合いの歌があります。出血があっても快くお休みをもらえた職場、仕事内容を考慮してくれたスタッフの協力があったからこそ生まれた子。安静の時に家事を助けてくれた夫、息子に感謝をし、心を結び、助け合いを忘れてはいけない、という思いで「心結」と名づけました。	sound_row	https://baby-calendar.jp/knowledge/common/1529	bc
2020	F	や行	由惟	ゆい	初め、妊娠が判明して主人に伝えたら、ため息をつかれて不安になりました。金銭的、まだ付き合いも浅かったため、受け入れられなかったようです。次の日には決心がついたのか主人はプロポーズをしてくれ、できちゃった婚にはなりますが、婚姻届を出しました。妊娠中はホルモンバランスの変化についていけず、苦労しました。正直妊婦を甘くみていたと思います。コロナ禍の中出産も立ち会いができず、主人の出張も重なり、1人で産むことになりました。母が急きょ待合室まで来てくれ、感謝の気持ちでいっぱいになりました。無事出産を終え、抱っこした瞬間は痛みもなくなりました。この経験を踏まえ、子どもにはどんな社会情勢の中でも、柔軟に自由に惟って行動してほしい。取捨選択ができてほしいという望みから、由惟と名づけました。	sound_row	https://baby-calendar.jp/knowledge/common/1529	bc
2020	F	や行	結彩	ゆい	私はずっと好きな人の子どもを産んでママになりたかった。でもなかなか好きな人も出来なかった。パパに出会ってびっくりするぐらい好きになって毎日楽しくキラキラして、人生に彩りが加わり出した。この人の子どもを産みたいと感じ、ある日、結彩はやってきた。小さい小さい結彩が毎日いろいろな表情や成長を見せてくれて、パパとママを毎日楽しませてくれて幸せにしてくれる。周りの人と素敵な縁を結んで、その人たちと彩りのある素敵な人生を過ごしてほしい。そう思って名づけた。ちなみにパパとママは花火大会で出会ったよ。赤、緑、紫きれいな色だったよ。いつか3人で見に行こうね。	sound_row	https://baby-calendar.jp/knowledge/common/1529	bc
2020	F	や行	結	ゆい	人と人とのご縁を大切にし 自分らしく生きてほしい」という願いを込めて、「結（ゆい）」と名づけました。夫とわたしは、大学のYOSAKOIソーランサークルで出会いました。そこで、人とのご縁の大切さを学び、ご縁に支えられて活動してきました。娘にも、この「ご縁」を大切に生きてほしいと思い、縁を結ぶ「結」という漢字で名づけました。また、名前を決める際、「自分らしい唯一の存在」という意味の「唯」が最終候補に残っていたので、読みの「ゆい」にその願いを込めました。	sound_row	https://baby-calendar.jp/knowledge/common/1529	bc
2020	F	や行	唯	ゆい	妊娠が判明してから、夫婦で名前をどうしようか考えていました。胎動を感じた頃から、ずっとその名前を呼んであげたい、と思っていたからです。今考えると、結構早い段階だったと思います（笑）。名前を考える時、旦那さんから「俺は名字をあげるから、名前は愛ちゃん（私）からあげよう」と言ってもらったことが今でも印象に残っています。私は2人姉妹なのですが、どちらも『○い』の読み方だったので、同じように『○い』の読み方にしたかったこと、そして夫婦共に名が漢字一文字だったので、そこは意識して名前を考えました。 まだ当時は性別は分からなかったので、男の子でも女の子でも良い名前……と考え、【唯一無二の存在になってほしい】という思いも込めて『唯（ゆい）』と名づけました。おなかにいた時からずっと『唯ちゃん、唯ちゃん』とたくさん呼んでいたからか、生後2カ月になった今、『唯ちゃん』と話しかけると、ニコッと笑ってくれるのが毎日の癒やしです。これからもスクスクと唯一無二の存在になっていける、素敵な女の子になってほしいと思っています。	sound_row	https://baby-calendar.jp/knowledge/common/1529	bc
2020	F	や行	由唯	ゆい	2文字の名前がよくて私の尊敬するおじいちゃん（常滑焼で有名）の名前、由という漢字を使いました。姓名判断で大吉になるように「由唯」と名前をつけました。	sound_row	https://baby-calendar.jp/knowledge/common/1529	bc
2020	F	や行	夕依	ゆい	響きが可愛かった。初めての授乳で浮かんだ名前です。	sound_row	https://baby-calendar.jp/knowledge/common/1529	bc
2020	F	や行	祐衣佳	ゆいか	ひいおばあちゃんとママでつけました。お兄ちゃんと年子で妊娠の初期は流産するかもと不安がありましたが、安定期らへんには安定してくれてました。安定してすぐにひいおばあちゃんとひいおじいちゃんにも報告すると、すごく楽しみにしてくれました。ひいおばあちゃんは中国の人で日本と中国の漢字の意味を両方とも持つ名前を考えてくれました。 出産のときはコロナ禍で、パパの立ち会いはできましたが退院まで誰にも会えず、抱っこもできなかったので、毎日テレビ電話をして顔を見せてみんな楽しみにしてました。退院後はすぐに帰ってみんなに抱っこしてもらえて、ママはすごく感動したのを覚えてます。お兄ちゃんもひいおばあちゃんにつけてもらってゆいかも、将来は衣食住に困らず豊かに美しく育つようにという願いを込めました。現在もすごくよく笑いお兄ちゃんからも溺愛され、ひいおじいちゃんからは小さな恋人と言われるくらい、みんなに溺愛されて元気に育っています！	sound_row	https://baby-calendar.jp/knowledge/common/1529	bc
2020	F	や行	唯華	ゆいか	名前を決めるのは本当に難しかったので、自分たちで決めるか最近流行りのアプリで診断して決めようか悩んでいました。去年8月に妊娠が分かり、翌月9月に知り合った女性がたまたま命名の資格を持っていたので「そういう人にお願いするのも良いな」と思っていました。その人曰く、名前はその人の人生も決めてしまうくらい大事なものだから、ちゃんと考えたほうが良い！と言われたのを覚えています。 今年に入り、予定日が4月29日だったので3月くらいに「そろそろ決めないとな〜」と思い、旦那と話をしました。4月生まれになる女の子なので、私は「春や花にちなんだ可愛い名前が良いな〜」と思っていましたが、旦那は「ベビコ」とかふざけて「圭市（旦那が好きな有名人の下の名前）」と言う始末。意見が合わなくて悩んでいました。そこで、その命名をしている女性のことを思い出し、お願いしました。どんな漢字を入れたいか、画数などの希望を聞かれたので「花」か「華」という漢字を入れて、名字とバランスの良い名前を考えてくださいとお願いしました。 しばらくして来た名前の候補は10以上ありました。あとは名字とのバランスが良い順番に数字を振ってくれていました。全て見てみた中で、私は2つ良いなと思いました。旦那にも見せたら、旦那は1つだけ良いと思ったみたいです。それをお互いにどれが良いと話した時に、一致したのが「唯華」でした。たくさんある中で一発で決まるとは思いませんでした（笑）。コレはもう迷う事なく、すぐこの名前に決定しました。完全に私たちで決める事はできなかったですが、その女性の力を借りて良い名前を付ける事ができたと思います。大きくなったら、自分だけの唯一の華を咲かせてほしいと思います。	sound_row	https://baby-calendar.jp/knowledge/common/1529	bc
2020	F	や行	結花	ゆいか	結花を授かった直後、家族4人で遊びに行く夢を見ました。その中で「〇〇ちゃん」と呼びかけていた名前が可愛く、「性別がわかってないのにこんな夢を見るなんて、この子の名前は決まり！」とすっかりその気に。翌朝主人にも夢の話をし「女の子なら〇〇ちゃんにしたい」と伝えました。ところが、なんと主人には同じ名前の友人がおり、義母とその方のお母さんが仲良しとのこと。諦めて他の名前を考え始めました。 性別は夢の通り女の子でしたが、夢で見た名前を気に入っていたこともあり名づけは難航。長女を授かったときに主人と決めた「名づけの条件」も譲れないし、長女との繋がりも持たせたい。約半年間、毎晩2人で候補を出しては精査し、また考える、の繰り返しでした。臨月になってもなかなか揃って納得のいく名前が浮かばず「もうすぐ予定日だよ～」と悩んでいたある晩、ふっと浮かんだのが「結花（ゆいか）」でした。最初に夢で呼んだ名前と同じ漢字が一文字入り、2人で決めた条件にもピッタリ。それから2週間ほどして生まれてきた次女の顔を見て、「この子は結花だ！」ととてもしっくりきました。名前が決まるまでは「どうしよう」と焦るばかりでしたが、今では主人と2人で一生懸命考えた日々が大切な思い出です。	sound_row	https://baby-calendar.jp/knowledge/common/1529	bc
2020	F	や行	結子	ゆいこ	学生のころからずっとファンだった歌手に似た名前をつけました。偶然にも主人もファンで、揉めることなく名づけしました。	sound_row	https://baby-calendar.jp/knowledge/common/1529	bc
2020	F	や行	結絆	ゆいな	私たちの夫婦は再婚同士でした。妻には小学4年、小学2年生の男の子と女の子がいました。そんな家族に新しく授かった子でした。その子が家族を結んで、1つの絆を作ってくれる存在になってくれたんだと思い、結絆（ゆいな）と名づけました。	sound_row	https://baby-calendar.jp/knowledge/common/1529	bc
2020	F	や行	唯那	ゆいな	お兄ちゃんとお姉ちゃんの漢字を1文字ずつ取りました！私のお母さんが亡くなった時に唯那ちゃんは私のおなかの中にいました。唯那ちゃんの性別がわかった時にお母さんと考えていて出てきた名前が唯那という名前でした。お母さんが亡くなった時もお母さんに唯那って名前にすると伝えました。それで決めた名前です。お母さんには唯那ちゃんの顔を見せられませんでしたが名前は伝えられたのでよかったです。	sound_row	https://baby-calendar.jp/knowledge/common/1529	bc
2020	F	や行	結菜	ゆいな	結婚して名字が変わりましたが、今でも名前みたいな旧姓（仮：ゆい）が大好きなんです。小さいころから友人には名前ではなく名字であだ名をつけられることが多く、名前なんだっけ？って聞かれることもしょっちゅうでした。妊娠してから気づけば胎児ネームとして『ゆいぞう』と呼んでいて、女の子と分かってからも『ゆいぞうちゃん』と呼んでいました。 妊娠後期に入り本気で名前を決めなきゃなと思っていたところ、夫が「赤ちゃんの名前さ、愛着のある ゆい をつけようよ」と言ってくれました。わたしは早速スマホで検索をし『結菜』という名前が目に止まり決めました。すぐにでも夫に言いたかったのですが、その場では言わず、数日あたためることにしました。そして、臨月に入ったある日「結菜ちゃんって名前にしたいな」と話すと、夫はにこにこしながらうなずきました。夫は普段あまり表情には出さないタイプなので、びっくりしたのですが、喜んでくれたのだと思い嬉しくなりました。すると、続けて夫はスマホをかざしてスクショ画面を見せてきました。そこにはわたしが検索していた同じサイトで50個くらいの名前が並んでました。「あっ、一緒のサイト見てたわ！」と言ってると次の画面を見せてきて、そこにはでかでかと『結菜』という文字が。「ん？えっ？」とびっくりしてたのですが、よくよく見てみるとスクショした日づけが、赤ちゃんの性別がわかった日だったのです。 夫は名前の候補を数日どころか何カ月も前からあたためてくれていたのです。そのことに気づいた瞬間、すごくすごく嬉しくて、妊婦なのにジャンプしていました。生まれるまでは夫婦ともに『ゆいぞうちゃん』と呼んでいましたが、生まれてからは『結菜ちゃん』と呼んでいます。夫はなぜか『ゆいぞう』なのですが（笑）。ただでさえ愛おしい存在ですが、名前を呼ぶたびにとっても愛おしく感じています。そして、すごくすごく幸せな気持ちになっています。	sound_row	https://baby-calendar.jp/knowledge/common/1529	bc
2020	F	や行	結奈	ゆいな	性別が分かる前に女の子なら母の名前を取って止め字に「奈」を使うつもりで、それに合う漢字を探しました。結ぶが素敵だねと主人となんとなく話していて、性別が分かったタイミングで既にゆいなと呼んでいました。しかし、後から画数を調べるとなんと大凶……。それまで画数なんて気にしたこともなかったのに、いざ気にし始めるとこの子も将来調べた時にがっかりするのでは、とかなり悩みました。主人と何度も話し合ったり周りの方に相談したりして、占いの類いだしあまり気にしなくてもいいのでは？という結果に落ち着き、またもう既に名前に愛着が沸いていたのでこの名前に決めました。将来この子が名前の由来を聞いてきた時に、いきさつもしっかり伝えてあげたいなと思っています。	sound_row	https://baby-calendar.jp/knowledge/common/1529	bc
2020	F	や行	結菜	ゆうな	子どものころから、拾ったり、保健所行きだったとこをを譲り受けたりして、犬を何匹も飼っていたのですが、なぜかずっとオスばかりでした。その時はそれが普通で可愛かったのですが、ある時初めてメスの犬を拾いました。ゆうちゃんと名づけて、初めての女の子という事もあり、甘えたなところなど、可愛くて可愛くて仕方なかったです。ですが、3年前に亡くなってしまいました。悲しくて何度も、「ゆうちゃん……ゆうちゃん……」と泣きながら名前を呼び続け、私の子どもとして生まれ変わって！と願いました。その1年後に妊娠が判明したのですが、女の子なら、ゆうちゃんって呼べる！と、女の子を熱望しました。結果、女の子という事がわかり、嬉しくて嬉しくて名前を考えました。バラバラなものが一つにまとまるという意味の「結」と、菜の花が満開の春に生まれたので「菜」で、「結菜」になりました。今までの「ゆうちゃん」は言葉にすると、悲しくて涙が出てましたが、今は明るい声で「ゆうちゃん♪」と呼ぶことができるようになりました。	sound_row	https://baby-calendar.jp/knowledge/common/1529	bc
2020	F	や行	優那	ゆうな	妊娠中、性別がわからない間はおなかの中の赤ちゃんを「ぽんちゃん」と呼んでいました。赤ちゃんのお姉ちゃんの名前に【優】という漢字があり、名前の意味を知っている長女が「妹にも優という漢字を入れたい！」と言うので名づけの読みは長女に託しました。性別がわからなかったので、長女は男の子バージョン、女の子バージョンを考えてくれました。その読みに「優しさを忘れず、たくさんの人に愛される美しい女性に育ってほしい」という願いを込めた意味の漢字をあてました。ちなみに、お姉ちゃんの名前は「優里」で、意味は「優しい心の広さにも、芯のある強さも合わせた女性に育ってほしい」という願いを込めています。	sound_row	https://baby-calendar.jp/knowledge/common/1529	bc
2020	F	や行	結乃	ゆうの	パパは元理科教師。理科はラテン語を使う事が多く、ラテン語で6月はユーニアス。何故ユーニアスかというと、ユーノーという名の女神がいて、この女神は女性の結婚生活を守護する最高位の女神ということから6月をユーニアスというらしい。6月生まれの女の子でパパが元理科教師という事で、このユーノーからとって“ゆうの”。漢字はいろいろな物事を結ぶという意味で“結”、パパが好きという“乃”で“結乃”に。	sound_row	https://baby-calendar.jp/knowledge/common/1529	bc
2020	F	や行	優里	ゆうり	主人と私の実家がそれぞれ県外にあるため、両親同士のやりとりは専ら電話やLINEがメインで、直接会ったのは結婚式が最後でした。それが娘を里帰りで産んだこともあり、それぞれのふるさとを結んでくれたこと、優しい子になりますようにと『優里』と名づけました。	sound_row	https://baby-calendar.jp/knowledge/common/1529	bc
2020	F	や行	結希乃	ゆきの	妊娠30週、切迫早産気味といわれて薬処方。そんなこと言われても全然おなか張ったりもないしなぁと薬をサボりながら仕事をしていました。妊娠33週、いよいよ絶対安静と言われ、自宅で寝たきり生活に。薬を飲まなかった自分を恨み、きっちり飲みながら、37週を毎日待ち続けました。よし、37週越えた、と思ったら、破水して3時間で出てきた超せっかちさん。冬生まれから、冬を連想する“ゆき”をつけたくて、おなかの中にいるときから、「ゆっきーもうちょっと待ってね～、ゆっきー頑張れ～」とひたすら声をかけていました。漢字は旦那に任せると、希望を結ぶ、の一択で即決。音の響きで乃をつけて完成しました！	sound_row	https://baby-calendar.jp/knowledge/common/1529	bc
2020	F	や行	柚	ゆず	上の子と同じ漢字一文字にしたくて、柚と杏で迷っていて、上の子にどっちがいいか聞くと即答で柚！と答えたので。生まれた時期的にも合っていたし画数も上の子と一緒なので、この名前にして良かったです。	sound_row	https://baby-calendar.jp/knowledge/common/1529	bc
2020	F	や行	優珠	ゆず	思いやりがあり、誰にでも優しくできる子に育ってほしい。真珠のように美しく輝き、そして真珠の石言葉に「健康」という言葉があり、このコロナ禍のなか元気に生まれてきてくれたので、これからも健康に人生を送ってほしい、という私たち夫婦2人の思いを込めて名づけました。最初は私たち夫婦2人とも柚の香りや味が好きで響きも可愛いという話になり、主人が“柚”と名づけたいとずっと言っていました。ですが名字に木偏が付いていて同じ偏が続いてしまうので違う名前にしようと主人が諦めていた時、違う漢字でもいいんじゃないかと私が思い付き、全く違う漢字2つを組み合わせました。このご時世の中でも無事にこの子が生まれてきてくれたおかげで私たち夫婦、そして親戚のみんなが幸せな気持ちでいっぱいになり、本当に真珠のように輝いて周りを明るくしてくれました！	sound_row	https://baby-calendar.jp/knowledge/common/1529	bc
2020	F	や行	柚花	ゆずか	姉は雪那（ゆきな）、兄は瑞貴（みずき）という名前なのですが、2人目を名づける時に『雪は豊年の瑞』という故事ことわざから2人の名前に繋がりを持たせ、仲良く協力しあい良い人生を送れるようにと願いを込めました。そのため、柚花も兄弟と関連づけたいと思い、姉と兄から一文字ずつとって「ゆず」、そこに、豊年の前兆となるめでたい花のこと、転じて雪の異名となる『瑞花』という言葉から「花」の字をとり、「柚花」と名づけました。3人で仲良く協力しあって生きてほしいと思います！	sound_row	https://baby-calendar.jp/knowledge/common/1529	bc
2020	F	や行	柚月	ゆずき	妊娠4カ月終わり時に旦那が「女の子やったら柚子の柚って漢字使いたいんやけど」と言い出し、その後「ゆずきが良いな。フルネームも良いし」と言われ……。私は「えっ？？ちょっと待って私の意見は？？」と言うと「2文字目の漢字考えて？」と言われました。その後自分の使いたかった漢字から選んだ「月」が画数も良かったので柚月となりました。 後に判明したのですが旦那は“柚希”にしたかったそうです。でも柚月にして読みをどうするか問題が出てきて（“す”に濁点か“つ”に濁点のどちらも読めるとなり）旦那に「お前の好きなほうにせよ」と言われたので……。旦那の意見を残したかったのと、あんまりいないかなと思って“すに濁点”となりました。でも、決めていたはずなのに出生届出す時に旦那が「季節の“季”に変えたい」とか言い出したり、最後の最後まで旦那に振り回されました。	sound_row	https://baby-calendar.jp/knowledge/common/1529	bc
2020	F	や行	柚季	ゆずき	お姉ちゃんの名前に「咲」という字が入っているので、関連付けてお花系の名前にしたいと思いました。出産予定日の5月は柚子の白いかわいいお花が咲く時期だと知り、また花言葉を調べたら「健康美・汚れなき心」だったことから、心も体も健康にとの願いを込めました。本当は由来からも柚花（ゆずか）にしたかったのですが、画数がより良く姉兄と止め字を揃えたかったため柚季（ゆずき）にしました。	sound_row	https://baby-calendar.jp/knowledge/common/1529	bc
2020	F	や行	柚希	ゆずき	1月生まれの娘で、健やかにまっすぐ育ってほしいという意味と未来に希望が持てるようにという意味をあわせて、柚希と付けました。	sound_row	https://baby-calendar.jp/knowledge/common/1529	bc
2020	F	や行	柚乃	ゆずの	柚の花言葉に、幸福や健康美というものがあると知り、健康で美しく幸せな子になってほしいと思いつけました。	sound_row	https://baby-calendar.jp/knowledge/common/1529	bc
2020	F	や行	柚葉	ゆずは	私たちは名前の響きから考えました。調べると柚は健康美、葉はすくすく育つようにと書かれていて、すごく良い意味で嬉しかったです。健康で美しくすくすく元気に育ちますようにという意味を込めてこの名前をつけました。	sound_row	https://baby-calendar.jp/knowledge/common/1529	bc
2020	F	や行	柚葉	ゆずは	まだ性別がはっきりと分かる前に、旦那と男の子と女の子の名前の候補をお互いに出し合っていた時に「ゆずは」と旦那が言ったらおなかを蹴った気がして。次の健診で女の子と分かり、旦那が「ゆずは」という名前をすごく気に入り、私自身も可愛いと思っていたし周りにもいなかったので、漢字も分かりやすく「柚葉」に決まりました。	sound_row	https://baby-calendar.jp/knowledge/common/1529	bc
2020	F	や行	柚葉	ゆずは	性別がわかってからパパの働いてる図書館で名づけの本を何冊も借りましたが、全然決まらずでした……。わたしが保育士をしているため、今まで受け持ってきた子の名前に偏ってきてしまい考えられずにいました。パパの出す候補は私の実母の友人孫の名前と同じで母から嫌がられ、私の出す候補はありきたりだと言われ……。結局、出産後も名前が決まらないままでした。退院後娘を寝かしつけ、夜中まで夫婦で会議しました。一度今まで出した候補を払拭し、夫婦共に使いたい漢字を挙げると私「柚」夫「葉」ということで、健やかに癒しを与えられる子に育ってほしいと「柚葉」と名づけました。生まれてすぐに名前を呼んであげられなくてごめんね、と思いましたが、夫婦で話し合って決め、愛情を込めた名前をプレゼントすることができました。	sound_row	https://baby-calendar.jp/knowledge/common/1529	bc
2020	F	や行	柚葉	ゆずは	夫婦で名前を考えて、画数、名前の読みの響きから、「一華」か「柚葉」の2択になりました。妊娠後期におなかの子が小さすぎるため、大学病院に転院になり、原因を調べました。どの検査受けても原因が判明せず、不安な日々を過ごしていました。名前が決まるまで、ちびちゃんとおなかの子に呼びかけていましたが、柚子の花言葉「健康美」と葉のように元気にすくすく育つように柚葉の名を選び、そこから柚葉と呼びかけるように。次の健診の時には300グラムほど大きくなっていました。呼びかけが効いたのかは不明ですが、そこから奇跡のように今までよりも大きくなっていってくれたため「柚葉」と名づけました。	sound_row	https://baby-calendar.jp/knowledge/common/1529	bc
2020	F	や行	柚月	ゆづき	明るくハツラツとした子になってほしい、優しく誰かに寄り添える子になってほしいという思いから、なんとなく黄色のイメージが湧いてきて。母親の私が柚子が好きだったので、柚の漢字と出産予定日が9月だったので、夜をいつも優しく照らす月がちょうど名前に込めたいイメージとあっていたので、柚月になりました。	sound_row	https://baby-calendar.jp/knowledge/common/1529	bc
2020	F	や行	結月	ゆづき	主人と15年ぶりに満月のもと再会。その後何度かデートを。とあるブルームーンの最初の夜に「ブルームーンで訪れる2回の満月を、両方見れると幸せになるんだよ」と伝えたところ、「2回目も一緒に見よう」と言われ、2回目の満月の日はサプライズで素敵なホテルを予約してくれました。そしてその夜プロポーズされ、今に至ります。さらに、結月がおなかに宿ってくれた日は私の誕生日で満月でした。月が結んでくれたご縁に感謝し、彼女にも、月のように周囲をやさしく照らしながら巡る日々と人々を人生で結んでいってほしいとの願いから、この名前をつけました。	sound_row	https://baby-calendar.jp/knowledge/common/1529	bc
2020	F	や行	柚月	ゆづき	上が男の子なので、2人目は女の子が欲しかった。主人が女の子と分かってすぐ「姫」が付く名前で候補をあげ、おなかのベビたんに呼び掛け始めました（笑）。反応が良かった名前にすると意気込んでいましたが、私は嫌だったので、字画が良いか調べて微妙だよと伝えて、5月の誕生花と花言葉を一緒に調べて響きと字面、字画が良いものを選び、最後は美月と悩んで柚月に落ち着きました（笑）。コロナの影響で退院するまで我が子を見れなかった主人ですが、入院中に送った写メや動画を見て柚月に決め、今では我が子を見て柚月っぽい！と。柚月を含め家族みんなで可愛いこの名前がお気に入りです！	sound_row	https://baby-calendar.jp/knowledge/common/1529	bc
2020	F	や行	優愛	ゆな	出生届の提出期限ギリギリまで旦那さんと話し合って決めました。愛という字は入れたいという思いがあったので優愛にしました。誰にでも平等に優しく、周りから愛されるような子に育ってほしいという思いを込めました。	sound_row	https://baby-calendar.jp/knowledge/common/1529	bc
2020	F	や行	結菜	ゆな	コロナ禍での妊娠・出産。よくある「友人とランチ」「気分転換にショッピング」のようなマタニティライフとは程遠く、なかなか友人や親戚と気軽に会えない日々。出産のために入院中も、友人はおろか両親や夫とも面会すらできず、孤独な時間を過ごしました。当たり前のように会えていた人たちと離れて過ごしたことで、改めてその存在の大きさに気づきました。娘にはこの先、いろいろな人と人との結び付きを大切に生きてほしいという思いから「結」、素朴で優しい女の子になってほしいという思いから「菜」の字をあげることにしました。そうして「結菜」という名前をつけました。	sound_row	https://baby-calendar.jp/knowledge/common/1529	bc
2020	F	や行	結菜	ゆな	まだ性別が分からない時から、私の座右の銘が「一期一会」で人との繋がりや出会いを大切にしていたので、女の子であれば人と人を結び友人や家族を大切に思えるようにと願いを込めて「結」という漢字を使いたいと思っていました。そう考えている最中、性別が女の子と分かり様々な漢字の画数や意味を調べていく中で、「菜」は“自分らしくすくすくと育ってほしい”ということを込められることから、私たちが思う「夢を見つけて楽しい人生を歩んでほしい」思いとぴったり合ったので、『結菜』という漢字を選びました。読み方は、女の子だと2文字と決めていたのもあり、『ゆな』と名づけました。	sound_row	https://baby-calendar.jp/knowledge/common/1529	bc
2020	F	や行	結菜	ゆな	僕が赤ちゃんのお名前プレゼントする！」。4歳のお兄ちゃんが、心を込めてたくさんたくさん時間をかけて考えてくれた妹の名前は『結菜（ゆな）』でした。甘えた泣き虫さんなお兄ちゃん。妹に逢えることが楽しみな反面、漠然とした不安な気持ちも大きかったみたいです。妊娠悪阻に苦しむ母ちゃんを1番近くで見ていたこともあるのでしょう……。妊娠悪阻がようやく落ち着いた頃、はじめて息子と一緒にエコーを見に行きました。そしてエコーの赤ちゃんを見て、「可愛い！」とニコニコなお顔になりました。その帰り道、「赤ちゃんのお名前何にしようかな？」と相談しました。「お名前は最初に贈る赤ちゃんへのプレゼントでね、とっても大切なんよ」と言うと、しばらく考えてから、「僕が赤ちゃんのお名前プレゼントする！赤ちゃんに会えた時プレゼントする！」と。 そして、もうすぐ生まれるという時。陣痛に苦しむ母ちゃんの手を握りながら、半べそ顔で「あーちゃん、頑張って！ ゆなちゃんもうすぐ会えるからね、ゆなちゃん可愛いよ」と励ましてくれました。必死に痛みに耐えながら「ゆなちゃん……可愛い名前やな」と、とても気に入りました。後から『ありがとう。ゆなちゃん、可愛いお名前やね！』というと、得意顔で、『そうやろ！ 僕と同じ“ゆ”から始まって、菜の花かわいくてあーちゃん好きやから、“な”やねん。“菜の花ちゃん”と迷ったんやけどな！』と説明してくれました。毎年訪れていた菜の花畑。息子が覚えていてくれたことが嬉しく、お兄ちゃんが一生懸命考えてくれた、素敵な名前を娘にプレゼントできたことが幸せです。『結菜ちゃん』ずっとみんなで待ってたよ。これからよろしくね。	sound_row	https://baby-calendar.jp/knowledge/common/1529	bc
2020	F	や行	結愛	ゆな	第一子、初めての出産、名前決め。何もかもが初めてでした。字画、名字と合うのかどうかを旦那さんと一緒に話し合い決まった「結愛」。誰からも愛される、そして、周りの人を愛すことができる、そんな大きな「愛」でいろいろな人と「結」ばれてほしい……という願いを込めました。	sound_row	https://baby-calendar.jp/knowledge/common/1529	bc
2020	F	や行	柚乃	ゆの	上の子と4歳差で生まれた次女。今まで4年間、両親＆祖父母の愛情を独り占めしてきた長女は、妹が生まれると知って「子どもは（自分）ひとりだけが良かったぁ～、赤ちゃんいらない～！」と号泣！ どうにか、長女にも妹を好きになって欲しいと思い、妊娠中、長女と一緒に赤ちゃんの名前を考えました。 妊娠後期、里帰りしてからは、実家のお隣さんの庭で採れた柚子をお風呂に入れて、時々ピョコピョコ動くおなかをナデナデしながら、妹の名前を考える毎日。最後の一人っ子生活を満喫しつつ、2人でゆったり柚子湯に浸かりながら名前を考えるうちに、長女も妹の誕生を楽しみにするようになっていきました。そして、家族みんなでいろいろな候補を出し合った結果、お姉ちゃんと同じ2文字かつ「の」で終わる名前で、大好きな柚子湯の「ゆず」が入った名前に決定。 黄色く丸くコロンと可愛い柚子の実ように愛らしく、そして、さまざまな料理やお菓子にアクセントとして添えられる柚子のように、自分の存在感をしっかりアピールしつつ、周囲の人への気配りや協調性も大事にできる人になってほしい。そんな想いを込めました。生まれてからはとっても仲良しな姉妹です♪	sound_row	https://baby-calendar.jp/knowledge/common/1529	bc
2020	F	や行	優音	ゆの	初めての赤ちゃんだったので、いろいろ候補があり、かなり悩みました。その中で優しい音の「ゆの」に。漢字の通り優しい音のように、周りの人の心を癒やし、豊かにしてくれる人になって欲しいと願い込めてこの名前にしました。名前の通り、右も左もわからない子育てでいっぱいいっぱいの私に笑顔を向けて癒やしてくれる赤ちゃんです。	sound_row	https://baby-calendar.jp/knowledge/common/1529	bc
2020	F	や行	悠乃	ゆの	6月生まれで、6月の女神さま「JUNO（ユーノ）」にちなんでつけました。この女神さまは「結婚と子どもの守護の女神」「女性の結婚生活の保護神」と言われており、我が子も女性として幸せな良縁に恵まれて、子どもに恵まれた幸せな女性になりますように、と名づけました。	sound_row	https://baby-calendar.jp/knowledge/common/1529	bc
2020	F	や行	ゆの	ゆの	主人と同じく、長女、長男、次男の名前の頭文字は「ゆ」にしています。そのため4番目の次女ももちろん「ゆ」をつけてます。女の子の2文字名前に憧れがあったので、「ゆ」の頭文字と、長女の名前を合わせて「ゆの」にしました。	sound_row	https://baby-calendar.jp/knowledge/common/1529	bc
2020	F	や行	由乃	ゆの	私自身が2文字の名前に憧れがあったので、2文字の名前を付けようと漠然と考えていました。妊娠当時読んでいた本の影響もあってか、おなかの子は男の子だろうと思い込み、男の子の名前をたくさん挙げました。しかし、妊娠26週の妊婦健診でおなかの子は女の子だということが判明したのです。驚きとと同時に名前をどうするかとても迷いました。私はずっと女子校に通っていたので女の子の名前で思いつくのはみんな友達にいたのです。周りとあまりかぶらない名前で2文字で……と考えながらも全く決まらず、周りからも名前どうするの？と聞かれる時期になりましたが、顔を見てから決める！と言って話を逸らしていました。 いよいよ予定日も近づいてきたころ、なかなか生まれる気配もなかったので、実家近くの隅田川沿いを散歩していました。ちょうど桜が見頃で、桜にちなんだ名前もいいな〜と考えていると、歩きながらその桜についての説明書きの看板を見つけました。そこには、その桜は八代将軍徳川吉宗が植えたのが始まりだということが書かれていました。娘のパパは和歌山出身で吉宗も和歌山出身という共通点があり、親近感のある歴史上の人物でした。それを伝えるととても喜んで、数日後こんな提案をしてくれました。「隅田川沿いに吉宗が植えた桜の品種がソメイヨシノっていうんだって。それにちなんで、『よしの』ってどうだろう」私はこれまで考えていた名前は一つもピンとこなかったのに、その名前を聞いて2文字のこだわりは入れられないけど、とても良い名前だし、素敵な由来だなと思いました。 そしてどんな漢字にしようか決めているときに、「由乃」という漢字が候補にあがりました。名字との相性も良いし、かわいらしいし、そしてその漢字なら2文字で「ゆの」という名前が今風でいいね、という話になり、私はこの名前がとても気に入りました。予定日を過ぎてもなかなか生まれてこなかった娘に、「桜にちなんだ名前が決まったし、桜が綺麗なうちに生まれておいで〜」と話しかけていました。すると娘も気に入ってくれたのか、その名前とその日を選んだかのように、予定日を5日も過ぎた3月27日、さくらの日に生まれてきてくれました。由乃のおかげで家族も友達も親戚もみんな笑顔をもらっています。こんなご時世だけど、桜のようにみんなを元気に明るくできる由乃に感謝でいっぱいです。	sound_row	https://baby-calendar.jp/knowledge/common/1529	bc
2020	F	や行	幸乃愛	ゆのあ	旦那が「幸」、私が「愛」を付けたくて組み合わせた名前にしました。1番に幸せになってほしいし、お互い共働きのため子どもに寂しい思いをさせるだろうと思い、いつでも想っていると伝える意味でもつけました。	sound_row	https://baby-calendar.jp/knowledge/common/1529	bc
2020	F	や行	夢禾	ゆめか	一生ものの名前……夫婦で名前を悩み、全然決まらず……。どういう子になってほしいかを考えた時、自分でやりたいことを見つけられるようになって欲しいね、と。ある日パパが仕事帰りに、名前を考えた！と言い、この名前に2人でいいねー！と一致して決めました！ 小さな夢も大きな夢も実りますように、と稲が実るという意味の禾の文字を使い、夢禾（ゆめか）と名づけました！ これから夢も希望もいっぱい！ 毎日楽しんで、そしてこれからを楽しみに成長してほしいと願っています！	sound_row	https://baby-calendar.jp/knowledge/common/1529	bc
2020	F	や行	結愛香	ゆめか	名前を決める時、いろいろな名前の案が出たもののなかなか絞れずで生まれるまで決められずにいました。旦那が私の名前の漢字を一つ使いたいということで「香」の文字は決まってました。初めての出産に新型コロナの影響で立ち会いもなく、不安の中、出産しましたが、産声を聞いて顔を見た瞬間、嬉しくて涙が止まりませんでした。病院の前で待っていてくれた旦那も喜んでくれました。旦那が「ゆめか」が良いんじゃないかと言ってくれて、生まれた瞬間から愛おしくて「愛」という漢字も使いたいと思い、この名前に決めました。たくさん愛を結んで、愛が溢れる子になって欲しいと思いを込めました。まだ生まれて間もないですが、この子を通じて、旦那やお母さんとも話す機会も増えて、お互いの家族同士も集まって写真を撮り合ったりと仲良くする機会も増え、街でもあたたかく優しい言葉をかけてもらったりと、すでにたくさん愛を結んでくれてると思います！ これからも愛情をいっぱい注ぎたいです！	sound_row	https://baby-calendar.jp/knowledge/common/1529	bc
2020	F	や行	結夢花	ゆめか	名前を何にしようかと考え初めていた頃に、急に陣痛が！予定日よりも1カ月も早かったので、まさか陣痛だと思わずにいたが、痛みの感覚が一定だったので病院に行くと、まさかの陣痛！！名前の候補はあったが、なかなか決められずにいました。陣痛で苦しんでる中、旦那は「早く決めないと。どうする？」と……。私は意識がもうろうとしながらも、この名前に決めました。 定期健診では、「お顔が見られる」とワクワクして行くが、タイミングよく爆睡……。生まれてくるまで目を開けているところを見たことありませんでした。きっとママのおなかの中が心地よくて“夢”を見ていると思いました。そこから“夢”という漢字を入れたいなと2人で話し合いました。“夢”から、夢の花が結びつきますように、という願いを込めてこの名前になりました。 早くお顔を見たいと話しかけていたら、1カ月も早く生まれてきちゃいましたが、小さいながらも頑張ってミルクを飲んでスクスク大きくなりました。陣痛で苦しんでる中、名前を付けたことは今では笑い話になりましたが、あの時は本当に苦しかったです……。	sound_row	https://baby-calendar.jp/knowledge/common/1529	bc
2020	F	や行	夢華	ゆめか	夢を持ち、夢に向かい歩んほ欲しい。華のように美しい人間に育ってほしい。	sound_row	https://baby-calendar.jp/knowledge/common/1529	bc
2020	F	や行	優咲	ゆら	妊娠する前から、「赤ちゃんほしいね」と夫と話していました。その頃から夫は、子どもの名前には女の子でも男の子でも、私の名前の一文字の「優」をつけたいと言っていました。赤ちゃんは女の子でした。「優咲」という名前が一つの候補として上がっていたとき、お正月に和歌山県のとある神社に行きました。そこで、今年の漢字が「咲」だったのです。なにか運命を感じ、その出来事があって迷っていた名前が、「優咲（ゆら）」に決まりました。優しく、周りに花を咲かせるように明るく笑顔でいてほしい。という願いを込めてこの名前をつけました。響きと漢字の組み合わせがとても気に入っています。優咲、これからもすくすく元気に育ってね！ だいすきだよ〜！！	sound_row	https://baby-calendar.jp/knowledge/common/1529	bc
2020	F	や行	柚心	ゆら	予定日が6月8日で、実際には6月16日生まれ。初夏ということで、初夏に咲く、白い柚の花から「柚」という漢字をもらいました。柚の花言葉は健康美、汚れない心。健康に育ってほしい、汚れない心で、思いやりのある優しい子に育ってほしいという想いを込めました。「心」は、思いやりのある心、周りの人に対しての優しい心を持ってほしいという気持ちが込められています。ゆらという響きも可愛らしいなあと思っています。	sound_row	https://baby-calendar.jp/knowledge/common/1529	bc
2020	F	や行	祐莉葉	ゆりは	待望の第3子！ 私たち家族5人の名前には共通の漢字『祐』が入っています。これは『神の助け』を意味します。祐莉葉とは「知性派で多才で幅広い分野に興味を持ち、感性も豊か。人に恵まれ幸運をつかみやすく、家庭運・仕事運・財運を持ち合わせる」という意味合いを持ちます。この子には、たくさんの人に囲まれ、実りある幸せな人生を送ってほしいと願っています。 性別が分かったのは妊娠後期。成長が遅く小さな我が子に、早く名前を呼んであげたくて、毎日名づけのことで頭がいっぱいになりました。“ゆりな”に決まり漢字で悩んでいると、6歳の次男が「“ゆりは”は？」と一言。何気なく言ったのかもしれません。でもおなかのなかで動く小さな命に息を吹き込んでくれた気がしました。案の定、自分が提案した名前だなんて分かっていませんでしたが、今は「オレが付けた名前なんだよね～」とニタニタしながら話しています。（HAPPYさん）	sound_row	https://baby-calendar.jp/knowledge/common/1529	bc
2020	F	や行	よつ葉	よつは	4人目の子で、上のお姉ちゃんが「ふたば」という名前なので「よつは」にしました。幸せを呼ぶ四つ葉のクローバーのように、きょうだいに囲まれて幸せに育ってほしいという願いも込めました！（まままっこさん） 歴代の赤ちゃんの名づけエピソード大賞 2020年赤ちゃんの名づけエピソード大賞 ＞ 2019年赤ちゃんの名づけエピソード大賞 ＞ 2018年赤ちゃんの名づけエピソード大賞 ＞ 2017年赤ちゃんの名づけエピソード大賞 ＞ 2016年赤ちゃんの名づけエピソード大賞 ＞ 2015年赤ちゃんの名づけエピソード大賞 ＞ 歴代の赤ちゃんの名前ランキング 2020年赤ちゃんの名前ランキング ＞ 2019年赤ちゃんの名前ランキング ＞ 2018年赤ちゃんの名前ランキング ＞ 2017年赤ちゃんの名前ランキング ＞ 2016年赤ちゃんの名前ランキング ＞ 2015年赤ちゃんの名前ランキング ＞ 2014年赤ちゃんの名前ランキング ＞ 2013年赤ちゃんの名前ランキング ＞ 2012年赤ちゃんの名前ランキング ＞ 2011年赤ちゃんの名前ランキング ＞ 2010年赤ちゃんの名前ランキング ＞ あなたの“今”の悩みを専門家に無料で相談できます 自分だけでは解決できない不安やお悩みは、助産師や管理栄養士などの専門家に個別相談してみませんか？ 専門家に相談する その他についての悩み もっと見る 専門家に相談する 妊娠・育児アプリ ベビーカレンダー記事制作の取り組み ＼ この記事にいいね！しよう ／ 0 クリップ 現在ログインしていません。 ログイン しますか？ シェアする 名前ランキング検索 ベビーカレンダーが独自で調査・集計した2017年以降に生まれた赤ちゃんの名前データの中から、知りたい名前の順位、よみの順位、漢字の順位を見ることができます。 【名前で検索】【よみ方で検索】が名前の一部で検索できるようになりました！ 名前で検索 男の子 女の子 と一致する で始まる で終わる を含む 検索 よみ方で検索 男の子 女の子 と一致する で始まる で終わる を含む 検索 漢字で検索 男の子 女の子 検索 ご利用のルールとマナー ベビーカレンダーへのご意見をお聞かせください ご質問・お問い合わせはこちら 赤ちゃんの成長にあったママに必要な情報が毎日届く！ 妊娠から出産までのプレママ、子育て中のママ・	sound_row	https://baby-calendar.jp/knowledge/common/1529	bc
2020	M	や行	康晴	やすはる	妊娠中は高齢の初産というだけでも想像以上にたくさんの心配事がありました。それに加えて、産道を挟むように大きな子宮筋腫が複数見つかったり、後期に胎動や心拍が弱まったり、直前まで逆子が治らなかったり、3週間も前駆陣痛が続いたり。産院では何度も帝王切開を提案されましたが、すべてギリギリで回避して普通分娩で生まれてきた息子。特に、帝王切開を予定していた前日に、7cmもの子宮筋腫を邪魔にならない位置まで動かして予定を変更させてしまったときは、自分の意思で生まれて来ようとする生命力を強く感じました。 康晴と名づけたのには二つの訳があります。ひとつは、親も祖父母も高齢なので、将来孤独を感じないように、祖父と父から一文字ずつ受け継いだ名前にしたこと。もうひとつは、漢字の成り立ちから。「康」は穀物を脱穀する様子、「晴」は大地に日が差して緑が芽吹く様を表しているそうです。生命の大きな流れ、生きる営みそのものという意味を込めて、たくましい生命力と強い意志をもって、夢中になれる人生を歩んで欲しいと願って名づけました。	sound_row	https://baby-calendar.jp/knowledge/common/1519	bc
2020	M	や行	稜人	やまと	自然に妊娠して子どもがほしい」そう願っていた私。というのも、私は30すぎて結婚。となると高齢出産になりかねない。そして、何よりも、結婚前は、とある実業団に所属しており、毎日ハードなトレーニング。生理がこない月もしばしば。対人競技でもあったため、おなかに相手の膝や手がはいることも多かった。だからこそ、ちゃんと妊娠するか、子どもが出来るか不安だった。そんなことは誰にも相談出来ず、もちろん主人にも。現役生活を終えたと同時に、結婚。お互い子どもは欲しかった。まわりにも子どもはまだかとせかせれる日々。 そんな生活がしばらく続き、もう自然に妊娠するのは無理かなと諦めかけ主人に相談しよう考えた矢先、生理がきていないことに気付き病院へ。すると妊娠2カ月と判明！飛び跳ねる程、嬉しかった。しかし、切迫流産の恐れがあると医師に告げられた。まだ安定期でもなかったためまわりには言えず、不安な日々を送っていた。その頃つわりも酷く、食べ物のにおいはもちろん、ニオイにとても敏感で毎日嘔吐の繰り返し。食事も全く口にすることが出来ず、点滴と薬の生活だった。 それは、妊娠4カ月頃、徐々に治まり始め、検診に行ったある日。「問題なく順調です」と医師からの言葉。再度、本当に喜んだ。嬉しかった。あとは出産まで何もないことを祈るのみ。点滴と薬の生活が長かったため、不安は大きく、元気な赤ちゃんで出て来てくれることをただただ祈っていた。安産祈願はしたものの、毎週のように神社へお参り。出産前日まで。 そして出産当日。初産にしてかなりの安産。しかも予定日どおりという奇跡。計画してた私たちの予定も狂うことなく、そして何よりも元気に生まれてきてくれた。それが本当に嬉しく、感謝の気持ちでいっぱいだった。神様に感謝。そんなこともあり、男の子だったので、男の子らしく強く逞しく、そして人の為に何か出来る人になってほしい、人様に貢献してほしいという願いを込め、また、神様への感謝を忘れまいと、日本の昔の神様。『日本武尊』の名前を頂き、『やまと』と名づけることにした。漢字は字画のこともあった。生まれてきてくれたことに感謝し、すくすくと元気に育ってくれることを願ってます。	sound_row	https://baby-calendar.jp/knowledge/common/1519	bc
2020	M	や行	大和	やまと	パパの名前に「和」という字が入っていて、パパを超えるような大きな男になって欲しいという願いを込めて大和にしました。	sound_row	https://baby-calendar.jp/knowledge/common/1519	bc
2020	M	や行	大和	やまと	～～～ヤマト タケル 伝説～～～ 第三子となる大和！第一子のお兄ちゃんはパパが幼い頃からつけたかった名前、二番目の女の子は私がずっとつけたかった名前！そして三番目！さあ、どうする？となった時に、いろいろな候補がありましたが、夫婦で意見合わず（笑）。その時に、私が昔働いてた時にお客様の双子ちゃんに、「ヤマト」君と「タケル」君がいて素敵だなぁと思った話をしました。そしたら急に「イイネ！ヤマト！THE日本人って感じで強そう！」と夫婦で意見が即一致！で、次に出てきたのが漢字！角数ではなく字の形で決めたかった私たちは、ここでもまた不一致（笑）パパは「大和」日本人ならでは！令和にちなんで！と。私は全体のバランスを見て普通ではなく、少しひねり、「大都」がいいかなと。そこで出てきたのがお兄ちゃん！「角数少ないし、僕でも書けるから『和』」 お姉ちゃんになる妹っ子は「『和』は形が好き！」と。 家族皆で考えて決める事はこれから生まれてくる赤ちゃんにとっても嬉しい事で、迎え入れる為に皆で『和』の字の練習をしました。お世話になった助産師さんにこのお話をしたら、お産でとりあげてすぐに「大和くーん、こんにちは」と言ってくれて、涙が止まらず、全ての事に感謝し、ありがとう。と思った事を今でも覚えています。（ばらんさん）	sound_row	https://baby-calendar.jp/knowledge/common/1519	bc
2020	M	や行	結	ゆい	結」と言う漢字には、結びつける、繋がり合う、助け合うなどの意味があります。息子には、生きていく上で様々な人と繋がり合い、助け合い、たくさんの人とより良いご縁で結ばれるように名づけました。画数は大凶だったのですが、性や名が一文字の場合は特別ルールが適用され、一画プラスされるようです。なので、迷いもありましたが、この名前に決めました。成長して、画数占いなどをする様になったら説明が必要ですね。	sound_row	https://baby-calendar.jp/knowledge/common/1519	bc
2020	M	や行	結翔	ゆいと	お兄ちゃんの名前が「湊斗（みなと）」なので最後を「と」で揃えたくて、旦那と私と候補を2つ出し合い、お互いの候補に入っていたユイトにしました！漢字は私が名字とのバランスをみて4つ候補を出し、その候補を4枚の紙に記入してお兄ちゃんに1つ取ってもらった漢字に決定しました。それが結翔です。家族みんなで決めた名前です！	sound_row	https://baby-calendar.jp/knowledge/common/1519	bc
2020	M	や行	結都	ゆいと	都」とは人が多く集まる場所人と人とを結ぶような思いやりのある、優しい子に育ってほしいという願いからつけました。人は一人では生きられないため、仕事においてもプライベートにおいても家族や友人などの協力を得て素敵な人生を歩んでほしいという願いも込めています。	sound_row	https://baby-calendar.jp/knowledge/common/1519	bc
2020	M	や行	結仁	ゆいと	昨年の6月に、11年付き合った彼と結婚し、すぐに妊活を始めました。その5カ月後に私の大好きだった祖父が94歳で亡くなりました。私は小さい頃からおじいちゃんっ子で、いつも祖父について歩いて育ったので亡くなった時はすごく悲しかったです。ですが、祖父のお葬式の日に生理が遅れていた事もあり検査薬を試したところ妊娠が判明しました。まるで大好きだった祖父が生まれ変わって私のところに来てくれたようで、家族全員で大喜びでした。女系で兄弟もいとこも女だらけの中、初の男の子でした。大好きだった祖父の名前「定吉」からラッキーの吉を貰い「結仁」と名づけました。	sound_row	https://baby-calendar.jp/knowledge/common/1519	bc
2020	M	や行	悠一斗	ゆいと	妊娠がわかり、どんな名前にしようかと旦那と二人で考えていて旦那は女の子の名前ばかり考えていて5カ月の健診で男の子とわかって少し落ち込んでました（笑）。男の子とわかって命名の本を見ながらしっくりくるのがこの名前で、5カ月の終わりには名前が決まっておなかの中のキミに話かけるときはもうこの名前で呼んでました。	sound_row	https://baby-calendar.jp/knowledge/common/1519	bc
2020	M	や行	結斗	ゆいと	色んな縁に結ばれ輝ける子になりますように。の意味を込めて結斗と名づけました。	sound_row	https://baby-calendar.jp/knowledge/common/1519	bc
2020	M	や行	結人	ゆいと	パパ（結人の父）は、結婚式をメインとして仕事をしているカメラマンです。（前撮りや、挙式当日など）私たちは今までの人生の中でたくさんの人と出会い、素敵な人たちに囲まれ、人に恵まれてきました。父が仕事としている「結婚式」、そして「私たちが大切にしている、人との結びつきや、縁」から「結ぶ」という字を付けて、「人との結びつきを大切にし、人に恵まれた人生を歩めるように」と願い、命名しました。	sound_row	https://baby-calendar.jp/knowledge/common/1519	bc
2020	M	や行	結斗	ゆいと	長男の名前が「〇〇と」なので2人目も男の子だったら「と」で終わる名前を考えていました。思いのほか周りに「と」がとめ字の子が多く候補はことごとく却下。画数が良い名前から意味と響きから選びました。	sound_row	https://baby-calendar.jp/knowledge/common/1519	bc
2020	M	や行	結人	ゆいと	旦那が立ち会い出産を希望し、陣痛からずっと付き添って励ましてくれました。無事出産を終え、義母、両親を含めみんなで喜びを共有していました。ですが出産後大量出血をして意識がなくなった私をたくさんのお医者さんや看護師さん、助産師さんが助けて下さり事なきを終えることが出来ました。人は1人では生きていけない、助け合いや人との繋がりを大切にしてほしい、また人を思いやることができる子になってほしいと思い名づけました。	sound_row	https://baby-calendar.jp/knowledge/common/1519	bc
2020	M	や行	唯馬	ゆいま	上2人は長男がパパ、長女がママの名前を一文字変えて、性別関係なくどちらでも捉えられるような名前にしましたが次男はさんざん迷って、性別関係ない名前は継承してパパからは足が速くなるように「馬」と馬に似た漢字で統一感を出してもらい、ママからは私たちの元へ生まれてきてくれた「唯一今を生きている」赤ちゃんに感謝の意味を込めて「ゆいいついま→ゆいま」にしました。	sound_row	https://baby-calendar.jp/knowledge/common/1519	bc
2020	M	や行	優	ゆう	優（ゆう）は次男です。悠（はる）という14歳離れたお兄ちゃんがいます。やっとできた兄弟で、流産も繰り返していました。お兄ちゃんは、生まれてからは、オレがパパだ というくらい面倒をみて可愛がっています。主人も1文字の名。お兄ちゃんも悠（はる）。次男も1文字にしよう！歳も離れているけど、仲良く生きていってほしい、絶対に人として優しい子でいるように！ お兄ちゃんの漢字もそうですが、必ず 心 が入っているようにと決めました。優（ゆう） と 悠（はる） 人に優しく、ずっと2人仲良くして欲しいと思っています。	sound_row	https://baby-calendar.jp/knowledge/common/1519	bc
2020	M	や行	祐輝	ゆうき	毎日お互い仕事に忙しくしており、年齢を考えるとそろそろ将来の事を考えていかないと…と、話していた矢先、子どもを授かる事ができました。40歳を超える主人。正直自分が子どもを授かれるか不安だったとの事。私の体調は特に変化はなく、本当におなかの中に子どもがいるのか？そんな気持ちでいっぱいでした。2回目の検診の時、心臓が動いているのを見て、自然と涙があふれてきたのは今でも忘れられません。おなかの中の子をなんて呼ぼう？と、2人で胎児ネームをつける事に。私たちの生活にキラキラ輝きをもたらしてくれた我が子。そしてこれからの家族に素敵な未来が待ってるね。と言う想いから『シャイニー』と呼ぶ事に。それからは毎日2人でシャイニーに話しかけていました。 性別が判明して、名前をどうしようか？と、毎日楽しく相談して『ゆうき』にする事に決定！『祐』の文字には人を助けられる、心優しい子になって欲しいと言う想いを。『輝』の文字には胎児ネームの名残と、光かがやき聡明で立派と言う想い。そして、『ゆうき』を持って色んな事にチャレンジして欲しい想いを込めてつけました。生後2カ月。すくすく育ってくれているので、これからも2人でしっかり成長を見守って行きたいと思います！	sound_row	https://baby-calendar.jp/knowledge/common/1519	bc
2020	M	や行	優心	ゆうしん	なかなか第二子が授からず、やんちゃ盛りの上の子を育てながら、毎月リセットされては落ち込んでしまう日々を送っていました。一年ほど経って、妊娠検査薬で陽性反応が出た時は家族みんなで大喜びしました。でも妊娠7週目に入ったくらいの頃に、朝起きると大量出血していました。生理2日目以上の出血があったので、全身が震えながら1人で病院に行き診察してもらうと、おそらくこのまま赤ちゃんが出て来てしまう可能性が高いと言われ「切迫流産」と診断されました。あまりのショックで、病院からどうやって帰って来たのか全く記憶がありません…。 それから毎日続く出血に怯えながら一日の大半を泣きながら過ごしていると、ある晩に夢を見ました。魚の稚魚のような小さな生き物が、寝てる私の胸元にくっついて母乳を吸っている夢でした。見たこともないような生物だったのですが、不思議とその小さな生き物を愛おしく感じました。その夢を見てからは出血が止まり、切迫流産の状態から抜け出して何とか無事に妊娠6カ月まで妊娠継続できました。しかし、おなかの子が男の子だと判明した頃、切迫早産になり出産まで3カ月近く入院することになってしまいました。その時期はコロナウィルスの影響で、病院への面会が禁止されていて、約3カ月間家族と会えず、ひたすらベッドで24時間寝たきり生活を送ることになりました。母親が突然入院し、会えないことを寂しがる幼い上の子の事を思うと、毎日涙が止まらなくなってしまいました。 するとまた夢の中で、色が白くて髪の茶色い男の子がニコニコしながら寝てる私に抱きついている夢を見ました。私は直感的に、それがおなかの中にいる息子で、妊娠初期に見た稚魚のような生き物も息子だったんだと気づき、とても感動しました。それから入院生活を乗り越えて、無事に男の子を出産しました。色が白くて髪の茶色い男の子です。妊娠中に、私が泣いていると必ず夢に出て来て慰めてくれた優しい心をもった息子に、「優心（ゆうしん）」と名づけました。	sound_row	https://baby-calendar.jp/knowledge/common/1519	bc
2020	M	や行	悠真	ゆうしん	私のお母さんは「ゆう」という響きが好みで（実際私の兄弟の兄がゆうまっていう名前です）自分の子どもは自分で決めたい！！と思っていたのですが3つの候補（ゆうしん、るい、こうだい）で悩んでいたんですけど、少し珍しい名前にしたくて、悠真と名づけました！小さい頃は自分の子どもにはこれにしよとか決めてたけど、いざ決めるとなると真剣に決めないと一生ものなので。	sound_row	https://baby-calendar.jp/knowledge/common/1519	bc
2020	M	や行	優心	ゆうしん	誰にでも優しく接する事ができて、思いやり・正義感・負けず嫌いの心を持って育ってほしいと思って付けました	sound_row	https://baby-calendar.jp/knowledge/common/1519	bc
2020	M	や行	佑典	ゆうすけ	人との繋がりを大切にして、礼節をわきまえた子に育てたいと思いこの名を、つけました。気持ちをもとに、合う名前の候補をパパと一緒に考えて、最終的には候補の名を書いた短冊を生まれた子の横に置き、しっくりときた名前に決めました。	sound_row	https://baby-calendar.jp/knowledge/common/1519	bc
2020	M	や行	優晴	ゆうせい	優しい人に育ってほしい。晴れやかな人生を送ってほしい。	sound_row	https://baby-calendar.jp/knowledge/common/1519	bc
2020	M	や行	侑晟	ゆうせい	何事にも自ら進んでチャレンジし、明るい未来を信じて輝くような人生を送って欲しい。	sound_row	https://baby-calendar.jp/knowledge/common/1519	bc
2020	M	や行	雄晴	ゆうせい	男の子とわかった時、2歳の時に亡くなった父親から一文字貰おうと『雄』を付けました。母への恩返しでもあります。『晴』を付けたのは、いろいろな人を広く暖かく晴れた日の太陽の様に明るく照らしてあげられる、優しい子になって欲しいと思い『雄』に『晴』をつけて『雄晴』と名づけました。	sound_row	https://baby-calendar.jp/knowledge/common/1519	bc
2020	M	や行	侑聖	ゆうせい	上に二人兄がいて、航聖、櫂聖。三兄弟なので、男の子と性別が判明した時から、聖をつけることは決めていました。ママが名前の読み方でいくつかの名前を絞り、そこから兄二人に選んで決めてもらいました。その後にパパがその読み方にあう漢字を決めました。侑には「助ける」という意味があります。この字に、人を助けることができるように、支えになれる人になれるように…思いやりのあるやさしい子になりますようにと願いを込めて。家族皆でつけた名前。4歳、3歳のお兄ちゃん達は自分達でつけた名前で、赤ちゃん返りすることなく、毎日「ゆうちゃーん」と呼び、しつこいくらいのキスとスキンシップ。とっても可愛がってくれています。	sound_row	https://baby-calendar.jp/knowledge/common/1519	bc
2020	M	や行	優太	ゆうた	夫が子どもの名前を名づけました。私は他の名前を考えていたのですが夫が「この名前以外考えられない」と譲らず、名づけエピソードを出産後の入院中に聞いて感動・共感し、退院後に出産届を提出しました。優太（ゆうた）の「ゆ」は私の名前から1字、「う」は3年前に安定期に入ってから流産で亡くなった息子の名前から1字、「た」は夫の名前から1字を取ったものです。また、「優」という字は3年前に亡くなった息子の名前の漢字を貰いました。今はいなくて会えないですが、優太にとってお兄ちゃんから1字貰ったという事で繋がってると思えるので素晴らしい名前だなと思って命名しました。	sound_row	https://baby-calendar.jp/knowledge/common/1519	bc
2020	M	や行	侑大	ゆうだい	結婚前から子どもが欲しいと思ってました。わたしの祖母の体調が悪く、余命宣告されたこともあり早々に籍を入れ、結婚式にはなんとか参列することができました。おばあちゃんっこだったわたしは、それだけで嬉しかったのですがひ孫を見せたいと思ってましたがその夢は叶わず、祖母は天国へ。悲しみにくれ泣き続けていたのですが、生理が止まっていましたがストレスだと思っていました。 四十九日を迎え、少し落ち着いたころ気分不快に気づき、なんとなく検査薬をしたところまさかの陽性。おばあちゃんの生まれ変わりと夫婦で大喜び。女の子だと思っていたのですが、男の子とわかり94年も女性だったため飽きたのかなとおかしくなりました。人を助け、すくすく大きくおばあちゃんのようにおおらかに育って欲しいと願いをこめて「侑大」と名づけました。名前のようにすくすく大きく、おばあちゃんのようにおおらかに育ってね！	sound_row	https://baby-calendar.jp/knowledge/common/1519	bc
2020	M	や行	結翔	ゆうと	結は人と人とを結んで良い人間関係を作っていって欲しい。やさしい人になって欲しい。翔は世界に羽ばたいていって欲しいという願いを込めてつけました。 主人のように優しく、私自身、海外で生活した経験があるので、いろいろな国の人と友好関係を気づき世界を広げていってほしいと思っています。	sound_row	https://baby-calendar.jp/knowledge/common/1519	bc
2020	M	や行	悠人	ゆうと	3人目の子どもです。1人目は男の子、2人目は女の子、それぞれ個性があって、大変なこともたくさん。2人の子育てを通して、子どもは親の思うようには育たず、その子らしく育っていくものなんだな、と感じました。なので、3人目は親の願いなどはあまりこめず、伸び伸びとこの子らしく育ってくれればいいや、と思い、悠人と名づけました。	sound_row	https://baby-calendar.jp/knowledge/common/1519	bc
2020	M	や行	優斗	ゆうと	生まれて顔を見た瞬間、優しいニコッとした顔をしていて、兄弟で上の子と斗をそろえたくて優斗とつけました。	sound_row	https://baby-calendar.jp/knowledge/common/1519	bc
2020	M	や行	優緋	ゆうひ	パパとママの名前が一文字の漢字なので、その漢字の意味と同じ意味を持つ別の漢字を使って名前を考えてました。また、名前判定で良運かも確認しました。そして、緊急帝王切開で出産し、生まれた時間が夕方だったため、夕日も連想してこの名前を名づけました。	sound_row	https://baby-calendar.jp/knowledge/common/1519	bc
2020	M	や行	優陽	ゆうひ	私も旦那もお互いが双子だったので、双子が生まれるのではと「あさひ」と「ゆうひ」の2つ名前を考えていました。ですが今回は双子では無かったので、そのうちの1つを赤ちゃんに名づけました。優しくて太陽のように暖かく包み込むような子に育ってほしいと思い名づけました。	sound_row	https://baby-calendar.jp/knowledge/common/1519	bc
2020	M	や行	結陽	ゆうひ	出産予定日が私達夫婦が付き合い始めた日でした。私達が結ばれた日（春）なので、「結」という字と春をイメージする「陽」という字で「結陽（ゆうひ）」と名づけました。実際は予定日より1週間程早く、緊急帝王切開で生まれたのですが、予定日が分かった時の驚きが大きかったです。	sound_row	https://baby-calendar.jp/knowledge/common/1519	bc
2020	M	や行	侑磨	ゆうま	夫婦ともどうやって名前をつけていいかわからなかったので、まずは姓名判断でかたっぱしから運勢が良いのを探しました。それで候補を数十個みつけてきては夫にみせましたが、最初はいいイメージのものが見つからなく、今度は私ではなく夫にいくつか姓名判断の候補から良さげなのをだしてもらい、私がその候補から良いと思うのを選び、あとは名字とのつりあいや、お互いにしっくりくる名前で、これだ！と決めたのがこの名前です。候補選びが結構大変だったわりには、みつけてからしっくりくるのがすんなりで、そこからはあっさり決まりました。	sound_row	https://baby-calendar.jp/knowledge/common/1519	bc
2020	M	や行	悠真	ゆうま	交際期間8年、入籍して5年…。気付けば13年間共に歩んできた私たち夫婦。「いずれは子どもが欲しいね」と言いつつ自然の成り行きに任せ、授かるその日まで夫婦の時間を大切にしてきました。妊娠がわかったと同時に、7カ月になるまで続くことになるつわりが始まり、世間は新型コロナウイルスで大混乱…。初めての妊娠に加え、終わりの見えないウイルスへの恐怖など不安の連続でしたが、おなかの子は何事もなく順調に育ち、初産にして約6時間という速さで生まれてきてくれました。「この子に会うために、辛く重いつわりも我慢できた」「妊娠後期は毎日のように膀胱を圧迫され激痛に涙したこともあった」「元気な胎動が愛しくてたまらなかった」いろいろなことが思い出され、生まれてきたときにはとても大きな産声で、すごく感動したことを覚えています。 この困難な時代の中だからこそ、優しい心と余裕を持ち、正しい選択をしていける芯の通った人になってほしいと「悠真」と名づけました。名前のもつ柔らかさが現れているのか、とても穏やかでよく笑う一生の宝物です。赤ちゃんは自分で親を選んで生まれてくると聞きました。私たちを選んでくれてありがとう。私たちの元に生まれてきてくれてありがとう。パパもママも悠真が大好きだよ。一緒に成長していこうね。	sound_row	https://baby-calendar.jp/knowledge/common/1519	bc
2020	M	や行	佑真	ゆうま	まだ性別がわからないときは周囲から絶対女の子だ！と言われてたから女の子の名前の候補ばかり浮かんで男の子の名前は1つしか浮かびませんでした。そして20週目の妊婦検診のエコーで男の子だと判明！まさかでしたがその1つの名前に飛び込んできてくれたのだと思い、新たに考えることなく、おなかにいるときからずっと佑真くんと呼んでました。佑は「人を助ける」という意味があることをしり、誠実で周囲の人に優しく接することができる人に育ってほしいとの願いを込めて名づけました。	sound_row	https://baby-calendar.jp/knowledge/common/1519	bc
2020	M	や行	優磨	ゆうま	最初は女のコ予定で帝王切開で出産。家族全員で出し合ううちに皆の優しさに包まれながら、自分や皆の力で磨いていくなので優磨にしました。	sound_row	https://baby-calendar.jp/knowledge/common/1519	bc
2020	M	や行	郁李	ゆうり	私が通っていた病院では、性別を妊娠22週以降にしか教えない方針でした。初産ということもあり、どっちだろうと聞けるようになるまでずーっとそわそわしていました。そんな中、夢で「男の子ですよ」と言われる夢を見ました。夢の中での検診だったけど、私は男の子と確信を持ちました。というのも、私の名前が、父が夢の中で呼んでいた名前を付けられているので、赤ちゃんに関する夢に間違いはないと思っていたからです。 そして、妊娠24週目で検診で男の子と判明！ やっぱり！！と嬉しかったです。性別もわかったことだし、名前を考えようとなりました。夫にも性別を夢で見たこと、私の名前の由来のことを話していたので、名前も夢で見ないかな？なんて冗談で話していました。そしたらなんと、妊娠8カ月ごろに夢を見たんです！！ 夢の中で「ゆうり」と呼んでいました。 夫にもそのことを話し、名前は「ゆうり」に決定。漢字は読み方に合わせて、2人が気に入った漢字にしました。父の夢を引き継いだような感じがしてすごく不思議な感じです。自分の名前をとても気に入っているので、息子も、自分の名前を好きになってくれたらいいなと思います。大きくなった時、名前の由来を話すのが楽しみです。	sound_row	https://baby-calendar.jp/knowledge/common/1519	bc
2020	M	や行	幸杜	ゆきと	自分と自分の周りの人達を幸せに守れるようになってほしい。	sound_row	https://baby-calendar.jp/knowledge/common/1519	bc
2020	M	や行	由綺人	ゆきと	6歳のお兄ちゃんが名づけてくれました。お兄ちゃんは妊娠判明する直前の、元日の日の初夢で赤ちゃんがママのおなかに来てくれる夢を見たとおしえてくれました。その年、雪はあまり降らなかったのですが、雪が見たかったお兄ちゃんは「ゆき」という名前をつけたいと妊娠中から何度も言ってくれて読み方がきまりました。漢字はママとパパで考え、人の手本となる才能に溢れた人になって欲しいという思いで付けました。	sound_row	https://baby-calendar.jp/knowledge/common/1519	bc
2020	M	や行	悠月	ゆづき	当時4歳だった息子が、赤ちゃんが男の子だと分かった途端、おなかに『ゆずくん』と声をかけるようになりました。娘（妹）が生まれた時、息子の考えた名前をボツにした過去があるので、なんとか今回は息子の言う名前にできないかと思い、『ゆず』ではなく『ゆづ』にして、さらに『ゆづき』にしたら『月』って漢字が使えるね、と夫婦で話していました。というのも、息子の名前の漢字はパパの名前の漢字（朗）の左側をもらってつけたので、もしこの先また男の子に逢えることがあったら、今度はパパの漢字の右側を使いたいね、と話していたからです。 そして、最終決定は上の2人同様に赤ちゃんの顔を見てからにしようと決めて、逢えるその日を待ちました。生まれてきた赤ちゃんは、生後すぐからよく笑う子だったので、笑顔の絶えないという意味があると聞いたことのある『悠』と、パパの漢字の右側を繋げて『悠月』となりました。	sound_row	https://baby-calendar.jp/knowledge/common/1519	bc
2020	M	や行	結弦	ゆづる	この子を授かる丁度一年前、おなかの子を亡くしました。焼いた骨は、箸で拾うにはとても小さく、脆く涙が止まりませんでした。しかし、全てが終わった後、まるで涙のように降っていた雨模様の空が急に晴れ、とても綺麗な真っ青な青空になったことを今でも思い出します。まるで、もうお空に昇ったからママ、もう心配しないでねといわれたよう。ちゃんと最後まで産んであげられず苦しい思いでしたが、そんな時来てくれたのがこの子です。妊娠中は、不幸が重なり、父が倒れ要介護者となってしまいました。臨月には、今度は母が大怪我…。そして、コロナ禍に見舞われ、望んでいた立会いはもとより、面会も叶わない制約されたお産となりました。 悪いことが重なりつらいと思うこともありましたが、それ以上にこの子を産むまで多くの方に助けていただきました。「大丈夫！安心してお産に臨めるようにしましょう」と、病院の先生や、介護に関することはケアマネジャーさん、そして、友人や家族…。私やこの子のために多くの方の優しい手が差し伸べられ無事産むことができました。名づけは日本らしい字面で、読みやすい名前、そして、あの時感じた透き通った青空のように、弓（弦）を張ったような清廉とした、凛とした空気を纏う生き方をしてほしい。そして、多くの方に助けられた縁を大事に、そしてこれからの縁も結べる優しい子どもになりますように、と願いをこめて、結弦と名づけました。	sound_row	https://baby-calendar.jp/knowledge/common/1519	bc
2020	M	や行	結和	ゆわ	兄の名前が翔和なので一字もらって可愛い響きの結和にしました。二文字で余り被らない名前を自分の子どもには付けたいと思っていていろいろ考えましたが結和にして良かったです。（とわゆわママさん）	sound_row	https://baby-calendar.jp/knowledge/common/1519	bc
2020	M	や行	耀	よう	お互いつけたい名前をリストアップし、つけたい名前の候補に「よう」「ようた」とあったため「耀（よう）」という名前になりました。「耀」にはかがやきという意味があり、将来ビッグな存在になり耀（かがや）いてほしいという意味でつけました。（晃さん）	sound_row	https://baby-calendar.jp/knowledge/common/1519	bc
2020	M	や行	耀士郎	ようしろう	生まれる前から夫に考えてねとずっと言っていました。出産日が近づくにつれ夫は画数や文字の意味を調べすぎてわからなくなり、歴史上の人物名にしてみたりと迷走してきたので、夫が出した最終候補の中から私が決めました（笑）。後日わかったのですが、私の父の趣味のペンネームに近かった事か判明！初孫&待望男子も相まってか、近所の方々や遠くの知り合いにまで赤飯を配ったりと喜びようが凄かったです。ちなみに夫は婿養子ではありせんが、父と更に仲良くなっていました	sound_row	https://baby-calendar.jp/knowledge/common/1519	bc
2020	M	や行	陽介	ようすけ	私は自然妊娠が難しく、約3年不妊治療をしました。人工授精を開始して1年後に妊娠することができ、主人と共に大喜びでしたが、妊娠6週目に入ってすぐ腹部に痛みが走り出血…。すぐ病院に行きましたが、稽留流産。「産んであげられなくてごめんね」と謝りながら酷く落ち込みましたが、主人や両親に支えられ、「もう一度我が子に会いたい！」と治療を頑張ることにしました。 そして1年後、偶然にも最初の子どもが亡くなった月に妊娠！ きっと最初の赤ちゃんが戻って来てくれたんだと思いました。性別も分かったころに名前をどうしようかと考えていると、主人が「ベタだけど太陽のように明るく、亡くなった子の分まで元気に育ってほしい！ 俺の名前の裕介から一字とって陽介はどうかな？」と言いました。それまで赤ん坊の話しをしても「全部君の好きなようにやりなよ」と私任せで、まだ父親の実感がないのかなと寂しく思っていましたが、主人なりに赤ちゃんのことを一生懸命考えてくれていました。私は陽介という名前に大賛成しました！！ 私たち夫婦の思いを感じとってくれたのか、陽介は胎動が始まると、あまりにも激しくずっとおなかの中を動き回っていました。出産直前の健診では、なんと陽介がおなかの中で大きくなりすぎてしまい、普通分娩が出来なくなり、帝王切開で産むことに。出産後も昼寝も夜もほとんど寝てくれない日が続き、心配になり赤ちゃん訪問の助産師さんに相談すると「この子、元気すぎて体力が有り余ってるから寝れないんですね」と。「これにはまさに名前の通りに育ってるね」と主人と大笑いしてしまいました！！ 元気で明るい子に育っていて嬉しいです。生まれてきてくれて、もう一度ママの所に来てくれてどうもありがとう！これからも太陽のように明るい笑顔を絶やさず、そしてパパのように優しく、大切な人が出来たら支えられるような大人になってください。	sound_row	https://baby-calendar.jp/knowledge/common/1519	bc
2020	M	や行	嘉真	よしまさ	おなかに赤ちゃんができてまだ性別もわからないくらいの時、夢に初めて2年前に亡くなった祖父が出てきました。夢の中で祖父は私の実家のリビングに布団を着て寝ていました。私が「おじいちゃんこんなところでなんで寝てるの？」と尋ねると「居るところがなくなったからここにきた」と言って寝ていました。朝夢から覚めて、その夢を友人に話したら、おなかの子は祖父の生まれ変わりで男の子なんじゃない？と笑って話しました。性別は本当に男の子。生まれた男の子は祖父の生まれ変わりだと思って、祖父の名前「嘉郎」から一字貰い、夫の名前から一字もらい、嘉真と名づけました。	sound_row	https://baby-calendar.jp/knowledge/common/1519	bc
2020	M	や行	悦之	よしゆき	一人目が女の子だったため、二人目に恵まれるなら男の子がいいと何となく思っていました。ですが、なかなか思うように妊娠せず、やっと妊娠したら流産を経験し、悲しさとしんどさから、通院もやめ、半ば妊娠をあきらめていました。昨年の夏、長らくがんと闘病していた父が亡くなりました。父は子煩悩で、生前私や私の娘をとても可愛がってくれました。一方で、うちの家系が女系で子や孫に男の子がいないことを時々冗談混じりにぼやいていました。そんな父が亡くなって少しして妊娠が判明。気落ちしていただけに、私も夫も家族みんな、大変喜びました。さらに安定期に入ってすぐ男の子と判明！これは父のお陰かもと、父が自身の名前で気に入っていた一字と夫の一字をもらって「悦之」と名づけました。父と夫の良いところを引き継ぎ、逞しく悦びに満ちた人生を歩んでほしいという願いを込めています。（ りっきーさん） 歴代の赤ちゃんの名づけエピソード大賞 2020年赤ちゃんの名づけエピソード大賞 ＞ 2019年赤ちゃんの名づけエピソード大賞 ＞ 2018年赤ちゃんの名づけエピソード大賞 ＞ 2017年赤ちゃんの名づけエピソード大賞 ＞ 2016年赤ちゃんの名づけエピソード大賞 ＞ 2015年赤ちゃんの名づけエピソード大賞 ＞ 歴代の赤ちゃんの名前ランキング 2020年赤ちゃんの名前ランキング ＞ 2019年赤ちゃんの名前ランキング ＞ 2018年赤ちゃんの名前ランキング ＞ 2017年赤ちゃんの名前ランキング ＞ 2016年赤ちゃんの名前ランキング ＞ 2015年赤ちゃんの名前ランキング ＞ 2014年赤ちゃんの名前ランキング ＞ 2013年赤ちゃんの名前ランキング ＞ 2012年赤ちゃんの名前ランキング ＞ 2011年赤ちゃんの名前ランキング ＞ 2010年赤ちゃんの名前ランキング ＞ あなたの“今”の悩みを専門家に無料で相談できます 自分だけでは解決できない不安やお悩みは、助産師や管理栄養士などの専門家に個別相談してみませんか？ 専門家に相談する その他についての悩み もっと見る 専門家に相談する 妊娠・育児アプリ ベビーカレンダー記事制作の取り組み ＼ この記事にいいね！しよう ／ 0 クリップ 現在ログインしていません。 ログイン しますか？ シェアする 名前ランキング検索 ベビーカレンダーが独自で調査・集計した2017年	sound_row	https://baby-calendar.jp/knowledge/common/1519	bc
2020	F	ら行	涼生	りお	キラキラネームにならなくて珍しい名前がいいなと思ってました。 第一子ということもあって男の子でも女の子でも旦那から1文字とりたいと言っていたので涼の字は安定期入ってすぐに確定。その後、切迫早産になったり私が倒れてしまったりいろいろあったけどおなかの中で強く生きてくれた娘。そこで生という字を入れようとなって涼生になりました。 りおという名前の読みは多いかもしれないけれど、涼生は珍しいのでは？と思ってます。涼しい顔して長生きしてすごいな、あのおばあさんってなってくれることを祈ってます。	sound_row	https://baby-calendar.jp/knowledge/common/1530	bc
2020	F	ら行	理央	りお	おなかにいる時に上の子が「おんちゃん」と名前を付けて呼んでいました。そのため、それにまつわる名前にしたかったです。それといろいろ物騒な事があったりする世の中なので、賢く、いい人の輪の中にいれるようにという意味でつけました。	sound_row	https://baby-calendar.jp/knowledge/common/1530	bc
2020	F	ら行	理桜	りお	娘が生まれた今年は新型コロナウイルスの影響で自粛生活を余儀なくされ、日本の象徴でみんなを和ませてくれるはずの桜が今年はまともにみる事ができませんでした。 でも娘にはそんな日本を代表する桜のように人々を和ませてほしい、自分の思う道をまっすぐ進んでほしいので「理桜」と名づけました。	sound_row	https://baby-calendar.jp/knowledge/common/1530	bc
2020	F	ら行	梨緒花	りおか	はじめておなかに子どもがいるとわかった時の喜びは計り知れないものでした。そんな娘と私が繋がっていたへその緒を通じて、おなかの中で育ってくれました。 どんな時でも大切な時間を忘れないように、“緒”を名前に入れました。また梨の花のように、みずみずしく澄んだ心を持つ娘に育ってほしいという意味を込めて“梨緒花”と名づけました。	sound_row	https://baby-calendar.jp/knowledge/common/1530	bc
2020	F	ら行	璃桜乃	りおの	結婚から2年、子宝に恵まれず不妊治療を始めることにしました。しかし、タイミング、人工授精とステップを踏むがそれでもかすりもせず……。顕微授精をしてやっと授かる事ができました。どこか他人事と思っていた不妊治療。まさか自分が治療する事になるとは思ってもみませんでした。街中で子連れを見ると、なんだか目を伏せてしまいたくなる日々。終わりの見えないつらい治療は4年に及び、このまま主人との2人での生活になるのかな。年齢の事もあり諦めかけたそんな時、最後の受精卵で今胸に抱かれている可愛い娘を授かる事ができました。 娘は桜の綺麗な3月に生まれました。桜は皆に愛され、元気と明るさを与えてくれます。主人と私の大好きな桜を入れたいとすぐに意見が一致しました。璃は私たちの宝、そしていつまでも宝石のように輝き続けてくれる事を祈りました。璃桜乃の笑顔を見ているとあの長く辛かった治療の日々は思い出せません。私たちに元気と笑顔を与え、幸せを運んできてくれました。そして間違いなく大切な大切な宝物です。	sound_row	https://baby-calendar.jp/knowledge/common/1530	bc
2020	F	ら行	璃子	りこ	私は自分の母と父側の家系の女性が“子”がつくと言う事で、“子”がつく名前を考えてつけてもらいました。自分の名前は嫌いではありませんでしたが、“子”って古臭いなって自分自身も思った事も何度もありました。 結婚して、まさかの旦那側の家系の女性が“子”が継がれている家系であることが分かり、何か運命を感じました。最近は“心”や“湖”を使って“こ”と読む可愛いい名前が多い中、自分が“子”って古臭いと思って生きてきたので、“子”をつけるか悩みましたが、先祖に守ってもらいたいと思いも込めて“子”をつけることにしました。 なかなか納得のいく“子”のつく名前は浮かぶのに時間がかかりましたが、“りこ”という響きが私も旦那も気に入り、瑠璃色のように綺麗な心の子になってほしいと言う意味を込めて“璃子”という名前にしました。	sound_row	https://baby-calendar.jp/knowledge/common/1530	bc
2020	F	ら行	凛子	りこ	安定期入ったころからずっと夫婦で考えていましたが、なかなか決まらず……。読みやすさ、響き、画数、周りと被らない等々、全体を踏まえて私が提案し、旦那がしぼるという感じでした。 臨月まで案は平行線……。が、9月2日はなぜか旦那の言っているほうの漢字が良いと思い始める。それから、男の子の名前もパッと決められた。結局、画数にこだわっていたけど、全部が全部良い名前なんてないのだからと、旦那が良いと言っていた漢字に決めた。	sound_row	https://baby-calendar.jp/knowledge/common/1530	bc
2020	F	ら行	俐咲	りさき	一度流産して3年後、不妊治療で1人目を妊娠したが切迫流産、破水、羊水感染症と緊急帝王切開で出産の経験があり、2人目も不妊治療を再開したが、体調が悪く中断して休んでいたら2人目妊娠。 一人目の名前が「咲良」だったので「咲」をつけたくて、「心咲」「美咲」が候補であがりましたが、「俐咲」で読み方は「りさき」にしました。 人として賢く生き抜けて、まわりの人たち、関わる人を笑顔にできる素敵な人になってほしいと願いを込めてつけました。新型コロナで大変な時期の妊娠、出産というなか生まれてきた子なので、どんなことがあっても生き抜けていける力を持ってほしいなという願いもあります。	sound_row	https://baby-calendar.jp/knowledge/common/1530	bc
2020	F	ら行	梨珠	りた	もともとは男の子の名前として考えていた「りた」という名前ですが、女の子の名前は決定打がありませんでした。 そしてアメリカに住んでいた職場の先輩にその話をしたところ、「海外では“りた”という名前は女の子名だよ、それからスペイン語では真珠という意味があるらしいよ」と教えてもらって決めました。漢字はせっかくなので真珠の珠の字を入れて、季節的にも美味しく、また白い小さなきれいなお花の咲く梨の字と合わせて、梨珠と名づけました。	sound_row	https://baby-calendar.jp/knowledge/common/1530	bc
2020	F	ら行	六花	りっか	あまり真剣に名前を考えない主人が、ある日「俺も考えてるんやけど……」と。 「六に花でりっかはどう！？」六に花って……、ステップファミリーの私たちに、6番目で六に花とか単純と思ったのですが、六花とは雪の結晶の事を言うそうで、冬生まれだし、雪の結晶は同じものはないから、オンリーワンの意味を込めて。お姉ちゃんたちも花に関わる名前がついてるので、家族の花をさかせてくれるようにつけました。	sound_row	https://baby-calendar.jp/knowledge/common/1530	bc
2020	F	ら行	梨那	りな	韓国人とのハーフなので、両方とも使える名前で私の両親より画数も大切にしたほうが良いとのことで、画数も大切にしてこの名前になりました。	sound_row	https://baby-calendar.jp/knowledge/common/1530	bc
2020	F	ら行	鈴和	りな	海外でも共通で使えるように、音から決め、音と漢字の意味を調べて合わせました。リナは、ヘブライ語で“喜び”、ハワイ語で“柔らか”という意味があるそうです。 漢字の【鈴】は、「ひざまずいて神のお告げを受けている人」を表す「令」に、「金」を組み合わせて「神様を呼び送るときに用いる楽器を表現。漢字の【和】は、やわらぐ、なごむ 、何かを合わせる。また、由来と成り立ちに神に平和を誓い合う様子があるそうです。 ということで……、神様から送られた娘が、良き導きを受け、どんなときも柔軟に喜びを感じられるように、また令和になりコロナのように先の見えない時勢にあっても、己や周りを和ませ平和の音を響かせる子になるように願い、密かに「令和」の漢字も載せて名づけました。騒々しく、ケンカの絶えない我が家ですが、新しい音色を響かせて、一致と平和をもらたらす存在になりそうです。	sound_row	https://baby-calendar.jp/knowledge/common/1530	bc
2020	F	ら行	李乃亜	りのあ	名前をつけるのはその子への初めてのプレゼントなのでどうしてもパパとママから一文字ずつ入れた名前をプレゼントしてあげたくって本やサイトでいろいろ探していたらドンピシャな名前があって2人でこれだ！ってなりました！ パパ、ママの名前を入れたかった理由はちゃんと2人から愛されてるよと言うことを表したかった事とパパからは強さをママからは優しさをあげたかったので2人の名前を入れて名づけました。強くて優しい誰からも愛されるような子になってほしいです！	sound_row	https://baby-calendar.jp/knowledge/common/1530	bc
2020	F	ら行	莉穂	りほ	私は2文字の名前がよく、主人は3文字の名前がよいとのことで、最初から意見の食い違い。とりあえず2文字も3文字もどちらのパターンも考えて、候補となる名前を挙げていきました。 女の子なので、私は響きを重視して可愛らしい名前をいろいろ挙げていき、響きが可愛ければひらがなの名前でもいいと思ってたのですが、主人は絶対漢字がよく、名字と合わせて漢字の見た目の収まりがよいことを重視。 長男の時は出産後の入院中に最終的に名前を決定したのですが、今回はコロナのため面会が禁止されてされていたので、入院前に名前を決定しておきたく、長男が寝た後に夜遅くまで名前会議をしました。いろんなパターンの名前を2人でノートに書き出し、私の希望である2文字の名前、主人の希望の漢字の名前の中でお互いがしっくりきた名前に決めました。	sound_row	https://baby-calendar.jp/knowledge/common/1530	bc
2020	F	ら行	莉歩	りほ	自身のイニシャルがIなのですが、イニシャルグッズが、あまりパッとしなくて、イニシャルが可愛いRから始まる名前で、他に呼び方が何通りもないものにしました。	sound_row	https://baby-calendar.jp/knowledge/common/1530	bc
2020	F	ら行	梨友	りゆ	名字にあった名前の画数を調べてあった画数の漢字を全部だして、そこから旦那と2人で組み合わせて候補を出して名前を決めた。	sound_row	https://baby-calendar.jp/knowledge/common/1530	bc
2020	F	ら行	理莉	りり	私のおなかに子どもが宿った妊娠3カ月の時に祖父が亡くなり、その祖父の名前の漢字、理を付けました。名前の意味は、正義感が強く、筋を通して生きる人です。	sound_row	https://baby-calendar.jp/knowledge/common/1530	bc
2020	F	ら行	梨里花	りりか	4月生まれの女の子です。まず名前の読みから考えて、私たち夫婦と息子の名前の始まりの母音が全員【i】で終わるので揃えたくて考えました。結果息子と同じ『り』から始まる名前にしようと決めて、主人が『りりか』にしよう！と言って、私が漢字を考えました。 そこで調べている時に出産予定日の4月に白くてきれい奇な“梨”の“花”が咲くことを知り、真ん中に息子と同じ漢字の“里”をいれて“梨里花”と名づけました。将来、“梨”の花のように純白な心で、生まれた“ふるさと”を大切に、“はな”のように華やかな女性で幸せになってほしいです。 2歳のお兄ちゃんも可愛い妹の名前を一生懸命呼んでくれます。2歳の息子には「りりか」と呼ぶのは難しいみたいで「じじか」と呼んでいますが。兄妹、微笑ましくて毎日癒やされます。	sound_row	https://baby-calendar.jp/knowledge/common/1530	bc
2020	F	ら行	梨々花	りりか	8月下旬の出産だったので、ちょうど家族皆が大好きな梨の季節とかぶり、千葉県は梨の生産量が1位なので、梨という漢字を取り入れたらどうかということになり、梨について調べてみたところ、梨の花が純白で桜の花のように美しく、花言葉も「癒やし」や「愛情」等素敵な花言葉だったので、「梨々花」と名づけました。梨の木のように伸び伸びと育ってもらいたいです。	sound_row	https://baby-calendar.jp/knowledge/common/1530	bc
2020	F	ら行	梨々華	りりか	予定日が9月だったので秋といえば梨と真っ先に思いつきました。みずみずしい梨、丸くて優しい形の梨梨の花は白くて純白という意味を込めました。それを強調する意味で繰り返し、華は花と悩んだのですが、凛として筋の通ったイメージで付けました。全体的にお花を連想して、きれいだけど可愛い、両方を持つ名前にしました。	sound_row	https://baby-calendar.jp/knowledge/common/1530	bc
2020	F	ら行	理稟子	りりこ	理…世の中の理を知り、知性と人情、思いやりをもって人生を歩めますように。 稟…神様からの授かりものという意味がある。運勢に恵まれた人生になりますように。 子…人生の「一（はじめ）」から「了（おわり）」まで幸せでありますように。 という意味を込めました。あとは、名字とのバランスで画数や響きも考慮しました！ 私の家族は、私含め、旦那の母や祖母もみんな女性に「子」がついています。今時あまりないですが、この古き良き伝統的な女の子の止め字「〜子」は女の子だったら付けたいなと思っていました。 不易流行。世の中が変わっても変わらず、良いものは守っていきたいという思いと、時流に乗った可愛らしい響きとを組み合わせて名づけました。「りりちゃん」という響きも可愛いので、周りの人から親しみを込めて呼んでもらえると嬉しいです。	sound_row	https://baby-calendar.jp/knowledge/common/1530	bc
2020	F	ら行	凛	りん	旦那がどうしても好きな歌の歌詞からつけたいとしつこくて、皆の意見を無視して決まりました！	sound_row	https://baby-calendar.jp/knowledge/common/1530	bc
2020	F	ら行	凛	りん	誰にでも優しく、元気づけてくれる子になってほしい。 明るい性格で周りの人を明るくしてあげてほしい。	sound_row	https://baby-calendar.jp/knowledge/common/1530	bc
2020	F	ら行	凛	りん	パパが命名したのですが、自分の名前のりの付く名前にしたかったのと、凛とした女性になってほしいという思いから。ママの私からするとパパが優柔不断でなよなよしてるので、二人でパパを叱れるくらい強い女性になってほしいです	sound_row	https://baby-calendar.jp/knowledge/common/1530	bc
2020	F	ら行	りん	りん	ティンカーベル が好きな自分。名前は鈴とかいて、ベルの予定でしたが、旦那に拒否されました。自分の母が鈴香（すずか）とゆうこともあり、ははから1文字すずとゆう文字から、りん、という名前になりました。本当はティンカーベルのりんりんなんですけどね（ティンカーベル は喋ると人間には鈴の音に聞こえます）。	sound_row	https://baby-calendar.jp/knowledge/common/1530	bc
2020	F	ら行	鈴叶	りんか	3年不妊治療を続けて体外受精3回目、これでだめならきっぱりやめようと決めていました。しかも最後の卵子は最初に予備で取っておいたもので、一番確率が低いものでした。どうせだめだろうと基礎体温も測らず過ごし、病院にやめる覚悟で晴れ晴れとした気持ちで行ったところ、「おめでとうございます」と言われ、喜びよりも動揺してしまい、私の覚悟と今後の計画がと困ってしまいましたが、やはり嬉しいものでした。 順調に育ってくれて安定に入ったころ、実父の食道がんが見つかりました。新型コロナの中をうまく切り抜け、手術ができ、だいぶ元気になりました。 家族の中でいろんな願いがあった中、無事に生まれてきてくれた娘につけた名前が鈴叶でした。「たくさん叶えてくれてありがとう。それとあなたの未来が鈴のようにたくさんの願い事が叶いますように」とつけました。	sound_row	https://baby-calendar.jp/knowledge/common/1530	bc
2020	F	ら行	綸夏	りんか	私は、幼い時に両親が離婚して母と兄と3人で住んでいました。母は、仕事で忙しく、あまり遊んでもらった記憶がありません。兄は私が寂しくない様、毎日一緒に遊んでくれました。小学1年の時、私は、いじめられて学校に行きたくない時がありましたが、そんな時私を守ってくれたのが兄でした。私にとって兄は、大きな存在でした。今でもすごく感謝してます。そんな兄の姿をみて、私は、困ってる人が居たら迷わず声をかけて助けてあげれるような人間になりたい。と思い困ってる人に声をかけてきました。すると、みんなからありがたい存在だったと感謝の気持ちを言ってもらえるようになりました。 いじめは、正直ずっとどの世代でもあると思います。だからこそ、自分の子どもには、困ってる人が居たら迷わず声を掛けて助けてあげられるように。人と人との輪を作ってもらいたい。と願い、つけました。ですが、輪だと違和感があり、綸を選びました。綸は、糸と糸を紡ぐ、という意味があり選びました。 余談ですが、私たち夫婦は、侖のいとへんがあることにびっくりしましたが、子どもの名前を書くたびに人に「へー。いとへんがあるんだねぇ」と驚かれる姿を見て、夫婦2人で優越感に浸りながら書くことがあります。（ちいたろうさん）	sound_row	https://baby-calendar.jp/knowledge/common/1530	bc
2020	F	ら行	瑠花	るあな	ハワイ大好き父母は結婚式、ハネムーン、毎年の旅行がハワイ。長年授からなかったため、ハワイのパワースポットで何度も祈りました。そして誕生した奇跡の娘。ハワイ語で「みんなで楽しむ、幸せ、満足、リラックスできる」という意味のルアナ、そしてハワイの瑠璃色の澄んだ海のように、キレイな花のように育ってほしいと願いこの漢字を付けました。	sound_row	https://baby-calendar.jp/knowledge/common/1530	bc
2020	F	ら行	瑠杏夏	るあな	上の子の名前を考えた時になぜかラ行から始まる名前で、周りにいない名前がつけたいというママの思いから、パパがハワイ語からつけてくれました。 今年生まれた下の子も同じようにハワイ語から名づけました。ハワイ語で「幸せ」という意味があり、「元気で明るく、輝かしい実りある人生をおくってほしい」という願いを込めて、漢字はママが考えました。私たち家族はハワイに行ったことはないのですが、ハワイ語からつけた子どもたちと、いつかハワイにも行ってみたいななんて思っています。	sound_row	https://baby-calendar.jp/knowledge/common/1530	bc
2020	F	ら行	琉衣	るい	1人目は名前がすぐに決まり、偶然に子どものいとこたちと名前のイニシャルが同じだったので、2人目も揃えて同じイニシャルにしようと思っていました。 出産前に候補はいくつか考えていたものの、性別は女の子だろうということで、生まれるまで性別は確定でないと思い、名前を悩んでいました。そのため、産後もすぐには名前を決断できず、夫婦であれこれ迷っていました。 明日には退院、翌日には親族で命名式があったので、もう決めてあげないと……となった日に、1人目に男女どちらにも使われる名前にしていたので、2人目もそうしようと思い、名前が決まりました。漢字は、書きやすく読みやすい字にしたいと思って選びました。	sound_row	https://baby-calendar.jp/knowledge/common/1530	bc
2020	F	ら行	瑠海	るか	両親が海が大好きで海という漢字を入れたいと思っていました。瑠璃色の海のように、透き通ったきれいな心を持ってほしいという願いを込めて、瑠海という名前をつけました。	sound_row	https://baby-calendar.jp/knowledge/common/1530	bc
2020	F	ら行	月海	るな	35歳でやっと結婚出来てこれから妊活開始ってことで最後と決めて居酒屋にお酒を飲みに行来ました。実は3カ月前に一人目を流産してしまいかなり落ち込んでたのですが、居酒屋の帰りに夜空を見上げたら綺麗な月が出ていて優しく「頑張って」と言ってくれてるような気がして…月にちなんだ名前、綺麗だよねって思いました。 そしてウチで飼っている10歳になる黒猫から、セーラームーンに出てくる黒猫「ルナ」を思いつきました。お義父さんが釣好きで海好きなことから旦那が漢字を「月海」に決めました。海のように広い心で、月のように周りの人を優しくてらしてくれる人になってほしいです！	sound_row	https://baby-calendar.jp/knowledge/common/1530	bc
2020	F	ら行	ルミ	るみ	娘はエストニアと日本のハーフです。両方の国で名前が通じるようにLumi（ルミ）にしました。Lumiはエストニア語で「雪」で、最近エストニアで人気がある名前です。6月生まれだから季節外れかもしれませんが、エストニアのイメージ合うと思いました。 日本語で正式にはカタカナで「ルミ」と名づけましたが、自分の中で「瑠海」という漢字を選びました。夏のエストニアの海は青くてとても綺麗で、その海を思い出して娘にあの海みたいに心が美しい人になってほしいと思い決めました。そして娘は遠く離れてるエストニアと日本をつないでくれてる存在でもある。エストニアでLumi、日本でルミ、発音で使い分けできますのでお互いの国でわかりやすくて完璧だと思いました。	sound_row	https://baby-calendar.jp/knowledge/common/1530	bc
2020	F	ら行	瑠	るり	上に男の子がいます。その子は太陽のように光り輝き、あたたかく優しい子になってほしいと思い付けました。今年、女の子が生まれ、その子は太陽の下、光り輝く瑠璃色の海のようにおおらかで優しい子に育ってほしいと思い付けました。 名前のようにどちらとも無くてはならない存在で、兄妹の繋がりが深く、兄妹で助け合いながら育つことを願い付けました。	sound_row	https://baby-calendar.jp/knowledge/common/1530	bc
2020	F	ら行	琉々	るる	長女が40週で臍帯過捻転のため死産で、名前に琉榎と名づけたので1文字もらって琉々にしました。（るるままさん）	sound_row	https://baby-calendar.jp/knowledge/common/1530	bc
2020	F	ら行	れあ	れあ	新婚旅行の思い出の地、ハワイのハワイ語で「れあ」は「希望 喜び 幸福」と言う意味があります。 双子の妹「れい」と二人の下の一文字ずつを取って、「あい 愛」に溢れる子どもたちに育ってほしいと願い名づけました。	sound_row	https://baby-calendar.jp/knowledge/common/1530	bc
2020	F	ら行	令愛	れあ	ママが流産、流産、子宮外妊娠と内出血して死ぬ寸前になり救急車で運ばれ、天国に行ってしまった子たちの命と引き換えに生かされて……。流星群にお願いをしました。高齢出産40代最後のお願い！ 長女（姫愛）をひとりぼっちにしたくないから、どうか最後のお願いです！ そして奇跡的に叶い授かる事ができたので、長女が「なかなかできなかった赤ちゃんが天国から来てくれたから『令愛 れあ』だねぇ〜激レアだぁ〜」と。6歳の上の子が言って名づけたので、令和に生まれ、お姉ちゃんと一緒の愛を付けて『令愛 れあちゃん』と名づけました。	sound_row	https://baby-calendar.jp/knowledge/common/1530	bc
2020	F	ら行	麗	れい	きょうだい皆、旦那のこだわりで漢字一字、音の響き、温もりを感じる名前を考えました。 「麗」という漢字は麗しいなど見た目の美しさを表す意味の他に、麗か（うららか）という心にわだかまりがなく穏やかという内面の意味も兼ね備えており、名前を呼ぶたびに心美しい人になってほしいという思いを込めて名づけました。	sound_row	https://baby-calendar.jp/knowledge/common/1530	bc
2020	F	ら行	れい	れい	新婚旅行の思い出の地、ハワイのハワイ語で「れい」は「家族 輪」という意味があります。 双子の姉「れあ」と二人の下の一文字ずつを取って、「あい 愛」に溢れる子どもたちに育ってほしいと願い名づけました。	sound_row	https://baby-calendar.jp/knowledge/common/1530	bc
2020	F	ら行	嶺	れい	性別が判断してから、夫とそれぞれ候補の名前をピックアップしました。程なくして、お互いの候補を見せ合い、譲れないポイント等を話し合いました。しかし、なかなか決まらず苦労しました。産後、新型コロナの影響でお見舞いが許可されず、子どもに面会できないまま、夫と連日電話をして話し合いました。 2人目だったので、1人目の名前との関連性を考え、漢字1文字の名前にしました。呼んだ時、知的さ、スタイリッシュさ、エレガントさ等を印象を与える音の響きを大切にしました。また、海外の方も認識しやすい音であることも大切にしました。漢字は、困難や苦難を最後まで頑張って乗り越えてほしい、大自然のような広く大きな心で人々に安心感を与えられる人になってほしいと言う願いを込めました。	sound_row	https://baby-calendar.jp/knowledge/common/1530	bc
2020	F	ら行	澪花	れいか	10代のころから生理不順で薬を飲まないと生理がこない体質だった私。病院をかえても必ず医師に言われる言葉は「将来、子どもを授かるのは難しいかもしれない」。そう言われ続けるうちに、いつしか母親になる夢に蓋をし、結婚後も子どものことを考えないように生きてきました。 そんな中で奇跡的に授かった娘。最初は信じられず、何かの間違いなんじゃないか……と、健診のたびに疑っていました。予定日を過ぎても生まれず、陣痛促進剤を2日間使い、27時間の陣痛に耐えてやっと生まれてきてくれた娘を見た瞬間、子どもなんていらない、と思っていた10カ月前までの自分に、「わが子は本当に愛おしいよ」と言ってあげたい……、そう思って涙しました。 私たちが娘にプレゼントした名前は「澪花」。「澪」は、パパの出身地・大阪市のシンボルである「澪標（みおつくし）」から。また、「澪標」は古歌では“身を尽くし”と詠まれることから、「パパとママが身を尽くして、大切に大切にあなたを育てます」という誓いを込めました。そして、お花のように可愛らしく、たくさんの人から愛されるようにと、「花」の漢字も使って「澪花」に決定。パパやママからたくさんの愛情をもらって成長し、将来、澪花に家族ができた時、今度はあなたが“身を尽くして”旦那さんや子どもたちを愛してあげてね、とお話ししています。	sound_row	https://baby-calendar.jp/knowledge/common/1530	bc
2020	F	ら行	莉愛	れいら	私がどうしても名前に愛という字を入れたくて、旦那は花言葉などの意味があるような花の名前を入れたいとなり、美しいという花言葉のあるジャスミンからとって「莉」、誰からも愛される愛せるようにという意味を込め「愛」、組み合わせて莉愛（れいら）という名前になりました。	sound_row	https://baby-calendar.jp/knowledge/common/1530	bc
2020	F	ら行	令央愛	れおな	幼いころウルトラマンが大好きだった主人、そして長男も自然とウルトラマン好きに。 そして2人目を妊娠したころから「おなかの子は女の子！ 女の子だから……名前はれおなちゃん！」と、息子が大好きなウルトラマンレオから名づけました。妊娠しているころ、胎教のように毎日ウルトラマンレオを歌い、レオで遊んでいた息子。本当に女の子が生まれ、名前も自然とレオナに決まりました。ウルトラマンレオからなんて、と思っていましたが、兄がつけてくれた名前が由来なんて素敵と周りの方のおかげで前向きになれました！	sound_row	https://baby-calendar.jp/knowledge/common/1530	bc
2020	F	ら行	蓮華	れんか	蓮 はハスとも読み、ハスは泥の中でも育っても綺麗な花を咲かせるそうです。泥などを苦難に例えると苦難に負けないという意味を知り、素敵だと思いました。 女の子なのでお花の由来や花言葉とか可愛らしい名前をつけたいと思い品の気持ちも込めて華麗の華と合わせて蓮華とつけました。（れんさん）	sound_row	https://baby-calendar.jp/knowledge/common/1530	bc
2020	F	ら行	芦那	ろな	旦那がバツイチで子ども3人で、私は初婚で子ども2人で計5人です。私の上の子は蘭舞（らむ）で、みんなら行です。（理恵ママさん） 歴代の赤ちゃんの名づけエピソード大賞 2020年赤ちゃんの名づけエピソード大賞 ＞ 2019年赤ちゃんの名づけエピソード大賞 ＞ 2018年赤ちゃんの名づけエピソード大賞 ＞ 2017年赤ちゃんの名づけエピソード大賞 ＞ 2016年赤ちゃんの名づけエピソード大賞 ＞ 2015年赤ちゃんの名づけエピソード大賞 ＞ 歴代の赤ちゃんの名前ランキング 2020年赤ちゃんの名前ランキング ＞ 2019年赤ちゃんの名前ランキング ＞ 2018年赤ちゃんの名前ランキング ＞ 2017年赤ちゃんの名前ランキング ＞ 2016年赤ちゃんの名前ランキング ＞ 2015年赤ちゃんの名前ランキング ＞ 2014年赤ちゃんの名前ランキング ＞ 2013年赤ちゃんの名前ランキング ＞ 2012年赤ちゃんの名前ランキング ＞ 2011年赤ちゃんの名前ランキング ＞ 2010年赤ちゃんの名前ランキング ＞ あなたの“今”の悩みを専門家に無料で相談できます 自分だけでは解決できない不安やお悩みは、助産師や管理栄養士などの専門家に個別相談してみませんか？ 専門家に相談する その他についての悩み もっと見る 専門家に相談する 妊娠・育児アプリ ベビーカレンダー記事制作の取り組み ＼ この記事にいいね！しよう ／ 0 クリップ 現在ログインしていません。 ログイン しますか？ シェアする 名前ランキング検索 ベビーカレンダーが独自で調査・集計した2017年以降に生まれた赤ちゃんの名前データの中から、知りたい名前の順位、よみの順位、漢字の順位を見ることができます。 【名前で検索】【よみ方で検索】が名前の一部で検索できるようになりました！ 名前で検索 男の子 女の子 と一致する で始まる で終わる を含む 検索 よみ方で検索 男の子 女の子 と一致する で始まる で終わる を含む 検索 漢字で検索 男の子 女の子 検索 ご利用のルールとマナー ベビーカレンダーへのご意見をお聞かせください ご質問・お問い合わせはこちら 赤ちゃんの成長にあったママに必要な情報が毎日届く！ 妊娠から出産までのプレママ、子育て中のママ・パパにも、毎日の生活に役立つ情報をお届けします。 詳しくはこちら 記事制	sound_row	https://baby-calendar.jp/knowledge/common/1530	bc
2020	M	ら行	来樹	らいき	将来大樹のようにおっきくなってほしい。	sound_row	https://baby-calendar.jp/knowledge/common/1520	bc
2020	M	ら行	徠琥	らいく	旦那とは短大のころからお付き合いしていました。恥ずかしながら2人で子どもの名前はその時から話して決めていました。必ず男でも女でも（ら）から始まる名前がいいと話していて、それに、あまり他の人とは被らない名前がいいと思い（らいく）という名前にしました。妊娠してからは漢字を探しなかなか、名字に合う漢字が無く苦戦しましたが、これしかない！という漢字を見つけ、「徠琥」になりました。徠の意味は好奇心と柔軟な発想力を持ち、未来へ向かって着実に前へ進めるように。また、次の世代にきちんと伝承していけるものを身に着けることを願って。琥は琥珀のように清らかで無欲な美しい輝きを放つような人に。虎のように強く美しく、しなやかさを持った人になることを願って。なのですごくいいなと思いこの漢字を使って名前にしました。	sound_row	https://baby-calendar.jp/knowledge/common/1520	bc
2020	M	ら行	来夢	らいむ	まずはじめに来夢という漢字は、自分の夢を描くことと、夢から自分のもとへやって来るというステキな願いを込めてつけました！実は旦那の学生の頃からの夢で、将来子どもを授かったら来夢と名づけたかったみたいでその夢を叶えが決め手でした！ 来夢自身も将来自分が描く夢を叶えてほしいですね！（raimumamaさん）	sound_row	https://baby-calendar.jp/knowledge/common/1520	bc
2020	M	ら行	凌生	りお	自分達の名前が[りょう][えり]なので共通する[り]が付く名前にしたいと言っていましたが主人はあまり乗り気ではなく冗談混じりにいろいろな名前を出してきました。しかし突然[りお]はどうかなと言ってきました。理由を聞くと二人の名前が[う、え]と繋がってるからあいうえお順で[お]を入れたいとの事で、正直面白がってるなと思いましたが、自分が考えていた候補にも入っていたので読み方は決まりました。 そして予定日より約1カ月早く1,810gで生まれました。低体重の赤ちゃんは預かれない産院だったので生まれてすぐ別の病院へ搬送されてしまい一緒にいられたのは救急車が到着する数分間だけでした。産後鬱も重なり入院中は我が子と過ごせない悲しさ、小さく生んでしまってごめんねとずっと泣いてばかりでした。でも赤ちゃんは頑張っておなかの中から出てきて今も大きくなろうとしてるのだから、これから先どんな困難も[凌]いで[生]きてほしいという意味を込めてこの名前にしました。	sound_row	https://baby-calendar.jp/knowledge/common/1520	bc
2020	M	ら行	龍音	りおん	私（母）が親しんできた『音楽』に、息子も興味を持って欲しかったので『音』という字を入れたかったのと、男らしく力強く育って欲しいので『龍』という字を組み合わせて、総画数が特殊格になるということで決めました。	sound_row	https://baby-calendar.jp/knowledge/common/1520	bc
2020	M	ら行	龍音	りおん	私が音楽が好きで、演歌からレゲエ洋楽に、jーpopほんとなんでも聴きます。車や、寝る前、テレビ等音楽って聞いてて嫌になるとか煩わしく思う事がなく、心地いい、気持ちいい、楽しくなる、ひたれるなんて人の心に寄り添ってくれるものと感じてます。そんな音に囲まれた男の子で、強くあってほしいため、龍音と付けました。	sound_row	https://baby-calendar.jp/knowledge/common/1520	bc
2020	M	ら行	李音	りおん	周りの人を楽しませる実りある豊かな人生を送って欲しい。という願いがあるけど生まれてすぐおばあちゃんがパパに理由をきくとパパは、理由忘れてた。	sound_row	https://baby-calendar.jp/knowledge/common/1520	bc
2020	M	ら行	力樹	りき	心も体も強い子に育ちますように。樹のようにまっすぐな心で、やりたいことにまっすぐ歩んでいけますようにという想いを込めて名づけました。	sound_row	https://baby-calendar.jp/knowledge/common/1520	bc
2020	M	ら行	凌久	りく	凌、久のそれぞれの漢字から長く力強く育つという意味を込めて名づけました。	sound_row	https://baby-calendar.jp/knowledge/common/1520	bc
2020	M	ら行	琳久	りく	琳、の字には清純や徳の意味があるそうです。清い心で、まっすぐ生きて行ってほしいと思いつけました。	sound_row	https://baby-calendar.jp/knowledge/common/1520	bc
2020	M	ら行	吏玖	りく	吏…平和安定堅実を連想させる漢字。安定した堅実な人生を歩んでほしいという願い。 玖…高貴な印象を与える漢字。上品な美しさを持つ人。芯の強さを持ち自分の進む道を切り開く人になるようにと願って。 名字とのバランスや画数の運も良く生まれる直前に、夫婦で吏玖に決めました。それまで考えていた名前が3つあったのですが、全然違う名前になりました！ お気に入りです。	sound_row	https://baby-calendar.jp/knowledge/common/1520	bc
2020	M	ら行	琉空	りく	お姉ちゃんの名前が美空（みく）なので、風や海など自然に関係する名前を考えていたのですが、エコー写真をみたら顔がそっくり！ もともと男の子だったら『陸』にしようと話をしていたため、りくという読み方で空が入る『琉空』という候補を急遽増やしました。ちなみに漢字を考えたのは私が陣痛で病院に向かう車の中…あとは顔を見て決めることにしましたが、実際生まれた子はやはりお姉ちゃんそっくり。パパはもう琉空しか考えられないと双子のような名づけになりました。母音まで同じになってしまったので、よく聴き間違えます。	sound_row	https://baby-calendar.jp/knowledge/common/1520	bc
2020	M	ら行	凌玖	りく	予定日が5月だったので当初は爽やかな名前を考えていました。しかし妊娠後期に入る頃に新型コロナウイルスが日本のみならず、世界中で流行しパンデミックを引き起こしました。妊娠中、コロナウイルスにかかってしまったらどうなるんだろうという恐怖や、マタニティ教室など相談出来る場がなくなったり、面会や立ち会いも出来ないと言われとても不安な日々を過ごしました。そんななかでも、毎日元気にポコポコおなかを蹴って大きく育つ我が子にたくさんの笑顔と元気をもらいました。 世界中が大変でとても困難な最中に生まれてくるけれど逞しく育って欲しい、この状況に合った名前にしたいと思い、どんな困難にぶつかっても負けずに立ち向かって欲しいと思い（凌）を、自身を磨き輝いて欲しいと思い（玖）を、地に足をつけ力強く生きて欲しいと（りく）と名づけました。当初考えていた名前とは全く違いましたが、今だからこその名前になったと思います。将来名づけの由来を聞かれた時は、この時の情勢とともに話したいと思っています。そして、世の中がとても大変な時だったけれど、元気に大きな産声をあげて生まれてきてくれたこと、不安でいっぱいの日々にたくさんの笑顔を与えてくれたことも伝えたいと思っています。	sound_row	https://baby-calendar.jp/knowledge/common/1520	bc
2020	M	ら行	怜来	りく	夫が陸上好きなので、「りく」はどうかな？と。陸の字は我が家の名字では姓名判断であまり良くなかったので、アプリが推薦してくれた怜来を候補に。かしこく、未来に向かってほしいっていいねと。他にも10個ほど候補がありましたが、生まれて顔見て、呼んでみて2文字で呼びやすくて最終決定しました。	sound_row	https://baby-calendar.jp/knowledge/common/1520	bc
2020	M	ら行	立空	りく	実際に顔をみて決めようとパパと話していましたが、コロナのため、退院後に深夜まで議論（笑）。画数で名字と相性のいいものから絞ろうとするもあまりピンとこず。最終的に、季節感があり、読んでみて最もしっくりきた名前に決定。生まれた日の空のように澄み渡って気持ちよい人になってほしいと思います。	sound_row	https://baby-calendar.jp/knowledge/common/1520	bc
2020	M	ら行	陸心	りくしん	呼び名の響きと、長男との繋がりを考えて決めました。広い視野と、大きな心で自他共に気持ちを大事に出きる子、くみ取れる子になって欲しいという思いを込めました。	sound_row	https://baby-calendar.jp/knowledge/common/1520	bc
2020	M	ら行	睦斗	りくと	私が高校生の時にバイトしていた店長の息子の名前が陸（りく）でした。その時にいい名前だと思い、子どもが出来たら陸にしようと決めていました。始めは陸で決めてたのですが、名字との画数等運勢を考えるとあまり良くなかったので、りくとに。漢字の由来は仲睦まじいの睦に、北斗の斗で周りに仲間や友人が絶えない心の大きな男になるようにと名づけました。	sound_row	https://baby-calendar.jp/knowledge/common/1520	bc
2020	M	ら行	吏紡	りつ	夫婦ともに出産というものを始めて経験し、たくさんの人の協力や優しさがあって、こうして大切なひとつの命が紡がれていくのだと感じました。そして、糸一本一本が重なり合って強く太くなっていくように、息子もこれから様々な人と出会い、たくさんの経験を紡いで 強く逞しい人になってほしいという願いを込めました。	sound_row	https://baby-calendar.jp/knowledge/common/1520	bc
2020	M	ら行	律	りつ	名前の候補を2つ考えておいて顔を見て決めようと思っていたけど、心の中では大体こっちかなーと思っていました。いざ対面すると、その名前だとパッとせず。もう一方の「律」にしようと思った時、お兄ちゃんの名前を見て気付きました。お兄ちゃんは音楽系の名前で、「律」も「旋律」の律で音楽系。これだ！と思い家族に報告。すると家族は「祖父が飼ってた犬の名前もそれだ！」と。「えー、犬？」と思いましたが、とても頭が良く、おしとやかで貴賓のある犬だったそう。いろいろな偶然が重なり、家族から愛される名前になりました。	sound_row	https://baby-calendar.jp/knowledge/common/1520	bc
2020	M	ら行	律	りつ	2020年4月、4人目に我が家で初の男の子を出産しました。我が家の男性は名前が皆漢字一文字のため、検診で性別が分かった時から漢字一文字を調べるようになりました。たくさんの名前の候補から2つの名前で悩み、決めきれずにいました。そんな時近所の方々が幼稚園バスを待っている間やお散歩などで会うと、真剣に一緒に悩んでくれてこの名前にしようと決めることができました。私が永住を選んだこの地域は子育てに最適な場所で素敵な方々に恵まれて、地域で育てるというのはこういうことなのかなと改めて感じることができました。目標に向かって、自分を厳しく律することができる精神力の強い人にと願いを込めてつけた「律」。素敵な人生を歩んで行ってほしいなと思います。	sound_row	https://baby-calendar.jp/knowledge/common/1520	bc
2020	M	ら行	律	りつ	朝、目が覚めたときに急に思いつき、旦那に伝えたところ「いい名前やと思ってた！」とのことで決定！自らを律する子になってほしいと願いを込め、漢字を考えました。	sound_row	https://baby-calendar.jp/knowledge/common/1520	bc
2020	M	ら行	律	りつ	自らを律して生きることができるように願いをこめて、またママが音楽家なので旋律の律。すてきな人生というメロディを奏でてください。律ちゃんに幸多かれ！	sound_row	https://baby-calendar.jp/knowledge/common/1520	bc
2020	M	ら行	律樹	りつき	うちは家族全員名前に『つ』がついています。なので『つ』をつけたいなと考えていました。色んな候補がある中で『樹』にしようと私は思っていたものの画数がイマイチで最後まで踏み切れずにいて、パパからこれで『いつき』にするの？と言われ、『たつき』だよと言おうと思ったのにいい間違えて『りつき』だよ！と言ってしまい、いや『樹』はリツキとは読めないやろ？と言われましたが、偶然出てきたリツキの響きが気に入り、国際社会でも『リッキー』って呼びやすそう！ と気に入ったのでリツキから画数の良いのか『律樹』だったのでこの名前に決まりました。全く候補に無かった名前でしが、夫婦で納得のいく名前がつけられてよかったです！	sound_row	https://baby-calendar.jp/knowledge/common/1520	bc
2020	M	ら行	律希	りつき	もともと旦那さんは子どもが苦手です。妊娠の報告は驚きながら受け入れてくれましたが、嬉しい‼︎といった反応には見えませんでした。子どもができたら変わると周りから言われても、一緒に子育てができるのか不安な妊娠生活でした。子どもの名前の候補を私がいくつか出してもあまり反応がなく、妊娠後期を迎えてしまいました。 39週を迎えたある日、旦那さんが携帯を見せてくれました。その画面にはいくつもの名前の候補があり、私が使いたいと言っていた漢字が含まれた名前が多くありました。その中から紙に名前を書きはじめ「○○ちゃん（私）から1文字取って、この名前がいいと思う。きっといい子に育つと思う」と言ってくれました。 旦那さんなりに子どもを受け入れる準備をしていたこと、同じように子育てに不安を感じていたこと、初めて知りました。その時大切な我が子の名前は決まりました。旦那さんが一生懸命考えてくれた名前、気に入ってくれたら嬉しいと思います。	sound_row	https://baby-calendar.jp/knowledge/common/1520	bc
2020	M	ら行	立季	りつき	6年も不妊治療をして さすがにお金も精神的にも底をつき、年齢も母になるにはちょっぴり高齢になってしまった。そんなどん底だったあの頃、「これで最後……！」と挑んだ体外受精。なんとか着床してくれました。でもそれからが大変！ずっと不安定。いつ流産するかわからない状況が続いた。診察の時、先生は目も合わせてくれず、先生もダメかもしれないと思っていたそうです。それでも丁寧に診てくださり、3～4日おきに病院に通い流産をくい止める処置をしてくれました。ようやく安定して一般の産科へ転院。それからは驚くほど順調で、無事に生まれてきてくれました。名前は性別を教えていただいたころから考え始めて、生まれる前から決めていました。「日本には4つの季節がある。どの季節にも自分の足で立ち、自分の人生をしっかりと歩んで欲しい」という願いを込めました。自分と自分が大切に思う人を守れるステキな大人になってくれる事を祈っています。	sound_row	https://baby-calendar.jp/knowledge/common/1520	bc
2020	M	ら行	律輝	りつき	はじめは夫婦揃って『りつき』というサウンドが良いことが一致したので、そこにどんな漢字を当てるかを検討しました。コロナ禍の最中に生まれた息子。生まれても退院まで家族に会えず、名前に当てる漢字は家族揃って対面してから決める事にしていました。自分の規律に従って行動できる強い意志をもてるように『律』、コロナ禍の大変な時代に生まれたけれど、明るく輝かしい人生を歩んでほしい『輝』。これで、律輝という名前にしました。	sound_row	https://baby-calendar.jp/knowledge/common/1520	bc
2020	M	ら行	琉斗	りと	琉は幸運を招くと言われる宝石ラピスラズリから。斗は夜に輝く北斗七星から。まだ60歳だった母親が亡くなって間もなく、おなかにやってきてくれました。家族のピンチに現れた希望の光。つらい悲しさから救ってくれました。みんなの希望になるように強く輝いて、そして支えとなってあげられる優しい子になるように、という意味を込めました。	sound_row	https://baby-calendar.jp/knowledge/common/1520	bc
2020	M	ら行	理人	りと	周りにいない名前だけど、素敵な名前にしたくて、選んで選んで決めました。 理人…「物事の道筋が通った人に育ってほしい」。読み方も、リヒトではなく、リトにしました。最終的に決まったのは、本陣痛始まって、病院に行く最中でした。コロナの影響もあり、一人での出産でしたが我が子が元気に生まれたことが本当に嬉しいです。	sound_row	https://baby-calendar.jp/knowledge/common/1520	bc
2020	M	ら行	莉仁	りひと	穏やかで優しい子に育ってほしいという共通の意見から、夫と候補を出し合い、2つまで絞ったところで出産となりました。出産当日、日付をまたいで入院することになった私。コロナ禍のため夫は付き添い宿泊ができず、一旦自宅へ帰ることに。痛みに一人で耐えて耐えて、辛くて、心細かったです。もう生まれそうというところで夫に電話。早朝4時でも飛び起きて病院へ駆けつけてくれました。せっせと腰を撫でたり、飲み物を飲ませてくれたり、手を握ってくれたり。夫がいてくれると心強さが違いました。 出産後、何気なく名づけ本を見ていたところ、【外国語で意味を持つ名前】というページに、候補の1つである「りひと」を見つけてびっくりしました。ドイツ語で「光」という意味があるということを知りました。コロナ禍で暗い世の中と、明るくなってほしいという思い。夜中に孤独に陣痛に耐え抜いて、夫が来てくれたときの温かい光が差すようなイメージ。ほっとした気持ち。この子がどんな風に育ってほしいか、イメージが定まった瞬間でした。そのようなエピソードから、「癒しの茉莉花」の「莉」と、「思いやり」の「仁」をとり、「莉仁」と名づけました。ドイツ語で「光」という意味もあることから、その癒しと思いやりの心で、いつか誰かの光となってほしいという意味もこめました。長い人生の中でどうしようもなくつらいことはたくさんあるので、そんな暗闇の中でも、友人でも恋人でも家族でもいいので、誰かの光となって共に歩んでほしいと願っています。	sound_row	https://baby-calendar.jp/knowledge/common/1520	bc
2020	M	ら行	颯	りゅう	一家の大黒柱である旦那がしっかりしていない、自立できていないため、息子にはそんな大人にならないように颯とつけました！！颯とゆう漢字には自立とゆう意味があるからです。	sound_row	https://baby-calendar.jp/knowledge/common/1520	bc
2020	M	ら行	流河	りゅうが	河」は水が最初は細いのに、どんどんと広がり、最後は大海原へ。その流れ行くさまを、成長にあわせて、最初は、小さな家族の元ですくすく育ち、いずれ大きな未来へ、負けずに流れ強くなって、未来をきりひらいてほしくて。	sound_row	https://baby-calendar.jp/knowledge/common/1520	bc
2020	M	ら行	竜輝	りゅうき	母である私は、昔からマンガが大好きです。あるマンガの登場人物の名前に竜がついていて、その男の子がめっちゃかっこよかった！！それで、男の子が生まれたら絶対に竜をつけようと密かに思い描いていたのです。そして、さらに某、ライダーも大好き！もうこれしかない！！と私の中では決まってました	sound_row	https://baby-calendar.jp/knowledge/common/1520	bc
2020	M	ら行	瑠士	りゅうじ	4兄弟の末っ子として生まれた瑠士！！ 長男・琉聖（りゅうせい）次男・亮悟（りょうご）三男・涼矢（りょうや）ときたので、瑠士（りゅうじ）と名づけました。実は瑠士が生まれた日の5日前は、この子たちのひいじいちゃんの命日。瑠士は生まれ変わりだと思いました。吉太郎（きちたろう）じいちゃんの吉から士の部分をもらって、瑠士（りゅうじ）と名づけました！	sound_row	https://baby-calendar.jp/knowledge/common/1520	bc
2020	M	ら行	琉誠	りゅうせい	りゅうせいと呼びたいとの旦那の希望で名前を考えました。最初私は反対でした。他にも候補をだし顔を見てみてと思ってましたが、助産師さんもびっくり、なんと産婦人科に着いて3分で生まれた我が子を見て「りゅうせい」だと思いました。そこから漢字をひたすら考えて琉誠と名づけることにしました。広い心を持ち素直に誠実で温かく優しい子になりますように、と。今では年子のお姉ちゃんが大好きな生後7カ月の男の子になりました。	sound_row	https://baby-calendar.jp/knowledge/common/1520	bc
2020	M	ら行	流星	りゅうせい	年齢の事も考え、子どもが欲しいけどなかなか出来ず、病院へ行くと出来づらい事がわかり、薬や注射をしていましたが効果が現れず。一旦薬を中断している期間にすぐに自然妊娠する事ができ、ビックリしました。昔から星空や月をみるのが大好きで、流星群の時は毎回空を見上げ、よくお願い事をしていました。妊娠しますようにって事も何度も心でお願いしていました。流れ星が見られるって奇跡な気がして、妊娠して出産する事も奇跡。流れ星に乗って我が家にやってきてくれたんじゃないかと思い、流星という名前になりました。	sound_row	https://baby-calendar.jp/knowledge/common/1520	bc
2020	M	ら行	琉世	りゅうせい	私たち夫婦が付き合いだした日が七夕だったので、天の川にちなんで天の空の漢字が入っている昊空（そら）と付けました。次男も星にちなんだ名前にしたりゅうせいと名づけました。流星は字画がいまいちだった為、こちらの琉世に決定。琉世が生まれた2020年5月5日になった時間、流星群がとても綺麗に見えた日とニュースで見た瞬間、流星群にのって私に逢いにおなかから出てきてくれたのだと感動しました。	sound_row	https://baby-calendar.jp/knowledge/common/1520	bc
2020	M	ら行	隆豊	りゅうと	私は42歳、体外受精で出産しました。39歳で妊活を始めますが、持病の多嚢胞性症候群の症状が重く、不妊治療を始めました。タイミング→人工授精と試みますが、妊娠には繋がりませんでした。そして40歳を迎え、体外受精にステップし、幸いにも6個の受精卵を凍結する事ができました。しかし1回目の移植手術で子宮内にポリープが見つかり、大学病院でポリープ除去の手術をしました。手術後は半年間移植する事ができず、ただ時間と歳だけが経っていき、気持ちだけが焦っていました。すでに41歳、やっと迎えた2回目の移植……がなんと大型台風が関東に直撃、史上初の交通機関が計画運休と最悪な状態に！台風直撃前日クリニックから電話があり、午前中は電車が動いているので、移植は予定通り行いますが、開始時間を9時から7時に早めますとの事でした。移植当日、台風は外れる事なく関東直撃、暴風雨の中での移植手術でした。 帰り際に先生に「これで授かったら嵐にも負けない逞しい子だよ」と言われ、この移植で子どもを授かる事ができました。そして2020年7月新型コロナウイルスが猛威をふるい、立ち会い出産・面会禁止の中、元気な男の子を出産しました。台風・新型コロナウイルスと未曾有な障害を乗り越え誕生し、これからもふりかかるだろう自然災害にも逞しく、力強く生き欲しいという意味をこめて「隆」、そして人の中心に立ち、助け合いながらどんな壁も乗り越えて欲しいという意味で天下統一をした豊臣秀吉の「豊」をとり、隆豊（りゅうと）と名づけました。	sound_row	https://baby-calendar.jp/knowledge/common/1520	bc
2020	M	ら行	琉凪	りゅうな	夫婦共に大好きな沖縄。朝も夜も素敵な風景、時間の流れ。プロポーズも沖縄のカフェと思い入れがいっぱいあります。夫婦2人の大切な子が、夫婦2人の大好きな沖縄のゆったりのんびりした時の流れ、蒼くて澄んだ穏やかな海の様に澄んだ心、広々とどこまでも続く蒼い空の様に広い心を持って欲しくて名づけました。琉球（沖縄）の琉に、穏やかな海の凪で琉凪です。	sound_row	https://baby-calendar.jp/knowledge/common/1520	bc
2020	M	ら行	竜之介	りゅうのすけ	以前はキラキラネームが流行ってましたが、将来子どもが恥ずかしくないような名前をつけたいと生まれる直前まで家族で話し合ってました。名づけが確定するまで、遠く離れた高知の祖父と何度も電話で相談をしました。今92歳の祖父で、竜之介が生まれてからは里帰りで実家に帰り毎日のように祖父と一緒に過ごしていましたが、祖父は今体調が悪く入院しています。もうすぐ私は東京に帰らなければいけません。退院まで会えないのが寂しいです。又、東京に帰るとコロナのこともあり当分高齢の祖父がいる実家に帰ることは出来ません。 竜之介という名前は、そんな祖父が付けてくれた、登り竜のように強くたくましく元気に育って欲しいという思いを込めて名づけました。将来は、歴史にのるような、大活躍する人になってもらいたいです。芥川龍之介の、龍之介という字が本当は良かったのですが、画数が悪かったので、竜之介にしました。祖父が付けてくれた竜之介という名前がとても気に入っています。	sound_row	https://baby-calendar.jp/knowledge/common/1520	bc
2020	M	ら行	琉之介	りゅうのすけ	お姉ちゃんの時には、なかなか赤ちゃんを授かれなかったパパとママ…何度もつらい不妊治療に励みようやくお姉ちゃんを出産しました。だから、2人目がほしいと思った時にもパパといつから不妊治療を再開するか、予定を立ている最中に、突然ママのおなかにやってきてくれた赤ちゃん！ 自然に妊娠できたことにびっくりするとともに嬉しくてうれしくて…。けど同時にコロナが流行りはじめ、妊娠初期に予定していた引っ越しもありと、なかなか精神的にも体力的にも辛かったので、おなかの中の赤ちゃんが無事に成長しているのか…不安で押しつぶされそうになる毎日でした。 そんなママの心配をよそに、毎日スクスクと大きくなるおなか！胎動を感じるようになるたびに絶対に守り抜かなければいけない命の重さを感じていました。男の子が生まれたら…とパパの中ではいろな候補があった名前。その中の一つに〇〇太郎があったのですが、名字がお〇〇〇なので、芸術家と同じやんというママの意見でハッとした様子のパパ（笑）！お姉ちゃんが漢字に王偏が入っていたことからお揃いにしよう！と「琉」という漢字にたどり着きました。パパとママが沖縄の綺麗な海に潜るのが好きなことから沖縄の青い海、青い空、広々としたイメージから、広く透き通った心を持ってほしいという思いをこめてこの漢字に決めました。また「リュウ」の響きは、力強い躍動感を与えてくれるので、パパとママ2人でとても気に入りました。	sound_row	https://baby-calendar.jp/knowledge/common/1520	bc
2020	M	ら行	凌佑	りょうすけ	妊娠中、首に浮腫があることが判明し、赤ちゃんが障害をもって生まれてくるかもしれないと医師から指摘がありました。赤ちゃんは、健康で生まれてくることが当たり前だと思っていましたが、まさか自分の子どもに障害があるかもしれないと言われ、その日からネットで調べては泣いていました。妊婦健診は、他の人より多く、毎回祈るように赤ちゃんの様子を見守り続けました。羊水検査をすすめられましたが、私たちはどんな子どもが生まれても育てる気持ちは固く、受けないことにしました。妊婦健診は、浮腫以外は幸いにもとくに問題がなく、元気にすくすく成長してくれました。羊水検査を受けなかったため、生まれるまで障害があるかどうかわかりませんでした。それでも、毎回健診で赤ちゃんが元気であることは、私にとって大きな心の支えでした。出産するまでは、赤ちゃんにどんなことがあっても、ときかく無事に生まれてほしい気持ちだけでした。 祈りが届いたのか、元気に赤ちゃんは生まれてきてくれました。心配していた障害は、今現在はみつかっていません。この先みつかることもあるかもしれませんが、元気に生まれてきた凌佑を、愛情いっぱい育てたいと思います。無事に生まれるまで心配が絶えなかったこともあり、この先も何があるかはわかりません。なので、どんな困難でも乗り越えるという意味の漢字「凌」と「佑」で、「凌佑（りょうすけ）」と名づけました。これから、夫婦で愛情いっぱいに育てたいと思います。	sound_row	https://baby-calendar.jp/knowledge/common/1520	bc
2020	M	ら行	椋生	りょうせい	空に向かって、真っ直ぐ元気に育ちますように！ 人としても大きく、社会貢献できるようになりますように！	sound_row	https://baby-calendar.jp/knowledge/common/1520	bc
2020	M	ら行	李容天	りようてん	広い心を持った子になってほしい。	sound_row	https://baby-calendar.jp/knowledge/common/1520	bc
2020	M	ら行	涼真	りょうま	第二子を妊娠！早目に大事な部分を全開で見せてくれて男の子と判明。長男は弟で大喜びでした。長男の時も名前はとても悩んだので、今回は早目に考えだしましたが、次男は難しい……。長男の時に世界で一番と思って名前を選んでしまったし、私の希望で長男が「暖真」なので「○真」にしたいのと、漢字の意味や字画、響きにもこだわりたいし、長男のお友達や近所の子と被った名前も除くと該当する名前が無い……。パパと悩み過ぎて涙が……。ギリギリまで悩んで涼真と命名！ 夏生まれなので爽やかで皆に好かれる幸せな子になりますようにと、兄が春生まれで暖真（はるま）なので暖↔️涼で調和の取れた家庭になりますようにと思いを込めました。りょうくんが幸せになりますように！	sound_row	https://baby-calendar.jp/knowledge/common/1520	bc
2020	M	ら行	諒真	りょうま	諒真ともうひとつの名前で最後まで悩んでいたけど、上の子たちが「諒真がいい」と言うので決定しました。素直で思いやりのある子になってほしいと願いを込めて……。	sound_row	https://baby-calendar.jp/knowledge/common/1520	bc
2020	M	ら行	凛	りん	コロナ渦であったり、不景気であったり…いじめなどの争い事があるこんな社会だからこそ、芯のしっかりした凛とした子になって欲しいという想いを込めて。	sound_row	https://baby-calendar.jp/knowledge/common/1520	bc
2020	M	ら行	綸	りん	夫とは中学の同級生です。付き合って半年したころ、子宮に異常が見当たり手術をしたのですが、その後の検査で子宮の全摘出を言い渡されました。落ち込む私に「子どもは欲しいけれど、もしもできなくても、君さえいてくれればいいから、結婚しよう」とプロポーズをしてくれた夫。身体に不安はあったものの、どうしても子どもがほしいという強い思いがあり、お医者さんとの相談の結果、1人を産むまではなんとか温存してもらえることになりました。 2度の流産で、「いつまで子宮がもつのか、やっぱり子どもを授かることは難しいのか」と、とても不安でした。3度目の妊娠。以前の手術もあり、子宮頸管が短く、子宮頸管無力症気味でもあったので、流産・早産のリスクが高いハイリスク妊婦でした。「20週まで頑張れたら、なんとか命を助けてあげられるから。できたら25週」と病院で言われていたのに、おなかの子も気付けば臨月に。いよいよ迎えた出産。コロナで立ち会い、面会はできませんでしたが、リモートで夫とつないでもらえることになりました。子宮口全開から3回目のいきみ。時間にしておよそ5分ほどで骨盤にひっかかり、心拍が低下。40分ほどのスピード出産でしたが、赤ちゃんに肺機能の異常が見られ、NICUに緊急搬送されてしまいました。赤ちゃんの顔をまともに見ることもできず、私も出血が止まらなかったため、処置室で一夜を過ごすことになりました。NICUから戻り、黄疸治療もあったので、やっと我が子を抱けたのは、生後5日目でした。本当に不安で寂しく、とても長く感じた5日間でした。 ずっとずっと会いたかった赤ちゃん。おなかの中でも、外でも一生懸命に生きようとしてくれた赤ちゃん。かわいくて、嬉しくて、涙が止まりませんでした。妊娠中、出産時、全面的にサポートしてくれた夫。「子どもが生まれなくても家族だよ」と私を迎え入れ、「産んでくれてありがとう」と言ってくれたお義母さん。たくさんの人に支えられ、感謝した出産でした。綸は太い糸という意味。人とのつながりを大切にし、感謝できる子になってほしいと願いを込めて付けました。りんとお父さん、お母さんとのつながりおじいちゃんおばあちゃんとのつながりこれから出会う友だちやたくさんの人とのつながりつながりを大切することで、りんの周りにはいつも笑顔が広がり、たくさん愛され、幸せになってほしいと願っています。	sound_row	https://baby-calendar.jp/knowledge/common/1520	bc
2020	M	ら行	麟太郎	りんたろう	麟太郎のパパのお父さん（麟太郎のおじいちゃん）は高知の方で、パパを「龍馬」と名づけました。坂本龍馬から取ったお名前です。坂本龍馬の師匠の勝海舟は、幼少の頃「麟太郎」と言うお名前でした。パパはすごく自分の名前が好きで、自分の子どもにも関連付けた名前を付けたい！とずっと言ってたので、麟太郎と名づけました。私もパパも気に入ってる名前なので、いつか麟太郎が大きくなったら名前の由来を伝えてみようと思います。歴史に名を残すような、大きくて強い、そして人に手を貸せる優しい男の子に育ってくれたらなと思います。	sound_row	https://baby-calendar.jp/knowledge/common/1520	bc
2020	M	ら行	倫都	りんと	長女も次女も名前に「り」がつくので3人目も「り」がつく名前を考えていました。人として正しい道を歩んでほしいとの思いを込めて倫理の「倫」、夫婦ともにサッカー選手の長友佑都選手のファンなので一文字いただいて「都」、息子は倫都と名づけました。長女も次女も「りんちゃん」と呼んでかわいがってくれています。（百合さん）	sound_row	https://baby-calendar.jp/knowledge/common/1520	bc
2020	M	ら行	琉葵	るい	ママの名前がラから始まり、パパの名前がリから始まるので、ルから始まり家族の絆を意識しました。沖縄の青い海をイメージした琉、葵の花言葉である野心、強い可能性とたくましさを持って生きてほしいという意味をもって決めました。2020年オリンピックイヤーということで希望や夢がたくさんつまった1年になることを想像していた矢先、コロナウイルスにより世界が一転してしまい、悲しいことの多くなったこの年。明るく強さを持って生きてほしいと願い名づけました。	sound_row	https://baby-calendar.jp/knowledge/common/1520	bc
2020	M	ら行	琉維	るい	姓名判断で、名字の運勢が最悪なので、名前だけは…と候補を絞るもことごとくピンとくるものがなく……。最終的に2つに絞って毎日うーんうーんと悩み、胎動がわかる頃にどっちがいい？と聞いてるうちに、あ、この名前か、とピンとくるものがあり、それからは憑き物が落ちたかのような感覚になりました。	sound_row	https://baby-calendar.jp/knowledge/common/1520	bc
2020	M	ら行	流唯	るい	るい」という響きは決まっていたのですが、中々漢字が決まらず。「流」は名字との画数がよかったため。そして決まらないまま出産へ。入院中は足繁く授乳室へ通いました。その時、いろんなお母さんたちが授乳室にいて、いろんなお顔の新生児たちがいて、泣き声も大きさもみんな違うし、それぞれがお母さんお父さんのたったひとつなんだなと。もちろん、私もそうです。たったひとりの大事な子だなと抱っこするたびに思います。その時に「唯一無二」という言葉が浮かびました。「唯」って字が素敵だなと。誰にとっても、そして彼の人生が唯一無二なものになっていきますように。パパとママのところに来てくれてありがとう、流唯くん。	sound_row	https://baby-calendar.jp/knowledge/common/1520	bc
2020	M	ら行	瑠	るい	子どもが欲しくて夫婦で頑張ってやっと授かりました。1番大好きな人の名前から一部取りたいと旦那さんが言い、私の名前ハルイから取ってルイという名前にしました。旦那さんからの感謝と愛がつまった名前です。	sound_row	https://baby-calendar.jp/knowledge/common/1520	bc
2020	M	ら行	ルーク	るーく	ハーフの息子は、名前を日本名にするか英語名にするか悩んでいました。ゆっくり考えていたので出産間近になってもなかなか決まらず、2020年6月18日に帝王切開で4055gのビックベイビーを出産しました。予定日の6月24日から6日も早いのに4000gを超えてるなんて……！ 出産した病院では令和初の4,000g超と言うこともあり、入院中にたくさんの人から声をかけてもらって、術後の傷口の痛みなんて飛んでいくぐらいハッピーでした！ そしてある時、英語名の意味を調べていると、「ルーク：光を運ぶもの」という名をみつけ、生まれてきた時からたくさんの人達や私たち家族に光を運んでくれたこの子にルークと名づけようと決めました！ ルークは今でも私たちに光を運んでくれて、毎日笑顔いっぱいで明るい日々を過ごしています！	sound_row	https://baby-calendar.jp/knowledge/common/1520	bc
2020	M	ら行	琉楓	るか	この名前は私が見た夢の中で決まっていた名前で、まだ会うことも見たこともない赤ちゃんを夢の中で抱きかかえて「るか」と呼んでいました。元々占いで子宝に恵まれるか相談、占って貰った時に「子どもは前世からの繋がりがあって、縁あってあなたを選んでやって来るよ」と霊視して貰っており、我が子の夢を見た時に一足先に夢の中に会いにやって来てくれたのかなぁなんて思ってその日は1日中占い師の話やその日見た夢を思い出して早く我が子に会いたいとワクワクしていました。 夢を見たのが妊娠3、4カ月くらいでまだ性別も分かってはいないですが、男の子でも女の子でもるかにしたいなと思い、夫に相談すると夫もすぐにこの名前を気にいってくれ、性別も分からない早い段階でこの名前に決まりました。出産予定日が9月で初秋な事もあり楓という漢字を選びました。ですが予定より早く生まれてしまい8月生まれの子になってしまったのですが、夫がとても楓の漢字を気に入っており、夏生まれなのに楓の漢字は変じゃないかとも思ったのですが夫のこだわり思いが強かった為、そのまま予定していた琉楓にしました（笑）。いつかこの話を我が子にもしてあげたいです。	sound_row	https://baby-calendar.jp/knowledge/common/1520	bc
2020	M	ら行	瑠奏	るか	名前をつけるにあたり、心の性別はわからないため中性的な名前であることと、日本だけではなく世界に出て欲しいという希望もあり海外でも馴染みのある名前を探しました。るかは聖書を記した聖人と同じ名前のためキリスト教圏ではよくつけられる名前であり、ドイツ語で光をもたらす者という意味があるということで、この名前に。漢字は夫婦で一字ずつ決め、瑠は夫が大切なものという意味がある漢字を、奏は私が最後までやり遂げるという意味がある漢字を選び、名づけました。（あめさん）	sound_row	https://baby-calendar.jp/knowledge/common/1520	bc
2020	M	ら行	令	れい	画数と名前の響き、意味にこだわるといい名前がまったく見つからなくて、妊娠5カ月くらいから生まれた1週間後くらいまで悩みに悩み決めた名前でした。令という名前の意味は、令和の特に今流行ってしまっている新型コロナの 時代にも負けないくらい強く生きてほしい！という願いを込めたものです。生まれたのが4月9日で、緊急事態宣言が発令された次の日ということもあり強い想いがあります。まだまだ先は長いですがおかげさまで生後5カ月、今のところは何の問題もなく元気に成長してます。	sound_row	https://baby-calendar.jp/knowledge/common/1520	bc
2020	M	ら行	伶旺	れお	1人目の名前が「琥翔（たいが）」という強そうな名前を付けたので、今回も将来お兄ちゃんに負けないくらい強くて優しい人に愛される人になってほしいという気持ちを込めて選びました。そして仮候補で「伶旺（れお）」を家族や親戚に伝えた時に「なんだか最強の動物みたいだね！」と言われました。「たいが」＝「タイガー（トラ）」、「れお」＝「ライオン」と。私は「え？ライオン？」と思ったら昔やってたアニメでレオの名前が使われてたらしくそれが連想されるとの事でした。それで私の中で最強の兄弟になりそうという気持ちが強くなり、もう伶旺にしようと決めていました。生まれてきて始めて「れお」と呼んだ時笑ってくれたので「伶旺」にして良かったと心から思いました。	sound_row	https://baby-calendar.jp/knowledge/common/1520	bc
2020	M	ら行	怜旺	れお	生まれてくるまで、別の名前を考えていました。ただ、実際にご対面したら、目鼻立ちがはっきりしている男らしい凛々しい顔つき。やっぱり男らしい名前が似合うだろうと、再度考え始めました。海外でも通じる発音しやすい名前であること、上の子どもと同じ漢字を一文字使うこと、などいろいろとこだわりたい条件がありましたが、最終的にとても良い名前に決まりました！	sound_row	https://baby-calendar.jp/knowledge/common/1520	bc
2020	M	ら行	烈央	れお	私たち夫婦は動物が大好きで、デートといえば動物園ということが多かったです。その動物園に凛々しく堂々としたたたずまいで、いつもお客さんみんなの中心にいるのがライオンのレオくん。百獣の王らしく振る舞うレオくんはカッコいい！いつか子どもができたら一緒に動物園に行きたい、というのが私たち夫婦の憧れでした。妊娠が分かったのはクリスマスの日。病院では元気に心臓を動かす我が子が！ 最高のクリスマスプレゼントが届いたね、と夫婦で喜んだのを覚えています。 性別は妊娠14週ごろに男の子だとわかりました。男の子とわかると名前を考え始めました。赤ちゃんへ人生で1番初めのプレゼント、すごく悩みましたが、最終的には主人が名前を私が漢字を考えました。烈には「熱く燃え上がる」「行いや精神が強くきびしいさま」「目を見はるようなりっぱな業績」「めざましいてがら」という意味があります。央は左右対称の幸せ漢字であり、「なかば」「まんなか」「中心」「ひろい」という意味があります。烈央には、みんなの中心で人から注目される素敵な人間になって欲しい、熱く真っ直ぐに生き、人生の中で功績を残せるような人間になって欲しいという意味を込めました。 出産予定日は8月上旬、獅子座であり、さすがライオン（獅子）から名前をひらめいただけあるなと思っていたら、7月上旬に切迫早産になり絶対安静となりました。しかし、獅子座になった次の日に無事生まれてきてくれました。さすが我が子だと思いました。私たち夫婦はコロナウイルスの緊急事態宣言の影響で結婚式はできず、新婚旅行も行けていませんでした。結婚式の準備は1年以上前からしていましたし、新婚旅行も楽しみにしていたのでつらかったですが、レオのおかげでとても幸せな日々となりました。	sound_row	https://baby-calendar.jp/knowledge/common/1520	bc
2020	M	ら行	伶渚	れお	強くて優しい子に育ってほしい。そんな両親の願いが込められてます。音の響きなどたくさんの名前候補から、おなかの中で一番反応してくれたのが、「れお」でした。最後まで悩んだけど、パパも「れお」と名前をとても気に入ってくれて、この名前を採用しました。漢字は画数に力があると言われているので、名字と相性の良い漢字にしました。「伶」音楽を奏でる、かしこい。知性と魅力的な容姿を。「渚」波打ち際。さわやかで活発な人に。そんな漢字の意味があります。「れお」って音の響きはとても力強さを感じるけど、漢字だけみると柔らさが感じさせてくれます。 余談ですが、令和生まれだからイニシャルにLかRが付くといいねと話や、『渚』って爽やかで優しい感じがしていいねとパパと話していたこともあります。元気にすくすくと育ち、自分という芯の強さと、人の気持ちを察することができる知性をもち、思いやりと優しさにあふれた人になってください。パパもママも家族みんな伶渚を愛しています。生まれてきてくれてありがとう。	sound_row	https://baby-calendar.jp/knowledge/common/1520	bc
2020	M	ら行	礼恩	れおん	この子を授かったのが夏頃でした。この子を授かった年の春頃に、子宮外妊娠で亡くした子がいました。だから、この子を授かったときは帰ってきたんだと思いました。旦那も、「おかえり」って言って泣いて喜でくれました。妊娠中は、切迫流産や妊娠悪阻とトラブル続きでした。仕舞いには、切迫早産となり入院となってしまい不安で仕方なかったです。 性別が分かり次第、夫婦それぞれ名前を3つずつ考えました。私が、男の子ならラ行が格好いいと思ってたのでラ行縛りで考えました。あと、姓名判断も利用しました。最終的に、名前候補は3つまで絞りました。あとは、顔をみて決めることにしました。 礼恩は、私的に少し派手だから1番考えられないと思ってました。でも、顔と産院が被せてくれた黄色の帽子をみて、礼恩しか考えられなくなりました。旦那も、「そうしよう」と言ってくれました。人に対して、礼儀正しく気品があって優しい子になるように、思いを込めました。	sound_row	https://baby-calendar.jp/knowledge/common/1520	bc
2020	M	ら行	玲希	れき	"出産間近までなかなか決まらず、書店で名前辞典を夫婦で見ていた時""レキ""とゆう響きが気に入りました。読み方が2文字がよく、友人やそのお子様が多数いるのでまわりにおらず、よくをゆえば漢字1文字が理想でした。候補はありましたが漢字が決まらずどうしようかと悩んでいましたが、“レキ”を見たときお互いが気に入りこの読みにしようと決定しました。画数運勢アプリで調べてみたらもろもろの運勢がよく、それぞれの漢字の意味もすごく気に入りました。 「玲」…澄み切った美しい心を持つ玉のように愛らしい人。「希」…めったになくまれなこと、希望、物事を強く願うこと。私たちが令和婚したこともあり、“令”が入っているのも気に入りました。周りに報告した際、一言目は珍しいでしたが（笑）、綺麗な響きでいいねと言われ、唯一のものになってよかったなとすごく思います。"	sound_row	https://baby-calendar.jp/knowledge/common/1520	bc
2020	M	ら行	蓮	れん	赤ちゃんが来てほしいと言っていた長女がつけた名前です。年の差が7歳と離れてしまったからこそ、娘が考えることができました！ 小学校1年生の娘が一生懸命考え、自由帳にいっぱい名前の候補を書いてくれました。どれもお友達にはいない名前で、娘のイチオシの名前に決めました。漢字は「蓮」。よくある人気の名前ですが、我が家では娘がまだ見ぬ赤ちゃんのために一生懸命考えてくれた特別な名前です。	sound_row	https://baby-calendar.jp/knowledge/common/1520	bc
2020	M	ら行	漣	れん	『さざなみ』という意味から、海を連想させる漢字なので、海のように心が広く、穏やかな子に育ってほしいと名づけました。また、『れん』という音の響きや、2文字なので覚えられやすいかなと。	sound_row	https://baby-calendar.jp/knowledge/common/1520	bc
2020	M	ら行	廉	れん	おじいちゃんの名前を使いました！ おじいちゃんの名前に兼と言う字が使われているのでその字を使いました！	sound_row	https://baby-calendar.jp/knowledge/common/1520	bc
2020	M	ら行	蓮	れん	赤ちゃんはベトナム人の私と日本人の旦那さんの間でできたハーフの子です。長い不妊治療を受け、ようやく赤ちゃんに出会え、嬉しさのあまり、早く早く名前をつけたいと妊娠初期から考え始めました。良い意味で、日本人にもベトナムにも呼びやすい、響きの良い名前にしたいなと二人で楽しみながらいろいろ探りました。そこで旦那が上げたのが男の子なら「レン」、女の子なら「レイ」でした。響きが良くて私もすぐお気に入りでした。両方とも短いお名前で、ベトナムのお爺ちゃまお婆ちゃまも呼びやすいでしょう。「レン」なら「蓮」はちょうどベトナムの国華であり、清らかな生き方を象徴するもので、私の大好きなお花でもありました。「レイ」はどうしようかなと悩んでいました。でも今回は「蓮」かなと何故か頭の中ちょっぴり思っていました。そう考えているうちに去年の夏がやって来ました。 毎年、学校の夏休みの終わり頃に、旦那さんが地元の小学校で黒板に絵を描き、休みから学校に戻る学生たちにサップライズするプロジェクトに参加していますが、去年の作品は、大きなハスの花の上に、男の赤ちゃんがいて、ニコニコしていいる絵でした。その絵を見ると、益々おなかの中にいる赤ちゃんは「蓮」だと思いました。きっと旦那さんも「蓮」を想像しながら、絵を描いたんじゃないかと思います。そして、本当にやってきてくれるのが「蓮」と中期の検診でわかりました。そこから、「蓮君」という呼び方が私たちに定着していました。「蓮君おはよう」、「蓮君大きくなってね」と毎日おなかの中にいた赤ちゃんに話しかけました。 赤ちゃんの体位が「横位」で、治らないと帝王切開になると先生に言われて、旦那さんが「蓮君、頭は下、足は上だよ」とお願いし続けて、かろうじて出産の前、体位が正常になりました。蓮君がちゃんとお願いを聞いてくれて、偉い子だねと親バカでありながらも、そう信じました。 そして生まれてきた赤ちゃんは旦那さんが描いた赤ちゃんにそっくりで、髪の毛がふさふさして、いつもニコニコする子です。ずっと前から名前で赤ちゃんを呼んでいましたが、誕生した可愛い天使を抱っこしながら、名前を呼べて、今の方がずっと特別な幸せな気持ちでいっぱいです。ベトナムからお婆ちゃまが来てくれていますが、難なく「Ren」と呼んでくれています。ビデオチャットでベトナムにお爺ちゃまや他の親戚も違和感なくすぐ呼び方を覚えて	sound_row	https://baby-calendar.jp/knowledge/common/1520	bc
2020	M	ら行	蓮	れん	5人目で、待望の男の子。瑠璃→海（長女）。愛樹→陸（次女）。空來→空（三女）。柚月→宇宙（四女）。姉たちをまとめるのは、仏の心を持つ男の子じゃないとまとめられないと思いつけた。仏には、蓮の花が咲いてるイメージだから。	sound_row	https://baby-calendar.jp/knowledge/common/1520	bc
2020	M	ら行	廉星	れんせい	『誠実』『まっすぐ』という意味のある『廉』「日」を「生きる」と書いて『輝く』『てらす』という意味のある『星』。まっすぐな誠実さを持ち、自分なりに輝きながら毎日を、日々を、生きる子になってほしいと願いを込めて『廉星』と名づけました。そして、あなたは親の所有物でもアクセサリーでも無い。小さくても感情を持つ1人の人間だからこそ自分なりに輝き、時にはまわりをてらすような人になってほしいと気持ちを込めました。（育休中の廉星ママさん） 歴代の赤ちゃんの名づけエピソード大賞 2020年赤ちゃんの名づけエピソード大賞 ＞ 2019年赤ちゃんの名づけエピソード大賞 ＞ 2018年赤ちゃんの名づけエピソード大賞 ＞ 2017年赤ちゃんの名づけエピソード大賞 ＞ 2016年赤ちゃんの名づけエピソード大賞 ＞ 2015年赤ちゃんの名づけエピソード大賞 ＞ 歴代の赤ちゃんの名前ランキング 2020年赤ちゃんの名前ランキング ＞ 2019年赤ちゃんの名前ランキング ＞ 2018年赤ちゃんの名前ランキング ＞ 2017年赤ちゃんの名前ランキング ＞ 2016年赤ちゃんの名前ランキング ＞ 2015年赤ちゃんの名前ランキング ＞ 2014年赤ちゃんの名前ランキング ＞ 2013年赤ちゃんの名前ランキング ＞ 2012年赤ちゃんの名前ランキング ＞ 2011年赤ちゃんの名前ランキング ＞ 2010年赤ちゃんの名前ランキング ＞ あなたの“今”の悩みを専門家に無料で相談できます 自分だけでは解決できない不安やお悩みは、助産師や管理栄養士などの専門家に個別相談してみませんか？ 専門家に相談する その他についての悩み もっと見る 専門家に相談する 妊娠・育児アプリ ベビーカレンダー記事制作の取り組み ＼ この記事にいいね！しよう ／ 0 クリップ 現在ログインしていません。 ログイン しますか？ シェアする 名前ランキング検索 ベビーカレンダーが独自で調査・集計した2017年以降に生まれた赤ちゃんの名前データの中から、知りたい名前の順位、よみの順位、漢字の順位を見ることができます。 【名前で検索】【よみ方で検索】が名前の一部で検索できるようになりました！ 名前で検索 男の子 女の子 と一致する で始まる で終わる を含む 検索 よみ方で検索 男の子 女の子 と一致する で始まる で終わる を含む 検索	sound_row	https://baby-calendar.jp/knowledge/common/1520	bc
2020	M	わ行	渉	わたる	赤ちゃんを授かる前から男の子だったら「わたる」という響きの名前がいいね、というのは主人と一致していて、男の子だと分かった時から2人とも自然と「わたるくん〜」と話しかけていました。広い視野を持ち羽ばたいていって欲しいという願いからです。主人が漢字一文字だったので、漢字一文字でと考え、名字との画数も同時に調べて渉という漢字にいきつきました。 めでたく決まり、ぼんやりと決まった名前を見ているときに気付きましたが、パパの名前が「潤」、ママの名前が「歩」、2人の名前のへんとつくりを半分ずつ合わせた名前が「渉」でした！ なんだか運命的なものを感じてビックリしたのを今でもはっきりと覚えています。私たちからの大切な贈り物のこの名前をいつまでも大切にしてくれたら嬉しいなあと思います。（わっくママさん） 歴代の赤ちゃんの名づけエピソード大賞 2020年赤ちゃんの名づけエピソード大賞 ＞ 2019年赤ちゃんの名づけエピソード大賞 ＞ 2018年赤ちゃんの名づけエピソード大賞 ＞ 2017年赤ちゃんの名づけエピソード大賞 ＞ 2016年赤ちゃんの名づけエピソード大賞 ＞ 2015年赤ちゃんの名づけエピソード大賞 ＞ 歴代の赤ちゃんの名前ランキング 2020年赤ちゃんの名前ランキング ＞ 2019年赤ちゃんの名前ランキング ＞ 2018年赤ちゃんの名前ランキング ＞ 2017年赤ちゃんの名前ランキング ＞ 2016年赤ちゃんの名前ランキング ＞ 2015年赤ちゃんの名前ランキング ＞ 2014年赤ちゃんの名前ランキング ＞ 2013年赤ちゃんの名前ランキング ＞ 2012年赤ちゃんの名前ランキング ＞ 2011年赤ちゃんの名前ランキング ＞ 2010年赤ちゃんの名前ランキング ＞ あなたの“今”の悩みを専門家に無料で相談できます 自分だけでは解決できない不安やお悩みは、助産師や管理栄養士などの専門家に個別相談してみませんか？ 専門家に相談する その他についての悩み もっと見る 専門家に相談する 妊娠・育児アプリ ベビーカレンダー記事制作の取り組み ＼ この記事にいいね！しよう ／ 0 クリップ 現在ログインしていません。 ログイン しますか？ シェアする 名前ランキング検索 ベビーカレンダーが独自で調査・集計した2017年以降に生まれた赤ちゃんの名前データの中から、知りたい名前の順位、よみ	sound_row	https://baby-calendar.jp/knowledge/common/1521	bc
2021	F	あ行	愛	あい	5歳の上の子の待望のきょうだいです。上の子は病院にもついてきて、性別が女の子ってわかったとき「騒いだらダメ」と言ったら静かにガッツポーズをしてバンザイ。そして名前は「愛ちゃん」がいいと譲りませんでした。理由を聞くと「愛って愛するものってことでしょう」の返答が。生まれてみると名前の通り愛嬌たっぷりの子でした。	sound_row	https://baby-calendar.jp/knowledge/common/1541	bc
2021	F	あ行	愛叶	あいな	やさしく思いやりがあり、たくさんの人から「愛」されるような人に。また、夢や目標を「叶」えられるよう充実した人生を送ってほしいという願いを込めて。	sound_row	https://baby-calendar.jp/knowledge/common/1541	bc
2021	F	あ行	愛莉	あいり	妊娠が判明してすぐのころ、不思議な夢を見たことが名づけのきっかけとなりました。夢のなかで、家にいるとインターホンが鳴り宅急便が届きました。宛名を見ると「莉」という漢字がついた知らない女の子の名前でした。目が覚めたときに、おなかの子は女の子だ！と確信し、産婦人科の先生にも話をすると「そういうのはよく当たるよ」と言われ、後日、本当に女の子だと判明しました。微弱陣痛で4日寝ずに産んだ娘はバレンタインデー生まれ。バレンタインデーは愛を伝える日なので「愛」という漢字を選び、夢のなかで見た漢字も足して「愛莉」と名づけました。周りの人を大切にして「愛し、愛され」、「茉莉花」のように可憐でやさしい女の子になってほしいという意味をこめました。	sound_row	https://baby-calendar.jp/knowledge/common/1541	bc
2021	F	あ行	愛有	あいり	私と夫の歳の差は18歳で夫は今年で50歳。夫は歳を気にして結婚できるかも不安だったようです。入籍して、子どもを授かったときはお互いとても喜びました。名前は性別がわかる前からいろいろと2人で考えてとても幸せな時間でした。夫と私の名前の漢字に「有」が入っているので男の子でも女の子でも「有」をつけたいなと話していました。しかし、いろいろと候補があるけどなかなか決まらず、性別がわかる数日前に女の子の名前が先に決まり、みんなを愛し愛される子で、ありがとうという感謝の気持ちを忘れないようにという願いを込めて「愛有（あいり）」という名前に決めました。そして性別も女の子とわかり、その日から夫と一緒におなかにいるわが子の名前を呼び、生まれてくるのを待ち遠しく感じていました。夫は自営業でオーナーをしているのですが、新型コロナウイルスの影響で2店舗あるうちの1店舗を閉店しないといけなくなりました。しかし、そこで働いていたスタッフが困ってしまうため移転をするかどうかという話も出て、「この仕事を続ける」と言ってくれたスタッフも多かったので、元あった店舗より小さなテナントを探して移転することになりました。新たなスタートをというタイミングでスタッフが減ってしまったものの、なんとかオープンすることができました。オープンするにあたって不安もありましたが、残りのスタッフも支えてくれて本当に感謝の気持ちでいっぱいです。おなかのなかのわが子の心配もしてくださったり「元気な子を産んでね」「抱っこさせてね」など、生まれる前からたくさん愛してもらいました。出産は約30時間かかりましたが、娘も頑張ってくれたおかげで元気な姿で会うことができました。生まれた瞬間、先生や助産師さんにいっぱいの「ありがとうございます」という言葉が出てきて、わが子を見た瞬間に涙が出てきました。授かることも奇跡で生まれてくることも当たり前じゃなく、本当にいろいろな人に感謝の気持ちでいっぱいです。特に夫は入院のとき、本当に大変だったと思うけれど付き添ってくれました。ありがとう。愛有も、私たちのもとに生まれてきてくれてありがとう。	sound_row	https://baby-calendar.jp/knowledge/common/1541	bc
2021	F	あ行	蒼依	あおい	妊娠がわかった日はとてもいい天気で、どこまでも続く青空がとてもきれいでした。妊娠のうれしさと、天気の気持ちよさでワクワクした気持ちになりました。おなかの子にはこの蒼天の空のように人を包み込めるやさしい人になってほしいなとの願いを込めて「蒼依（あおい）」と名づけました。コロナ禍でいろいろと制限されていた妊娠生活は不安もたくさんありました。出産後、2歳の長男のイヤイヤ期と重なって、気分が落ち込むこともたくさんあります。そんなときは、あの日の空を思い出します。娘の名前を呼ぶと勇気と元気が湧いてきて、また頑張れるような気がします。	sound_row	https://baby-calendar.jp/knowledge/common/1541	bc
2021	F	あ行	青葉	あおば	私の名前が「芽生（めい）」です。芽生えてから青葉をつけるということで「青葉」という名前を祖母がつけてくれました！	sound_row	https://baby-calendar.jp/knowledge/common/1541	bc
2021	F	あ行	茜	あかね	茜空という言葉があるようにきれいな空を家族みんなで共有して穏やかな時間を過ごしていきたいと思いつけました。3兄妹の末っ子なのでそれぞれの個性を活かしつつ関連性がある名前をと思い、漢字1文字で揃えました。	sound_row	https://baby-calendar.jp/knowledge/common/1541	bc
2021	F	あ行	明音	あかね	一度目の結婚のとき、ずっと不妊治療をしていましたが、なかなか子どもを授かることができず、私には子どもができないんだと諦めていました。その後、うれしいことにお付き合いをしていた方との間に今の子を授かりました。とてもうれしくて、私はいろいろな名前を考えては幸せになれるように画数を調べていましたが、夫からすべての名前を却下され、夫がつけることになりました。画数の運勢がどんなに悪くても絶対に「茜」にすると言い張っていた夫。けれど生まれる数日前、やっぱり運勢が最悪だと名前を変更することに。明るい音でいつでもどんなときも、自身も周りも幸せになるようにと願いを込めて「明音」と名づけました。ずっと授かれなくて諦めていた私には、すでにこの子からたくさんの幸せをもらっていたので夫の意見に賛成。毎日あたふたしながらも育児に奮闘している今もこの子からたくさんの幸せをもらっています。私もこの子にそれ以上の幸せをあげられるように頑張りたいと思います。	sound_row	https://baby-calendar.jp/knowledge/common/1541	bc
2021	F	あ行	燈	あかり	灯台の灯の旧字体で周囲を明るく照らすという意味が気に入って名づけました。灯台のある港のように人の集まる人、灯台の灯りが暗い夜を照らすように問題を解決する能力の高い人になるといいなと願っています。	sound_row	https://baby-calendar.jp/knowledge/common/1541	bc
2021	F	あ行	杏紗	あさ	胎動がとても激しく、内臓を抉られるような痛みを伴う妊娠後期、妊婦生活でした。また、予定日を過ぎても、降りてくる気配もなく、子宮口が5cmあいても始まらない陣痛。9日超過し、促進剤をまる2日いれての出産となりました。誕生日は自分で決める！という意志の強さを感じました（笑）。活発でわんぱくな女の子、強い意志を持って自分で人生を切り開くという女性像から、朝ドラの『 あさが来た』で 波瑠さんが演じた主人公が浮かび、そこから「あさ」と名前をいただきました。漢字は当て字です！	sound_row	https://baby-calendar.jp/knowledge/common/1541	bc
2021	F	あ行	陽加	あすか	お兄ちゃんと8歳差でこの世に生まれてきた、念願の天使のような女の子です！ 彩り鮮やかな紫陽花の花々が咲き誇る季節に誕生した女の子。わが家に暖かな陽の光が加わり、幸せの輪がまた輝きだしました！ この先の彼女の人生が輝く明日に向かい歩んでくれますように……命名「陽加」読み「あすか」です♪	sound_row	https://baby-calendar.jp/knowledge/common/1541	bc
2021	F	あ行	亜珠沙	あずさ	妊娠がわかってすぐ、なぜかこの子は女の子だと思いました。まだ初期の段階でしたがどうしてもつけたかった名前だったので「あずさ」にしました。漢字のなかに自分の文字を1つ入れたいと思ったのもこの名前にした理由です。	sound_row	https://baby-calendar.jp/knowledge/common/1541	bc
2021	F	あ行	亜美	あみ	夫が昔から大ファンだった鈴木亜美さん。妊娠6カ月で、女の子の確率が高いとお医者様から言われ、夫に伝えると大喜びでした。このときからもう名前は「亜美」ちゃんだったと思います。	sound_row	https://baby-calendar.jp/knowledge/common/1541	bc
2021	F	あ行	あゆ	あゆ	夫婦共に浜崎あゆみさんが大好きなので呼び名の「あゆ」にしました！ 平仮名です！（まゆみママさん）	sound_row	https://baby-calendar.jp/knowledge/common/1541	bc
2021	F	あ行	衣央莉	いおり	待望の赤ちゃんを授かり、まだ性別もわからないころから名前どうしようか……とソワソワ。毎日夫が仕事から帰ってくるまで名前を考え、メモ帳に名字と名前を続けて書いたものを見せては「あり」「なし」を判断してもらうということを続けていました。女の子の名前も男の子の名前も山ほど候補を出しました（笑）。夫も私のソワソワによく付き合ってくれたなぁ〜と思います。そのたくさんの候補のなかから今の名前が決まりました。前々から、「いおり」という響きが好きでした。でもよくある「伊織」という字だと男女の区別がつきにくいかな？と思い、違う漢字を当ててみることに。予定日の6月が衣替えの季節だったこともあり、「い」に「衣」の字を。この字には、やさしく温かく包み込む衣服のように、思いやりや包容力のある子になってほしいという願いも込めました。「お」には中央の「央」。自分をしっかり持った芯のある子になってほしい、どんな困難な世の中でもまっすぐ、自分の道をブレずに進んでいける子になってほしいという願いを。「り」には茉莉花（ジャスミン）の「莉」。可憐でかわいらしいお花のように、誰からも愛されるチャーミングな子になってほしいという願いをそれぞれ込めました。考えたなかで、意味も字面も一番気に入っていた名前でしたが、夫に何も言わずにほかの候補も合わせて見せたとき、「この名前、すごくしっくりくるなぁ〜。きれいでいい名前だと思う」と言ってくれました。今までどの名前の候補も「まぁ、悪くないかな？」くらいの感想だったので、私が一番いいと思っていた名前にピンときてくれて、この名前しかない！と決めました。その後、性別も女の子で確定、無事に生まれてきてくれて、迷うことなく今の名前になりました。夫婦2人で気に入った思いのこもった名前、子どもにも気に入ってもらえるといいな。	sound_row	https://baby-calendar.jp/knowledge/common/1541	bc
2021	F	あ行	維織	いおり	名前の候補が3つあり、顔を見て選ぼうと夫と話をしていました。予定日を超えての出産で55時間の陣痛と戦いました。自然分娩も吸引分娩もダメで子どもの心拍が落ちたり私の意識が遠のいたり……。危険と判断され緊急帝王切開に切り替わりました。大変だったけれど私も子どもも無事で、ちゃんとつながっていたんだなと思ったのと、この子のおかげで夫との結婚にも踏み切れたので「つなぐ」「結びつける」という意味を持つ「維」を入れました。	sound_row	https://baby-calendar.jp/knowledge/common/1541	bc
2021	F	あ行	生弥	いくや	兄と画数を揃えたなかから漢字を選択。お互いの身内と被らないように配慮しました。コロナ禍でもわが家に生まれてきたい！とそんな生命力のある子、制限のなかでも生きる力をつけて、のびのび、いきいき、自分らしく成長してほしい。周りにエネルギーを分け与えられるような人間に育ちますようにと願いを込めて。私が提案して夫も異論なくスムーズに決定しました。	sound_row	https://baby-calendar.jp/knowledge/common/1541	bc
2021	F	あ行	衣千佳	いちか	妊娠が発覚してから、女の子だったらパパの名前の「佳」という文字を入れようと話していました。「佳」を「よし」と読ませるより、「〇〇か」という名前を2人でたくさん考え、最後は響きと画数で決めました。衣のように繊細で豊かな感性を持ち、たくさん（千）の人に愛され、聡明（佳）で賢い子になってほしい、という思いを込めました。漢字で書くと古風な雰囲気ですが、響きはとてもかわいくて気にいっています。	sound_row	https://baby-calendar.jp/knowledge/common/1541	bc
2021	F	あ行	一叶	いちか	不妊治療をしており諦めかけていたときに授かった子で、私たち夫婦の一番の願いが叶ったので「一叶」と名づけました。「一つ口にすると十願いが叶ってほしい」という思いも込めました。	sound_row	https://baby-calendar.jp/knowledge/common/1541	bc
2021	F	あ行	苺花	いちか	最初に名前を考えるとき、娘がいい未来を進んでいけるようにと本を読みながらずっと考えていました。しかし、なかなかいい名前が浮かばずに出産予定日がどんどん近くなって焦りが出てきたころ。ふと、結婚式のために用意したウエルカムボードに描かれた夫婦の似顔絵が目に止まりました。そこにはかわいらしい小さな花が咲いており、イラストを描いてくれた人が苺の花をモチーフにして描いたと話していたのを思い出しました。そのときに教えてくれた苺の花の花言葉が「幸福な家庭」という意味だと思い出し、出産予定日も4月だったので「これだ」と「苺花」と名づけました。妻も植物にちなんだ名前にしたいと言っていたのでとても喜んでくれました。娘も自分の名前を気に入り、将来幸福な家庭を築いてくれればうれしく思います。	sound_row	https://baby-calendar.jp/knowledge/common/1541	bc
2021	F	あ行	一花	いちか	夫は子どものころ、ご両親から「なんでもいいから一番になれ」と育てられたそうです。そして夫は教えの通り、数万人規模のイベントを主催したり、転職後はクリエイターとして界隈で一番の人気を誇るなど、一番を貫いていました。ご両親の教えと、それを実現する夫を尊敬して、いつか子どもが生まれたら「一」という字を入れたいとずっと考えていました。娘が生まれたのは3月の末。ちょうど桜が満開のころでした。そのとき「一花」だ、と直感しました。なんでもいいから好きなことで一番になって、この桜の花のように柔らかく温かい女性になってほしいという祈りです。もし、頑張って一番になれなかったときがきても、この子はずっと私たちの一番です。	sound_row	https://baby-calendar.jp/knowledge/common/1541	bc
2021	F	あ行	市華	いちか	もともと響きがいいなぁと思っていたところに、スキマスイッチの『未来花』という曲を聴き、サビの歌詞から、「いちか」に決めました。 漢字も「一花」がよかったのですが、名字に合わせると画数がよくなかったので、ものすごく悩み、人が集まるという「市」、華々しいの「華」に決めました。	sound_row	https://baby-calendar.jp/knowledge/common/1541	bc
2021	F	あ行	愛樹	いつき	愛にあふれ、樹木のようにしっかりと根を張り自立でき、鳥や動物が集まるように、友だちに囲まれる子になってほしいと名づけました！！	sound_row	https://baby-calendar.jp/knowledge/common/1541	bc
2021	F	あ行	絃愛	いとあ	夫との不仲のとき、もう別れようと思っていた矢先に飛び込んできたキューピッド。妊娠したことを夫に告げると喜んでくれて、私たちの不仲は解消しました。今までにはないくらいに、お互いの意識が変わり、お互いが仲良くしようとできた。これこそまさに恋のキューピッドかと思いました。ひたすら考えた名前。「絃」は人とのつながり、「愛」は愛すなどの意味があります。今の時代、騙し騙されながら経験していくこともたくさんあると思いますが、そのなかでもいろいろな人に愛されていろいろな人を愛して、やさしい気持ちで生きてほしいと思い名づけました。私たち夫婦も幸せな家族に変わりました。わが娘はまさにキューピッドです。	sound_row	https://baby-calendar.jp/knowledge/common/1541	bc
2021	F	あ行	彩葉	いろは	結婚したとき、私が28歳、夫が36歳。1年ほど妊活をしましたが授からず、年齢的なものもあるので夫婦ともに不妊検査をしました。そこで私に子宮内膜ポリープが複数あることがわかりました。素人が見てもわかるくらいボコボコと。これでは受精ができても、着床できないということで、手術をすることになりました。今までちゃんと受精できていたかもしれないのに、着床させてあげられていなかったんだと悲しくなりました。こんなことなら生理痛がひどいことを当たり前だと我慢するんじゃなかったと後悔もしました。手術は20分程度の軽いもので、即日退院。その後妊活を再開しましたが、半年間は授かりませんでした。生理がくるたび落ち込む日々。夫や母には強がって「手術したばっかだしねー」と軽く言っていましたが、本当に毎回落ち込んでいました。半年後、また出血があり、またダメだったなぁと落ち込んだのですが、出血が続かなかったので、「もしかして着床出血！？」とはやる気持ちを抑えて5日ほど我慢し、妊娠検査薬をしてみました。すると陽性の線が出て涙が出ました。妊娠がわかってから男の子と女の子の名前をちょっとずつ考えましたが、なかなか思い浮かばず時は過ぎ、性別が女の子とわかると、マタニティハイな夫は、名前を「ココアにする」と言い出しました。私と夫の子、お世辞にもお顔はかわいくはならないだろう。それで「ココア」と名づけるのはちょっと名前負けするのでは……と思い、私は義母に相談しました。すると「ココア！？ じゃあ2人目は緑茶にでもするんか？ それとも紅茶か？ さすがにないわ！」と一喝してくれました。義母、頼もしい。マタニティハイな夫を差し置いて、私が名前を考えました。名前の字画がよいもの、なおかつ響きがよく、5月生まれで葉が色づき始める時期ということで「彩葉」と名づけることになりました。しかし、生まれてみないと本当に女の子かはわからないので、一応男の子の名前も夫に考えるよう言っておきましたが、結局決まらないまま出産を迎えました。生まれた瞬間、顔よりもお股を確認しました。ちゃんと「彩葉」という名前の雰囲気にあった子になっている気がします。名前というのはすごいなと思いながら育児を楽しんでいます。	sound_row	https://baby-calendar.jp/knowledge/common/1541	bc
2021	F	あ行	彩葉	いろは	葉っぱが紅葉するようにいろいろな才能を身につけて、いろいろな色に葉っぱを彩っていける人生になるように願いを込めました。	sound_row	https://baby-calendar.jp/knowledge/common/1541	bc
2021	F	あ行	彩華	いろは	私の再婚により年の差兄妹になりました｡16歳と11歳の2人のにぃには、生まれる前からとても心待ちにしていました。長男は私と一緒に地域の両親学級に参加し､沐浴&ジャケットを着て妊婦体験まで（笑）！ 次男は毎日おなかに話しかけナデナデ。性別が「女の子かも？」とわかると念願の妹に長男はさらに大喜び！ 名前も私が出した候補から､お兄ちゃん2人と話し合いを重ねに重ねるも意見が割れてなかなか決まらず……。特に次男は､「大きくなって名前でイジメられたら困る！ 漢字も大事！」とかなり真剣に考えてくれていて､そんなお兄ちゃんたちがかわいくてしょうがなかったです（笑）！ なんとか2つまで候補を絞り､最終決定は顔を見てからにして無事出産。コロナ禍で立ち会いも面会も一切禁止だったため､退院までは誰も直接顔を見ることができず……。写メや動画､テレビ電話でやりとりをしながら無事退院の日になりました。名前は最後まで意見が分かれて、出生届の提出期限ギリギリまで話し合いをし､なんとかみんなで納得する名前にすることができました。最後まで真剣になって考えてくれたお兄ちゃん2人の思いもたーっぷり詰まった最初のプレゼントです。多くの才能に恵まれて、周りの人を惹きつける魅力のある人になるように､そして彩りある人生を歩めますように。妊娠中から私の相談相手で、おむつ替えも子守りもそつなくこなす長男。ほぼ毎日お風呂に入れてくれる次男。みーんな彩華にメロメロです。大きくなったら､あのときのお兄ちゃんたちの熱い思いを伝えてあげたいです！（いーたんママさん）	sound_row	https://baby-calendar.jp/knowledge/common/1541	bc
2021	F	あ行	羽唯	うい	羽毛のようにやさしく包み込むような心のやさしい子に。私たち（we）家族の大切（唯）な存在です。	sound_row	https://baby-calendar.jp/knowledge/common/1541	bc
2021	F	あ行	唄	うた	夫も私も歌手の中島みゆきさんが大好きで、『ファイト！』という歌のサビの歌詞から「唄」を名前にしました。この歌のように、芯のある女性になってほしいという気持ちを込めました。名づけの意味はもうひとつあります。「うた」は名前も漢字もいろいろありますが、こちらの「唄」という漢字は大勢で合唱するという意味が込められていて、みんなで手を取り合って生きていってほしいという気持ちも込めました。	sound_row	https://baby-calendar.jp/knowledge/common/1541	bc
2021	F	あ行	生丹美	うたみ	運勢がよくなるように画数で決めようと調べていたところ「生太美（うたみ）」という名前が出てきて、かわいい響きだなーと気に入っていました。しかし女の子に「太い」という字は私たちは好まないなぁと思ったので「太」と同じ画数で「た」と読む漢字を調べたら、「たん」「たみ（伊丹空港のたみ）」だけど「丹」が出てきました。「丹」には「まごころ」という意味があるのと、夫の出身が丹波地方なので、これはいい！と思い「生丹美（うたみ）」と名づけました！	sound_row	https://baby-calendar.jp/knowledge/common/1541	bc
2021	F	あ行	兎月	うつき	気が早いですが、生まれる半年前から考え始め、私は周りにいなくて古風な名前がいいと思っていました、「絃葉」「はづき」「しゅんか」など聞いても、某アニメのキャラそのまま挙げるなど、いつもは意見が揃う夫ですが、名前に関してはお互いに譲らないまま何カ月も過ぎていました。そして、 夕暮れ時に2人でドライブしているといきなり「兎月は？」と言い出しました。私の要望である古風な名前と周りにいないが一致して私はすぐ承諾。「なんで兎月？」と聞いたらそのときの月がとってもきれいでその名前が頭に浮かんだらしいです。あんなに名前で争っていたのが不思議なぐらいあっさり決まってしまいました。インパクトもあり、2月生まれだしでお互いに心残りないものに決まってよかったなと思いました。そこからうさぎグッズ集めが趣味になってミッフィーも好きに。親も今では「うっちゃんうっちゃん」ととってもかわいいみたいです。よくよく考えたら『セーラームーン』だねと話をして、ちびうさグッズも集めています。たしかに私が生まれた年に『セーラームーン』のテレビアニメ放送が始まり、妊娠した去年、新シリーズが発表されて運命かなと思っています（笑）。姪っ子にセーラームーン、兎月にちびうさのコスプレをしてもらい出かける楽しみができました！（セーラームーンママさん）	sound_row	https://baby-calendar.jp/knowledge/common/1541	bc
2021	F	あ行	咲茉	えま	茉」は妻の名前の1字を取っており、漢字でジャスミンと書くときの1字でもあります。ジャスミンが咲くように可憐で美しい女性になってほしいという意味がひとつ。また、「咲」には笑うという意味も含まれており、笑顔が素敵で、周りの人も笑顔にできるような女性になってほしいと思い名づけました。	sound_row	https://baby-calendar.jp/knowledge/common/1541	bc
2021	F	あ行	恵麻	えま	麻」は、夫の名前から1文字取ったのと、私（母）が洋服が大好きで特にリネン生地が好きです！ さらっと心地よい触り心地で昔から親しまれてきた素材。安らぎと親しみを与えられるように、そしてモノに運に人に……と、とにかくたくさんのものに恵まれるように。という欲張りな名前です。 また、読みも海外でも馴染みやすいようにしたので、自由に好きなところで過ごしてほしいという思いもあります。	sound_row	https://baby-calendar.jp/knowledge/common/1541	bc
2021	F	あ行	笑舞	えま	新型コロナウイルスのため我慢することが多く、今まで通りしてあげられないことも増えたと思います。それでも我慢した結果、今まで以上の毎日が戻ってくると思っています。少しうれしいことにも目を向けられなくなった世の中でも、少しの喜びを私たちだけではなく、みんなに教えてあげれるほどの子になりますように。今も笑ってくれるときが本当に多いので、幸せな気持ちになっています。	sound_row	https://baby-calendar.jp/knowledge/common/1541	bc
2021	F	あ行	咲真	えま	咲」という字はもともとは笑顔という字ということを知り、女の子でかわいらしい字を使いたかったのもあり「咲」を入れました。「真」という字は母親の名前から1字とりました。取った理由としては母親も私の母親（子どもから見て祖母）の名前から1字もらって名づけられたということがあるので同じように母親の名前から1字取りたかったという理由です。最終的な由来としては、たくさん笑ってまっすぐ大きくなってくれますようにという気持ちを込めて名づけました。	sound_row	https://baby-calendar.jp/knowledge/common/1541	bc
2021	F	あ行	榮麻	えま	榮麻が生まれたのは2021年7月でした。実は1年前にもおなかのなかに新たな命がいました。しかし妊娠がわかった後、すぐに流れてしまいました。原因はわかっていません。その後私たちは新型コロナウイルスで延期していた結婚式を家族だけでおこないました。その結婚式の直前に妊娠が発覚。無事出産し、今ではスクスクと元気に育っています。名前の由来としては、コロナ禍でもあり、自粛自粛で疲れが溜まっているなかで、天使が私たち夫婦のもとにきてくれました。そこで、「幸福に満ち溢れた人生を送り、自然の温かさを感じさせ、周りを包み込むようなやさしさを持つ人になることを願って」と名前をつけました。（えまパパさん）	sound_row	https://baby-calendar.jp/knowledge/common/1541	bc
2021	F	あ行	陽澄	おと	母がピアノの先生、父が趣味でドラマー、姉は音大に進みましたが、私は医師の道へ進みました。音楽とは関係ない進路でしたが、音楽が好きなため、娘の名前は「おと」にしたいと思っていました。母の名前の陽子の「陽」の読みが「お」であったため、太陽のように元気に、また澄んだ子になるようにと、「陽澄」と書き、「おと」と名づけました。また、現代はジェンダーレスの時代、男の子でも女の子でも通用する漢字にしました。（おとママさん） 歴代の赤ちゃんの名づけエピソード大賞 2021年赤ちゃんの名づけエピソード大賞 ＞ 2020年赤ちゃんの名づけエピソード大賞 ＞ 2019年赤ちゃんの名づけエピソード大賞 ＞ 2018年赤ちゃんの名づけエピソード大賞 ＞ 2017年赤ちゃんの名づけエピソード大賞 ＞ 2016年赤ちゃんの名づけエピソード大賞 ＞ 2015年赤ちゃんの名づけエピソード大賞 ＞ 歴代の赤ちゃんの名前ランキング 2021年赤ちゃんの名前ランキング ＞ 2020年赤ちゃんの名前ランキング ＞ 2019年赤ちゃんの名前ランキング ＞ 2018年赤ちゃんの名前ランキング ＞ 2017年赤ちゃんの名前ランキング ＞ 2016年赤ちゃんの名前ランキング ＞ 2015年赤ちゃんの名前ランキング ＞ 2014年赤ちゃんの名前ランキング ＞ 2013年赤ちゃんの名前ランキング ＞ 2012年赤ちゃんの名前ランキング ＞ 2011年赤ちゃんの名前ランキング ＞ 2010年赤ちゃんの名前ランキング ＞ あなたの“今”の悩みを専門家に無料で相談できます 自分だけでは解決できない不安やお悩みは、助産師や管理栄養士などの専門家に個別相談してみませんか？ 専門家に相談する その他についての悩み もっと見る 専門家に相談する 妊娠・育児アプリ ベビーカレンダー記事制作の取り組み ＼ この記事にいいね！しよう ／ 0 クリップ 現在ログインしていません。 ログイン しますか？ シェアする 名前ランキング検索 ベビーカレンダーが独自で調査・集計した2017年以降に生まれた赤ちゃんの名前データの中から、知りたい名前の順位、よみの順位、漢字の順位を見ることができます。 【名前で検索】【よみ方で検索】が名前の一部で検索できるようになりました！ 名前で検索 男の子 女の子 と一致する で始まる で終わる を含む 検索 よみ	sound_row	https://baby-calendar.jp/knowledge/common/1541	bc
2021	M	あ行	蒼生	あお	出産を終え病室に戻ってカーテンをあけると、1週間ほど毎日天気が悪かったのにパッと澄んだ青空で病室にいるパパとママに光が差しました。これから出会う人たちに光を運んで、元気にしてあげられる子になってほしいなと思い名づけました。	sound_row	https://baby-calendar.jp/knowledge/common/1531	bc
2021	M	あ行	碧泉	あおい	母の名前である彩子の「彩」から、色に関する文字を入れようと思いました。3歳上の長女（翠珠）との繋がりも持たせたく、「翠」と同じく「みどり」と呼べて、「珠」の「きれいな石」という意味を持つ「碧」の漢字を選びました。9月の誕生石がサファイア（青色）なのからも、「あお」という呼び方にしました。翠珠の「翠」はカワセミとも呼べて、空を自由に飛ぶイメージなのに対して、碧泉は「地に足つけてしっかりと」というイメージをもたせ「泉」をつけ、対比になるようにしました。また、知識があふれる子になるように、という願いも込めました。	sound_row	https://baby-calendar.jp/knowledge/common/1531	bc
2021	M	あ行	碧	あおい	誕生石からとりました。8月の誕生石はペリドットで「幸福」「夫婦の愛」など幸せを呼び込む宝石と言われているそうです。また「太陽の宝石」とも呼ばれ、8月の暑い日に生まれたこの子にぴったりだと思いました。ペリドットは黄緑のような色ですが、「碧」は「みどり」とも読みます。この漢字は「緑に近い青緑」を指すようですが、もともとは光沢のある美しい石を意味していたようです。待ちに待った第一子だったため、本当に宝物だよという気持ちととにかく幸せな人生にしてほしいという気持ちでこの名前をつけました。	sound_row	https://baby-calendar.jp/knowledge/common/1531	bc
2021	M	あ行	蒼	あおい	夫が生まれたときの名づけ候補を義父から聞き、そこから連想して、夫婦2人で相談して考えました。まずは漢字を決め、何通りかの読み方を候補としていましたが、最終的な名前は上の子に選んでもらい、「あおい」となりました。	sound_row	https://baby-calendar.jp/knowledge/common/1531	bc
2021	M	あ行	碧輝	あおき	夫が海のように澄んだ心を持ってほしいという思いから「碧」を。私の父の名前が「光晴」、夫の名前が「光志」で、2人の願いを受け継いでほしい、そして2人を超えるような男の人になってほしいという思いから、「輝」の文字をとり「碧輝」にしました。いつでもひたむきで澄んだ心と自分の輝きを持っていてほしいです。	sound_row	https://baby-calendar.jp/knowledge/common/1531	bc
2021	M	あ行	蒼翔	あおと	妊娠後期の時期と予定日が夏だったので、夏らしく好きな漢字の「蒼」と、青い空を羽ばたくイメージで「翔」を組み合わせました！ また、第3子なので上のお姉ちゃんお兄ちゃんと仲良く育つように、穏やかで丸いイメージの響きにしました。	sound_row	https://baby-calendar.jp/knowledge/common/1531	bc
2021	M	あ行	蒼翔	あおと	上の子の名前に色が入っているので、色を使いたいと思いました。蒼翔には「草原を翔けるように自由にのびのびと元気に育ってほしい」という願いを込めました。今は制限も多い環境ですが、いつかマスクなしで自由に翔けまわってほしいと思います。	sound_row	https://baby-calendar.jp/knowledge/common/1531	bc
2021	M	あ行	蒼翔	あおと	名字が夜空を連想させるものなので、同じく空を思い浮かべる、明るい気持ちになる漢字と、高く高く羽ばたいてほしい気持ちを込めて名づけました。加えて、両親共にバレーボールをしていて出会いも社会人バレーだったこともあり、息子にも触れ合って高く跳んでほしいという気持ちも同時に込めています。明るく、そしていろいろな物に触れて育ってほしいです！	sound_row	https://baby-calendar.jp/knowledge/common/1531	bc
2021	M	あ行	碧斗	あおと	結婚して5年、さまざまな不妊治療をしましたがなかなか授かりませんでした。当時勤めていた職場の上司や同僚は治療には非協力的で、「まだできないの？」などここには書けないような冷たい言葉を言われたり、通院のために遅刻や早退をすることが許される雰囲気ではありませんでした。10年以上勤めた会社でしたが、思い切って退職し職業訓練校に通って資格を取り転職しました。すると転職した途端に妊娠が発覚。申し訳ない気持ちでいっぱいになりながら上司に報告しました。上司は嫌な顔ひとつせず温かく受け入れてくれました。社長を含め職場の皆さんがやさしく気遣ってくださり、体調も良く産休に入るまで元気に働くことができました。 本当に素敵な方々ばかりの会社で人として成長することができ、感謝の気持ちでいっぱいです。その後無事に男の子を出産しました。職場の方々のようなきれいで澄みきった心、広い心を持ってほしいと思い、「碧斗」と名づけました。碧斗には人の気持ちが分かるやさしい子になってほしいと思っています。	sound_row	https://baby-calendar.jp/knowledge/common/1531	bc
2021	M	あ行	蒼晴	あおは	晴れた青空の下、草木が青々としげるように伸び伸びと力強く、エネルギーにあふれた人生を送れるようにと名づけました。	sound_row	https://baby-calendar.jp/knowledge/common/1531	bc
2021	M	あ行	葵羽	あおは	葵」はパパの一番好きな向日葵から1文字を（夫も私もお花が好きで、姉にもお花の1文字が入っています）。みんなに愛されながら、広い心を持って伸び伸びと成長するように。 「羽」は自分を信じて、自分の決めた道を自由に生きてほしいと願いを込めて名づけました。パパの名前の「直哉（なおや）」と共通点もほしく子音を揃えてみました！ 「なお」、「あお」ですごく気に入ってます♡	sound_row	https://baby-calendar.jp/knowledge/common/1531	bc
2021	M	あ行	碧葉	あおは	夫の好きな色は青。私の好きな色は緑。そして素直な心を持った人に育ってほしい。それが「碧」という字を選んだ理由でした。2人の好きな色を合わせ持つ「碧」。曇りのないきれいなあおい空と透き通った美しい海のような澄んだ心を意味合いに持つ「碧」。この子にはぴったりな名前だと思いました。絶対にこの漢字を使いたい！と2人とも思ったのですが、姓名判断でなんと名字との相性は最悪。どうしようかと両親の意見を聞くもやはりどちらも「名字との相性は重要なんじゃないか」と。私の名前はひらがななのですが、それは私が結婚したときにどの名字とも相性が良いようにと考えられたからでした。私は半ば諦め状態で、別の名前も考え始めていました。でもなかなか最初にこれだ！と思ったものを変えるのは難しいんですよね。そんな私に夫は最初から「そんなの関係ないでしょ」と。ああ、そういえばこの人はこういう人だったなあ……。占いとか神頼みとかを信じる私とまったく信じない夫。心配症でいつもわちゃわちゃしている私と冷静沈着でクールな夫。好きな食べものや趣味も違う正反対な私たちは、付き合いを含めて10年。改めて、私とは違うこういうところに惹かれたんだよなあと思いました。相性は大事かもしれないけれど、「私たちが思いを込めてつけた名前ならきっと大丈夫！」と、私たちは「碧」を使うことを決め、5月のさわやかで緑の多い季節に産まれたので後ろに葉を付けて「碧葉（あおは）」と名づけました。果たして正反対の私たちのどこが碧葉は似るんでしょうか。大声で笑う私と照れながら静かに笑う夫。ここは私ね、ここはあなたね、とそんなふうに言いながら過ごす日が楽しみです。でも、きっと2人の素直な心はきっと碧葉も似てくれるんじゃないかな。素直な心を持って生きれば必ずキラキラ輝く人生になる。碧葉、とってもいい名前だよ！	sound_row	https://baby-calendar.jp/knowledge/common/1531	bc
2021	M	あ行	暁都	あきと	夫が「暁（あきら）」という名前で長男には私の名前の字が入っているので、次男には夫の字をと思い「暁都」という漢字になりました。名前の意味は、「暁」は夜明けの太陽、「都」は人々が集まる場所という意味だと思っていて、夜明けの太陽のような、明るくもやさしい太陽のような人になり、たくさんの人々に囲まれ愛にあふれた男の子になってほしいと思いこの名前にしました！	sound_row	https://baby-calendar.jp/knowledge/common/1531	bc
2021	M	あ行	章人	あきと	お兄ちゃんの名前が「湊人」で2文字目に「人」という字がついているので兄弟で関連した名前にしたくてまず「人」をつけることを決めました。そのあと「人」がつく名前を調べていくなかで、お兄ちゃんと同じようにあ行の響きが名前にあると呼んだときに明るくていいねと夫婦で話し、あ行の響きのある名前を挙げ、その候補の中から好きな漢字だった「章」がついている「章人」にすることになりました。名前の意味も勤勉や真面目といういい意味でとても気に入っています。	sound_row	https://baby-calendar.jp/knowledge/common/1531	bc
2021	M	あ行	瑛士	あきと	妊娠中の早い段階から名前を考えていたのですがなかなか決まらず、妊娠後期に入って夫婦で焦り始めていました。そんなとき、元気に走り回る自分の子に「あきくん」と呼びかけている夢を見て、何か縁を感じて「あき」がつく名前にしました。「瑛」という漢字にも、宝石のようにキラキラ輝く人生を歩んでほしいという意味もこめ、納得できる名前をつけてあげることができました。	sound_row	https://baby-calendar.jp/knowledge/common/1531	bc
2021	M	あ行	アコート将大	あこーとしょうた	まさか自分がお母さんになるなんて……。甥っ子2人を見てきたので自分のなかでは子どもとの時間を持てたかのような気持ちになり、特に結婚や出産願望もなく仕事に打ち込んできました。仕事では管理職のポストにも抜擢され充実していました。そんななか、夫と縁あって結婚することになりました。もう40歳も目前でしたから子どもは半分諦め気分もありました。不妊治療中にストレスで気持ちの葛藤もありました。そして二度目の体外受精で息子を授かることができました。両親に報告すると父は心配そうでしたが、母はとても喜んでくれてすぐに私の3つ上の兄にも報告したと教えてくれました。兄は私たち家族にはやや厳しいところがあるものの、面倒見がよく手先の器用な人でした。口にはしませんでしたが、遅い私の結婚をとても喜んでいたそうです。日本語が話せない夫のことをとてもかわいがってくれて、夫の好きな車の話を一生懸命カタコトの英語で話してくれました。大きくなる私のおなかを見ても兄は何も言いませんでしたが、私の母には「無理をしないように言ってくれ」とよく言ってたそうです。きっと照れ臭くて直接は言えなかったのでしょう。息子が生まれる２カ月前、実家で少し兄と会いました。他愛もない会話をしてお互い家に帰りました。それが兄との最後の会話になるなんて想像もしませんでした。数日後、兄は登山中に滑落してこの世を去りました。私たちはあまりに大きな悲しみを受け入れられず、ただ泣くばかり。葬儀には驚くほどたくさんの方が来てくれました。それは兄がどれだけ人に慕われていたかを私たちに教えてくれるかのようでした。私はもうすぐ臨月ではありましたが、もともと細いタイプでしたのでそうおなかは目立つほうではありませんでした。喪服のワンピースを着ていたら言わなければ妊婦ともわかりません。兄の会社の方と挨拶をすると「お辛いですが元気なお子さんを産んでくださいね」と何人もの方に言われて驚きました。「そんなにおなかは目立たないのに……」と思っていると別の方に「妹さんの赤ちゃんが産まれること、とても楽しみにされて話してましたよ」と教えてもらいました。兄が外で私の話をしてたなんて……まったく想像もしていませんでした。それから息子の名前はすぐに決まりました。私の誇らしい兄の名前である「将」を1字もらって「将大」。兄のように人から慕われる強くやさしい子に育ちますように……	sound_row	https://baby-calendar.jp/knowledge/common/1531	bc
2021	M	あ行	朝陽	あさひ	長男を連れての再婚、ステップファミリーですが、偶然にも、夫も長男も「あ」から始まる3文字の名前だったので、男の子でも女の子でも、生まれてくる子の名前も「あ」から始まる3文字の名前がいいなと思っていました。おなかの子が男の子だとわかり、夫が長男に「どんな名前がいいと思う？」と聞いたところ、しばらく考えた長男が「あさひはどう？ 太陽みたいに明るい元気な子になるように！」と答えました。長男には「あ」から始まる3文字の名前にしたいとは伝えていなかったので、まさかの答えにびっくり（笑）。夫も気に入り、即決していました。漢字は夫が考えました。将来、お父さんとお兄ちゃんがつけてくれた名前だよと教えてあげたいです。	sound_row	https://baby-calendar.jp/knowledge/common/1531	bc
2021	M	あ行	旭	あさひ	夫の両親から、夫の名前は「匡（ただし）」か「旭（あきら）」のどちらかで、夫は「匡（ただし）」と命名されたと聞きました。ならば、と「旭」の漢字を用いようと思いましたが、読みは「あきら」よりも「あさひ」にし、たとえ暗いときがきても朝日のように明るく照らしてくれる、そんな人生を歩んでほしいと願い、漢字だけ「旭」をいただき呼び名は「あさひ」と変え、命名しました。	sound_row	https://baby-calendar.jp/knowledge/common/1531	bc
2021	M	あ行	暁月	あつき	もともと「暁」という字の意味が好きで、男の子が生まれたらこの字を使いたいと思っていました。画数の関係も気にして2文字目を探したときに「暁」の空のイメージにぴったりな「月」という字を見つけ、「あつき」と名づけました。9月1日に生まれましたが、この日はちょうど健診日で外来で暁子さんという助産師さんが見てくださいました。暁月と同じ漢字だと思って名前を見ました。その後陣痛が始まり入院へ。私たちのお産を取ってくださったのも暁子さんで、暁月はこの助産師さんに運命を感じて生まれてきたのかな？と思いました。立ち会いができないなかだったので、暁子さんの声かけが私たち親子の支えになったこと、感謝しています。	sound_row	https://baby-calendar.jp/knowledge/common/1531	bc
2021	M	あ行	絢大	あやと	初めての出産なのに、立ち会いができないことや面会に誰も来れないことを知り、1人で頑張らないといけない……。出産間近は不安でいっぱいでした。そんなとき、近所の子どもたちがあやとりしている姿を見て思いました。あやとりのように輪をつないでいける人になってほしい。また、漢字も織物が折り重なってきれいな模様、「絢」を作るように、紡ぎ・つなぎをどんどん「大」きくしていける人になってほしいと思い、「絢大（あやと）」と名づけました。コロナ禍で孤立しやすくなった世の中だからこそ、つながっていることは大切だと出産を経験して改めて思いました。1人で頑張らなければと思っていた出産でしたが、助産師さん、先生、看護師さん、そしておなかにいた絢大くん。みんなに協力してもらい出産できました。つながりがあるからこそひとつの命が生まれたと思うと、今は感謝でいっぱいです。	sound_row	https://baby-calendar.jp/knowledge/common/1531	bc
2021	M	あ行	愛莉亜	ありあ	長い不妊治療期間を経て、ようやく授かった命。「莉」という字は、「茉莉（ジャスミン）」に使われ、「神様の贈りもの」という意味がある。「愛莉亜」は、「２人の愛が育んだ神様からの贈りもの」という意味で名づけました。	sound_row	https://baby-calendar.jp/knowledge/common/1531	bc
2021	M	あ行	安哩	あんり	安」は穏やかに広い心で、「哩」はマイル（自分の道をまっすぐに）。穏やかに広い心で、自分の選んだ道をまっすぐに進んでほしいと名づけました。（すみれさん）	sound_row	https://baby-calendar.jp/knowledge/common/1531	bc
2021	M	あ行	伊桜	いお	春に生まれたので「桜」を選びました。春の桜のようにみんなに愛され、親しまれ、周囲の人の心を和ませるような子に育ってほしいと思い名づけました。「伊」という漢字にも、周囲の調和を保つという意味があるそうです。	sound_row	https://baby-calendar.jp/knowledge/common/1531	bc
2021	M	あ行	伊央	いお	まずは、命名診断にて画数からリストアップをしました。そのなかから、名字と違和感のないもの、あまり被らなさそうなもの、上の子と同じ2文字にしぼり、漢字の持つ意味合いが素敵なこの漢字に決めました。「伊」は調和をもたらし、「央」は真ん中などの意味合いがあります。たくさんの人に囲まれながら、笑顔で過ごしてほしいという願いを込めこの名前に決めました。	sound_row	https://baby-calendar.jp/knowledge/common/1531	bc
2021	M	あ行	壱織	いおり	私は4姉妹の末っ子です。十数年前に、長女「静香」ががんで他界したのですが、姉のことが大好きだった私は、2年前に生まれた子どもに「静玖（しずく）」と名づけました。そして今回、2人目（男の子）の名前を決めるときにはまた「静」を使った名前をいろいろ考えました。しかし、姓名判断も少なからず気にしていたためか、なかなか良い名前に巡り合わず、決まらずにいました。そこで、「静」だけにこだわらずに考え、何個か候補を挙げて（それぞれの姓名判断の結果もつけて）夫に「このなかでどれがいい？」と聞いたところ、「うーん、これもこれも知り合いの子どもの名前に似てるし……。被らない名前がいいな……」と、夫もあまり納得してないようでした。そこで、「いおりはどうかな？」と言うと「それなら周りにいない名前だからいいんじゃないかな」と言ってくれたので、「いおり」という名前に決まってから漢字を決めることになりました。そして、私が一番気に入った漢字がどの姓名判断でみてもいい名前だったので、「壱織」に決定しました。が、実は私の姉（次女）が「香織」という名前なので、「静香と静玖、香織と壱織」になってしまい、きっと周りの人からは「シスコンだなー」と思われてるんだろうなーと思います。でもでも、本当はとっても仲良しの4姉妹で、本当に姉たちのことが大好きなので、静玖と壱織の名前には、母はとってもとってもとーっても満足しているのです♡ 仲良し姉弟になってくれますように♡	sound_row	https://baby-calendar.jp/knowledge/common/1531	bc
2021	M	あ行	依央吏	いおり	ローマ字表記にすると「iori」。iで始まり、iで終わります。愛がいっぱいの人生で始まって、愛がいっぱいで終われるような、幸せな一生をおくってほしいと願いつけました★ すでにたくさんの愛情もらって、すくすくと育っています♪	sound_row	https://baby-calendar.jp/knowledge/common/1531	bc
2021	M	あ行	一織	いおり	お兄ちゃんが中性的な名前だったので、この子にも中性的な名前をつけたくて考えました。同時に、子どもたちは3人とも和風な名前なので和風な名前にもこだわりました。そして「いおり」と調べると宮本武蔵の弟子の名前と同じだったので、名前は柔らかいけど強そうというイメージ。そして漢数字の「一」を使ったのは何事にも「一番」を目指してほしいという思いから。私の名前の頭文字の「い」と娘の名前の最後が「り」なのと、パパの名前が「武士」で将軍つながり（笑）なところも決め手でした。周りには男の子の名前には珍しいと言われますが気に入っています。	sound_row	https://baby-calendar.jp/knowledge/common/1531	bc
2021	M	あ行	一輝	いつき	長男が「陽輝（はるき）」、長女が「夕（ゆう）」という名前で、空に関する文字が入っているので、次男も空に関する字を入れたいと考えていました。兄妹みんなが一緒に輝き、一生が輝くものになってほしいという思いと、兄妹が仲良くという思いで、長男から「輝」の一字をもらいました。また、七夕に生まれてくれたので、お姉ちゃんの「夕」ともつながることになりました。一輝が、家族のまとめ役になってくれました。	sound_row	https://baby-calendar.jp/knowledge/common/1531	bc
2021	M	あ行	一心	いっしん	心」という字を入れたくて調べていて、「一心」という響きがしっくりきました。次男ですが、「一心」という名前をつけました。	sound_row	https://baby-calendar.jp/knowledge/common/1531	bc
2021	M	あ行	一生	いっせい	妊娠がわかってからワクワクしてすぐに名前を考え始め、どんな子になってほしいか、漢字の意味から、音から、画数から、親戚の漢字を1文字入れて……等々考えるもなかなかしっくりくる名前がなく……。さらには「次の健診で性別がわかりますよ」と言われてからもエコー時にしっかりお股を隠していてはっきり性別がわからず悩んでいました。そんななか、ふとテレビを見ると「高橋一生」さんの文字が目に入ってきて、「いっせい」にピンときて夫に話すと、夫も気に入ったようでした。28週の健診で性別が男の子とわかり、「いっせい」でほぼ決定。生まれてきて顔を見てから漢字も含めて最終決定をしようと。ここで想定外のことが……。24週ころから逆子になり、周囲には「まだまだ直るから大丈夫」と言われたものの、36週になっても逆子。38週で帝王切開での出産が決まりました。経膣分娩で出産したかったのですが、泣く泣く帝王切開での出産となってしまいました。帝王切開がいやだと涙を流しながらの出産や、手術中に呼吸が苦しくなってしまい死ぬかもとも思いましたが、そんななか生まれてきてくれたわが子はとてもかわいくてかわいくて感動の涙となりました。コロナ禍で産後は夫のみ1時間面会可能でしたが2人で泣いて泣いて「かわいいね」とわが子の顔を眺めていました。そんなわが子に「生まれてきてくれてありがとう」と感謝の気持ちを込めて「一生」と名づけました。これからどんな子に成長するのか楽しみです。	sound_row	https://baby-calendar.jp/knowledge/common/1531	bc
2021	M	あ行	衣紬	いつむ	やさしい子にという思いと好きな漢字「紬」を使いたく、かつ、中性的な名前が良くてとても悩んでつけました。呼ぶと男らしく漢字は柔らかい雰囲気になりました。	sound_row	https://baby-calendar.jp/knowledge/common/1531	bc
2021	M	あ行	絃人	いと	第1子である娘の次に、第2子である息子を授かりました。娘のときはなかなか妊娠することができずに不妊治療の末にできた子どもだったため、第2子を授かる可能性にそこまで期待をしていませんでしたが、娘と2歳差で自然におなかにやってきてくれました。娘のときは妊娠中に大きなトラブルもなかったため、妊娠したあとは当たり前に生まれてくるものと信じていましたが、何度も出血を繰り返し管理入院をすることになりました。大量出血をして入院したときに医師からは「出血が止まらなかったら今回の赤ちゃんは諦めてください」と告げられ、「せっかくきてくれたのに産んであげられないかもしれない。ごめんね」と病院で1人泣いた日もありました。何度も入院を繰り返すことでおなかの子どもへの申し訳なさ、夫や娘を家に置いて入院してしまうことの申し訳なさ、仕事を休んでしまう申し訳なさなどいろいろな葛藤がありました。それでもなんとか持ち堪えてくれた息子は切迫早産の管理入院を経て、臨月に入った日に早産でしたが無事に生まれてきてくれました。しかし、生まれた直後に呼吸障害のあった息子はすぐにNICUに緊急搬送されてしまいました。もっとおなかにいさせてあげられたらこんなことにならなかったのでは？ 私が母親じゃなければこんなことにならなかったのでは？ と後悔の念に押しつぶされそうになっていると助産師さんが「赤ちゃんは親を選んで自分が生まれたい日に生まれてくるのよ。お母さんに早く会いたかったのね」と言葉をかけてくれました。その言葉を聞いてせっかく選んで来てくれたのに私がしっかりしなくてどうするんだと気持ちを持ち直しました。しばらく管理入院を経て、息子が退院してきた日は娘の退院とはまた違った命の重みを感じました。退院前にとったMRIの結果では呼吸障害の影響が少し脳に出ているのでもしかしたら今後後遺症が残る可能性があると言われています。しかしどんな形であれ、私たちの元に生まれてきてくれた大切な息子です。生まれてきてよかったと言ってもらえるように育てていきたいです。私たち夫婦と息子をつないでくれた運命のいと。そして今回息子はたくさんの人たちに支えられて今生きることができています。今後は息子自身がたくさんの人と素敵な関係を築き、人と人とをつなぐ存在になってほしい。そんな願いを込めて「絃人（いと）」と名づけることにしました。（あずママさん）	sound_row	https://baby-calendar.jp/knowledge/common/1531	bc
2021	M	あ行	瑛太	えいた	瑛太は、4人目の3男です。上に兄2人と姉1人がいるのですが、上の兄たちは名前の1文字に必ず「太」が入ってるのです。やっぱり、兄弟みんな同じで「太」を入れてほしいという長男からの希望で必ず入れようと考えました。周りとあまり被らないようにとも考えて考えて頭がはげてしまいそうになるくらい考えました（笑）。候補は、ある程度絞られてしまい同じ名前の友だちもたくさんいました。三男だし、違う名前でもいいかな？ と悩んだりもしました。けれど、兄弟たちの意見を尊重してあげたいこともあり2つに絞り、家族みんなで会議をして決めました。そして、明るく元気で澄んだ子に輝いた人になってほしいとの思いを込めてつけました。	sound_row	https://baby-calendar.jp/knowledge/common/1531	bc
2021	M	あ行	英太	えいた	自分は昔から子どもが好きで、学生のころから子どもの名前を考えるほどでした。ある日子どもの名前を考えていたとき、いずれ生まれてくる子どもにはおじいちゃんにあたる、自分の父から1文字もらって名前をつけようと思ってました！ 自分がおじいちゃんから1文字もらったように子どもにもそうしようと思ってました。ですが、自分の父は病に犯され、孫を見る前に亡くなってしまいました。それでも子どもには親の1文字をつけたい、でも生きてる人を大事にしたいと思い、自分の親からではなく、妻のお父さんの1文字をもらいました！ 義理の父「英ニ」、私の名前「惣太」から「英太」とつけました！ 妻のほうは、3姉妹なので、初孫の初男を喜んでいます！ 自分の父の名前の漢字は2人目以降にしたいと思います！（そーたさん）	sound_row	https://baby-calendar.jp/knowledge/common/1531	bc
2021	M	あ行	央遂	おと	パパの名前が「史寛（みお）」。「みお」って女の人は結構いるけど、男でこの名前は珍しく、パパが友人と遊ぶときは友人が彼女に浮気を疑われることも多かったそうです。でも、パパ本人も私もこの名前が大好き。子どもにも男の子でも女の子でもおかしくない、でも男の子らしくカッコよく、漢字にはしっかり意味を込めて自分の名前を好きになってほしいという思いがありました。ママが大好きなパパのように、みんなの中心に立ち広い心を持って、そして諦めずやり遂げる強い心を持ってほしいという願いでつけました。漢字の見た目がパパの名前と似てるのもお気に入りです。息子にも自分の名前を好きになってもらえるとうれしいです。（おとママさん）	sound_row	https://baby-calendar.jp/knowledge/common/1531	bc
2021	F	か行	奏	かなで	たくさんの人に囲まれてたくさんのことに触れることにより、自分の周りの人たちにいい影響を奏でられる人になってほしかったので決めました！ また、上の子の名前が漢字1文字なので合わせたかった思いもあります。兄妹揃って音の名前だと言われますが、そこも含めて満足しています♪	sound_row	https://baby-calendar.jp/knowledge/common/1542	bc
2021	F	か行	花音	かのん	おなかのなかにいるときに胎教のアプリでクラシックの『カノン』を聴かせたら胎動が激しく感じました。ほかの曲だとそこまでなのに『カノン』を流すと必ず反応してくれて、『カノン』の曲が好きなんだなと思いました。名前を決めるにあたってどんな子に育ってほしいかを考えたとき、人に癒やしを与えられるような子になってほしいと思っていました。ほかの名前の候補もありましたが、花も音も人を癒やすことができるのでこの名前がぴったりだなと思い「花音」になりました。	sound_row	https://baby-calendar.jp/knowledge/common/1542	bc
2021	F	か行	華音	かのん	夫との出会いはオーストラリアの田舎町。フィリピン、スーダン、パプアニューギニア、マレーシア、韓国の人が住む多国籍シェアハウスで一緒でした。夫は音楽学校を卒業後ドラムや音響の仕事をしたあとに渡豪。私はある歌手のメッセージ性高い音楽に背中を押され、大好きだった前職を退職し渡豪しました。「音楽」が2人の共通点でした。それから11年、赤ちゃんを授かることができました。おなかが大きくなっていくにつれ、私たちにとって特別な「音楽」から「音」を名前に入れたいと思うようになりました。女の子だとわかってからいろいろなアイデアを出し合い、そのなかで「かのん」という響きに2人ともしっくりきました。世界的に有名な『カノン』という曲は予定日の3月によく流れるイメージ。海外の人も呼びやすく、覚えてもらいやすいとも言われており、とても気に入っておなかの赤ちゃんに話しかけていました。しかし！！ 出産をしても「音」ではない方の漢字がなかなか決まらず……。さらに本当に「かのん」でいいのか？ と大切な決断を前に足踏み状態に……。両親にも相談し、あれやこれやと筆ペンで書いてみたりパソコンに入力してみたり印刷してみたり発音してみたり……。最後は夫が、生まれた娘に「かのんでいい？」って聞いたら「うん」て答えた！ 春の訪れを知らせてくれる季節に生まれたので「華」という漢字を選び「華音」に決まりました！ 音楽には人を元気づけたり、楽しくさせたり、懐かしくさせたり、切なくさせる力があると思います。音楽のように人の心に寄り添える人になってほしい、その場の雰囲気を変えられるような存在になってほしい、世代を超えて愛される音楽があるように、誰からも愛される存在になってほしい。そしてさまざまなジャンルの音楽があるように個性を大切にしてほしいという思いを込めています。まもなく7カ月を迎える娘との夢は家族みんなでオーストラリアに行くこと。シェアハウスのオーナーやホストファミリーに会わせたい、そしてKANONと呼んでほしい。それは以前のように安心して海外に行けるような世界になるということでもあります。そのときが訪れることを心から願っています。（Happysmile2021さん）	sound_row	https://baby-calendar.jp/knowledge/common/1542	bc
2021	F	か行	佳穂	かほ	夫がお米農家の出身のため、「穂」の字は使いたいと思っていました。また、実りの多い人生をイメージできるので私も気に入った漢字でした。ほかの候補には「里穂」「志穂」などもあったのですが、ストレートに、ポジティブなイメージを持てる「佳」をつけて「佳穂」にしました。充実した人生を送ってくれることを祈りつつ、娘自身が自分のルーツに思いを寄せてくれるといいなと思っています。	sound_row	https://baby-calendar.jp/knowledge/common/1542	bc
2021	F	か行	叶鈴	かりん	夏のオリンピック真っ只中に生まれた子のため「夏の輪」で「かりん」と名前をつけたかったのですが名字との画数の相性がよくなく、上の子の文字を1文字もらい「叶」う「鈴」で「かりん」と名づけました。	sound_row	https://baby-calendar.jp/knowledge/common/1542	bc
2021	F	か行	栞菜	かんな	音の響きを夫が考え、漢字を私が考えました。５月生まれなので、人が菜の花畑を見たとき自然と笑顔になるように、周りの人を笑顔にできる子になってほしい、また自分なりの道しるべを立てて、しっかり前に進んでいってくれたらなぁという思いから名づけました。実際に生まれた我が子は出産直後に心疾患が見つかり、すぐに大学病院へ搬送され生後4日で手術を受けました。産後の私は、まさかわが子がという気持ちやわが子に申し訳ない気持ち、これから先の不安などで複雑な気持ちだったことを覚えています。コロナ禍で面会もできず、本当に私は子を産んだのだろうかと思うこともありました。しかしながら、無事に手術を乗り越え、集中治療室を出て、付き添い入院を経験し退院して今があります。今こうしてわが子を抱っこできることに感謝しつつ、ゆっくりでいいから、少しづつでいいから、この子なりに成長していってくれたらと思います。そして、来年の5月には親子3人笑顔で菜の花畑をお散歩したいです。	sound_row	https://baby-calendar.jp/knowledge/common/1542	bc
2021	F	か行	栞奈	かんな	栞はどこまで本を読んだかわかるようにする道しるべですが、そんな栞のように自身でしっかり道しるべを立てて人生を歩んでいってほしいと願ってつけました。また、自身だけでなく、周りの人にとっても道しるべとなるような人になってほしいと願っています。あとは、お姉ちゃんの名前は「か」と「な」がつくので、響きに統一性を持たせました。（寝坊助さん）	sound_row	https://baby-calendar.jp/knowledge/common/1542	bc
2021	F	か行	基心	きこ	妊娠中期、生まれる子どもの名前を家族で考えていたときのこと。姉（年長）が、「きこ」という名前がいいと言いました。親は少し迷っていたのですが、その後も変わらずに「きこ」という名前がいいとのこと。あとから聞いたのですが、自分がもうすぐ卒園する保育園にちなんだ名前でした。保育園の名前が縁起がいい、とてもいい名前だと教えてもらったそうです。娘の思いを尊重し「きこ」という名前に決め、漢字は親が決めました。幸せかどうか、どんなふうに物事を捉えるのかは、自分の心に基づいて自分が決める。「どんなときでも自分と向き合い、心を大切にしてほしい」という思いをを込めて「基心」という漢字を使いました。今でも姉は「私が名前つけたんだよね」と誇らしげで、進んでお世話をしてくれています。	sound_row	https://baby-calendar.jp/knowledge/common/1542	bc
2021	F	か行	希咲	きさ	コロナ禍でもあり、暗い感じの時期だったのでとにかく笑顔でいてほしい、たくさん笑って周りを笑顔にしてほしくて「咲」という漢字をつけました。そして、どんなときでも笑っていれば希望があると言う意味で「希」という漢字を使い、パパの名前の最後の文字の「き」、ママの名前の最後の文字「さ」で、2人を結ぶということで「きさ」にしました。	sound_row	https://baby-calendar.jp/knowledge/common/1542	bc
2021	F	か行	希羽	きは	パパが少し鉄オタのため、新幹線や観光列車などの名前などにしたく考えていました。しかし名字との画数を調べるとあまりよくなく、何か違う名前を考えていたとき、中川家の礼二さんと友近さんがやっているテレビ番組『妄想トレイン』を見て、気動車の名前である「キハ」の響きがいいと言うことで決まり、漢字は「き」「は」の漢字を調べて、すべて組み合わせて画数を調べたら一番よかったのでこの名前になりました。（キハママさん）	sound_row	https://baby-calendar.jp/knowledge/common/1542	bc
2021	F	か行	來実	くみ	上に兄弟がおり、3番目の末っ子長女として生まれました。3番目で男の子なら「◯三郎」と決めていましたが、なんと初めての女の子！！ 名付けは難航しました……。「來」の字は「来」の旧字体ですが、麦の象形文字が元になっていて、天からの授かりものという意味が込められています。わが家にとって娘は天からの授かりもの。人がたくさん入っている漢字というのも気に入っており、たくさんの人との出会いに恵まれていてほしいという思いも込めています。他にもお兄ちゃんたちが「カ行」の名前ということ、3番目なので「三」の入る漢字ということで「実」を選びました。実りある将来になってほしいです。実は予定日は9月でしたが1カ月以上早く陣痛が来てしまい早産に。コロナ禍ということもあり不安な妊娠生活に急な出産、幸い医療機関にも受け入れていただき、いろいろなタイミングが重なって無事に産めたのは、わが家に起こった奇跡だと思っています。まさに天からの授かりもの。これから大切に育てていきたいです。（かけくママさん）	sound_row	https://baby-calendar.jp/knowledge/common/1542	bc
2021	F	か行	心海	ここみ	昔から、自分のことより他人の顔色を見て他人を優先してしまい心を病んでしまいました。そんなとき、出会った夫。あっけらかんとしていて「大丈夫、大丈夫」といつも言ってくれる。徐々に体調もよくなり、病院も卒業。結婚してからお互いに子どもがほしいと願っていたがなかなか授かることができず。生理がきては毎月泣いていました。不妊治療は先が見えず、さらには緊急事態宣言で治療も止まってしまい、眠れない、恐怖、子どもを授かることができないんじゃないかという不安に押し潰され、真っ暗闇に突き落とされ、うつ病が再発してしまいました。夫はそんなときもずっと支えてくれていました。治療が再開できるようになり、やっと授かることができました。17週目に出血、34週目に妊娠糖尿病になり2度の入院を経てやっと生まれてくれた赤ちゃん。人の心の嫌みや苦しみがわかり、新婚旅行で行った沖縄の海のように美しく、おおらかな、人をやさしく包み込めるような子に育ってもらいたいと思い「心海」にしました。	sound_row	https://baby-calendar.jp/knowledge/common/1542	bc
2021	F	か行	心凰	こころ	こころ」という名前にしたくて、名字との字画の兼ね合いで鳳凰の雌のほうの「凰」をつけました。高貴なイメージにしたかったというのもあります。読みづらい名前ですが私はお気に入りで、あだ名も「ここちゃん」でかわいいなと思います。「心凰」とかいて「ミオ」ちゃんと読む人も多いみたいですね。	sound_row	https://baby-calendar.jp/knowledge/common/1542	bc
2021	F	か行	心純	こと	長女が「〇と」なので2文字しばりで考え始めました。いろいろとストレスや不安を抱えたりするなかでも私たちのところにきてくれた子でした。とーってもうれしくて、しっかりしなきゃ！と気持ちを前向きに明るくさせてくれました。実は最終候補は別の名前でしたがお顔を見たら、とっても穏やかでやさしいお顔をしていたのでこっちの名前がぴったりだ！と、決定しました！ 自分を大切に、穏やかな心で過ごせるように。みんなに愛されるように。そんな気持ちをこの子にも大切に、そして素敵な日々を送れるようにと意味を込めて名づけました！ これからもこの子にとって素晴らしい毎日でありますように。	sound_row	https://baby-calendar.jp/knowledge/common/1542	bc
2021	F	か行	琴笑	ことえ	おなかのなかにいるときに、コトンコトンとリズミカルによく動いていて、夫と何かコトコト動くから「ことちゃん」ってかわいいよね？と話していて、夫が、笑って楽しい人生にしてほしいから笑うって漢字を付けて「琴笑」ってかわいいんじゃない？ということで、おなかでコトコトと動いていたときの思い出をいつまでも忘れないようにと母の思いの「こと」と、笑顔の多い人生を送ってほしいという父の思いの「え」を足して「琴笑（ことえ）」ちゃんになりました。	sound_row	https://baby-calendar.jp/knowledge/common/1542	bc
2021	F	か行	琴実	ことみ	琴実の「琴」はたて琴の琴です。コロナ禍でとても不安な出産でしたが、院長先生が家族の望む出産を叶えてくださいました。四女の誕生、しかも10年ぶりの出産だったので、お姉ちゃんたちと一緒に誕生を迎えたいと思い、家族みんなで見守ってもらいました！ 長女がへその緒を切ってすごく感動的な出産でした。妊娠中ママがずっと読んでいた本に、たて琴を弾きながら神様に感謝するという昔の人のエピソードがあり、たて琴の琴と、お姉ちゃんたちと同じ「実」をつけました。	sound_row	https://baby-calendar.jp/knowledge/common/1542	bc
2021	F	か行	琴未	ことみ	夫とまだ交際したばかりのころ。お互い結婚を意識してはいたが、まだまだ先のことだと思っていたとき、将来の子どもの名前の話になり、夫がつけたいとずっと考えていた女の子の名前を聞いた。その後結婚したが、それまでの間、夫は他人の意見に流されやすいと感じた。今まで右と言っていたのに、他の人からちょっと話を聞いただけですぐに左になる。第1子を妊娠し、男の子とわかってからの名づけも、つけたい名前はコロコロ変わる。結局私がずっとつけたいと思っていた名前になった。2年経って第2子を妊娠。生まれてくるのが楽しみで、おなかに向かって歌を歌ったり、家族を紹介したり。そんなときに流産。名前をつけて供養をした。深い悲しみのなか長男の笑顔にも助けられ、やっと夫婦で前に進めることができた。そしてすぐ妊娠がわかり、さらに女の子とわかった。すると、あの流されやすい夫がずっとブレずに思い続けていた名前が浮かび、漢字も2人で「これだ‼︎」としっくり。「琴未（ことみ）」。立派な由来や理由はないけれど、パパが6年以上思い続けたこの名前に、私は運命を感じています。そして、同じく今年お空に帰った子につけた名前。短い間だけど、あなたを授かったママは幸せ。あなたの名前は公にはしないけど、ずっと忘れないよ。	sound_row	https://baby-calendar.jp/knowledge/common/1542	bc
2021	F	か行	瑚乃	この	私が『HAWAII FIVE-0』という海外ドラマが好きで、そこに登場するコノ・カラカウアの名前から取りました。そのキャラクターはどんなことにも物怖じしないカッコいい女性です。また凛としていてきれいな方なので、その役にあやかりたいと思いその響きにしました。漢字は夫が考え、珊瑚のようにみんなの宝物であり大切にされますようにとの願いを込めました。	sound_row	https://baby-calendar.jp/knowledge/common/1542	bc
2021	F	か行	幸乃羽	このは	生まれたとき、羽のように手足をパタパタさせていたことで「羽」の漢字をつけようと決めました。また、自分の漢字に入っている「幸」を入れたく「幸乃羽」にしました。幸せが羽となってたくさんの人に届き、幸乃羽の周りの人が幸せに笑顔にあふれるような、そんな子に育ってほしいと思いつけました。	sound_row	https://baby-calendar.jp/knowledge/common/1542	bc
2021	F	か行	心音	このん	たくさんの音色があるように、コノンの心にもたくさんのやさしい音色でつつまれますように。3姉妹、みんな「心」の漢字がつきます。いつまでも、近くにいても遠くにいても心はつながっていてくれますようにという思いで名づけました。	sound_row	https://baby-calendar.jp/knowledge/common/1542	bc
2021	F	か行	来春	こはる	3月4日生まれの娘。寒い冬を終えて温かい春がくる。新しい季節がやってくる。なので、「来春（こはる）」にしました。漢字もなかなか被らなくとても気に入ってます！	sound_row	https://baby-calendar.jp/knowledge/common/1542	bc
2021	F	か行	瑚陽	こはる	まずは姓との運勢のいい名を選び、そのなかから音が好きなものを夫婦それぞれ出し合いました。娘が生まれたときは、「瑚陽」に加え、「愛稀（あき）」、「愛真（えま）」の3つの候補が残っていました。最後は、夫に「ぜひあなたが決めてほしい」と言われ、とてもとても迷いましたが、私たちが込めたい思いを一番表現できる、「瑚陽」の名前を選びました。こはるの「瑚」は、珊瑚の「瑚」。ダイナミックな自然を連想させます。珊瑚の石言葉が、確実な成長、長寿、聡明、幸福、家長の威厳。この字を使うことで、それらをすでに備えている人であることを表しています。自然を愛し、おおらかで健康的な人になってほしい。キラキラと輝く人生を送ってほしい、という願いを込めています。そして、「陽」の字は、自分も周りの人も温かく照らすやさしい人になりますようにという願いを込めています。また、1月生まれではありますが、草木が芽生える春よ来いを連想させる音も気に入りました。もう少し大きくなったら、名前の由来を瑚陽に話してあげたいです。気に入ってくれているといいな。	sound_row	https://baby-calendar.jp/knowledge/common/1542	bc
2021	F	か行	心麦	こむぎ	生まれる1カ月前くらいに決まり、それまではずーっと悩んでいました！ 上にお姉ちゃんがいて、お姉ちゃんは私の父が名前を決めました。今度は親たちで決めようと思い、性別は同じ女の子だったので、上の子と漢字1文字合わせようか、まったく別の名前にしようかというところから、姓名判断も意識し、最終的に2択までに絞りました！ しかし、結局どちらも私が納得ができず……。またイチから考え直すことになりました。それが妊娠7カ月のころです。毎日名前を考える日々。毎日、夕方の情報番組に生まれた赤ちゃんが名前とともに出るので、それを欠かさず見て、何かいい案がないかを考えたり、ネットで調べたり。そんなときテレビのCMで門脇麦さんが出ているのをたまたま見て、「麦」いいなと。上の子の漢字1文字とって「心麦」だと思いました！ 姓名判断もいい！ 小麦で調べると「まっすぐに伸びて育つ」とのことで、うちの心麦も麦のようにまっすぐな心を持つ子になってほしいと思いつけました。	sound_row	https://baby-calendar.jp/knowledge/common/1542	bc
2021	F	か行	小和	こより	名づけの由来は私のおばあちゃん、母、私の最後の文字を入れました。「ようこ」「さちよ」「あかり」で「こより」です。漢字は私たちは令和婚だったこともあり「和」と入れたくて「小和」にしました。（まつりかぐらこよりママさん） 歴代の赤ちゃんの名づけエピソード大賞 2021年赤ちゃんの名づけエピソード大賞 ＞ 2020年赤ちゃんの名づけエピソード大賞 ＞ 2019年赤ちゃんの名づけエピソード大賞 ＞ 2018年赤ちゃんの名づけエピソード大賞 ＞ 2017年赤ちゃんの名づけエピソード大賞 ＞ 2016年赤ちゃんの名づけエピソード大賞 ＞ 2015年赤ちゃんの名づけエピソード大賞 ＞ 歴代の赤ちゃんの名前ランキング 2021年赤ちゃんの名前ランキング ＞ 2020年赤ちゃんの名前ランキング ＞ 2019年赤ちゃんの名前ランキング ＞ 2018年赤ちゃんの名前ランキング ＞ 2017年赤ちゃんの名前ランキング ＞ 2016年赤ちゃんの名前ランキング ＞ 2015年赤ちゃんの名前ランキング ＞ 2014年赤ちゃんの名前ランキング ＞ 2013年赤ちゃんの名前ランキング ＞ 2012年赤ちゃんの名前ランキング ＞ 2011年赤ちゃんの名前ランキング ＞ 2010年赤ちゃんの名前ランキング ＞ あなたの“今”の悩みを専門家に無料で相談できます 自分だけでは解決できない不安やお悩みは、助産師や管理栄養士などの専門家に個別相談してみませんか？ 専門家に相談する その他についての悩み もっと見る 専門家に相談する 妊娠・育児アプリ ベビーカレンダー記事制作の取り組み ＼ この記事にいいね！しよう ／ 0 クリップ 現在ログインしていません。 ログイン しますか？ シェアする 名前ランキング検索 ベビーカレンダーが独自で調査・集計した2017年以降に生まれた赤ちゃんの名前データの中から、知りたい名前の順位、よみの順位、漢字の順位を見ることができます。 【名前で検索】【よみ方で検索】が名前の一部で検索できるようになりました！ 名前で検索 男の子 女の子 と一致する で始まる で終わる を含む 検索 よみ方で検索 男の子 女の子 と一致する で始まる で終わる を含む 検索 漢字で検索 男の子 女の子 検索 ご利用のルールとマナー ベビーカレンダーへのご意見をお聞かせください ご質問・お問い合わせ	sound_row	https://baby-calendar.jp/knowledge/common/1542	bc
2021	M	か行	快音	かいと	自分の音、自分らしさを大事にしてほしかったため、「音」をつけたかったです。男の子で「音」を使う名前は珍しいけど、響きはカッコよく、海外でも通用する名前にと思い「かいと」としました。周りの人を明るくし、自分らしい音を届けられますように。	sound_row	https://baby-calendar.jp/knowledge/common/1532	bc
2021	M	か行	快翔	かいと	季節にちなんだ名前を子どもにつけたいと考えていました。上2人が秋と冬生まれで春夏秋冬の「しゅう」と「とう」を名前に使いました。この子は夏生まれなので「か」を使い「かいと」と名づけました。	sound_row	https://baby-calendar.jp/knowledge/common/1532	bc
2021	M	か行	櫂	かいと	パパの家系（ 渡辺綱 の末裔)は代々、男の子は漢字1文字で名前をつけると決まっています。わが家は男の子3人なので、ご先祖様にならって漢字1文字の名前をつけました。今年生まれた三男には、お兄ちゃんたちと同じように漢字1文字の3文字読みの最後に、「と」がつく名前を考えました。漢字は違いますがオリンピックでたくさん流れていた嵐の『カイト』の響きもよくて、櫂のまっすぐに前進するという意味もみんなの先頭に立って、リーダーシップがとれるような活発な男の子に育ってほしいなと思ってつけました。	sound_row	https://baby-calendar.jp/knowledge/common/1532	bc
2021	M	か行	界人	かいと	世界のいろいろな人と仲良くなって学んで助け合ってほしい。世界のような広い心を持った人になってほしい。そんな思いを込めて「界人」と名づけました。	sound_row	https://baby-calendar.jp/knowledge/common/1532	bc
2021	M	か行	開智	かいみ	男の子3兄弟の末っ子として誕生。名前の由来は、多くのことを学び、知り得たことから閃きある人生を送れますようにという思いからです。	sound_row	https://baby-calendar.jp/knowledge/common/1532	bc
2021	M	か行	海璃	かいり	海璃は3人目の男の子です。上の子2人と同様にパパ（名前はかずき）とママ（名前はりな）の一文字ずつをとり、音楽系でつけました。「海璃」の「璃」が「浄瑠璃」の「璃」でもあり、宝物という意味もあったのでこの漢字を使いました。ちなみに1番目は「奏杜（かなと）」で2番目は「律希（りつき）」です。	sound_row	https://baby-calendar.jp/knowledge/common/1532	bc
2021	M	か行	楽	がく	自分の人生を楽しんでほしい！ 周りの人を楽しくさせるような人になってほしい！ という願いから、「楽（がく）」という名前を授けました。私たち夫婦が結婚してから3年でこの子が生まれてきてくれました。この3年間はいろいろなことがありました。大切な人との別れ、コロナ禍での世の中の変化、そして妊活。苦しく大変なことが多かったなかで、希望の光とも言える「楽」の誕生。私たちのこれからの人生を間違いなく楽しくさせてくれます。そして「楽」がこれから歩んでいく人生、たくさんの困難があり、苦しく、大変なときもあるはず。そんなときこそ楽しく笑顔で乗り越えてほしいと思います。	sound_row	https://baby-calendar.jp/knowledge/common/1532	bc
2021	M	か行	和鷹	かずたか	最初は女の子だと思っていたので「和（なごみ）」という名前を考えていましたが、8カ月の健診で男の子だとわかり、最初に考えていた「和」とあわせて幸せを運ぶ鳥は鷹ということで「和鷹」にしました。	sound_row	https://baby-calendar.jp/knowledge/common/1532	bc
2021	M	か行	和哉	かずや	"名前の候補を挙げてもらうことを生まれる前から夫にお願いしていました。しかし、予定日近くなって「名前どう？」と聞くと有名な武将の名前ばかり……。実際生まれてからもなかなか納得いく名前が決まらず、退院してからも""名無しの権平""でした。そこでふと義祖父と夫の名前からそれぞれ1文字ずつとった「和哉」はどう？ と提案したところ、お互いいいねと思い命名しました。"	sound_row	https://baby-calendar.jp/knowledge/common/1532	bc
2021	M	か行	和為	かずより	和為が生まれる前に死産、流産を経験しています。なのでこの子がおなかに宿ったとわかったときは、喜びよりもまたいなくなってしまうのではないか……という不安が勝っていました。わが家は夫の両親との同居、和為の上には姉が3人、兄が1人います。育児などに口出しされたくないという思いやプレッシャーから、私は義両親が口を出す前に上の子たちを過剰に怒ってしまうこともありました。また義両親との関係もあまりよくないものになっていました。以前、常位胎盤早期剥離のため緊急帝王切開をしたことがあり、私の出産は帝王切開と決まっていました。コロナ禍での出産のため、立ち会い、面会も叶いませんでした。生まれてから夫に写真を送り、夫が「和を以て貴しと為す」「用和為貴」から名づけたいと言ってきました。この子が生まれてこられたのはたくさんの人たちのおかげ。それは私が家を空けた間、上の子たちのお世話を手伝ってくれていた義両親も含まれます。まさに今の私の状況にぴったり。この子は「和を為す」ために生まれてきてくれたのだと思いました。入院する前は義両親にはあまりこの子にかかわってほしくないとまで思っていましたが、今は一緒に育ててもらおうと前向きに捉えています。家族以外にもたくさんの和をつなげてくれる子に育ってくれると信じています。	sound_row	https://baby-calendar.jp/knowledge/common/1532	bc
2021	M	か行	奏多	かなた	夫と付き合い始めたころに男の子だったら「奏多（かなた）」、女の子だったら「穂（みのり）」と名づけようと決めていました。お互い再婚同士で、最初から結婚を決めてお付き合いをしていました。最初は呼び名から考え、その後画数で決めました。多くの音を奏でると素晴らしい音楽になるのと同じで、彼の将来も素晴らしく豊かなものであってほしいと願いを込めました。おなかにいるときから「奏多」と呼びかけていました。妊娠中は本当にこの名前でいいのか迷っていたところもありましたが、出産し最初に顔を見たときに、やっぱり「奏多」にしようと思えました。夫婦揃って名づけには大満足しています。	sound_row	https://baby-calendar.jp/knowledge/common/1532	bc
2021	M	か行	奏斗	かなと	お兄ちゃんと同じ「斗」を付けるのは絶対条件でした。音楽やフェスが好きな夫婦なので、音楽のように人を楽しい気分にさせたり和ませられたり、癒やすことのできる人になってほしいなと思い「奏」という漢字を選びました。	sound_row	https://baby-calendar.jp/knowledge/common/1532	bc
2021	M	か行	湊斗	かなと	男の子は夫が、女の子は私が名づけるのが決まりです。そしてまず優先したのは画数。名字に合う画数のいい名前がなかなか見つからず、上の子たちが寝静まった夜にスマホで検索し、1週間ほどで決定しました。（ひゅーんさん）	sound_row	https://baby-calendar.jp/knowledge/common/1532	bc
2021	M	か行	稀央	きお	私たち夫婦にとっての最初の子どもで長男。夫の名前に含まれる「希」の字を入れて、世界中でたった1人の大切な存在であり、類い稀な才能をもって、どんな場面でも中心で活躍できる人になるようにと願ってつけました。将来はスポーツ選手になってほしい思いもあります	sound_row	https://baby-calendar.jp/knowledge/common/1532	bc
2021	M	か行	輝久	きく	2013年に結婚してずっと希望していたわが子。今回の妊娠までに21週での死産や初期流産をし、不妊症と不育症が発覚しました。つらくて苦しくて暗闇の年月が過ぎていくなか、それでもわが子をこの手で抱きたいと夫婦で治療をしてきました。今回の妊娠も産声ある出産ができるか、そしてコロナ禍ということもプラスされて不安で不安でたまりませんでしたが、おなかに宿ってくれた命。私たち夫婦に希望を与えてくれた命。名前には「希」をつけたいと思っていました。しかし、「希」は名字との画数の相性がいまいちで。おなかの子が男の子とわかってから「きーくん」と呼んでいたので、「希」から名字との相性がよい「輝」に変更。元気に生まれてきてくれてパパとママに輝きを与えてくれたわが子。わが子には輝きある人生を永久にという願いを込めて輝久と名づけました。ダイヤモンドの輝きのように素敵な笑顔が似合う男の子になってね。	sound_row	https://baby-calendar.jp/knowledge/common/1532	bc
2021	M	か行	軌成	きなり	生成り色からとりました。生成は「何にも染められていない、そのもの」という意味なので、息子にもそんなふうに自分の道を生きてほしいと思い名づけました。漢字は夫が画数を見て決めました。女の子であればひらがなの予定でした。（Suuさん）	sound_row	https://baby-calendar.jp/knowledge/common/1532	bc
2021	M	か行	慧一	けいいち	夫と付き合って9年、結婚して1年目に妊娠がわかりました。長く付き合っていたので、なんとなく好みが似ていたり、相手のこだわりポイントがわかったりしていました。夫は、いつも最後は私に譲ってくれることも多いので、名前も案外すぐ決まるかも？なんて、2人でプチ旅行に出かけた夜ご飯のときに話していました。しかし、思った以上に夫がこだわっていることが発覚。男の子なら夫の、女の子なら私から1文字とって名づけたい私。自分の字からはとりたくない、あだ名をつけやすいように伸ばす音を入れたい、男の子なら「一（いち）」を入れたい、など、いつもあまりこだわらない夫が、珍しく張り切って考えていました。さらに、普段は占いなんて信じないと言ってるタイプなのに、姓名判断もがっつり気にしていました。親になる実感はまだなさそうかもと思っていましたが、こんなに子どもに興味を持ってくれていたのかと驚くほどでした。夫が考えてくれたことがうれしくて私が譲ってしまいました。伸ばす音＋「一」で終わる名前なので、「こういち」、「えいいち」、「けいいち」、「ゆういち」など、響きはすぐに決まりました。夫の字はのばしの音が入らないので、残念ながら却下。私の旧姓はフルネームを名字だけで超えてしまうような、画数の多い名字なのでせめて名前は簡単な字にしようと粘ったのですが私が候補に挙げた漢字は、ことごとく運が悪く出ました。逆に、夫の案はだいたいよく出ます。なんか仕組まれてる？と思うほど。さすが長年この名字でやってるだけあるなと、負けを認めざるを得ません。あれこれ漢字を考えては候補に入れ、ボツにしを繰り返していました。そしていろいろな漢字を考えるなか「慧」の字を見つけました。姓名判断もよく、夫のこだわりもクリア、私が提案した漢字ということで私も名づけにちゃんと参加できている！ 第一候補の名前が決まったのは午前2時でした。旅行の夜にこんなに白熱してしまうと思わなかったです。１カ月半後、無事に生まれた顔を見て名前としてしっくりきたので、あのとき考えた名前で決定しました。	sound_row	https://baby-calendar.jp/knowledge/common/1532	bc
2021	M	か行	健悟	けんご	妊娠がわかる前に夫婦間で話して男の子だったら私が、女の子だったら夫が名前を決めることになりました。妊娠がわかり、健診で男の子と言われ、名前は私が決めることに。夫から1文字もらいたいと思っていたのですごく悩みましたが「悟」という字を用いて「健悟」にしました。健やかで聡い子になってほしい思いも込めています。	sound_row	https://baby-calendar.jp/knowledge/common/1532	bc
2021	M	か行	源治	げんじ	息子の名前は夫がつけてくれました。私の唯一のこだわりは「スマホなどで名前を入力して変換される字と読み方」であることでした。名前の由来は「みんなの元気の源になってほしい」というのと、夫の祖父の名前から1文字「治」をいただいて。私の名前がちゃんとした由来がないものだったので、きちんと理由もあり、夫の祖父がとてもいい人だったというのを聞いて気に入り、迷うことなく決まりました。	sound_row	https://baby-calendar.jp/knowledge/common/1532	bc
2021	M	か行	健心	けんしん	画数にこだわりたくさん考えましたが、どうしても画数が悪くなってしまいました。カッコいい名前が思い浮かばず、『るろうに剣心』が大好きな夫が「ケンシン」はどうだろうと提案してくれ、夫の名前にある「健」を使って、今の時代は身体も心も健康でなくては！ と「健心」と名づけました。私は夫のことを「けんちゃん」と呼んでいたので、夫も息子も「けんちゃん」と呼んで2人で振り向かれたら嫌だと言ったのですが、夫がこれ以上の名前はない！と言い切るほど。私は赤ちゃんの顔をみて決めよう！と思っていましたが産後は疲れで動けず……。息子が産まれて3カ月経ったころ、こんな名前がカッコいい、あんな名前もあったのかと、今になって画数にこだわらなければ、カッコいい名前がポンポンでてくる……。名前自体は後悔していませんが、息子のことは「ケンシン」の「シン」をとって「シンくん」と呼んでいます。名前を決めるって本当に大変！	sound_row	https://baby-calendar.jp/knowledge/common/1532	bc
2021	M	か行	顕祐	けんすけ	私が35才のとき。1人目が生まれて1年経ったころです。コロナ禍ではありましたが早めに兄弟がほしいねと始めた妊活はラッキーなことにすぐ実りました。1人目はやんちゃな男の子で、2人目妊娠中も一緒にアスレチックなど何かと外で遊ぶことが多かったです。その後、順調に妊婦生活を送り、予定日から4日遅れて無事出産。3,796gのビッグベビーでした。上の子のときに、父の字を1字取り「○祐」と名づけたので、仲良し兄弟になってほしいし「○祐」とつけようと決まりました。そして呼び方はお兄ちゃんもあだ名で呼びやすい「けんちゃん」に決定。そこから「顕祐」となりました。漢字はいろいろと候補がありましたが、明るくおおらかに、はっきりと意志を持って育ってほしいので「あきらかになる」の意味を持つこの字を選びました。よく飲み、動き、笑う子です。このまま元気に育ってほしいと思います。	sound_row	https://baby-calendar.jp/knowledge/common/1532	bc
2021	M	か行	絢斗	けんと	初めての子への初めてのプレゼントになるのでとても慎重に考えました。まずは画数でいい数字になるように、そして名前を見て性別もわかり、愛称がつけやすいものを。みんなにたくさん呼んでもらえる名前を夫婦でたくさん考えました。	sound_row	https://baby-calendar.jp/knowledge/common/1532	bc
2021	M	か行	憲人	けんと	私たち夫婦はお互い特に思い入れのある字やつけたい名前がまったくなく、いつまでも名前が決まりませんでした。ある日、夫が私たち夫婦の名前の漢字にお互い「心」がついていることと、「と」の文字が入っているのに気がついて、子どもも同じ法則でつけようと考えつきました。ただ「心」が入っている漢字はネガティブな意味のものも多く、男の子の名前での選択肢としては多くありませんでした。あまり難しくない漢字にしたかったのですが、意味と画数の姓名判断の結果、この漢字になりました。私たちにとってとても思い入れのある名前になりよかったと思っています。（さとぴょんさん）	sound_row	https://baby-calendar.jp/knowledge/common/1532	bc
2021	M	か行	航絆	こうき	妊娠前からコロナ禍でなかなか人と気軽に会えない日が続いていました。また、初めての妊娠でわからないことが多く、出産準備のために母親教室などに参加したかったのですが開催されず不安でした。そのようななかで丸1日かかった出産では、助産師さんや看護師さん、家族に終始温かくサポートしていただき、人のありがたみを大いに感じました。その経験があり、広くおおらかな心を持って、いろいろな人との絆を深められる子になってほしいと願いを込め名前をつけました。	sound_row	https://baby-calendar.jp/knowledge/common/1532	bc
2021	M	か行	航己	こうき	実に9年ぶりの妊娠で3人目の男の子でした。上に2人お兄ちゃんがおり、名づけはパパがメインで考えたので、今回は私がメインで考えることになりました。お兄ちゃんたちやパパママとイニシャルが被らないように……。お兄ちゃんたちの友だちの名前と被らないように……。私たち夫婦の友人の子どもの名前と被らないように……と考え、今回の名づけはとても難しかったです。いろいろ考えていると、あるときふと「こうき」という響きが思い付きました。呼び方も「こうちゃん」ととてもしっくりくるものだったのでこれで漢字を探すことにしました。上2人のお兄ちゃんの名前に「陸」と「風」をイメージした漢字を使っているので、この子にも自然をイメージした漢字を使いたいと思いました。残るは水関連の字かな？ ということで探していくと「航」の字が気に入りました。航海の「航」に「己」で、自分の人生という大海原を航海していけるように……という意味を込めました。両親からも「素敵な名前だね」「自衛隊みたいでカッコいいな」とお墨付きをもらいました。	sound_row	https://baby-calendar.jp/knowledge/common/1532	bc
2021	M	か行	康希	こうき	4人兄弟の末っ子で生まれた三男です。35週で私が妊娠高血圧症候群になり緊急入院になりました。その後､陣痛が始まってしまい、36週で緊急帝王切開。低出生体重児（2,063g）で生まれました（2人目､3人目が帝王切開だったので予定帝王切開で出産予定でした）。大きな問題はなかったのですが､低体重だったので2週間入院になり､とても不安な気持ちで過ごしました。低出生体重児でしたが健康に育ち､夢や希望をしっかり持ってほしくて「康希（こうき）」にしました。	sound_row	https://baby-calendar.jp/knowledge/common/1532	bc
2021	M	か行	昂樹	こうき	パパの名前の1字と、パパが考えたいくつかの名前の候補に、出産日当日に私（こうきの母）が漢字を考えました。長男の名前は私が考えたので、次男の「昂樹」の名前はパパに考えてもらいたかったのですが、いざとなると私が決めたくなってしまいました。私がどれになってもいい名前の漢字を、またいくつか姓名判断を参考に考えて、最終的にパパに選んでもらい「昂樹」に決まりました。太陽のように高くのぼって、気持ちを高められる、大きな人になるようにという願いを込めています。	sound_row	https://baby-calendar.jp/knowledge/common/1532	bc
2021	M	か行	光希	こうき	私たち夫婦は2020年2月に結婚しました。その直後から国内での新型コロナウイルスの感染者も増えていき、緊急事態宣言が発令され、7月に予定していた新婚旅行は当然ながら行けなくなりました。新婚旅行を終えたら妊活しようと決めていたのですが、気軽に海外へ行ける生活がすぐ戻ってくると思えなかった私は夫に「新婚旅行は諦め、妊活をしたい」と伝えました。旅行好きの夫は「一生に一度の新婚旅行なんだから、夫婦の想い出をきちんと作りたい。子どもができたら海外旅行はしばらくいけないから少し様子見しよう」と渋っていました。当時私たち夫婦は新婚といえど、夫は43歳、私は39歳と若くありませんでした。妊活を先延ばしすることは自然妊娠ができなくなってしまうとしか思えませんでした。心がモヤモヤして、やがて生理がくると心身共に辛くて２～３日起き上がれないようになりました。婦人科にかかったところその後、私の卵子の育ちは遅いけれど、自然妊娠は可能なのでタイミング療法から始めましょうということになり、幸い妊娠をすることができました。結婚してから出産まで1年3カ月。息子の出産は緊急事態宣言発令中となりました。産後も相変わらず新型コロナウイルスの終息は見えません。世界中が大変なこの時代に生まれてきてくれた息子の将来が、光輝く明るい希望に満ちあふれたものになっているように願いを込めて「光希」と名づけました。	sound_row	https://baby-calendar.jp/knowledge/common/1532	bc
2021	M	か行	晄志朗	こうしろう	妊娠5カ月で性別がはっきりわかり、そこから名前を考え始めたのですが、夫と意見がなかなか合わず、喧嘩ばかりの日々。夫は古風な名前にしたい。私はキラキラネームは苦手だけど、最近っぽさもほしい。お互いがお互いで名前を考え提案しても通らず、結果生まれる15日前まで決まらずでした。たまたま祖母の所にお墓参りに帰ってきていた叔父に名前が決まったかを聞かれ、まだだと応えると、必ず4文字以上の名前にしたほうがいいと言われました。男の子ということもあり、呼び捨てで呼ばれたり変なニックネームをつけられないようにという思いからでした。そしてお互いどんな感じにしたいかを聞かれ、私は夫の名前の1文字を取り「志」を入れたかった。まっすぐ芯を持ちながらもやさしく育ってほしいから。夫は私の名前の「光」と古風にするため「郎」を入れたかったらしいですがバランスを考えた結果「晄」と「朗」になりました。「晄」は日の光をいっぱい浴びて大きく伸び伸び育ってもらえるように。いつか人生の岐路で迷ったとき、必ず誰か周りの人が手を差し伸べてくれてその光に導かれるように。そして子ども自身もそういう人になれるようにという意味でつけました。「朗」は「晄」と同様に、暗いなかでも月の光に照らしてもらえるように。それと「郎」では画数が悪かったため、こちらを選びました。私も夫も家庭環境がいいとは言えず、子どものころから本当に暗い人生を生きてきたので、子どもにはそんな思いをしてほしくない。明るく楽しい人生を歩んでほしい。そして子ども自身も誰かのために動ける人になってほしい。困っている人や苦しんでる人がいたらそっと手を差し伸べ手あげられるようなやさしい子になってほしい。そう思いながら考えました。生まれてからこの子の名前はこれでよかったと思うことが多々あります。母の愛情がわからない私は子育てがなかなか思うようにできず焦り泣く日々。そんななか、寝ていたはずの子どもが起きて、添い寝をしてた私のほっぺにそっと手を当てスリスリしてニコッと笑ってまたすやすや夢の中へ。子どもが寝ていたため、私は気が緩み涙を流していましたが、息子が私をやさしく包んでくれた瞬間でした。本当にこの子のおかげで今自分が生きていられると思います。そしてこの子のために育児を頑張りたいと思います。この子の名前を「晄志朗」にしてよかったと、この子にぴったりの名前だと思う日々です。	sound_row	https://baby-calendar.jp/knowledge/common/1532	bc
2021	M	か行	航世	こうせい	私と夫は2018年に結婚した。結婚式当日はずっと同居していた祖母にお色直しのエスコートをお願いした。祖母は誰よりも私の結婚を喜んでくれ、泣きながらエスコートの大役を果たしてくれた。健康で病気知らずの祖母だったが、結婚式が終わると、役目を果たし終えたと思ったのか、急に体調を崩し認知症になってしまった。祖母に会うと、いつも決まって「今日は七海ちゃんは一緒じゃないのかい？」と聞いてきた。七海ちゃんが誰なのか聞くと、私の子どもだそうだ。そのころはまだ妊娠もしておらず、「まだ子どもはいないよ」といつも祖母に訂正していた。月日は流れ、2020年5月、待望の赤ちゃんを妊娠した。そんななか祖母の体調が急変し、6月に祖母は亡くなった。新型コロナウイルスでお見舞いも行けなかったが最期の瞬間は立ち会え、妊娠を報告できたことは唯一の救いだった。出産予定日は2021年2月1日。2月1日は祖母の誕生日ということもあり、祖母とのつながりを感じ、おなかの赤ちゃんは「七海ちゃん」と決めていた。夫と毎日のように「七海ちゃん」とおなかに向かって話しかけた。妊娠6カ月の健診で性別が判明した。最初から女の子と信じて疑わなかったが、赤ちゃんはまさかの男の子だった。性別にこだわりはなかったものの、ずっと女の子と信じ「七海ちゃん」と声かけをしていたので最初は戸惑った。そこから夫と男の子の名前を考え始めた。祖母が「ななみちゃん」といつも言っていたが、漢字は夫婦で決めた。私は留学経験や仕事での海外駐在経験があり、夫は趣味が海外旅行ということもあり、七つの海でできている世界にはばたいてほしいという思いが込められている。そのため、男の子だとしても同じようなイメージの名前にしたいと考えていた。夫婦で話し合い、世界に航ってほしいという想いを込めて「航世」という名前に決まった。それ以降はおなかにも「航世」と呼びかけて、妊娠期間を過ごした。2021年1月24日、予定日よりも8日早く、航世はこの世に誕生した。結局、祖母の誕生日である2月1日生まれにはならず、祖母が言っていた「七海ちゃん」でもなかった。ただそんなことはどうでもいいくらい、航世の誕生は感動的かつ神秘的で、私の人生で一番素敵な出来事だった。人の生と死を身近に感じた1年だった。航世をおばあちゃんに会わせたかったなぁ。祖母はきっと天国で航世を見守ってくれている。	sound_row	https://baby-calendar.jp/knowledge/common/1532	bc
2021	M	か行	幸太	こうた	わが家では女の子だと母から1文字、男の子だと父から1文字とることになっています。健診で男の子だとわかり、そこからどんな名前にしようと考え始めました。たくさん名前を考えましたが、いまいちピンとくるものがなく、とうとう予定日まであと１週間になってしまいました。あと少しでこの大きいおなかがぺったんこになってしまう、と少し寂しい気持ちになりました。そこから妊娠がわかった日から今日までの日々を思い返してみると、コロナ禍のなかで、上の子もいるので大変な日々だったと回顧しました。ですが、家族みんなでおなかに話しかけたり、ベビー用品を上の子とも一緒に選んだりと今まで以上にとても幸せで、家族が一致団結した日々を過ごしていたと気がつきました。そこからたくさんの幸せを与えてくれたということと、生まれてくるこの子が「幸せで、豊かな人生が送れますように」という意味を込めて「幸太」としました。父からの「太」という漢字もプレゼントでき、シンプルですが夫婦共にしっくりきました。これまで名前で悩んでいた日々はなんだったのかというくらいあっさりと決まりました（笑）。これからも大変なことも多々あると思いますが、家族みんなで一致団結して幸せな家庭を築きたいと思います。	sound_row	https://baby-calendar.jp/knowledge/common/1532	bc
2021	M	か行	航大	こうだい	飛行機が大好きなパパと飛行機に乗って世界を旅するのが好きなママが出会ったのは飛行機の中。190cmの大柄にも関わらず、3列シートの真ん中で両隣に挟まれてギュウギュウのパパが、うしろで3列シートをひとり占めしていた小柄なママの席に移ってきたのがきっかけだったんだよ。歳が近いこともあって意気投合し、着陸までいろいろなお話をして、連絡先を交換して、そして今がある。でも決して順風満帆でなく、ばあばに反対されてママは勘当同然でパパと結婚したんだよ。それに大きな子宮筋腫がたくさんあるから妊娠しづらいという診断も。それでもやっと授かったと喜んでいたら、航大のお兄ちゃんかお姉ちゃんは心拍が聞こえる前にお空にいってしまったの。あのころは悲しいことばかりで、ママはよく泣いてたな。それから1年経っても授かれなくて、怖いけれど子宮筋腫の手術をしようと決めたの。その矢先、航大を授かったことがわかったんだよ。うれしい反面、前回のことがあるから生まれるまで毎日不安だった。しかも心拍が確認できてすぐに大量出血したんだよ。もう本当にダメかとパパと2人祈る思いで病院に行ったよ。幸い航大は無事で切迫流産で１カ月自宅安静で済んだの。3年かけてばあばとも少しずつ雪解けしてきたころだったから、これを機に初めて実家に戻ることができて、ばあばたちに面倒みてもらったんだよ。子宮筋腫の手術をしなくてよくなったことやばあばとの関係が一気に改善したこと、航大がきてくれたことは本当に感謝しきれないことばかり。名前はパパと出会った空に因んだ名前をつけようって思っていて、相談する前からパパも同じ気持ちだったんだって！ 男の子だとわかったときは、飛行機＝航空機の「航」にしようって迷いなく思ったの。大きな空を羽ばたく航空機のように、世界を羽ばたく大きな人になってほしいという願いを込めて「航大」と名づけた。いろいろな世界を見てたくさんの人と接して、心の大きな人になってね！！ パパとママを選んで生まれてきてくれて、本当にありがとう。大好きだよ。	sound_row	https://baby-calendar.jp/knowledge/common/1532	bc
2021	M	か行	幸太郎	こうたろう	今回の出産で3人兄弟になりました。上の子ども2人の名前にも「太郎」がつくので、今回も「太郎」がつく名前にしようということは決まっていました。このコロナ禍での妊娠、出産は不安で不安でしかたありませんでしたが、何とか無事に母子共に退院できて本当に安心しました。今後どうなるかわからないこの世界でも、幸せになってほしい、そして小さなことにも幸せを感じられる子になってほしい、そんな願いを込めて「幸太郎」と名づけました。	sound_row	https://baby-calendar.jp/knowledge/common/1532	bc
2021	M	か行	煌真	こうま	妊娠するよりも以前のある日、夫が6歳くらいのころに名前をワープロで打とうとしてタイプミスをした（こうじ→こうま、こうし）と言う話を聞きました。しばらくして妊娠、その後さらに時間が経過して性別がわかったときに頭のなかにふと夫の昔話が浮かんできました。2人の名前の一部の読みや意味を冠する文字を使いたい、明るく素直で誠実な子になってほしいとも思い「煌真」と名づけました。（コウママさん）	sound_row	https://baby-calendar.jp/knowledge/common/1532	bc
2021	F	さ行	佐空	さく	長女にきょうだいを作ってあげたいなと思っていましたが、40歳近くになっていたため自然にできるのは難しいかな、と諦めかけていたところ奇跡とも思える妊娠。願いが届いたのかなと思いました。また、コロナ禍でネット中心の世間、孤独になりがちななか、人とのつながりの大切さを感じていました。こんな状況だけど、生まれてくる子には人の温もりを感じてもらいたい。人と関わる素晴らしさを感じてほしい、何より、姉妹力を合わせて生きてほしいという願いを込めて。「佐」は補佐の佐。人を助け、頼られ、また頼りになる仲間と共に育ってほしい。「空」はあなたが親の願いを叶えてくれたように、願いは叶うよ。自分の思いを大切に、世界に飛び立っていってね。という願いと応援の意味を込めて。	sound_row	https://baby-calendar.jp/knowledge/common/1543	bc
2021	F	さ行	咲來	さくら	桜の花のように関わる人の笑顔を咲かせれる女の子に。素敵な笑顔でこれからの人生が過ごせますように。そして素敵な人生が訪れますように」という思いを込めて……。春生まれなのもありますが、桜が咲いているなか「なかなか生まれないね〜」とおなかの咲來ちゃんと一緒に散歩をしていて、妊娠後期の妊婦生活を思い出させてくれるお名前でもあるかなと感じます。	sound_row	https://baby-calendar.jp/knowledge/common/1543	bc
2021	F	さ行	咲良	さくら	私がもともと桜の花が好きで、夫と初めてデートしたのもお花見。「咲」という字に笑うという意味があり、本人も周りにもいい笑顔が集まるように、桜の花のように美しくみんなに愛される子になるようにという願いをこめて「咲良」にしました。また、桜の花が海外でも有名なのでわかってもらいやすいかなというのもあります。	sound_row	https://baby-calendar.jp/knowledge/common/1543	bc
2021	F	さ行	英奈	はな	双子なので似た響きで、統一感のある名前にしました。姉の「咲奈」は、花が咲くの「咲」を。花が咲くようにひたむきに頑張って、周りを癒やせる子になりますようにの願いを込めて。妹の「英奈」は、実がつかない花の「英」を。周りに元気を与えられるような、魅力あふれる子になりますようにの願いが込められています。2人合わせて「花が咲く」の意味になっています。	sound_row	https://baby-calendar.jp/knowledge/common/1543	bc
2021	F	さ行	咲那	さな	咲那は3姉妹の末っ子です。長女が「莉那（りな）」、次女が「柚那（ゆな）」です。妊娠がわかり女の子と判明したときから夫と考えました。2文字で最後は「那」と決めていたので、「りな」と「ゆな」と聞き間違えないように、母音の「あ」と「う」は避けようとなりました。お風呂に貼ってある子どものあいうえお表を見ながら日々考えていました。いろいろな候補があるなか、「咲那」になった決め手は、莉那の「莉」はジャスミン、柚那の「柚」はゆずと、植物に関する名前をつけたのでこれは「咲」にしたら3姉妹で完成する気がしたからです。お姉ちゃんたちに負けないように強く、でも花が咲くように可憐に育ってほしいとの思いもあり名づけました。	sound_row	https://baby-calendar.jp/knowledge/common/1543	bc
2021	F	さ行	紗愛	さら	旅行や飛行機が大好きだった私たち夫婦。2020年に新型コロナウイルスが流行し結婚式は中止。そんななか、私たちのところにきてくれた赤ちゃんでした。結婚式もできず旅行にも行けない。仕事もうまくいかなかったときに私たちに幸せを運んできてくれた赤ちゃん。いつ海外に行ってもわかりやすい名前をと考えました。今はコロナ禍で海外どころかお互いの実家にも行けず、おじいちゃんおばあちゃんにも会わせてあげることができないけれど、紗愛が大人になるころには世界を巡れるようになり、人をやさしく包み込み愛であふれさせることができる子になっていることでしょう。	sound_row	https://baby-calendar.jp/knowledge/common/1543	bc
2021	F	さ行	桜和	さわ	コロナ禍で妊活のための病院へ行くのを躊躇っていた矢先に待望の妊娠がわかりました。うれしさより戸惑いが多く、初めての妊婦生活のなかでの仕事、水さえも受け付けないつわり。そして、妊娠7カ月には新型コロナウイルスに感染してしまいました。幸い軽症で済んだのでよかったですが、今考えるととても怖いです。そして、さぁ、あとは出産だけと思ったら低地胎盤のため帝王切開となりました。手術も入院も初めてで何もかもドキドキでした。出てきたときの声の大きさにびっくりしました。名前は顔を見てから決めましたが、夫しか面談にこれずしかも15分のみ。帝王切開の傷が癒えぬなかひとりぼっちの入院生活となりました。和風っぽく季語が入った名前がいいねとだけ決めていたのと、たまたま出産日が桜の開花日と同じ日で「桜」の漢字を使おうということになりました。私たちの住んでいる地域は、桜が有名な土地というのもありました。そして、このコロナ禍で暗いニュースばかりだったけれど、この子の妊娠が周りを和ませたニュースだったため「和」を使い「桜和」と名づけました。（サクサクさん）	sound_row	https://baby-calendar.jp/knowledge/common/1543	bc
2021	F	さ行	志乃	しの	父親の名前「達志」から1文字もらいました。志をもって前へ進んでいく子に育ってほしいと願いを込めています。和の響きや、「しのちゃん」と呼びやすい所も気に入っています。（しのちゃんママさん）	sound_row	https://baby-calendar.jp/knowledge/common/1543	bc
2021	F	さ行	すず	すず	ゆず」、「すずか」などいろいろな名前で迷ってましたが、名前占いで「すず」が一番よく、また私、すずママが広瀬すずちゃんが大好きでこの名前にしました！ 広瀬すずちゃんのようにかわいく、元気で素直で強い子に育ってほしいという思いもあり、妊娠5カ月にはもうすずちゃんで確定していました！ 産休をとるまで働いていたのですが、職場の皆さんからは「子すずと」呼ばれていました（笑）。鈴のように凛とした子に育ちますように。	sound_row	https://baby-calendar.jp/knowledge/common/1543	bc
2021	F	さ行	すず花	すずか	妊娠中から夫と2人で考えていて、名前の響きもいいし、画数も考慮しつつ、周りにいないけど奇抜ではない感じの名前にしました。5月の誕生花にすずらんがあります。花言葉は「純粋」。私たち夫婦は2人とも名前に「純」がつくので、その結びつきも大事にしたくて「すず花」と命名しました。	sound_row	https://baby-calendar.jp/knowledge/common/1543	bc
2021	F	さ行	鈴花	すずか	スズランの花言葉は「純粋」「再び幸福が訪れる」ということから、幸福が訪れ、誰からも愛されるようにと名づけました。また母親がL'Arc～en～Cielが好きで、そのなかでも『snow drop』 という曲が好きということもあり、スノウドロップはすずらんに似ているということで名づけました。	sound_row	https://baby-calendar.jp/knowledge/common/1543	bc
2021	F	さ行	紗奏	すずな	京都の鈴虫寺に授けてもらった3人の子どもたち。「すず」という音をもらい、漢字は「天女の羽衣のように透き通って飾らない柔和な女の子になりますように」という意味から「紗」を使いました。「奏」は上の2人の姉弟も同じ漢字を使っていて、「素敵なメロディを奏でるように、素敵な人生を歩んでいけますように」という願いを込めて名づけました。	sound_row	https://baby-calendar.jp/knowledge/common/1543	bc
2021	F	さ行	すずな	すずな	沖縄では2月は春。長女は南国のお花の名前だったので次女も花の名前にしたいなぁと思っていました。春といえば春の七草で、すずなは蕪のお花で、黄色くかわいらしいお花なんです。生まれたときからのころころとしていてイメージもぴったりでした。愛嬌があり、ニコニコで元気な女の子に、周りから愛される女の子に育ってほしいなと思いこの名前をつけました。生後半年を過ぎ、本当によく笑う愛嬌もちで、みんなから早速人気者です！	sound_row	https://baby-calendar.jp/knowledge/common/1543	bc
2021	F	さ行	菫	すみれ	桜の日に生まれた娘。桜ちゃん、咲ちゃん、杏ちゃんに藍ちゃんに……。候補が絞れずに退院してやっと会えたパパとしばらく悩みました。菫はおなかにいたころに女の子とわかったとき、ふんわりと思い浮かんだ名前です。その花のためだけに存在する漢字になじみがなかったのですが、小さくてたくましい花と同じ名前もいいなと思っていました。名づけたあとで知ったのですが、菫はアリにおいしい部分をあげて種を運んでもらうのだそうです。娘も周りの人と与えあえる人であってほしいなと思いました。今年、初めて野に咲く菫を見つけて、しっかりした深い紫に感動しました。娘のおかげで私の人生の彩りが増えました。お兄ちゃんとお揃いの漢字1文字。娘にも気に入ってもらえる名前だと良いなと思います。（あぁさん） 歴代の赤ちゃんの名づけエピソード大賞 2021年赤ちゃんの名づけエピソード大賞 ＞ 2020年赤ちゃんの名づけエピソード大賞 ＞ 2019年赤ちゃんの名づけエピソード大賞 ＞ 2018年赤ちゃんの名づけエピソード大賞 ＞ 2017年赤ちゃんの名づけエピソード大賞 ＞ 2016年赤ちゃんの名づけエピソード大賞 ＞ 2015年赤ちゃんの名づけエピソード大賞 ＞ 歴代の赤ちゃんの名前ランキング 2021年赤ちゃんの名前ランキング ＞ 2020年赤ちゃんの名前ランキング ＞ 2019年赤ちゃんの名前ランキング ＞ 2018年赤ちゃんの名前ランキング ＞ 2017年赤ちゃんの名前ランキング ＞ 2016年赤ちゃんの名前ランキング ＞ 2015年赤ちゃんの名前ランキング ＞ 2014年赤ちゃんの名前ランキング ＞ 2013年赤ちゃんの名前ランキング ＞ 2012年赤ちゃんの名前ランキング ＞ 2011年赤ちゃんの名前ランキング ＞ 2010年赤ちゃんの名前ランキング ＞ あなたの“今”の悩みを専門家に無料で相談できます 自分だけでは解決できない不安やお悩みは、助産師や管理栄養士などの専門家に個別相談してみませんか？ 専門家に相談する その他についての悩み もっと見る 専門家に相談する 妊娠・育児アプリ ベビーカレンダー記事制作の取り組み ＼ この記事にいいね！しよう ／ 0 クリップ 現在ログインしていません。 ログイン しますか？ シェアする 名前ランキング検索 ベビーカレンダーが独自で調査・集計した2017年以降に生ま	sound_row	https://baby-calendar.jp/knowledge/common/1543	bc
2021	M	さ行	咲柊	さきと	コロナ禍でやりたいことが思いっきりできない世の中。でも、今頑張って自粛してその先には明るい未来が待っている！！ そして……花「咲く」人生を！ 咲「（えみ）=笑み」があふれる人生を！ と願い「咲」という漢字をつけました。「柊」は冬っぽい漢字で、兄弟3人が「○○と」という名前なので、一人だけ「○○助」とかだと落ち着かなく合わせました	sound_row	https://baby-calendar.jp/knowledge/common/1533	bc
2021	M	さ行	朔	さく	皆既月食の日に高位破水し、いつ生まれてもおかしくない状況でした。生まれたのは翌日でしたが、月にまつわる漢字を使いたくて「朔」という月が入っている漢字にしました。最終候補には残っていませんでしたが、生まれてきたときの顔と月という漢字を使いたいのを考慮して「朔」の漢字になりました。	sound_row	https://baby-calendar.jp/knowledge/common/1533	bc
2021	M	さ行	冴玖	さく	2021年9月12日、予定日から約1週間ほど前に生まれてきてくれました。上の女の子は「彩」、男の子は「玖」を使っていたこともあり、今回は男の子のため「玖」は使うことに。令和3年の9月に生まれるということで、すぐに「さく」にしようと思いました。意味は、強い意志を持ってあらゆる分野で活躍しながら自分の進む道を切り開いていってほしい。そしてこの嫌な世の中を輝かしい未来へ切り冴玖（さく）強い子になってほしい。産院から帰ってきてすぐに家族に笑顔を届ける素敵な息子です。（あいられちゃんさん）	sound_row	https://baby-calendar.jp/knowledge/common/1533	bc
2021	M	さ行	至軌	しき	軌道に乗るの｢軌｣と｢至る｣で目標に届くようにと願いを込めました。	sound_row	https://baby-calendar.jp/knowledge/common/1533	bc
2021	M	さ行	柊一	しゅういち	長女はパパが名づけたので、長男はママ、という流れで名前をつけることになりました。また、長女には私の名前から1字使っていたので、長男にはパパの名前から1字使うことが決定していました。1月生まれだったので、季節感のある漢字のなかから、自分の好きだなと思う字を選び、「柊一」と名づけました。「柊」は魔除けにも使われる木で、悪いものから守られますように、また周りを守れるような芯のしっかりとした子に育つよう願いも込めています。	sound_row	https://baby-calendar.jp/knowledge/common/1533	bc
2021	M	さ行	周典	しゅうすけ	仕事で人間関係がうまくいかず、精神的にしんどくなり退職してしまいました。次の就職先は誰ともしゃべらずに済む仕事にしようと思っていたのですが、子どものころからの夢だった児童養護施設の指導員の求人を見つけ、思いきって応募しました。新しい環境で戸惑うこともありましたが、一緒に働く先生方に恵まれ、毎日楽しく働くことができていました。だんだん仕事に慣れてきたころ、妊娠がわかりました。うれしい気持ちはあるものの、予想していなかったことなので正直とても不安を感じました。前年に転職したばかりだったこともあり、職場に迷惑をかけるのではないかと心配し報告するのもとても緊張していましたが、先生方や子どもたちにも喜んでもらえて祝福され、とても安心しました。一緒に働く先生方はいつも体調のことを気遣って声をかけてくださったり、夜の勤務のときは車で送ってくださったり、本当にたくさんの配慮をしていただきました。そして何より、そこで暮らす子どもたちが「先生、私がやるから座って休んどきよー」と言ってすすんでお手伝いをしてくれたことや、「おーい、赤ちゃーん」や「やさしい子になってね」などおなかを撫でて話しかけてくれたことが本当にうれしかったです。施設で暮らす子どもたちのお世話をする私のほうがたくさん助けてもらい、たくさんの愛をもらいました。この職場で働くことができたこと、この職場で働いているときに妊娠することができたことが本当によかったと感じました。周りの人に恵まれ、私は幸せな妊婦生活を送ることができました。おなかの子にも自分の周りの人の気持ちを考えられる思いやりのある子になってほしい、周りの人に恵まれますようにと願いを込めて「周」の字をつけました。周りの人の気持ちを考え、大切にできるやさしい子に育ってほしいです。	sound_row	https://baby-calendar.jp/knowledge/common/1533	bc
2021	M	さ行	朱馬	しゅうま	産休に入ってから名づけ本やネットを参考に名前の候補を考え始めました。名づけ本はいわゆる当て字のキラキラネームが多い気がして、初めはこんな読み方があるんだぁと見ていましたが、私的には極端な当て字は避けたかったので範囲を広げいろいろと調べるようにしました。夫は直感で響きのよい名前を挙げ、私が漢字を考えていました。夫はなんでもかんでも任せきりの性格で、出産ギリギリまで次々と候補の名前を挙げてくるし、候補を挙げておきながら、漢字をあてて伝えると「オレその名前言ったっけ？」や「友だち、会社の人、親戚と被る」などと言いだすしで大変でした。しかもテレビを見ながら……。投げやりな感じに見えて何度も喧嘩になり、一度は本気で離婚も考えました。出産は予定帝王切開のため3日前に入院しましたが、その間も名前が決まらず、出産後6日目の退院の日に、夫が好きなキラキラ寄りの響きの名前と「 朱馬」の 2つの候補に絞りました。コロナ禍のため、夫とベビーの対面は退院日で、退院した日に2人でいろいろと話し合い最終的にはあみだくじで決めました。結果「 朱馬」 で私はホッとしましたが、夫は少し不満げでした。もちろん夫が言った響きなのですが「オレそんなこと言ったっけ？」と言っていました。今では「しゅう〜」とかわいがっていますが	sound_row	https://baby-calendar.jp/knowledge/common/1533	bc
2021	M	さ行	潤	じゅん	私が嵐が好きなことと予定日が松本潤くんの誕生日に近かったこと、そして名字と名前を合わせた響きがすごくカッコいいと思ったこと、また漢字の意味合いから、物心共に恵まれた人生が歩めるようにと願いを込めました♪	sound_row	https://baby-calendar.jp/knowledge/common/1533	bc
2021	M	さ行	祥	しょう	もともと、名前にこの字を入れたい！などこだわりのなかった私たち夫婦。初めて授かった子どもの名づけは、夫の提案で外国でも呼びやすい、漢字1文字の名前の候補を挙げていきました。いいなと思った名前も、お互いの友だちやその子どもの名前と被ったりしてなかなか決まりませんでした。決めきらぬまま1週間早く陣痛がきてお産に。初めてのお産で、体験したことない痛さにただただ息をするのに必死で、意識が朦朧とするなか、目の前に「祥」の字が浮かびました。新型コロナウイルスで面会・立ち会いが出来ず不安でもあったお産でしたが、そこから「祥くん。一緒頑張ろう！」と思えて、入院して4時間後には元気に息子が誕生しました。すぐに夫に連絡して出産報告と名前を提案し、漢字を調べてもらうと「さいわい、めでたいこと」という意味があり、私たちのもとにきてくれた喜びにぴったりだと「祥」と名づけました。今息子は、毎日私たちに喜びを与えてくれます。息子の人生も喜びに満ちた素敵なものになることを願っています。	sound_row	https://baby-calendar.jp/knowledge/common/1533	bc
2021	M	さ行	丈太朗	じょうたろう	生まれたとき、自発呼吸が弱く抱くことなくNICUでの処置になり、最初はチューブがたくさん付いていました。名前は顔を見てからつけようと思っていたので、とにかく「丈夫」で「太くたくましく」「やさしくほがらか」に育ってほしいと「丈太朗」と名づけました。今では退院し、元気な泣き声をたくさん聞かせてくれています！	sound_row	https://baby-calendar.jp/knowledge/common/1533	bc
2021	M	さ行	奨麻	しょうま	妊娠が発覚したときからずっと直感的にこの子は「ヒナ」だと感じ、「ヒナちゃん」と呼んでいて名前も「緋詠」の2文字を考えていました。しかし、出産予定日に近づくに連れてヒナはヒナだけどこの漢字じゃないとだんだん思えてきて、夫にも相談し、じゃあ生まれてきたときの顔を見て決めようかということになりました。そして生まれてきたとき顔を見てこの子は「しょうま」だと確信しました。漢字の意味通り、人にやさしく麻の葉のように強く育ってほしいという思いも込めて「奨麻」と名づけました。私の心配事も跳ね除けるぐらいにすくすく育ってくれています！	sound_row	https://baby-calendar.jp/knowledge/common/1533	bc
2021	M	さ行	仁	じん	父（仁の祖父）が白血病で亡くなった時期に授かった子です。一生懸命介護をしていた母ややさしく親身に面倒をみてくれた看護師さんを見てきて、生まれてきた子も思いやりがありやさしく、道理をわきまえた人になってほしいと「仁」と名づけました。	sound_row	https://baby-calendar.jp/knowledge/common/1533	bc
2021	M	さ行	伸一	しんいち	名字にしっくりきたから。画数がよかったから決めました。	sound_row	https://baby-calendar.jp/knowledge/common/1533	bc
2021	M	さ行	心泰	しんた	夫が名前に「心」を入れたいという思いがあり、「心」がつく名前を探しました。また夫も私も昭和顔なので、息子もきっとそうなるだろうと思い、昔ながらの名前を探しました。「しんた」という名前がしっくりきました。そこから漢字を探し、シンプルに「心太」にしようと思っていましたが、友人からそれは「ところてん」と読むよと言われやめました（笑）。心が大きい、寛大な、豊かなという思いを込めて「心泰」と名づけました。（ももえさん）	sound_row	https://baby-calendar.jp/knowledge/common/1533	bc
2021	M	さ行	澄春	すばる	夫は男3人兄弟。それぞれの名前を決める際、「すばるって名前が最後まで候補に上がっていたんだよ」と義父が教えてくれました。その名前を息子にプレゼントしました。愛にあふれている義理の家族のように、さわやかで清潔感があり、誰からも好かれる人になるように「澄」を。植物が芽吹き生きものが誕生する春のイメージから、生命力に満ちあふれた人にと思いをこめて「春」を。この2文字で「澄春」です。元気にすくすく育ってね。（すばるんママさん）	sound_row	https://baby-calendar.jp/knowledge/common/1533	bc
2021	M	さ行	清吾	せいご	吾」はパパの名前からもらうことは決まっていたのですが、その上の漢字をどうするか考えていました。「せ」から始まる名前はやさしい子になる、というのを信じて「せ」から始まり、さらに姓名判断の面から見ても運勢のよい漢字を選びました。	sound_row	https://baby-calendar.jp/knowledge/common/1533	bc
2021	M	さ行	惺成	せな	海外の人にも呼んでもらいやすい名前をつけたいと考えていました。名前の響きから「せな」という名前に決め、男の子なので画数診断を見ながら漢字の由来と共に決定しました。「惺」という字は「澄みきった星、心」という意味があり、純粋な心を持ち、星のように輝く未来になってほしいという願いを込めました。「成」という字は物事を諦めずに成し遂げる立派な人になってほしいという願いを込めてつけました。	sound_row	https://baby-calendar.jp/knowledge/common/1533	bc
2021	M	さ行	全	ぜん	響きがカッコよく「ゼン」は決まっていたのですが、画数などで漢字がなかなか決まらず、夫婦で悩んでいました。夫が「全はどう？」と提案してくれ、あまり名前に使う感じではないような気もしたのですが、意味を調べてみると、いりやね(上の部分)が家を表し、（下の部分の）「王」は宝という意味で「全」には「家の宝」という意味があるという記事を見つけ、すごく気に入りました。また出産は自分が想像した以上に大変で自分の全身全霊をかけたこと、私のすべてだと思い、生まれてからより一層この名前に愛着がわきました。病院のスタッフさん、周りの友人からもいい名前ですねとたくさん言っていただき、夫婦共々気に入っています。	sound_row	https://baby-calendar.jp/knowledge/common/1533	bc
2021	M	さ行	禅	ぜん	性別がわかったときから夫婦で名前を考えていました。画数などから何個も候補が挙がっていましたがそれでもしっくりきませんでした。あるとき、妊婦健診の帰りのバスの中でふと頭に「禅」という名前が降りてきたのです。座禅の「禅」。何日も何日も名前を考えてこれだ！という名前に出合わなかったのに「禅」という言葉が頭にフッと降りてきてで、これだ！と思いました。座禅の禅（ぜん）の言葉のように清くまっすぐな子に育ってほしいです。	sound_row	https://baby-calendar.jp/knowledge/common/1533	bc
2021	M	さ行	禅吉	ぜんきち	"初めてのわが子です。妊娠初期から切迫流産になり自宅安静をしていました。早めに男の子だとわかり、ネットや本で情報収集をしながらひとりで名前を考えていました。私の名づけのこだわりは、「日本らしい渋い名前」「男の子なら濁音を入れたい」「何歳になっても""らしい""名前」「珍しいイニシャル・画数は気にしない（つけたい名前がつけられないため）」です。これだ！と決まった名前からはもう悩むこともなく、妊娠5カ月ころには名前が決定（笑）。早くにひとりで名前を決めてしまい両親はびっくりしていましたが、妊娠中から名前を呼んでくれました。産後も看護師さんにすぐに覚えてもらえ、珍しいいい名前と褒めてもらえて満足です。近所のおばあちゃんたちにも好評でした。"	sound_row	https://baby-calendar.jp/knowledge/common/1533	bc
2021	M	さ行	千寿郎	せんじゅろう	名づけは本当に悩みました。いいと思っても画数や読みなどの占いで少し納得がいかないこともありました。名前に思いをのせると言うのも、どんな思いをのせるべきか悩み、夫婦でこれほど何か決めるのに悩んだことはありません。毎日夫婦で相談し、大好きな家族の名前をもらおうと、身近な人の名前、みんなに喜んでもらえる名前を挙げることになりました。夫は、一番好きだった亡くなった父から「寿」を。私は、双子で姉がおり、私より10年も前に結婚しています。不妊治療を頑張っていましたが治療を終了してしまいました。そんなとき私が自然妊娠をしたこともあり、姉の名前の1字「千」という字をもらいました。その2字をこれから生まれるわが子へ、みんなの愛を受け継ぎ「千寿郎」としました。とても古風な名前ですが、私たち夫婦は大好きな名前です。これから成長していくなかで、自分の名前が好きになってもらえるよう、みんなで愛情を注いでいきます。（さとしみっこママさん）	sound_row	https://baby-calendar.jp/knowledge/common/1533	bc
2021	M	さ行	想	そう	長男のお昼寝の寝かしつけをしながら、夫と2人で名前を考えていたときのこと。いい名前が思い浮かばず、一旦リフレッシュをと、みんなでお昼寝しようと開き直ったところ、長男が夫に「はい、どうぞ！」とお昼寝用の自分のタオルケットをかけてくれました。それを見た夫が、「長男のように、想いやりのある子に育ってほしい」と、「想（そう）」という文字が頭に浮かんだそうです。	sound_row	https://baby-calendar.jp/knowledge/common/1533	bc
2021	M	さ行	颯佑	そうすけ	お互いに5つずつ候補をあげて一致したのが「そうすけ」でした。どんな人にもやさしく率先して手助けができる子になってほしいと思い「颯佑」という漢字にしました。	sound_row	https://baby-calendar.jp/knowledge/common/1533	bc
2021	M	さ行	颯介	そうすけ	颯」という漢字を使いたくて夫に「颯輔ってどう？」と聞きました。すると夫の亡くなったおじいちゃんが啓介なので「介」の字をもらおうと言うのです。昔ながらの長男だから跡取りをという家柄で、3人目にしてやっと授かることができた男の子だったので何かの縁かもしれないと思い「介」の字をいただくことにしました。無事出産し退院後、義父母と義祖母が会いに来てくれました。義母は「写真を見ておじいちゃんに似てると思ったけどやっぱり似てるわ」と。そして「あのね、言わないつもりだったんだけど颯介の生まれた日は亡くなったおじいちゃんの誕生日なのよ」と……。義母に名づけの経緯を伝えたら「きっとおじいちゃんがついているんだね。おじいちゃん！ 守ってあげてね！」と手を合わせていました。義祖母は「おじいさんの生まれ変わりや……」と涙を流し息子の手を握ってくれました。何気なく1文字いただいて、偶然にも誕生日が同じなことに家族みんなが驚きそして喜んだ息子の名づけ。何かの縁というのは本当にあるんだなと思わされた出来事でした。	sound_row	https://baby-calendar.jp/knowledge/common/1533	bc
2021	M	さ行	爽清	そうせい	私の旧姓が「清水」ですが、きょうだいでこの名字を残せる人がいなく、両親をはじめご先祖様に申し訳ない気持ちがありました。せめて自分の子どもの名に残したいというのと、お義父さんが「清」という名前で、ちょうど子どもが生まれる同じ年に亡くなり、運命的なものを感じたので「清」の文字を入れました。子もなんとなく見ためがお義父さんに似ています。爽は後付けです。	sound_row	https://baby-calendar.jp/knowledge/common/1533	bc
2021	M	さ行	蒼太	そうた	かわいらしくやさしい感じが長女、パパ、私と一致！ 漢字は蒼海、蒼天、心広くおおらかに育ってほしいと思いつけました。	sound_row	https://baby-calendar.jp/knowledge/common/1533	bc
2021	M	さ行	蒼磨	そうま	夫婦共々、知り合いのお子さんと被らず、かつキラキラネームにもならない名前がいいね、というところから考えはじめました。この名前は夫考案でした。私は画数やどんな漢字を使うかということに捉われていましたが、男性の発想といいますか、男は姓が変わることは稀だからと単純に響きから考えたそうです。それに思いを込めた漢字を当てはめたかたちです。夏生まれなので連想される色（あお）に「蒼」をあてて、自分の道を突き進んで磨いていってほしいとの意で「蒼磨」としました。また蒼（色）は「その人の色」とも表されますが「個性」の意味も込めていて、誰かと比べたりすることなく、自分の色を大切にしていってもらいたい、という意味もあります。	sound_row	https://baby-calendar.jp/knowledge/common/1533	bc
2021	M	さ行	颯真	そうま	結婚してすぐから妊活をしていましたがなかなか授からず……。将来のためにも新築の家を計画しているときに、待望の妊娠！！ 性別もわからない時期になぜか男の子の名前だけ決めていたのですが、初期流産でその名前を言うことは叶いませんでした。悲しみの毎日でそのときに決めた名前はすっかり忘れていました。傷が癒えてきたころ、再度妊娠が発覚。このときは性別がわかるまで不安の毎日でした。性別がわかり、安定期を迎えることができたタイミングで名前を考え始め、明るくさわやかで純真な真心をもった子になってほしいと願って決めました。臨月に入り、出産の準備をしていたときに一度目の子のエコー写真と決めていた名前を書いた紙が見つかりました。すると、以前妊娠時に考えていた名前と今おなかにいる子につけた名前が漢字も読み方も同じだったのです！ とてもびっくりしたのと共に、この名前になるために戻ってきてくれたんだと思い、他の名前も候補がありましたが「颯真」に決定しました。	sound_row	https://baby-calendar.jp/knowledge/common/1533	bc
2021	M	さ行	颯真	そうま	ありきたりかもしれませんが、「颯」は「明るくさわやかに、誰からも好かれるような人になってほしい」という願いを込めて。また、風を連想して新たな風を吹かせられるように、自分の道を切り開いていってほしいという願いも併せて込めています。「真」は「純粋に、ありのままの自分を大切にしてほしい」、「何事にも真面目に一生懸命取り組んでほしい」という願いを込めました。この名前をとっても気に入っているので息子も将来、自分の名前に誇りを持ってくれたらうれしいです。	sound_row	https://baby-calendar.jp/knowledge/common/1533	bc
2021	M	さ行	蒼空	そら	生まれる1カ月ほど前に地域の両親学級に行き、沐浴させるお人形ちゃんに「そら」と呼びかけていました。そのときはまだ漢字は考えていなかったけれど、私たちにはしっくりきていました。生まれた2日前にパパとママで、広い心を持った子に大きく育ってほしいという意味を込めて「蒼空」と名づけました。	sound_row	https://baby-calendar.jp/knowledge/common/1533	bc
2021	M	さ行	颯来	そら	妊娠中からたくさん候補を決めており、顔を見て決めようね！と言っていました。いざ生まれてみると悩んでいた名前がどれも似合いそうなかわいらしい顔つき。たくさん悩んだ結果、本人に聞いてみたらいいんじゃない？！となりすべての候補の名前をひとつずつ確認するように呼んでいくと「颯来」という名前で指を握ってくれました。ほかは反応がなかったり首を横に振ったりしていたので「颯来」という名前になりました！	sound_row	https://baby-calendar.jp/knowledge/common/1533	bc
2021	M	さ行	蒼空	そら	蒼空には兄と姉がいます。兄は「颯（そう）」といい小学2年生、姉は「紗良（さら）」といい年長さん。少し年の離れた兄弟です。蒼空が生まれるまでみんなで楽しみにしていました。ある日兄が「“そう”と“さら”から1文字ずつとって、“そら”って名前はどうかな？」と突然言いました。自分なりに考えていたみたいです。楽しみにしてくれるだけでなく、名前まで考えてくれてたんだなーとうれしく思い、そのまま「そら」という名前をつけることに決めました。（ひとみさん） 歴代の赤ちゃんの名づけエピソード大賞 2021年赤ちゃんの名づけエピソード大賞 ＞ 2020年赤ちゃんの名づけエピソード大賞 ＞ 2019年赤ちゃんの名づけエピソード大賞 ＞ 2018年赤ちゃんの名づけエピソード大賞 ＞ 2017年赤ちゃんの名づけエピソード大賞 ＞ 2016年赤ちゃんの名づけエピソード大賞 ＞ 2015年赤ちゃんの名づけエピソード大賞 ＞ 歴代の赤ちゃんの名前ランキング 2021年赤ちゃんの名前ランキング ＞ 2020年赤ちゃんの名前ランキング ＞ 2019年赤ちゃんの名前ランキング ＞ 2018年赤ちゃんの名前ランキング ＞ 2017年赤ちゃんの名前ランキング ＞ 2016年赤ちゃんの名前ランキング ＞ 2015年赤ちゃんの名前ランキング ＞ 2014年赤ちゃんの名前ランキング ＞ 2013年赤ちゃんの名前ランキング ＞ 2012年赤ちゃんの名前ランキング ＞ 2011年赤ちゃんの名前ランキング ＞ 2010年赤ちゃんの名前ランキング ＞ あなたの“今”の悩みを専門家に無料で相談できます 自分だけでは解決できない不安やお悩みは、助産師や管理栄養士などの専門家に個別相談してみませんか？ 専門家に相談する その他についての悩み もっと見る 専門家に相談する 妊娠・育児アプリ ベビーカレンダー記事制作の取り組み ＼ この記事にいいね！しよう ／ 0 クリップ 現在ログインしていません。 ログイン しますか？ シェアする 名前ランキング検索 ベビーカレンダーが独自で調査・集計した2017年以降に生まれた赤ちゃんの名前データの中から、知りたい名前の順位、よみの順位、漢字の順位を見ることができます。 【名前で検索】【よみ方で検索】が名前の一部で検索できるようになりました！ 名前で検索 男の子 女の子 と一致する で始まる	sound_row	https://baby-calendar.jp/knowledge/common/1533	bc
2021	F	た行	千景	ちかげ	千を超えるさまざまな人に出会い、景色や美しいものを見て、千を超えるさまざまな経験を通じて人間的に豊かに成長し、他人を理解し尊重できる人に育ってほしい」と願いを込めて名づけました。	sound_row	https://baby-calendar.jp/knowledge/common/1544	bc
2021	F	た行	千咲	ちさき	この子のこれからの人生に、幾千もの笑顔が咲きますように」そう願いを込めて名づけました。新型コロナウイルスの影響で、世の中がまるっきり変わってしまい、生きるのに精一杯で、笑顔が消えたように感じていました。コロナ禍での出産は不安でしたが、この子の誕生でわが家にたくさんの笑顔が咲きました。こんな厳しい時代でも、この子がこれから生きる未来は、たくさん楽しいことがあり、たくさんの笑顔にあふれていますように、たくさんの人を笑顔にさせられますように。そんな思いで名づけました。	sound_row	https://baby-calendar.jp/knowledge/common/1544	bc
2021	F	た行	千遙	ちはる	両方の祖母に「千」という字が使われていることから、女の子だったら「千」を入れたいなと考えていました。「千」も「遙」も長く続くという意味であり、祖母たちからいただいた文字と長生きできますようにという気持ちを込め「千遙」と名づけました。	sound_row	https://baby-calendar.jp/knowledge/common/1544	bc
2021	F	た行	智優	ちゆ	夫が外国ネーム、私がレトロネームで争いましたがどちらも譲らず（笑）。9カ月ころまで続いていました。その後、お互いの名前（漢字）を1文字取って姓名判断をしたら、最高の結果だったのでこの漢字に決めました。 読み方は「ちひろ」か「ちゆ」で、響きがどちらもかわいいためとても悩みましたが、呼びやすさで「ちゆ」に決めました！ これから大きくなったら名前を書くのは大変かもしれませんが、そのころにはペーパーレスに変わってることを期待しています（笑）。（ちゆ親さん）	sound_row	https://baby-calendar.jp/knowledge/common/1544	bc
2021	F	た行	月菜	つきな	2歳上の兄の名前が太陽の「陽」の字を使ってるため、次の子はお月様の「月」の字を入れたかったです。きょうだいとして、太陽と月のような、お互いがかけがえのない存在で仲良くしてほしい。また、月光のようにやさしく穏やかな魅力ある人になってほしい。「菜」は純粋で自然体な人にという思いで「月菜(つきな)」と名づけました。	sound_row	https://baby-calendar.jp/knowledge/common/1544	bc
2021	F	た行	世実	つぐみ	4Dエコーの顔写真を見て、突然名前がふと浮かんできました！ すると、お兄ちゃんもお姉ちゃんもこの名前以外は絶対やだ！と言い出して名前の読みが決まりました。漢字は「この子の一生、人生が実りあるものとなりますように」という願いを込めて名づけました！	sound_row	https://baby-calendar.jp/knowledge/common/1544	bc
2021	F	た行	紬希	つむぎ	紬」は丈夫できれいな織物の1種で、たくさんの人々に愛されたことから健康で多くの人に愛される子になってほしいという意味を込めて。「希」は希望に満ちあふれた人生となりますようにという願いを込めて。この2つの意味を漢字に込めて、幸せいっぱいの人生になってほしいと思い、名づけました。	sound_row	https://baby-calendar.jp/knowledge/common/1544	bc
2021	F	た行	紬	つむぎ	性別がわかるまで、どちらの名前も考えながらいましたが、夫は女の子の名前しか出てこず（笑）。 結果女の子とわかり、夫と候補を出しつつも、ふと急に私の頭に「つむぎ」と浮かび、最終的に夫VS私となりました。画数を調べると夫の候補はよくなかったのですが、それでも諦めきれない夫は、もうひとつ候補を挙げ、3択で双方の家族や親戚に聞き回っていました。その結果……私の圧勝というか、全員私の候補の名前を言ったのでさすがに夫も撃沈（笑）。最終的に産むという大仕事をするのは、母親なんだから！と女性陣に諭され納得……という感じで「紬」に決まりました。これから始まる人生のなかで、強くそしていろいろな物事をつむいでいってほしい、夢や希望を叶える人生になってくれるようにと思いを込めました。	sound_row	https://baby-calendar.jp/knowledge/common/1544	bc
2021	F	た行	紬葵	つむぎ	出産直前、夫は急遽県外への単身赴任が決まり、立ち会い出産をする予定でしたが新型コロナの影響もありできず、出産前も退院後も周りのたくさんの人たちに助けられました。人と人とのつながりを大切にして、みんなに愛される向日葵のようなやさしい子に育ってほしいと願いを込めて名づけました。（つむママさん）	sound_row	https://baby-calendar.jp/knowledge/common/1544	bc
2021	F	た行	天贈	てお	私と夫は授かり婚です。結婚をしようとしていたけれど私の夫は祖母になかなか言えず赤ちゃんができたおかげで結婚することができました。神様は赤ちゃんもプレゼントしてくれたんだな、と夫と語り合い、名前にもそういう意味を込めたいと思いネットで探しました。「テオ」という名前はギリシャ語で神様からのプレゼントという意味で、漢字は天からの贈りものということで「天贈」になりました。	sound_row	https://baby-calendar.jp/knowledge/common/1544	bc
2021	F	た行	輝羽	てるは	夫が「光」という名前で、普段は自分の主張は全然せず、私に意見を合わせてばかりの人です。そんな夫が珍しく、子どもの名前には「光」が入った「輝」の1文字を入れたいと主張。普段主張しない夫の頼みということもあり、すごくうれしくてこれは聞いてあげないと！ となりました（笑）。まだ性別がわからないとき、2人で男の子だったらこの名前がいいねと考えてました。でも、実際は女の子で「輝」を入れるとどうしても男の子みたいな名前ばかり……。字画や響きを散々考えて、唯一の光を放って羽ばたいてほしいという意味を込めて、出産ギリギリで考えた名前です。（たっきーさん） 歴代の赤ちゃんの名づけエピソード大賞 2021年赤ちゃんの名づけエピソード大賞 ＞ 2020年赤ちゃんの名づけエピソード大賞 ＞ 2019年赤ちゃんの名づけエピソード大賞 ＞ 2018年赤ちゃんの名づけエピソード大賞 ＞ 2017年赤ちゃんの名づけエピソード大賞 ＞ 2016年赤ちゃんの名づけエピソード大賞 ＞ 2015年赤ちゃんの名づけエピソード大賞 ＞ 歴代の赤ちゃんの名前ランキング 2021年赤ちゃんの名前ランキング ＞ 2020年赤ちゃんの名前ランキング ＞ 2019年赤ちゃんの名前ランキング ＞ 2018年赤ちゃんの名前ランキング ＞ 2017年赤ちゃんの名前ランキング ＞ 2016年赤ちゃんの名前ランキング ＞ 2015年赤ちゃんの名前ランキング ＞ 2014年赤ちゃんの名前ランキング ＞ 2013年赤ちゃんの名前ランキング ＞ 2012年赤ちゃんの名前ランキング ＞ 2011年赤ちゃんの名前ランキング ＞ 2010年赤ちゃんの名前ランキング ＞ あなたの“今”の悩みを専門家に無料で相談できます 自分だけでは解決できない不安やお悩みは、助産師や管理栄養士などの専門家に個別相談してみませんか？ 専門家に相談する その他についての悩み もっと見る 専門家に相談する 妊娠・育児アプリ ベビーカレンダー記事制作の取り組み ＼ この記事にいいね！しよう ／ 0 クリップ 現在ログインしていません。 ログイン しますか？ シェアする 名前ランキング検索 ベビーカレンダーが独自で調査・集計した2017年以降に生まれた赤ちゃんの名前データの中から、知りたい名前の順位、よみの順位、漢字の順位を見ることができます。 【名前で検索】【よみ	sound_row	https://baby-calendar.jp/knowledge/common/1544	bc
2021	M	た行	大賀	たいが	私たち夫婦の名前からそれぞれ1文字を取り、組み合わせた名前です。国語辞典で意味を調べると「大いに喜び、祝うこと」という大変おめでたい意味があり、すぐに決まりました。子どもの誕生を心待ちにしていたので、その感情を表しているなと思っています。	sound_row	https://baby-calendar.jp/knowledge/common/1534	bc
2021	M	た行	太幹	たいき	上の子2人の名前を漢字で書くと「日」が入っていて、同じく「日」が入る漢字を入れた名前を考えていました。コロナ禍でも、元気に心配事もなく、無事に生まれてきてくれたことに感謝しつつ、これからも太い幹のように、頑丈でまっすぐ逞ましく育ってほしいと思い名づけました。	sound_row	https://baby-calendar.jp/knowledge/common/1534	bc
2021	M	た行	大輝	だいき	夫と義両親は名前の画数にこだわりがあり、初めはいい画数の漢字から、夫婦2人の「こう育ってほしい」というイメージを出し合いながら、3カ月ほどかけ候補を4つまで絞りました。男の子だったので、最後は夫に決めてもらおうと話しているうちに出産当日を迎えました。初産だったので遅れるかと思いきや、予定日５日前に陣痛がきて、その日の夜に病院に行き、いつの間にか破水。でもなかなか赤ちゃんが降りてこなくて、促進剤が投与されました。その促進剤が合わなかったのか、私は熱が39.9度まで上がり、赤ちゃんの心拍は200まで上がり、さらに胎便も出てしまいました。これ以上は危険と言われて、吸引分娩で何とか出産しました。赤ちゃんが出てくるときに、「仮死状態で出てくるかもしれないからね」と言われ、何が何だかわからないうちに生まれていました。次の日の夜から夫と名前を話し合いましたが、いざ夫の決めた名前を見ると、ほかの候補に挙がっていたこの名前がどうしても頭から離れませんでした。これだけ大変だった出産だったからこそ、どんな意味の名前よりも、ただただ大きく育ってほしいと願ってしまい、そのときの気持ちが「大輝」の名前とぴったりだったため、この名前にしました。	sound_row	https://baby-calendar.jp/knowledge/common/1534	bc
2021	M	た行	大志	たいし	夫が船乗りで家にあまりいないので、長男のこの子には大きな広い心を持った人になってママを守ってほしいという思いで夫が名づけてくれました。	sound_row	https://baby-calendar.jp/knowledge/common/1534	bc
2021	M	た行	泰志	たいし	胎動を感じ始めたころ、太鼓を叩いてるみたいと夫に伝えたら、名前を「たいこ」にするかと冗談を言われ、自然と「たいちゃん」と声をかけるようになりました。その後、聖徳太子って、「たいこ」と読めるじゃんとなり、「たいし」っていいねと漢字を当てました。漢字は「志」を使いたいと思い「泰志」か「大志」で迷いましたが、夫の名前が「大樹」で、「大志」だと似すぎてしまうのと、字画がいいのが「泰志」だったのでこれを候補に予定日に向けて、いろいろと考えようとしていました。しかし、生まれてきてくれたのは予定日の20日も前。ほかに候補を考える間もなかったこともあり「泰志」と名づけました。	sound_row	https://baby-calendar.jp/knowledge/common/1534	bc
2021	M	た行	大惺	たいせい	夫と、どういう子に育ってほしいかを話し合いました。2人の共通することは「心がきれいな子になってほしい」でした。そのような意味のある漢字などを探したときに「惺」の字が見つかりました。意味は「聡明、心が澄んだ」でした。りっしんべんは心という意味があること、それに星という漢字でとてもきれいだと思いました。さらに、私たちの夫婦の新婚旅行はハワイで星空のツアーに行って感動した思い出も……♪ この字をどうしても使いたくて名字とのバランスや響きを考えて「大惺」になりました。とっても気に入ってます！	sound_row	https://baby-calendar.jp/knowledge/common/1534	bc
2021	M	た行	泰市	たいち	生まれるまでの候補は「あやと」でした。しかし、顔を見て「あやと」は違うなと思い、考え直しました。生まれた瞬間から元気にみんながびっくりするほど泣き続け、待合室で待つお父さんにも聞こえるくらいの大きな声でした。これは元気でやんちゃな子になるのかなと思いました。それもあり、落ち着いた穏やかな子にもなってほしいという思いを込めて「泰」を選びました。そしてお兄ちゃんの名前に人が集まるという意味の漢字を使っているので「市」を選びました。	sound_row	https://baby-calendar.jp/knowledge/common/1534	bc
2021	M	た行	太一	たいち	夫にとって私は初めての彼女だったからか、夫は女性の扱いに慣れておらず「なんでこの気持ちをわかってくれないの！？」と喧嘩もしばしば。それでも7年一緒に過ごし「順番は絶対守る！」との約束から、結婚後に待ち望んだこの子を妊娠しました。初めての妊娠でわからないことや不安なことも多いなか、夫に当たることも多かったと思います。それでも「しんどいね、できることがあったら言ってね」とやさしく接してくれ、時には仕事を早上がりして家事をしてくれることもありました。臨月に入り、いつ生まれてきても大丈夫となったとき、おなかも大きくなり辛くなってきました。自分たちの結婚記念日も近づいてきており、「最初の結婚記念日は、2人での最後の思い出にしたいなぁ。だからもう少しだけおなかで待っててね」なんて話しかけていました。そして結婚記念日の2日前の夜、「あと2日だけど、本当にいつ生まれてきてもおかしくないし、結婚記念日と子どもの誕生日が重なったら子どもの誕生日が優先になるだろうなぁ。そうしたら記念日はうやむやになってしまうんだろうね（苦笑）｣と夫に話すと、｢もともと付き合い始めたのは11月だし、結婚記念日（8月）に生まれてきたら、2人の記念日を11月にすればいいじゃん。うやむやにはしないよ｣と言ってくれました。「じゃあママ、おなかつらいからいつ生まれてきても大丈夫だね（笑）」と笑って話していたその夜に破水。すぐに病院に行き入院となりましたが、中々お産が進まず結婚記念日当日のお昼に生まれてきてくれました。私たちの会話をおなかのなかでよく聞いてくれていたんだなぁと思いながら、1/365のこの結婚記念日に生まれてきてくれたことを奇跡だと思いました。またコロナ禍で立会い出産が制限されるなかでしたが夫に立ち会ってもらうこともできました。出産後2日で緊急事態宣言が出され、面会禁止となってしまいましたが、夫に立ち会ってもらうことができたのも、この子が早く生まれてきてくれたからだと思います。「生まれる前から親孝行な子だね」と周りに言われていますが、本当にその通りだと感じます。妊娠中、不安になったりつらくなったり……。望んで授かった子ではあるけれど「もう嫌だ」と思うことも何度もありました。それでもずっと支え続けてくれたこの人との子だから、出産の痛みも含めて耐えられたのだと思います。そんな大好きな夫から1文字もらって、夫	sound_row	https://baby-calendar.jp/knowledge/common/1534	bc
2021	M	た行	大智	だいち	産後8日目まで、最終的に2つに絞った候補からどちらにするか悩みましたが、先天性の疾患があることから健康に育ってほしいという思いが強く、「大智」にしました。	sound_row	https://baby-calendar.jp/knowledge/common/1534	bc
2021	M	た行	泰楽	たいら	グローバルな現代に合わせて、英語圏や中国語圏でも使える名前で、将来は3カ国語を操るような子に育ってほしい想いから考えました。中国語でもそのまま読める漢字を探し、漢字の意味を考えながら名づけました。「泰」は穏やかで、「楽」は人を楽しませるような子に育ってほしいという思いを込めました。	sound_row	https://baby-calendar.jp/knowledge/common/1534	bc
2021	M	た行	貴文	たかふみ	いくつもの候補のなかから、顔を見た瞬間「貴文」と決めました。文月に生まれた貴い命なので「貴文」という名前です。「文」には「筋道、礼儀、学問、芸術、思いやりの心」といった意味があります。それらを大切にするように「貴」と合わせて「貴文」という名前にしました。また「たかふみー」と呼んだとき「い」の口で終わると呼ぶたびにみんな笑顔になるので「貴」	sound_row	https://baby-calendar.jp/knowledge/common/1534	bc
2021	M	た行	侑来	たすく	おなかの子が男の子だとわかった時点で、夫とそれぞれ候補の名前を考えていました。お互いに出し合った名前のなかに事前に何も話し合っていなかったにもかかわらず、「侑」の字が入った名前がひとつずつありました。その字をあてたかった理由は一緒で、「人にやさしく、助け合う心を持ってほしい」というものでした。それぞれが出した「侑」が入った名前が最終候補となり、考えた結果「侑来」となりました。「人にやさしく、助け合う心を持ってほしい」ということに加え、「明るい未来がこの子にありますよう」という思いで名づけました。	sound_row	https://baby-calendar.jp/knowledge/common/1534	bc
2021	M	た行	樹	たつき	名前は「生涯脱げない普段着」なので、悪目立ちせず老若に渡り似つかわしい日本的な響きにしたかった。大地からしっかりまっすぐに立つ生命力のまにまに、たくましく育っていってほしい。読み方が「いつき？ たつき？」と迷う人もいると思うが、それを逆手に相手の興味を引いて「どっちの読み方だと思う？」と初対面から話を弾ませるきっかけになればいい。	sound_row	https://baby-calendar.jp/knowledge/common/1534	bc
2021	M	た行	達磨	たつま	だるま」とも読むので縁起もよく、だるまのように何度転んでも何度も立ち上がれるように。どんな目標も「達成」するために自分を「磨いて」成長できますように願いを込めて「達磨」になりました。	sound_row	https://baby-calendar.jp/knowledge/common/1534	bc
2021	M	た行	暖	だん	暖かい子に育つように「暖」という漢字を使いたいと思いましたが、「暖○」や「○暖」で考えるもなかなかしっくりこず、夫婦共に迷宮入り……。いっそのこと「暖」1文字にしては？という案が浮上しました。読み方を「はる」にするか「だん」にするかの議論になりましたが、前者は男女問わず人気が高そうだったので、後者で命名することに。今は「だんちゃん」と呼んでいます。呼びやすくてとても気に入りました。本人にもこの名前を気に入ってもらえたらいいなと思います。（ゾノさん）	sound_row	https://baby-calendar.jp/knowledge/common/1534	bc
2021	M	た行	千章	ちあき	私と夫の好きな『時をかける少女』の「ちあき」という男の子からもらいました。やさしくて芯の強い「ちあき」のような人になってほしいと思いました。漢字は「たくさん」の数を示す「千」。そして「楽章」や「文章」といった区切りや言葉を表す「章」の字を選びました。夫婦で本や音楽が大好きなので、たくさんたくさん音楽や言葉に触れて、豊かな心の持ち主に育ってほしいです。	sound_row	https://baby-calendar.jp/knowledge/common/1534	bc
2021	M	た行	千賀哉	ちかや	上の娘が言葉を話し始めた1歳のころ。私に向かって「ちかや！」と繰り返し何度も言っていた時期があり、当時は意味がわからず何かの言い間違えかな？くらいに思っていました。それから半年ほど過ぎ私は第2子を妊娠。おなかの子の性別が男の子とわかり、姓名判断のサイトで男子の名前をあれこれ調べていると、夫の姓と相性がとてもいい名前で「千賀哉（ちかや）」を発見！ そのまま娘が名づけ親となりました。（萩さん）	sound_row	https://baby-calendar.jp/knowledge/common/1534	bc
2021	M	た行	翼	つばさ	交際中から夫はずっと「男の子であっても女の子であっても、もし子どもを授かったらこの名前をつけたい」と言っていました。航空関連が好きで、学生時代もその道を学んできた夫。私は最初こそ「ホストみたいでちょっと……」と思っていたのですが、いざ息子を授かってみると、「親の願いに縛られることなくどこまでも自由に飛んでいってほしい、そのために私たちはあなたをずっとサポートしていくよ」という自分の気持ちにぴったりと合っていると感じ、この名前を採用することにしました。	sound_row	https://baby-calendar.jp/knowledge/common/1534	bc
2021	M	た行	紬凪	つむぎ	第6子の男の子ということもあり、とにかく大人しくおだやかに育ってほしいという願いからどうしても「凪」の字を使いたかったというのが始まりです。しかし、字数を考えると「凪」を使った合う名前を見つけるのが難しく、かなりの日数悩みました。第3子、第4子が小学生の男の子で怪獣のようなThe！男の子！なので、とにかく手がかかり、母の年齢的にも子育てがそろそろキツく……（笑）。母の勝手ではありますが、おだやかになってもらわないと体力が持たないので、どうかどうか、字の如くおしとやかな子になりますように……。（まんじゅうさん）	sound_row	https://baby-calendar.jp/knowledge/common/1534	bc
2021	M	た行	采絢	とあ	コロナ禍のなかで小さな命が宿り、この子にはどんな未来が待ってるのか、いい未来なのか、よくない未来なのか考えてしまいました。やはりコロナ禍での出産は大変でこの子にもこの先、苦労が待ってるかと思うと悲しくなるときもありました。しかし、この世界にいろいろな色があるように、彩りがある楽しい人生を送ってほしい！ 悲しくてつらいときがあってもコロナ禍に生まれたから大丈夫！ 乗り越えられると、強い気持ちでいてほしい！と思い名前をつけました。	sound_row	https://baby-calendar.jp/knowledge/common/1534	bc
2021	M	た行	尊也	とうや	2人目の妊娠がわかったときは正直驚いた。夫の身体的に子どもができにくいと言われていたし、上にお兄ちゃんがいるのだがそのときも「奇跡だねー」と話していたくらいだった。夫から名前をつけていいよと言われたが、性別がわかるまではあえて名前は考えなかった。それまでにつけたい名前が思いつけばその名前をつけようかとも思っていたが、これといって思い浮かばなかった。6カ月健診のとき、先生に性別を確認してもらった。エコーで男の子だとわかったので、名前の音の響きがよい名前にしようと具体的に考え始めたが、なかなか思いつかない。いくつか考えた候補の名前は、夫に却下されてしまった。健診から1週間後、ふと「とうや」と思い浮かんだ。なんだかしっくりきた。おなかの赤ちゃんに「とうやって名前どう？」と話かけると、おなかを蹴って返事してくれた。夫に内緒で呼び名は「とうや」にすることに決めた。さて、漢字はどうしよう。夫は画数を気にする人だったので、画数のいい字にしなくては。昔、付き合っていたときに夫が「将来、男の子が生まれたら裕也と名づけたい」と言っていたことを思い出し、やは「也」にしようと決めた。人に尊ばれるような素敵な人になってほしいと願いを込めて、「とうや」の「とう」の漢字は、「尊」にしようと決めた。「尊」の字を調べると、神様に通ずる字であることがわかった。個人的に神社へ行くのが好きで、独身のときから神社へよく参拝していたし、夫ともスピリチュアルな話をすることがよくあったのでとてもしっくりきた。というかよすぎてこれ以外に考えたくなかった。夫に名前を決めたことを伝えると、とてもいいと納得してくれた。神様に通ずる字ならこんなのもあるよ、と考えてくれたが「尊也」を譲らなかった。生まれた瞬間、顔を見て「尊也」と呼ぶと涙が出た。この名をつけてよかったと改めて思った。	sound_row	https://baby-calendar.jp/knowledge/common/1534	bc
2021	M	た行	智樹	ともき	お兄ちゃんと2歳差の2人目です。お兄ちゃんはなかなか授からず、結婚して3年。不妊治療、切迫流産での入院を乗り越えての出産でした。私の家計は女の子しかいなかったので、男の子の誕生を祖父も両親も喜んでいました。お兄ちゃんの初節句が終わると同時に祖父の容態が悪くなりました。入退院を繰り返し、もう家には戻って来れないとわかったその日に、新しい命がおなかに宿りました。そして、おなかをさすってもらった次の日に祖父は亡くなりました。「2人目は女の子がいいな」と夫婦で話していたのですが、生まれ変わりなのか、私を守ってくれようとしたのか2人目も男の子でした。十月十日の間、夫が単身赴任になったり、切迫早産になったりと、いろいろありましたがいつも祖父が守ってくれていたような気がします。おおらかで考えて行動できる子になってほしくて「智樹」にしました。お兄ちゃんが「和希（かずき）」なので何か言葉は合わせたいなとパートナーと相談して語尾は同じにしました。お兄ちゃんもおじいちゃんが大好きで、「おじいちゃんどこ？」と言うと空を指さします。2人とも元気におだやかにおおらかにすくすく育ってほしいです。	sound_row	https://baby-calendar.jp/knowledge/common/1534	bc
2021	M	た行	乃安	のあん	わが家の双子は2人とも男の子です。しかし、エコーで性別が判明する前から「トワ」と「ノアン」にしようと決めていました。男の子でも女の子でもどちらでも違和感のない素敵な響きの名前です。エコーで男の子だとわかると、次に漢字を考えました。「トワ」は十分に羽を広げ大きく羽ばたいていくイメージが浮かび、「十羽」としました。「ノアン」はありままの自分で穏やかに人生を歩んでほしいという思いから「乃安」にしました。いざ帝王切開で生まれてきたわが子と、透明な保育器越しに対面した瞬間に、凛々しい顔つきの次男を見て「あ、この子は十羽だ」と思い、反対にやさしい雰囲気の三男を見て「あーこの子が乃安だな」とビビッときて瞬時に名前が決まりました。私のあのときのひらめきは正解だったな〜と、かわいいわが子たちを、得意げに眺める今日このごろです。	sound_row	https://baby-calendar.jp/knowledge/common/1534	bc
2021	M	た行	叶翔	とわ	3年前に次女を妊娠しましたが重い水頭症で3カ月早く生まれ、4時間の命で旅立ちました。水頭症とわかったときに、病気でも元気に育つようにとの願いが叶うようにと、「叶」の字と、一生愛するよという意味で「愛」の字で、「とあ」とつけました。2人分育てていこうと思い、長男は「とわ」と名づけました。漢字はどこまでもかけぬけていくように「翔」をつけました。（らんらんさん）	sound_row	https://baby-calendar.jp/knowledge/common/1534	bc
2021	F	な行	奈央	なお	男の子だと聞いていて、考えていた名前は「直樹」でした。大樹のような素敵な子どもに育ってもらいたいとそのようにつけていました。しかし、出産当日に女の子だと判明。女の子の名前は考えていなかったため、「ナオ」という音だけ採用し、美人になりそうな「奈央」という名前をつけました。後付けですが、中央の「央」には、いつも友だちの中心にいてくれるような子どもに育つようにとの思いを込めています。	sound_row	https://baby-calendar.jp/knowledge/common/1545	bc
2021	F	な行	渚咲	なぎさ	夫と2人でこれがいいね！と意見がバッチリ合った名前です。「渚」は穏やかで「咲」で笑顔があふれる子になりますように。2人が好きな海を連想させる、夏生まれにぴったりな名前です。	sound_row	https://baby-calendar.jp/knowledge/common/1545	bc
2021	F	な行	渚衣	なこ	漢字で夫と意見が一致せず、出生届を出す日まで悩みました。私は「渚衣」、夫は「七虹」がいいと思っていて、最後は飼い猫のほたてに名前を書いた紙を丸めて投げ、持ってきたほうが「渚衣」だったので決まりました。この決め方を周りに話すと笑われることもありますが、飼い猫も大事な家族の一員なのでみんなで決めることができてよかったです。	sound_row	https://baby-calendar.jp/knowledge/common/1545	bc
2021	F	な行	和來	なこ	高校2年生のときに夫と出会い、お互い一目惚れで付き合い始めました。私が高校を卒業し、社会人3年目のころに同棲を始め、半年後に妊娠がわかり結婚しました。卒業してから妊活をしていたのですがなかなか授かれず、4年不妊に悩みやっとできた女の子。夫婦ですごく喜びました！ もちろん、家族も友だちも心から喜んでくれて、たくさんお祝いしてくれて早く会いたくて仕方ありませんでした。つわりがひどく点滴を何回もしてもらい、娘に会うためにガムシャラに頑張りました。名前決めをしていたある日、突然夫が「なこ」って名前がいいと言い出しました。理由を聞くと夢で私と娘と3人で公園で遊んでいたとき、ふと名前が降りてきてその名前を呼ぶと娘はうれしそうな顔をして夫の元に走ってきたそうです。夫はその日の朝、泣きながら起きてきました！ 出産前に名前が決まり、帝王切開で生まれた瞬間に名前を呼べた幸せは今でもはっきり覚えています。名前に込めた思いは、「和やかで明るく、将来が希望に満ちあふれ、永く人生を生きてほしい」です。怪我なく病気なく、スクスクと育ってくれている娘。無事に1歳を迎える娘に、いつかこんな思いを込めてつけたよと話したいです。	sound_row	https://baby-calendar.jp/knowledge/common/1545	bc
2021	F	な行	夏葵	なつき	ヒマワリの咲く夏に生まれたので「夏葵」と名づけました。ヒマワリはいつでも光り輝く太陽のほうを向いているので、夏葵ちゃんにも常に希望の光を見ながら生きてほしいと思っています。夏葵ちゃんの性別は女の子ですが、人生の途中で男の子として生きたくなる場合もあるかもしれません。男の子であっても使い続けてもらいやすいよう中性的な名前にしました。	sound_row	https://baby-calendar.jp/knowledge/common/1545	bc
2021	F	な行	那奈	なな	お姉ちゃんとお兄ちゃんの名前から1文字つづもらってつけました。お姉ちゃん、お兄ちゃんたちも那奈が大好きだよー見守ってるよーという意味です。生まれてから、お姉ちゃん、お兄ちゃんは溺愛してます。	sound_row	https://baby-calendar.jp/knowledge/common/1545	bc
2021	F	な行	菜乃佳	なのか	結婚して約半年が経ち、ずっと赤ちゃんがほしいと思っていました。そんなときにおなかにきてくれたのが娘です。しかし世間はコロナ禍真っ最中。こんなときに妊娠してもいいのだろうかと悩んだ時期もありました。私は仕事をしており、妊娠期間は私を気遣って、負担のない仕事やテレワークができる環境、通勤をできるだけ減らすようにと本当に職場のみなさんに助けられて過ごすことができました。また、妊娠中はお店で席を譲ってもらうこともあり、人の温かさに触れた毎日でした。そして無事に生まれたわが子。私が菜の花が好きということもありますが、菜の花は小さい花がたくさん寄り添っていることから、この子には誰からにも寄り添ってもらえる。そして、誰にでも寄り添える思いやりのある人になってほしいと思いました。「乃」は、しなやかに。「佳」は、心の美しい人になってほしいと思い、「菜乃佳」と名づけました。この子たちは、後々コロナ禍ベビーと言われるのかもしれません。菜乃佳には、コロナ禍で大変だったけれど、みんなに支えらてみんなが待ち望んで生まれてきたんだよ。生まれてきてくれてありがとうと伝えたいです。	sound_row	https://baby-calendar.jp/knowledge/common/1545	bc
2021	F	な行	菜花	なのは	夫と付き合い始めたのが8月で、翌年の8月に入籍しました。８の数字に思い出があったので長男には「英士（えいと）」と名づけ、次男には8を横にした形の∞（無限）のマークをイメージして「無限＝永遠」の意味を込めて「士和（とわ）」にしました。2人に使っている「士」の字は、武士のようにたくましく、紳士のようにやさしい子になってほしいと願いを込めて決めました。そして、もし3人目が生まれるとしたら女の子！となぜか確信があったので、そのときは菜の花をイメージして「菜花」がいい！と妊娠する前から決めていました。菜の花の花びらは4枚です。８と∞を重ねると菜の花のかたちになります。花言葉が「快活、明るい、幸せ」なので、元気で明るい子になり幸せな人生を送ってほしいと願いを込めました。８、∞、菜の花の絵はどれも一筆書きができ、終わることなく続くマークという意味を持てるので、家族ずっと一緒だよという気持ちも込められています。もちろん画数も確認して、いい画数でした。思い出のある8の数字から、子どもたち3人がつながる名前をつけることができて幸せです。	sound_row	https://baby-calendar.jp/knowledge/common/1545	bc
2021	F	な行	楠季	なびき	夫の名前も高橋留美子さんの作品からきています。名前を考えていたとき、ちょうど私と夫が『らんま1/2』を見ていて「なびき」が候補に挙がりました。漢字は、お義母さんが姓名判断をしてくれて決めました。ナビゲート→導くを連想して何かを導くような人になってくれたらいいなという思いもあり名づけました。（ナビママさん）	sound_row	https://baby-calendar.jp/knowledge/common/1545	bc
2021	F	な行	虹那	にいな	私は海外が大好きでたくさん旅行に行っていたのもあり、外国でも使える名前にしたくこの名前にしました。漢字は当て字なのですが、「虹」の漢字を使いたく、画数や意味合いを考えて「那」をつけました。「虹」を使いたかった理由は、『おかあさんといっしょ』で『きみイロ』という歌があり、歌詞がとてもよく、歌詞のように育ってほしいという願いを込めて。またお姉ちゃんもこの歌が大好きです。	sound_row	https://baby-calendar.jp/knowledge/common/1545	bc
2021	F	な行	虹來	にこ	わが家では、性別が女の子なら夫が、男の子なら妻が名前を決めようという決まりがありました。今回2人目の妊娠で女の子とわかり、夫が決めることになりました。名づけの本を見たり画数を調べたり頑張りました。そこで最終候補に残ったのが3個あり、そのなかから「にこり」にしようとなりました。それから親族に名前は決まった？と聞かれたときに「にこり」だよー！と伝えると、「にこりともしないにこりにならんようにしなさいねー」と言われました。そのときはすごく面白くてみんなで笑ってしまいました（笑）！ 後日、その言葉が妙に心に残り、「にこり」をやめて「にこ」にすることになりました	sound_row	https://baby-calendar.jp/knowledge/common/1545	bc
2021	F	な行	丹虹	にこ	私たちにとっては3人目の子。祖父母が古希にあたる年に7人目の孫ということで、七色から「虹」の漢字を使いました。両家にとってもきっと最後の孫かもしれないので、みんなを笑顔にしてほしい。心と心のかけ橋になれる存在になってほしい。平和な世界を歩んでほしいという願いを込めて「丹虹」と名づけました。	sound_row	https://baby-calendar.jp/knowledge/common/1545	bc
2021	F	な行	虹香	にこ	36歳で結婚、半年後に妊娠しましたが流産し、そこから1年妊娠できず、クリニックに通いました。人工授精で授かったのが今4歳になるお兄ちゃんです。それから、兄弟をつくってあげたいと妊活に励みましたが、また流産してしまいました。42歳になり、もう諦めようと思ってクリニックに通わなくなったころに自然妊娠をしました。出血があり、つわりもひどく何も食べられず入院し点滴で過ごす日々で、赤ちゃんが生きているのか不安でしたが、おなかの中で元気に育ってくれました！ 父母に預けていたお兄ちゃんも喜んでくれ、「名前はにこにこちゃんがいい！」と言い、毎日おなかに話しかけてくれました。漢字はパパとママで話し合って、「虹香」に決定！ 虹のようにみんなに幸せを与えてくれ、ニコニコ笑顔で幸せに育ってほしいという願いが込められています。その名の通り、ニコニコ笑顔で、みんなを幸せにしてくれています！ 名前をつけてくれたお兄ちゃんともとっても仲良しです♪ これからも家族みんなで仲良くすごしていきます！！	sound_row	https://baby-calendar.jp/knowledge/common/1545	bc
2021	F	な行	仁歩	にほ	子どもがたくさんほしいと願う私たち夫婦。1人目は妊活を始めてすぐに妊娠。そして前期破水があり緊急帝王切開にて出産。2人目はなかなか授かることができず、不妊治療を開始。子宮卵管造影検査後、妊娠が発覚し家族みんなで大喜び。1人目が帝王切開だったため、2人目は予定帝王切開。あとはその日を待つだけだと思っていました。しかし、9カ月に入ったころの朝、突然お腹が痛くなり大量出血。すぐに救急搬送され大きな病院へ。何が何だかわからないまま緊急帝王切開に。全身麻酔で眠り、起きたらお腹がぺったんこ。不安でおしつぶされそうになるなか、「無事に生まれましたよ」のひと言で自然と涙が。常位胎盤早期剥離で、母体も胎児も危なかったという話を聞き怖くなりました。出産は命懸けということを改めて実感しました。正直今まで出産と死という言葉は結びつかなかったです。しかし本当に出産は命懸けとたくさんの人に伝えたいと感じました。妊娠することが奇跡。出産することが奇跡。「母子ともに健康です」というこの言葉には計り知れないほどの重みがあります。1,863gで生まれたこの子はNICUに入り、小さい身体で一生懸命生きている。そして24時間体制で、お医者さんや看護師さんに見ていただいている。いろいろな人の助けがあって、生きていることに感謝の気持ちでいっぱいです。今もこれから先も、たくさんの人との関わりを大切にして人生を歩んで行ってほしいという願いを込めて、「仁歩（にほ）」と名づけました。どんな子に成長していくのか楽しみです。（仁歩ママさん）	sound_row	https://baby-calendar.jp/knowledge/common/1545	bc
2021	F	な行	希充	のぞみ	この子を授かる数カ月前に、おなかの中で生きられなかった赤ちゃんがいました。そのためなのか、この子を授かっただろうとわかったときに自然に「希ちゃん＝ノンタン」だなと漠然と実感しました。そこからは常に「ノンタン」と呼び続け、女の子だと判明したときは「やっぱりノンタンだった！」と家族で興奮してしまいました（笑）。それからは、姓名判断でベストな漢字を探し、希みが充ちたりるようにとの願いを込めて、「希充」と命名しました。	sound_row	https://baby-calendar.jp/knowledge/common/1545	bc
2021	F	な行	希乃花	ののか	女の子だったら花の名前か「花」「華」という漢字を使いたいと思ってました。結婚4年目でやっと授かった子なので、パパとママにとっての希望の花という意味で「希乃花」と名づけました。（こももさん） 歴代の赤ちゃんの名づけエピソード大賞 2021年赤ちゃんの名づけエピソード大賞 ＞ 2020年赤ちゃんの名づけエピソード大賞 ＞ 2019年赤ちゃんの名づけエピソード大賞 ＞ 2018年赤ちゃんの名づけエピソード大賞 ＞ 2017年赤ちゃんの名づけエピソード大賞 ＞ 2016年赤ちゃんの名づけエピソード大賞 ＞ 2015年赤ちゃんの名づけエピソード大賞 ＞ 歴代の赤ちゃんの名前ランキング 2021年赤ちゃんの名前ランキング ＞ 2020年赤ちゃんの名前ランキング ＞ 2019年赤ちゃんの名前ランキング ＞ 2018年赤ちゃんの名前ランキング ＞ 2017年赤ちゃんの名前ランキング ＞ 2016年赤ちゃんの名前ランキング ＞ 2015年赤ちゃんの名前ランキング ＞ 2014年赤ちゃんの名前ランキング ＞ 2013年赤ちゃんの名前ランキング ＞ 2012年赤ちゃんの名前ランキング ＞ 2011年赤ちゃんの名前ランキング ＞ 2010年赤ちゃんの名前ランキング ＞ あなたの“今”の悩みを専門家に無料で相談できます 自分だけでは解決できない不安やお悩みは、助産師や管理栄養士などの専門家に個別相談してみませんか？ 専門家に相談する その他についての悩み もっと見る 専門家に相談する 妊娠・育児アプリ ベビーカレンダー記事制作の取り組み ＼ この記事にいいね！しよう ／ 0 クリップ 現在ログインしていません。 ログイン しますか？ シェアする 名前ランキング検索 ベビーカレンダーが独自で調査・集計した2017年以降に生まれた赤ちゃんの名前データの中から、知りたい名前の順位、よみの順位、漢字の順位を見ることができます。 【名前で検索】【よみ方で検索】が名前の一部で検索できるようになりました！ 名前で検索 男の子 女の子 と一致する で始まる で終わる を含む 検索 よみ方で検索 男の子 女の子 と一致する で始まる で終わる を含む 検索 漢字で検索 男の子 女の子 検索 ご利用のルールとマナー ベビーカレンダーへのご意見をお聞かせください ご質問・お問い合わせはこちら 赤ちゃんの成長にあ	sound_row	https://baby-calendar.jp/knowledge/common/1545	bc
2021	M	な行	直毅	なおき	まっすぐ、力強く生きてほしいから。	sound_row	https://baby-calendar.jp/knowledge/common/1535	bc
2021	M	な行	梛	なぎ	長男はパパから1文字もらってつけたので、次男はママの名前に似せてつけることに。ママの名前が「楓」なので、自然をイメージした名前が候補に挙がるなか、「梛」というママと同じ植物系の1文字の文字が見つかりました。御神木であるその神聖なイメージから、清らかで穏やかな性格の子に育ち、神様から守られた安寧な人生が送れますようにという意味を込めて「梛」と名づけました。	sound_row	https://baby-calendar.jp/knowledge/common/1535	bc
2021	M	な行	凪岐	なぎ	20歳で出産した長女が8歳になるまで未婚のシングルマザーとして生活していました。20代のうちにもうひとり産みたいと夢見ていたママの願い通りにママのおなかにきてくれました。1人目とは妊婦生活、つわり、コロナ禍の入院、出産とすべてが違いました。切迫早産で2カ月近くの入院、緊急帝王切開のなか無事に生まれてくれました。初めは名づけはパパの予定でしたが、入院中に頭に思い浮かんだ名前が「なぎ」でママの意思を貫き通しました（笑）。1文字でも読めるけれど、あえて2文字に。自分の人生いろいろな道があるけど、自分の好きな道を見つけて突き進んでほしいと思いを込めて。「凪」は海のように穏やかに。「岐」はこれからの人生希望に満ちあふれているという意味を込めてこの漢字で「凪岐」にしました。	sound_row	https://baby-calendar.jp/knowledge/common/1535	bc
2021	M	な行	凪朔	なぎさ	2020年2月、世界が新型コロナウイルスで騒ぎ始めたころ、適応障害と診断され休職を余儀なくされました。それまで、年子の子育て+フルタイムでバリバリ働いていたのですが、そこからひとり取り残されたように私の時間は止まってしまいました。何もできず、ただ身を任せ過ごす日々。緊急事態宣言に休校と、上の子たちと過ごす時間が増えたこともあり、気を紛らわすことができたようにも思えます。夫の理解もあって、少し回復してきたころ妊娠がわかりました。3人目は諦めていたので、うれしくてうれしくてたまりませんでした。と、同時に今の私が妊娠して大丈夫なの？ちゃんとできる？という不安も大きかったです。でも、妊娠をしてからは不思議と落ち込むことはなく、穏やかに過ごすことができました。立ち止まっていた私を、前へ進ませてくれる。この子を授かることができて、本当によかったです。「凪」という字には「風や波が静まる、止まる」。「朔」という字には、「はじめ」という意味があります。この子が教えてくれたように、立ち止まってもいい。そこからまた始めればいいんだよ。という意味を込め、「凪朔」という名前をつけました。（ナルさん） 歴代の赤ちゃんの名づけエピソード大賞 2021年赤ちゃんの名づけエピソード大賞 ＞ 2020年赤ちゃんの名づけエピソード大賞 ＞ 2019年赤ちゃんの名づけエピソード大賞 ＞ 2018年赤ちゃんの名づけエピソード大賞 ＞ 2017年赤ちゃんの名づけエピソード大賞 ＞ 2016年赤ちゃんの名づけエピソード大賞 ＞ 2015年赤ちゃんの名づけエピソード大賞 ＞ 歴代の赤ちゃんの名前ランキング 2021年赤ちゃんの名前ランキング ＞ 2020年赤ちゃんの名前ランキング ＞ 2019年赤ちゃんの名前ランキング ＞ 2018年赤ちゃんの名前ランキング ＞ 2017年赤ちゃんの名前ランキング ＞ 2016年赤ちゃんの名前ランキング ＞ 2015年赤ちゃんの名前ランキング ＞ 2014年赤ちゃんの名前ランキング ＞ 2013年赤ちゃんの名前ランキング ＞ 2012年赤ちゃんの名前ランキング ＞ 2011年赤ちゃんの名前ランキング ＞ 2010年赤ちゃんの名前ランキング ＞ あなたの“今”の悩みを専門家に無料で相談できます 自分だけでは解決できない不安やお悩みは、助産師や管理栄養士などの専門家に個別相談してみ	sound_row	https://baby-calendar.jp/knowledge/common/1535	bc
2021	F	は行	葉月	はづき	8月に生まれた娘。名前は｢葉月｣と名づけました。8月産まれなので月の呼び名の｢葉月｣というのもありますが、葉月にはお兄ちゃんがいまして、夫と名前の候補を考えているときに、お兄ちゃんの名前が｢樹（たつき）｣だから、次は葉っぱかお花か実にちなんだ名前がいいねぇ～、あとは今回も自然な感じがいいね！なんて話していました。迷いすぎてなかなか決まらなかったのですが、最終的に候補が2つに絞られ後は顔を見て決めよう！ということになりました。予定日が8月末ギリギリだったので9月に生まれる可能性もあったのですが、実際は予定日9日前に無事に生まれてきてくれました。顔を見た瞬間、夫と｢この子は葉月ちゃんだね！｣と意見が一致。8月に生まれてきたということと、葉っぱがたくさんつく人生であるようにという願いを込めて｢葉月｣と名づけました。	sound_row	https://baby-calendar.jp/knowledge/common/1546	bc
2021	F	は行	花	はな	まず誰にでも覚えやすい名前にしようと考えました。花をあげると人を笑顔にできるように｢花｣の周りにいる人も自然と明るく笑顔になるように、今こんな世の中だからこそ、みんなを元気にできたら……と願いを込めました。	sound_row	https://baby-calendar.jp/knowledge/common/1546	bc
2021	F	は行	華	はな	夫のお父さんと夫が1文字の漢字の名で、生まれてきた長男も1文字の漢字の名をつけました。つながりを持たせ、おなかの子も女の子とわかったとき、1文字の漢字の名をつけるということは決まっていました！ 華花のように人を惹きつける魅力的な人に。外見だけでなく中身も美しい素敵な女性にという思いを込めてつけました。2歳になる長男は絶賛イヤイヤ期ですが、妹がかわいいようで、「はーちゃーん」とおしゃべりをしたり、ちゅっとしてみたり。そんな姿を見るとかわいくてたまりません。また、近所のおばあちゃま方にも、「呼びやすいし、素敵な名前ね」と言ってもらって、家族みんなで喜んでいるところです！ 大きくなり、自分の名前にどんな思いが込められているのかしっかりお話してあげたいと思いながら、生まれたばかりの華ちゃんと長男と夫との4人の時間を大切に過ごしていきたいと思います。	sound_row	https://baby-calendar.jp/knowledge/common/1546	bc
2021	F	は行	華	はな	シンプルな名前ですが。このコロナ禍のつらいご時世、家族の華となる女の子、そして華やかな人生を歩んでほしいとの思いで名づけました。	sound_row	https://baby-calendar.jp/knowledge/common/1546	bc
2021	F	は行	朱華	はねず	妊娠して安定期に入ったころに、男の子と女の子両方の名前を考えることにしました。周りの友だちと被らないことや、よくある名前などは避けてお互いの思い出の土地にちなんだ名前にしようとなりました。初めてのデートや、プロポーズを行った場所が東京タワーでしたので、東京タワーといえば赤色というところから「朱」を取ることにしました。字数と見た目のよさなどを踏まえて調べた結果、女の子は「朱華（はねず）」、男の子は「鴇羽（ときは）」にすることを決めました。そして生まれた子は女の子で「朱華」になりました。朱華は万葉集にも書かれている歴史ある色なので、朱華色の似合う東京で輝く人になってほしいと思っています。（OKB(27)さん）	sound_row	https://baby-calendar.jp/knowledge/common/1546	bc
2021	F	は行	華瑠	はる	3歳の息子は人懐っこい性格で幼稚園に入園しても大丈夫だと思っていました。しかし、現実は毎朝「幼稚園行かない！」の連続……。先生やお友だちのおかげで少しずつ楽しくなってきたころ「今日は誰と遊んだの？」と聞くたびに「はるちゃん！」と言うようになりました。幼稚園へは車で通園していたわが家は他の親御さんと交流する機会があまりなく、入園式でもらった名簿ではるちゃんを探しましたが、どこを探してもおらず。今となっては真実を知るのは息子のみ。幼稚園生活を楽しくしてくれたはるちゃんに感謝です。兄妹仲良く成長してほしいと願いも込めて娘には「華瑠（はる）」と名づけました。	sound_row	https://baby-calendar.jp/knowledge/common/1546	bc
2021	F	は行	悠花	はるか	私の父が私に「はるか」とつけたかったこと、夫が綾瀬はるかさんの大ファンだったこと。娘が生まれるときは春で、桜やチューリップなどのたくさんの花が咲いていて、とってもきれいだったので花の名前を漢字か読み方につけたいと思っていました。そして、兄にも「悠」という漢字を使っているため、同じ漢字を使って兄妹仲良く育ってほしいという願いを込めました。	sound_row	https://baby-calendar.jp/knowledge/common/1546	bc
2021	F	は行	遥	はるか	"妊娠22週、病院のエコーで女の子とわかったその日に名づけ本を購入して、名前を考え始めました。名字の字画があまりよくなく、名前とのいい組み合わせも少なかったので、「女の子だし結婚して画数も変わるかもしれないから……」と画数にこだわることはやめて、響きや呼びたい名前で考えることにしました。私は昔から子どもができたら「はるちゃん」と呼びたいと思っていました。しかし夫の姪っ子にはるちゃんがいたため、夫には言い出せないまま。「ほのか」、 「あかり」、「ひなの」という候補が挙がっていましたが、2人ともなかなかしっくりこず。名前の話もしばらくしないまま時間が過ぎていきました。臨月に入り、そろそろ本気で名前を考えなきゃと思っていたころ。夫に名前のことをどう思ってるのか聞いてみました。すると、「今まで出た名前もいいと思うけれど、""はるか""って名前いいよね」と言われ、びっくり！！ そして「永遠」という意味を込めたくて、「遥」という名前にしました。（みゆのさん）"	sound_row	https://baby-calendar.jp/knowledge/common/1546	bc
2021	F	は行	ひいな	ひいな	パパとママから1文字ずつとりました。最初はひなちゃんにしようと思っていましたが、たくさんいる名前なので、どうしようと思っていました。行きつけの美容師さんと話し、間に「い」を入れたら珍しくてかわいいんじゃないかということで「ひいな」に決まりました！ 出産前に決めていたので、名前と顔が一致しなかったらどうしようと思いましたが、しっかり名前が似合うかわいい女の子に生まれてきてくれました！	sound_row	https://baby-calendar.jp/knowledge/common/1546	bc
2021	F	は行	妃織	ひおり	妃」は品のある心のきれいな子になってほしい。「織」はこつこつと頑張れる子になってほしいという意味が込められています。奇跡的に七夕生まれなので織姫様という意味も込められています。名前の通り、すくすく育ってほしいです。	sound_row	https://baby-calendar.jp/knowledge/common/1546	bc
2021	F	は行	輝	ひかり	笑顔あふれる家族に」これがわが家のテーマです。「輝」という漢字を使ったのは、「笑顔も娘の将来も光り輝きますように」という思いを込めたからです。そして、娘の周りにも笑顔があふれ、キラキラ輝くことを祈っています。妊娠がわかる少し前、家族で琵琶湖へキャンプに行きました。そのとき夫と空を見上げると、流れ星が見えたのです。生まれて初めて流れ星を見ることができました。その輝きを忘れることはないでしょう。流れ星を見たすぐあとに、私たちのもとへきてくれた娘。娘にとってぴったりな名前だと思っています。「輝」の1文字を「ひかり」と呼ぶことで、キラキラと笑顔輝く素敵な人生になりますように。ありがとう。大好きだよ。	sound_row	https://baby-calendar.jp/knowledge/common/1546	bc
2021	F	は行	晄李	ひかり	上の子は男の子でもうすぐ3歳になります。上の子を出産後女の子もほしいとなり、1年後に2人目を妊娠しました。妊娠してすぐに、女の子なら「みつき」とつけたいと夫と話をしていました。しかし、しばらくして流産してしまいました。その日の夜に、夫そっくりの女の子が橋の上から笑顔で手を振ってお空に飛んでいく夢を見ました。しばらく落ち込んでいましたが半年後にこの子を授かりました。女の子とわかり、「みつき」と名づけるか迷いました。結局名前が決まらないまま臨月になり、予定日2日前の夜に陣痛がきました。コロナ禍のため立ち会いはできませんでした。出会える楽しみはありましたが、長男のときに22時間かかったため、不安と恐怖でずっとガタガタ震えていました。そして早朝に生まれてくれました。とっても天気のいい、朝日の眩しい日でした。流産のこともあって落ちこんでいたり、コロナ禍で楽しみもなく不安な毎日でしたが、この子は家族のひかりになってくれました。生まれてきてからも、毎日家族みんなこの子の笑顔に癒やされています。「晄」という漢字は「光」よりも、とっても明るい様子という意味だそうで気に入っています。生まれてきてくれたこの子は夫にそっくりの女の子です。夢に見た女の子とそっくりなのです。	sound_row	https://baby-calendar.jp/knowledge/common/1546	bc
2021	F	は行	陽沙乃	ひさの	1月23日が予定日だったので最初は語呂から「ひふみ」ちゃんにしようと、夫婦で冗談混じりに話していました。妻のおなかに娘がいるころから「ひふみちゃん」とか「ひーちゃん」と声かけしているうちに、名前に「ひ」のつく呼び方に愛着が沸いてきてしまい、夫婦で「ひ」のつく名前を考えたのです。みんな、名前にはいろいろな意味を込めると言いますが、私たち夫婦は、明るく育ってほしいのと、流行りの名前にはしたくないという思いから、古風な感じもある「陽沙乃」という名前を娘につけました。ただ、この名前を決めたことを私の両親や叔母たちに伝えたとき、叔母や両親から「私が生まれる前に亡くなった祖母の名前からとってくれたのか」と聞かれました。しかし、祖母は私が生まれる10年前に亡くなっていたので、失礼ではありますが名前を知らなかったのです。その祖母の名は「久代（ひさよ）」という名だったとのことで、私もこの話を聞いたときは、このような偶然もあるものだと驚きました。私は、父や叔母には祖母の名前からとったわけではないと伝えたのですが、父は自分たちの亡くなった母のような名前をとても気に入ってくれました。もし将来、本人に名前の由来を聞かれたときは、後者の話をしようと思っています。	sound_row	https://baby-calendar.jp/knowledge/common/1546	bc
2021	F	は行	陽凪	ひな	職場で出会い、コロナ禍で式も挙げられないまま結婚した。早く子どもがほしい！と思いながらも、なかなかできず。仕事中心の生活を変えられず、焦るばかりの私を落ち着かせるように励ましてくれた夫。今月できなかったら、妊活を始めよう、そう話した矢先に妊娠がわかった。それからつわりがひどくなり入院することに。仕事も休職した。１カ月以上の入院生活、夫はわずかに許された面会時間で、毎日顔を見せてくれた。時には窓から手を振りながら電話したこともあった。実家に戻ってからも、吐いているときは家族がいつも背中をさすってくれた。それでも、こんなに苦しい日がまだ続くのか。無事に生まれてくれるのか。この子が育つ世の中はどうなるのか。心が折れそうになりながらのコロナ禍での初めての妊娠、出産はとても心細く、不安だけが募っていった。夫や家族の支えにより、何とか子どもが大きくなるのを楽しみに毎日を過ごした。つわりが治まってからは、散歩に出かけることもあった。紫陽花のつぼみを見ながら、おなかの子が生まれてくるころにはきれいに咲いているだろうか、とおなかの子に話しかけた。6月半ば。娘が無事に生まれてきてくれた。ただただ、生まれてきてくれたことに感動を覚えた。紫「陽」花がとてもきれいに咲いている季節。コロナ禍、まっただなかの結婚、妊娠、出産。人とのつながり、支えの大きさを感じながら過ごした10カ月。太陽のように人を温かく、娘が育つこれからの世の中が波風が凪ぐように平和であることを祈り、「陽凪」と名づけた。	sound_row	https://baby-calendar.jp/knowledge/common/1546	bc
2021	F	は行	陽菜	ひな	陽菜ちゃんは、登山サークルで知り合った彼との間にできた子どもです。私も彼も自然が好きなので、それにちなんだ名前をつけたいなと思っていました。初めは「ひまり」もいいなぁと思っていたけれど、出産後の入院時に子どもを見たときに、「この子は2文字だな」と感じました。そこで思い浮かんだのが、どんな環境でも育っていく雑草の姿でした。道端を見ると、知らぬ間に草が伸び、早々と生い茂っていることがよくあります。このように、どんな環境下でも大きく成長する草のように力強く生き抜いてほしいという思いが大きくなっていきました。その後考えて、「暖かい太陽の光をたくさん浴びて自然界に育つ菜っ葉のように、力強く元気にすくすくと生きてほしい」という思いに至りました。この話を両親にしたら、母から「菜葉」じゃなくて「菜の花」にしなよと言われ、たしかに「菜の花」のほうがかわいいなぁとみんなで笑った記憶があります。これが子どもの名前を「陽菜」と名づけた理由です。	sound_row	https://baby-calendar.jp/knowledge/common/1546	bc
2021	F	は行	陽咲	ひなた	名前を決めたのはパパでした。いつも太陽のような笑顔でいてほしいと思いを込めた名前です。「陽」の漢字がすぐ決まったのですが2文字目がなかなか決まらず……。なんとなく予測変換で「ひなた」と打ってみると「陽咲」という字が出てきて、2人で「これいいじゃん！」となり決まりました。偶然にも見つけた漢字でしたがみんなに「きれいな名前」と言ってもらえてよかったなと思っています。	sound_row	https://baby-calendar.jp/knowledge/common/1546	bc
2021	F	は行	ひなた	ひなた	いろいろな人に太陽のような笑顔や、温かい存在になってほしいから。私がひなたぼっこが好きなのもあります。	sound_row	https://baby-calendar.jp/knowledge/common/1546	bc
2021	F	は行	陽	ひなた	夫と付き合っていたころ、いつものように何気ない会話をしながらお風呂に入っていたとき、夫から子どもの名前は絶対これがいい！と夢を語られたのが、記憶に残っていました。大好きな夫が言うことだったので、人気の名前ではありましたが、すぐその名前に決定しました（笑）。4カ月になりますが、わが家を立派に明るくしてくれる太陽のようなわが子です。	sound_row	https://baby-calendar.jp/knowledge/common/1546	bc
2021	F	は行	陽夏	ひなつ	上の子の名前に「月」がつくので太陽の「陽」を使いたくてこの名前にしました。夜は月がないと真っ暗だし、その月は太陽がないと地球を明るく照らせない。月も太陽が協力して夜が明るくなるというので、これから2人で協力しながら仲良く歩んでほしいと願いを込めました。太陽と月が揃うことで昼も夜も明るく、わが家はもちろん周りの人々も明るく照らし、元気にしてくれる存在になるといいなという願いも込めています。「夏」は夏生まれなのと元気に明るい子に育ってほしいとの思いから「陽夏」としました。	sound_row	https://baby-calendar.jp/knowledge/common/1546	bc
2021	F	は行	妃菜乃	ひなの	予定日を超過して3日目の3月3日生まれ。前日から入院しバルーンを挿入。翌日促進剤を投与し、本陣痛から2時間弱で出てきてくれました。3月3日のひなまつりにちなんで「ひなの」にしました。	sound_row	https://baby-calendar.jp/knowledge/common/1546	bc
2021	F	は行	姫波	ひなみ	この子ができるまで、子どもはあまり好きではなく、結婚すら興味がなかった夫。子どもはいらない、結婚も興味がないという彼と、子どもはほしいし結婚もしたい私は付き合ってすぐのころ喧嘩をしました。それでも、一緒にいるうちに結婚や子どもに興味を持ってくれるかもと同棲を始め1年半が経ったころ、私の妊娠がわかりました。そのとき、産むことを反対されると思っていたため、夫の気持ちを聞く前から「別れてでも生む」と思っていました。しかし、夫は一緒に育ててくれる決意をしてくれていました。性別がわかる前は、何となく女の子かな〜と思っていました。名前を考え出したある日、夫が「夢に子どもが出てきた」と言いました。名前と性別もわかった、「ひなみ」で女の子だと言うのです。私が昔から女の子ができたら付けたかった「ひな」が入ってる……！ 名前はすぐに決まりました！ ただ、字は夢には出てこなかったそうなので、名前診断を見ながら必死に考えました。「姫」のようにかわいく美しく、さざ「波」のように穏やかで、荒れ狂う嵐や津波のような人生も超えていけるように。そんな意味を漢字に込めました。結婚も子どもも半ば諦めていた私のおなかに奇跡的にきて、夫と私を結婚させてくれて、天赦日と一粒万倍日が重なる「最強開運日」に元気に生まれてくれました。今、夫は娘を溺愛しています。いろいろな奇跡を起こしたうちのかわいいかわいい最強運の姫様です。	sound_row	https://baby-calendar.jp/knowledge/common/1546	bc
2021	F	は行	日乃世	ひのせ	2020年の1月に妊娠がわかり、歳の離れた妹か弟ができると9歳の長女もパパも大喜びでした。しかしその年の3月に、赤ちゃんの心拍が止まってしまったと告げられ、即座に入院し、陣痛促進剤で出産することになりました。産まれてきた子は10cmほどの小さな小さな身体で、何度も「ごめんね」と言いながらそっと抱きしめて埋葬しました。楽しみにしていた長女にも、パパにも祖父母にも本当に申し訳ない気持ちでいっぱいでしたが、泣いてばかりいたら長女もつらいだろうと思い、前向きに過ごすよう努めていたところ、またすぐに妊娠が発覚。前のこともあり、新型コロナウイルスのこともありで、不安に負けてしまいそうな日々でしたが、2021年2月に無事女の子を出産できました。長女も大喜びで次女を迎え入れてくれ、わが家がまたたくさんの明るい笑顔でいっぱいになりました。流産のショック、そして世の中に蔓延する新型コロナや災害。そんな家のことや世の中の暗くて辛いところを、生まれてくるだけで明るく日輪のように照らしてくれたわが子に、「日乃世」と名づけました。	sound_row	https://baby-calendar.jp/knowledge/common/1546	bc
2021	F	は行	ひまり	ひまり	付き合い始めてすぐに同棲し、3年間子どもを授かることなく、このままできないようなら大型犬を飼って、ランドクルーザーでも買ってずっと2人で過ごそうかとも思っていた。お互いマンネリもあり、このままこの人と一緒なのかと渋々な部分もあったためか、喧嘩もとても多かった。そんなころに妊娠発覚。2人に笑顔が多くなり、喧嘩も少なくなった。義両親も夫婦仲は最悪で別居状態だったが、妊娠後は今までよりは仲良くなった。妊娠したことにより、周りが幸せに、笑顔になっていったため、暗かったところを温かく照らしてくれたこの子にひだまりと言う意味をこめて「ひまり」と名づけた。	sound_row	https://baby-calendar.jp/knowledge/common/1546	bc
2021	F	は行	陽舞利	ひまり	上の子の名前「笑舞」の字を入れたくて探していました。「ひまり」だとちょうど「舞」が入ってるのと、私の名前にもある「利」も入ってるので素敵な名前だなと決めました。ひだまりが舞うような温かい子になってほしいという願いもあります。ちなみに上の子の「笑舞」は、笑顔がたくさん舞いますようにとつけました。2人とも大切な名前で大好きです。	sound_row	https://baby-calendar.jp/knowledge/common/1546	bc
2021	F	は行	姫梨	ひめり	第3子で、待望の女の子が生まれました。上の兄弟たちとは16歳差と14歳差。お姫様のように兄弟や、いろいろな人にかわいがってもらえるようにとおなかにいるときから「姫」を使おうと決めてました。あとは、私の名前から1文字を、とって「ひめり」にしました。	sound_row	https://baby-calendar.jp/knowledge/common/1546	bc
2021	F	は行	陽依璃	ひより	春生まれということもあり、春らしい響きの名前にしたいと思い「ひより」と名づけました。「陽」と「依」はお陽さまのように明るく元気いっぱいで、周りの人から頼りにされいっぱいのお友だちに囲まれて過ごせる子になってほしいと思いこの漢字にしました。最後の「璃」は私たち家族みんなが瑠璃の宝石のように大事に大事に育てていくからねという意味を込めて名づけました。	sound_row	https://baby-calendar.jp/knowledge/common/1546	bc
2021	F	は行	日和	ひより	日々平和に過ごせるように、という思いを込めて夫が名づけました。夫婦共に医療従事者です。娘が生まれる1カ月前に、夫の新型コロナウイルスのワクチン先行接種が決まりました。まだ副反応もよくわかっていないときだったので、重篤な副反応が出たら、もし死亡してしまったら、夫はこの子に会えないのかな……と不安でいっぱいでした。接種前日、夫から急に名前を「日和」にすると言われ、意味は？由来は？と聞いても、接種がすべて終わったら教えると言って教えてくれませんでした。無事に2回目のワクチン接種が終わり、重篤な副反応も出ず経過してようやく冒頭の意味を教えてくれました。私たち家族が新型コロナウイルスに、ワクチンに、時代に翻弄されて考えついた名前となったと思います。まだまだ新型コロナとの戦いは続きますが、早く終結して、平和に過ごせる毎日がくることを娘の名前を呼びながら願っています。（ひよままさん）	sound_row	https://baby-calendar.jp/knowledge/common/1546	bc
2021	F	は行	楓和	ふうか	出産予定日は9月中旬。7月後半になり、そろそろ名前考えないとと話をしていた矢先、その日は突然やってきた。7月29日に次女誕生。妊娠がわかったのは2021年1月末。2人目の妊娠に夫婦とも喜びでいっぱいだった。つわりはしんどかったものの、順調に妊娠生活は進み安定期に入った。1人目の妊娠、出産のときに大きなトラブルはなく初産で2時間のスピード出産。「2人目はもっと早く生まれるかもしれないから気をつけないと」と心配なことはそれくらいで当たり前のように今回も普通に出産できると思っていた。6月に入ったころ、健診で先生の様子がいつもと違うことに気づいた。しかし、エコーで赤ちゃんは元気そうに動いている。診断は前置胎盤だった。初めて聞く病名に先生は丁寧に説明をしてくれた。胎盤の位置が通常と異なり、子宮の下部にあり子宮の出口を覆っているため帝王切開になる。また大量出血のリスクがあるということだった。帰り道は涙が止まらなかった。それから毎日前置胎盤について調べ続けた。週数が進むにつれ改善することが多く、治す方法もないのでひたすら祈るしかなかった。一方で大量出血により子宮全摘出や、まれに死亡例もあり不安は募っていった。週数が進み何度か様子を見ても状況は改善せず、大きな病院へ転院となった。不安な日々を過ごすなか唯一の救いは赤ちゃんが元気に成長してくれていることだった。7月29日、突然の大量出血があり、緊急帝王切開で出産となった。心の準備などする暇もなかった。生まれた赤ちゃんは1,750g。手のひらに乗りそうなほどの小さな体にたくさんの管がつながれていた。申し訳なさでいっぱいで見ているのがつらかった。でも元気に生きていることに感謝の気持ちでいっぱいだった。入院中にテレビ電話をして夫婦2人で名前を決めた。楓の花言葉は「大切な思い出」「美しい変化」「遠慮」。万物流転し複雑化する社会のどの場面にも適応し、謙虚さを忘れず人から求められる人になってほしいとの思いで「楓」を使った。また「和」の穏やか、和やかという意味から、他者との良好な関わり合いのなかで成長してほしいとの願いをこめて「楓和」に決めた。7月生まれに「楓」という字を使うことを迷ったものの、9月中旬に生まれる予定が7月に命懸けで私が産んだこと、たくさんの人に助けてもらった感謝を忘れないよう「楓」を使いたいというパパの思いからこの名前を命名した。	sound_row	https://baby-calendar.jp/knowledge/common/1546	bc
2021	F	は行	史華	ふみか	結婚3年目にひいばあちゃんが103歳で亡くなりました。亡くなって初盆が終わってすぐに授かった子が史華です。私は、妊娠しにくい体質で自然妊娠は難しいとの診断も受けていて不妊治療をしていましたが、コロナ禍で離島からの病院通いができず諦めていました。ひいばあちゃんに赤ちゃんを見せられなかったショックで落ち込んでた矢先に授かった大切な命。きっとひいおばあちゃんが連れてきてくれたんだなと思い、「フミばあちゃん」から名前をいただいて「史華」と名づけました。フミばあちゃんのように誰からも好かれるやさしい女性になってほしいという願いも込めて。毎日ニコニコ笑顔いっぱいでパパとママを癒やしてくれる大切な娘です。生まれてきてくれてありがとう。（ふうちゃんママさん）	sound_row	https://baby-calendar.jp/knowledge/common/1546	bc
2021	F	は行	紅子	べにこ	第1子が男の子で、なんとなく2人目も男の子かなぁと勝手に思っていたので、男の子の名前をたくさん考えていたのですが、いざ性別がわかると女の子。うれしかったですが、悩み過ぎてなかなか名前を決められず、たくさん本を購入したり、図書館で借りたり……。とにかくたくさんの候補があったのですが、それでもなんだか決めきれずに臨月にまでなってしまいました。そんなある日、亡くなった父が撮っていたホームビデオを見ました。そこには、小さいころの私がおままごとをしている様子が映し出されていました。私は赤ちゃんのお人形をお世話しているのですが、ずっと「ベニちゃん」と声をかけていて……。その瞬間、今までのモヤモヤが晴れてコレだ！と決まりました。たくさんの人にかわいい名前だねと言っていただけているし、なんだか亡くなった父が名づけを手伝ってくれたようなうれしさもありとても気に入っています。早く大きくなって名づけのエピソードを話してあげたいです。（バーズさん）	sound_row	https://baby-calendar.jp/knowledge/common/1546	bc
2021	F	は行	帆乃香	ほのか	夏生まれなので、海にちなんだ漢字を使いました。夫婦で毎日何がいいかな？といろいろ案を出し、「ほのか」という響きが2人とも瞬時に気に入り、決定！ 周りの応援を受けて、順風満帆な人生を送ってほしいという願いを込めて「帆乃香」という漢字にしました。	sound_row	https://baby-calendar.jp/knowledge/common/1546	bc
2021	F	は行	愛華	ほのか	出産後、病室で自分の赤ちゃんを見ているとふと「ほのか」という名前が浮かんできました。夫にも「ほのか」って言う名前はどう？と聞いてみると、夫も夢のなかで「ほのか」という名前が出てきたみたいで運命だと思いこの名前にしました。みんなから愛されて華やかな人生を歩んでほしいと願いを込めて「愛華」という漢字にしました！	sound_row	https://baby-calendar.jp/knowledge/common/1546	bc
2021	F	は行	帆乃華	ほのか	おなかにいる子が女の子とわかって、夫と案を出そうということになりました。妊娠8カ月ころ、10個以上の案のなかから響きが気に入った「ほのか」に決まりました。……が、大変なのはこの後でした。名字が2文字ということもあり、私は最初は名前も2文字を希望していました。でも読みづらいかな……とか、姓名判断の結果がよくなかったり、候補を挙げては納得できずに考え直すの繰り返しでした。それでもなんとかなるだろうと根拠もなく楽観的に構えていました。結局決まらないまま出産を迎え、退院し、お七夜。さすがに焦りました（笑）。でもその日、今まで見落としていた漢字の組み合わせが姓名判断の結果がいいと判明！ 3文字でしたが、夫の両親も私の親も「かわいいね」と言ってくれたので「順風満帆で華を咲かせますように」という願いを込めて「帆乃華」に決まりました。読みやすいし、みんながいいねと言ってくれているので気に入っています。パパとママのところに生まれてきてくれてありがとう。元気に育ってね。	sound_row	https://baby-calendar.jp/knowledge/common/1546	bc
2021	F	は行	歩希	ほまれ	夫と名前について話し合いをしていくなかで男の子なら夫の名前から1文字、女の子なら私の名前から1文字取ってつけようという話になりました。女の子だとわかったので「歩」という字をつけることにしました。「希望に満ちた人生を歩んでほしい」という願いを込めて「ほまれ」ちゃんと名づけました。（ほまちゃんままさん） 歴代の赤ちゃんの名づけエピソード大賞 2021年赤ちゃんの名づけエピソード大賞 ＞ 2020年赤ちゃんの名づけエピソード大賞 ＞ 2019年赤ちゃんの名づけエピソード大賞 ＞ 2018年赤ちゃんの名づけエピソード大賞 ＞ 2017年赤ちゃんの名づけエピソード大賞 ＞ 2016年赤ちゃんの名づけエピソード大賞 ＞ 2015年赤ちゃんの名づけエピソード大賞 ＞ 歴代の赤ちゃんの名前ランキング 2021年赤ちゃんの名前ランキング ＞ 2020年赤ちゃんの名前ランキング ＞ 2019年赤ちゃんの名前ランキング ＞ 2018年赤ちゃんの名前ランキング ＞ 2017年赤ちゃんの名前ランキング ＞ 2016年赤ちゃんの名前ランキング ＞ 2015年赤ちゃんの名前ランキング ＞ 2014年赤ちゃんの名前ランキング ＞ 2013年赤ちゃんの名前ランキング ＞ 2012年赤ちゃんの名前ランキング ＞ 2011年赤ちゃんの名前ランキング ＞ 2010年赤ちゃんの名前ランキング ＞ あなたの“今”の悩みを専門家に無料で相談できます 自分だけでは解決できない不安やお悩みは、助産師や管理栄養士などの専門家に個別相談してみませんか？ 専門家に相談する その他についての悩み もっと見る 専門家に相談する 妊娠・育児アプリ ベビーカレンダー記事制作の取り組み ＼ この記事にいいね！しよう ／ 0 クリップ 現在ログインしていません。 ログイン しますか？ シェアする 名前ランキング検索 ベビーカレンダーが独自で調査・集計した2017年以降に生まれた赤ちゃんの名前データの中から、知りたい名前の順位、よみの順位、漢字の順位を見ることができます。 【名前で検索】【よみ方で検索】が名前の一部で検索できるようになりました！ 名前で検索 男の子 女の子 と一致する で始まる で終わる を含む 検索 よみ方で検索 男の子 女の子 と一致する で始まる で終わる を含む 検索 漢字で検索 男の子 女の子 検索 ご利用	sound_row	https://baby-calendar.jp/knowledge/common/1546	bc
2021	M	は行	葉王	はお	夫と知り合ったのは22歳のころで、付き合って数カ月で将来の話をしたときに、「子どもの名前はもう決まっているから」と言われ驚きました（笑）。そのころは何年後かのことになるだろうし、冗談半分で受け流していましたが、結婚してすぐに妊娠がわかりました。夫はおなかに向かってずっと「葉王」と呼びかけていたので「あーもうこれは私の提案は通らない」と諦めました（笑）。「葉王」は夫の好きなアニメのキャラクターの名前です。妊婦中にそのアニメが再度テレビアニメ化されるというニュースを知り、今となってはどこか運命的なものを感じています。結婚する少し前にそのアニメの原画展へ行ったときに「将来、葉王くんのランドセルにつける」と言って買ったネームプレートのキーホルダーを本当に付けることになりそうです（笑）。キャラクターは悪役ではありますが、名づけた夫のように強くたくましく、みんなに愛されてやさしい子になってほしいなと私は思います！ ちなみに女の子だった場合もキャラクターの名前を考えており、夫の強すぎるアニメ愛を感じました	sound_row	https://baby-calendar.jp/knowledge/common/1536	bc
2021	M	は行	羽環	はかん	トルコと日本のミックスの男の子なので、結婚当初からトルコ語の名前をつけることを決めていました。男の子とわかったとき、影響力のある人に育ってほしいと思い、トルコ語で「主導者」を意味する「hakan」に即決しました。日本に住む予定なので、協調性を持ち、世界に羽ばたいてほしいとの願いを込め「羽環」と漢字をつけました。	sound_row	https://baby-calendar.jp/knowledge/common/1536	bc
2021	M	は行	羽玖	はく	赤ちゃんの父親はスポーツ選手で「翼」という名前です。父親から羽をもらい世界のどこでも飛び回って活躍する人になってほしいと「羽玖」と付けました！	sound_row	https://baby-calendar.jp/knowledge/common/1536	bc
2021	M	は行	陽	はる	家族が代々漢字1文字の名前だったので1文字で考えました。また好きな映画の主人公の名前が「はる」だったので、秋生まれですが「はる」とつけたいと夫に相談して、一緒に姓名判断を見て決めました。	sound_row	https://baby-calendar.jp/knowledge/common/1536	bc
2021	M	は行	晴葵	はるき	上にお姉ちゃんがいる男の子です。わが家は息子の名前を夫と私でひとつずつ候補を挙げ、最終的にお姉ちゃんに選んでもらいました。私が「夕日のように最後まで力強く生きてほしい」と言う意味を込めて「優陽（ゆうひ）」。夫が「晴れの日のように元気で誰からも好かれるように」と言う意味を込めて「晴葵（はるき）」でした。お姉ちゃんは当時まだ3歳で、ひらがなを覚えたばかりということもあり、2枚の紙にそれぞれひらがなで名前を書いて選んでもらいました。そして選ばれたのが「晴葵」でした。「どうしてこっちを選んだの？」と聞くと「だってはるきって呼びたいから」と。単純だけど子どもらしい理由に微笑ましくなりました。	sound_row	https://baby-calendar.jp/knowledge/common/1536	bc
2021	M	は行	晴樹	はるき	私たちは結婚して12年になります。結婚してすぐは経済的なこともあり、子どもはまだ先でいいやと思っていました。数年経って子どもがほしいなと思い妊活を始めましたがなかなか授からず。不妊治療のクリニックにも通いましたがうまくいかず一旦治療をやめることに。それから何年も経ちやっぱり子どもがほしいと思い、クリニックを変えて治療を再開しました。2回ほど流産をしましたが3回目でやっと私たちの元に赤ちゃんがきてくれました。待望の赤ちゃんだったのでおなかにいるときに、夫が私たち2人から1文字ずつ取って「晴樹」と名前をつけてくれました。元気にすくすく成長してほしいです。	sound_row	https://baby-calendar.jp/knowledge/common/1536	bc
2021	M	は行	陽輝	はるき	長い間子どもを望んでいたものの、なかなか授からずやっと授かった命でした。しかし、妊娠中に入院をすることもありずっと不安な妊娠期間でした。そのときに菅田将暉さんの『虹』のMVを見て、子どもを産む大変さもあるけれど、共に過ごす幸せを望めるようになりました。それもあり、歌詞から文字をもらい、これからの輝く未来に陽だまりのようなあたたかな世界で共に遊び、成長していきたいと思いつけました。	sound_row	https://baby-calendar.jp/knowledge/common/1536	bc
2021	M	は行	春登	はると	2021年の3月26日に生まれました。春登の父親とは一緒に住んでおらず、定期的に会いますが認知だけしている状態です。なので、自分のつけたい名前にしようと考えていました。私は登山が好きなので「登」は絶対つけたいと思っていて、「と」と読めるようにしたいと妊娠してから決めていました。でももう1字がなかなか決まらず……。退院のときにお姉ちゃんが来てくれて、桜の時期だったのと4日間ほとんど外の景色を見られなかったので、実家近くの川沿いにある桜を見たいとお願いして寄ってもらいました。そこに行くまでに見た桜はほとんど散ってしまっていましたが、川沿いの桜は今が満開でした。そこで桜とギャン泣きする春登のいい写真が撮れました。退院2日目に父親がきて、名前どうしようか……ということになりました。すると「サブロー？だな」と言い出すので「なんでサブロー？」と聞くと、3月26日生まれだからとのこと。私は全力で却下し、退院のときに春を感じられたこと、学校に行き始めたら先生が読みにくくないように、でも絶対「登」は入れると考え、「春登」になりました。5歳くらいになったら近場の低い山から一緒に登りたいなと思っています！	sound_row	https://baby-calendar.jp/knowledge/common/1536	bc
2021	M	は行	晴斗	はると	2年ほど前、私は夢で小さい男の子と手をつないでいて、その男の子が「はるとだよ」と言いました。言った部分の前後は覚えていないけれど、教えてくれた名前ははっきりして覚えています。夢を見た直後、もしかしたら妊娠したのかな……と思いましたがそのときは妊娠していませんでした。そして2020年の12月妊娠が発覚し、性別は男の子。「これはあのときの子だ」と思って夫にも話し、夢のなかの男の子が教えてくれた「はると」に決まりました。漢字はなかなか決められずにいましたが生まれた日が快晴だったので「晴」に夫がつけたかった「斗」をあわせて「晴斗」と名づけました。夫の名前も空、天気に関する漢字が使われているので「晴」れ、北「斗」七星と子どもとも関連するのでこの漢字にしました。	sound_row	https://baby-calendar.jp/knowledge/common/1536	bc
2021	M	は行	陽都	はると	太陽のように明るく健康で、都のように人が集まる人になるようにと名づけました。この子がまだおなかのなかにいたころ、健診で体が小さいことや基礎疾患を心配されていたので、健康で生まれてきてくれることを祈るような気持ちで毎日過ごしていました。実際に生まれてきてくれたわが子は、予測より大きな2,750gで元気いっぱいに生まれてくれて、今もすくすく育っています。元気なあなたに会えて本当によかった。はるくん、これからも一緒に楽しいことをいっぱい経験しようね。	sound_row	https://baby-calendar.jp/knowledge/common/1536	bc
2021	M	は行	遥翔	はると	夫が決めた名前です。遥か高みを目指して翔ぶ子になりますように、との意味を込めて名づけました。後から画数診断をしましたが名字との相性もよかったです。	sound_row	https://baby-calendar.jp/knowledge/common/1536	bc
2021	M	は行	春翔	はると	結婚や子どもなんて自分には関係のないものだと思っていました。ですが、初めて夫と出会ったとき、一瞬で「この人と結婚したい！」と思いました。私は幼いころから飲食店を開業することが夢で、夫も同じ気持ちを持ってくれ開業に向け日々準備を進めていました。しかし、新型コロナウイルスの影響で長年の夢を諦めざる終えなくなってしまい……。普段の生活に規制がかかり、とても不便で気持ちも憂うつになる日々でした。そんなときおなかに赤ちゃんが……。これまでの憂うつな日々が一瞬で明るい輝くものに変わりました。つわりが本当にひどく立つのもやっとでしたが、大きくなるおなかにしっかり動いてくれる胎動。愛おしい存在だと感動しました。息子は春生まれ。日本には四季があり、春の素敵な空を飛び回ってほしい。そんな思いで「春翔」と名づけました。夢を諦め、不便な生活になったコロナ禍で息子という存在が希望の光でした。息子に出会えて本当によかった。生まれてきてくれて本当にありがとう。	sound_row	https://baby-calendar.jp/knowledge/common/1536	bc
2021	M	は行	陽翔	はると	生まれる前から夫とは離婚することが決定していました。「これからどうしよう」と落ち込んでるときはいつもおなかを蹴って、「ママ、頑張ろう！」と言ってくれるような気がしていました。この子のために頑張ろう。この子のためならなんでもできると私の心を照らしてくれてました。私にとって太陽のような存在です。（あすちんさん）	sound_row	https://baby-calendar.jp/knowledge/common/1536	bc
2021	M	は行	久慶	ひさよし	何度も失敗した不妊治療の末にようやく妊娠。大きくなるおなかを楽しみに夫と名前の候補を3つまで絞り、あとは生まれたときに顔を見て決めようと話していました。予定日近くに破水、急遽入院に。お産が進まず緊急帝王切開をすることになり、パニックになりました。処置が進み無事に元気な産声をあげたわが子。その姿を見て帝王切開の判断をしていなかったらどうなっていたんだろうと涙が出てきました。同時にこの子の長い一生のなかでずっといいことが続いてほしいという願いを込め、最終候補のなかで「 久慶」が 一番合っていると強く思いました。手術室の外で待機していた夫もそう思っていたようですぐにこの名前に決まりました。	sound_row	https://baby-calendar.jp/knowledge/common/1536	bc
2021	M	は行	秀虎	ひでとら	今どきのような名前ではなく、古風な名前にしようと夫と話していました。夫が昔の武将のような名前なので、息子にも武将のような名前をつけました。由来は強くたくましく育ち、慢心せず謙虚に努力し続けられるかしこい子になってほしいという意味を込めています。息子の生まれた日がどのような日か調べたときに、武将・加藤清正の誕生日で、加藤清正は通称・虎之助と呼ばれており、主君は豊臣秀吉だったことがわかりました。虎之助の「虎」と、秀吉の「秀」になんとなくつながりを感じてしまいました	sound_row	https://baby-calendar.jp/knowledge/common/1536	bc
2021	M	は行	陽凪	ひなぎ	子どもの名前に入っている「陽」は、令和になり名づけで人気な漢字ですが、私たちには思い入れの強い漢字です。というのも、私の名前と夫の名前には偶然にも「陽」の漢字が入っているからです。夫と結婚し子どもを授かり、この漢字を使わないという選択肢はありませんでした。私たち夫婦の名前を知っている友人たちも「この漢字を使うのでは？」と期待していたんじゃないかと思うほどです（笑）。しかし、一家の名前を並べるとちょっと暑苦しいところが難点（笑）。そんなエピソードがある思い入れのある名前。この子の生きる日々が名前の通り、温かく静かで心が和むような光景であってほしいと願っています。	sound_row	https://baby-calendar.jp/knowledge/common/1536	bc
2021	M	は行	陽	ひなた	名づけはパパがしてくれました。たくさん候補があるなかで、名前は「陽（ひなた）」になりました。「周りの人を、太陽のようなあたたかい空気で包めるような人になってほしい。心温かい人になってほしい」という思いからこの名をつけてくれたと話してくれました。男の子でも女の子でも、この名前にしたかったとあとから知りました。名前は、子どもへの初めての贈りものだと昔から考えていたので、パパがたくさん考えてこの名をつけてくれたことにうれしい気持ちでいっぱいです。	sound_row	https://baby-calendar.jp/knowledge/common/1536	bc
2021	M	は行	陽向	ひなた	安定期を迎えたころから名前を考え始めました。どこから考えたらいいのかわからず、とにかくいろいろなサイトを見たり、命名集を読んだりしました。しかしなんだか実感がわかず候補を挙げるだけで終わってしまいました。夫と2人でそれぞれ候補を挙げてもお互い納得できず、本当に決まるのかな？と不安に思ったり、イライラしてしまったり。名前を決めることがこんなにも難しいとは（笑）。漠然と候補を挙げていた私たちですが、どんな子になってほしいかどんな漢字を入れたいかを話し合いました。明るい子になってほしいということと太陽の「陽」を入れよう！ということになりました。そこからは具体的な名前から案が挙がり、太陽のようにみんなの中心にいる明るい子にという意味で「陽」、向上心を持って何事にも取り組んでほしいという意味で「向」をとり、「陽向」になりました。名前は親からのプレゼントといいます。これだけ悩んだ名前で息子の名前を呼べる今が幸せだし、とってもしっくりきています。同じ名前の子がいても、それぞれ命名までの過程はあるんだと思うとうれしく感じます！！ 最初は、本当に決まるのかな？と思った名前でしたが素敵な名前をつけることができてよかったです。	sound_row	https://baby-calendar.jp/knowledge/common/1536	bc
2021	M	は行	陽葵	ひなた	家族や周りにとってひなたのような存在になってくれますように。人生のなかでつらいときもあるけど太陽が出れば顔を上げてまっすぐ伸びる葵のように、人生をまっすぐ歩んでいってほしいと名づけました。「 陽葵」の 人生が実りあるものとなりますように。	sound_row	https://baby-calendar.jp/knowledge/common/1536	bc
2021	M	は行	陽飛	ひなた	夫は5歳年下です。そのせいか姓名判断で運勢がよく気に入った名前を候補に出すと同級生にいたり親戚の名前に似ていたりして次から次へと却下……。「陽飛」は運勢もよく漢字もイメージも2人で気に入りました。夫から、いとこに「ひなちゃん」「○○たくん」がいるのでちょっとと躊躇されましたが、つける名前がなくなってしまうよ！と、気に入ったからこの名前にしたい！と少し強引に決めました。その後、会社の先輩から「次の子につけたいと思っていた名前」と言われたそうですが、まだおなかにもいないし引き下がっちゃだめ！と押し通しました。この名前しかなかったと思います。名字ともマッチしていて息子にぴったりな名前をつけることができて満足です！	sound_row	https://baby-calendar.jp/knowledge/common/1536	bc
2021	M	は行	響	ひびき	第2子なのですが、上の子の名づけは夫の希望を優先したため、今回は私にほぼ任せると言われていました。出産までに、いろいろな名前を考えるもどれもピンとこず、本当に決められるのかと不安に思っていました。そして、何とか「響」と「大輝」の2つの候補まで絞ることができました。名字とのバランス、読みやすさ、名前に込める意味、画数……。特に名前のバランスは、男の子で一生のものだと思い、重視しました。そして出産の日を迎え、赤ちゃんの顔を見ると、不思議と「この子は響だ」と勘が働き、夫に「名前、響に決めたよ」と連絡。音が広がるように、周りに影響を与える子になってほしいという意味も伝えると、素敵な名前だねと夫も喜んでくれました。	sound_row	https://baby-calendar.jp/knowledge/common/1536	bc
2021	M	は行	裕成	ひろなり	義祖父から受け継いだ「裕」という漢字。裕成で4代目です。男の子が生まれたら絶対にこの文字がつく名前にしようと決めていました！ 「裕」という字は「物が十分あってゆとりがある。ゆたか」「心がひろい。せせこましくない」という意味があります。私はやさしい義実家のみんなが大好きです。裕成にもお義父さんたちのようになってほしいと願いを込めて、「心もお金も豊かになる、豊かなものを生み出す。温かくて広い心をもった子になりますように」という願いを込めて名づけました。とっても気に入っています♡（つぐなりお母さんさん）	sound_row	https://baby-calendar.jp/knowledge/common/1536	bc
2021	M	は行	颯真	ふうま	字画診断で、名字と相性のいい2000個強の名前から3つに絞り込みました。そのなかからパパが選んでいた名前はあったものの、3歳の長男に3つの候補のなかでどれがいいか聞いたところ、「ふうまーーーー！」と。それからおなかの赤ちゃんに「ふうまーお兄ちゃんだよーっ」と言うようになりました。保育園でも「赤ちゃんの名前はふうまなんだぁー！」と言っており、パパは根負け（笑）。第一候補だった名前から「ふうま」に変更して決まりました！	sound_row	https://baby-calendar.jp/knowledge/common/1536	bc
2021	M	は行	楓和	ふうわ	私と夫はバスケを通じて出会ったため、わが子にもバスケが上手になってほしいという願いが密かにあり『SLAM DUNK』の流川楓から「楓」の字をもらいました。夫婦共に流川楓と同じポジションだったということもあります。私たちは7年の不妊治療の末に子どもに恵まれましたが、その前に3人の子どもとおなかのなかでお別れをしています。握れなかった手がたくさんありました。そのわが子たちを忘れないように、生まれてきてくれた命に感謝を忘れないようにという思いを込めました。そして、ひとりっ子になってしまうと思うので人に恵まれるように、「人の心を打つ美しさや謙虚さを持ち、人との縁を大切にできる人になってほしい。穏やかに和やかに誰とでも仲良くなれる子に育ってほしい」と思いを込めました。（楓マミーさん）	sound_row	https://baby-calendar.jp/knowledge/common/1536	bc
2021	M	は行	帆高	ほだか	帆を張った船がぐんぐんと大海原を進むように、順風満帆な人生を送ってほしいという意味を込めました。夫婦の結婚式も台風で延期かどうかの瀬戸際で運良く台風が通り過ぎた日、帆高くんが生まれたのは台風が過ぎた次の日。両方とも晴れたけど風は強い日です。その強い風を追い風にしてどんどんと前に進んでもらいたいです。（きっしーさん） 歴代の赤ちゃんの名づけエピソード大賞 2021年赤ちゃんの名づけエピソード大賞 ＞ 2020年赤ちゃんの名づけエピソード大賞 ＞ 2019年赤ちゃんの名づけエピソード大賞 ＞ 2018年赤ちゃんの名づけエピソード大賞 ＞ 2017年赤ちゃんの名づけエピソード大賞 ＞ 2016年赤ちゃんの名づけエピソード大賞 ＞ 2015年赤ちゃんの名づけエピソード大賞 ＞ 歴代の赤ちゃんの名前ランキング 2021年赤ちゃんの名前ランキング ＞ 2020年赤ちゃんの名前ランキング ＞ 2019年赤ちゃんの名前ランキング ＞ 2018年赤ちゃんの名前ランキング ＞ 2017年赤ちゃんの名前ランキング ＞ 2016年赤ちゃんの名前ランキング ＞ 2015年赤ちゃんの名前ランキング ＞ 2014年赤ちゃんの名前ランキング ＞ 2013年赤ちゃんの名前ランキング ＞ 2012年赤ちゃんの名前ランキング ＞ 2011年赤ちゃんの名前ランキング ＞ 2010年赤ちゃんの名前ランキング ＞ あなたの“今”の悩みを専門家に無料で相談できます 自分だけでは解決できない不安やお悩みは、助産師や管理栄養士などの専門家に個別相談してみませんか？ 専門家に相談する その他についての悩み もっと見る 専門家に相談する 妊娠・育児アプリ ベビーカレンダー記事制作の取り組み ＼ この記事にいいね！しよう ／ 0 クリップ 現在ログインしていません。 ログイン しますか？ シェアする 名前ランキング検索 ベビーカレンダーが独自で調査・集計した2017年以降に生まれた赤ちゃんの名前データの中から、知りたい名前の順位、よみの順位、漢字の順位を見ることができます。 【名前で検索】【よみ方で検索】が名前の一部で検索できるようになりました！ 名前で検索 男の子 女の子 と一致する で始まる で終わる を含む 検索 よみ方で検索 男の子 女の子 と一致する で始まる で終わる を含む 検索 漢字で検索 男の子 女の	sound_row	https://baby-calendar.jp/knowledge/common/1536	bc
2021	F	ま行	茉奏	まかな	なかなか子宝に恵まれず、授かれたことが奇跡のようで家族や夫婦にとって宝物、贈りもののような存在の子。そんな意味を持つ名前をつけたくていろいろな外国語を調べていたらハワイの言葉である「マカナ」を見つけて夫婦一致で決まりました。漢字は画数を調べ、縁起のいいものを決めました。	sound_row	https://baby-calendar.jp/knowledge/common/1547	bc
2021	F	ま行	まつり	まつり	スポーツの祭典とも言われてるオリンピックが東京で開催の年に生まれた子であり、世界が大変であるなか、いろいろな人に助けてもらい、いろいろな人の思いをいただきながら生まれきた子でもあるので、お祭りのように周りを明るく元気にできる、思いやりをもったやさしい子になってほしいと名づけました。	sound_row	https://baby-calendar.jp/knowledge/common/1547	bc
2021	F	ま行	愛叶	まなか	夫が、私の名前から「愛」という漢字をとって、「まなか」という読み方がいいと考えてくれたので、もうひとつの漢字は、私が考えました。夢や願いが叶うようにと、「叶」をつけて、「愛叶」という漢字になりました。どんなときも愛されますように。どんなときでも夢を抱いて努力を忘れず、夢が叶いますようにと願いを込めて。	sound_row	https://baby-calendar.jp/knowledge/common/1547	bc
2021	F	ま行	真佳	まなか	この子は偶然が重ならなかったら生まれてこなかった子かもしれません。精神疾患を抱えた夫と小学校教員の私たち夫婦は何度も何度も話し合いを重ねて子どもを持つという選択肢を選びました。話し合いでは、精神疾患や何らかの病気を抱えて生まれてくるかもしれないことや新型コロナウイルスが流行するなか、もし感染してしまい、命の選択をしなければならくなったときには子どもは諦めるという約束をしました。話し合いから1カ月。何となく新しい命が宿っていると感じて妊娠検査薬を試してみたところ陽性でした。すぐに病院へ行き、検査をしたところ本当に命が宿っていました。私はうれしかったのですが、夫は「まじか……」と。結婚当初から子どもは絶対いらないと言われて納得した上での結婚だったのですが、周りを見渡すと妊娠出産の報告ばかり。私は昔、今の夫の子ではありませんが経済的な理由で子どもを諦めたことがあります。周りの妊娠出産報告はそんな私の心にグサッと刺さりました。また子宮の病気をしたことや年齢のことを考えると「産みたい」と強く思うようになりました。夫は自分の気持ちより私の気持ちを優先してくれましたが、いざ妊娠したというと話は別。自分が親になることがとても不安だったと言います。順調だと思っていた10月29日。奇しくも私の誕生日にいつものように健診に行くと、「切迫流産」と書かれた診断書が手渡されました。この日から生まれる5月5日まで私は自宅安静の日々でした。最初は切迫流産の言葉すら知らずネットの情報に惑わされ、つらくなっていくつわりにずっと泣いていました。追い打ちをかけるように逆子ですと言われ、さらには赤ちゃんがこのまま小さければ転院をして帝王切開ですとも言われていました。このころにはつわりは収まりましたが、逆に夫のほうが食欲がなくなっていました。帝王切開が近づくころ、整体に行き始めました。すると逆子が治り、体重も少し軽めではありますが出産しても大丈夫なぐらいになっていました。転院もなく自然分娩で出産できることになりました。予定日は5月4日でしたが、5月5日の16時46分に元気に生まれてきてくれました。まっすぐに美しく育ってほしいと「真佳」と名づけました。名前の通りまっすぐ自分の気持ちを伝えることのできる、色白の美しい肌を持った女の子です。	sound_row	https://baby-calendar.jp/knowledge/common/1547	bc
2021	F	ま行	茉生	まみ	妊娠6カ月ごろ、いろいろな名前の候補が挙がるなか、当時4歳だった息子が突然おなかに向かって、「まみちゃん」と呼び始めました。私は驚いて「まみちゃんってお名前どこから来たの？ お友だちにいるの？」と聞いたところ、息子は「いないよ。同じ名前は嫌だもん。まみちゃんってかわいいからまみちゃんにしたよ」と言いました。一時のことかな？と思い、私はほかの名前を考えていました。しかし、息子は出産までずっとおなかに向かって「まみちゃん」と呼び続け、生まれる前から「名前はまみちゃんだよ」とお友だちや幼稚園の先生にまで話していたのです！やさしくおなかに話しかける息子の姿を見て、夫とそのまま「まみ」と名づけることに決めました。周りを和ませるやさしい女性になってほしいことから「茉」という漢字を。出産は自然分娩の予定でしたが、陣痛に耐えるなかで胎児心拍が落ちて緊急帝王切開になりました。娘が生まれたとき、ただただ生きてくれたこと、命あることに本当に感謝しました。そこから、生きると言う漢字を選び「茉生」と書いて「まみ」と名づけました。息子は自分がつけた名前なんだよ、と娘に初めて会う人にはとてもうれしそうに話し、娘のことが大好きで積極的にお世話してくれています。息子のうれしそうな顔を見ると、この名前をつけて本当によかったと思います。	sound_row	https://baby-calendar.jp/knowledge/common/1547	bc
2021	F	ま行	マリナ	まりな	私は『いとしのレイラ』という曲が好きだったこともあり、そこから「レイラ」を候補に挙げました。夫はスペイン人なので、スペインでも使える名前をいくつか考え、名前の候補をお義母さんに伝えたところ、「マリナが一番きれい」と仰ってくれたので「マリナ」になりました。問題は漢字をどうするかでした。ハーフなので漢字を使うのも微妙だなと思い、生まれたとき日本人らしい顔なら漢字にして、ハーフの顔だったらカタカナにしようとなりました。いざ生まれるとハーフ顔だったので「マリナ」になりました。（とのさん）	sound_row	https://baby-calendar.jp/knowledge/common/1547	bc
2021	F	ま行	美桜	みお	コロナ禍の出産だったため、妊娠中は、健診と1週間に一度のスーパーの買い出しだけで食事する日々。旅行へなど出かけることも叶いませんでした。毎年春になると桜を見るのが楽しみでしたが、おなかの赤ちゃんのためにテレビからの桜だけで我慢しました。生まれてからやっぱり「桜」のつく名前がいいと思い、「美桜」にしました。毎年、美しく咲く桜のようにかわいらしさと美しさを持ち、太くしっかりと根をさして大きく育つ桜の木のようにいつまでも健康で元気に育ってほしいと願いを込めて名づけました。	sound_row	https://baby-calendar.jp/knowledge/common/1547	bc
2021	F	ま行	桜央	みお	学生のころから「みお」という響きがかわいい、将来女の子が生まれたら絶対にみおちゃんにしようと思っていました。幸運にも女の子とわかり即座に「みおちゃん」に決定！ ただ漢字は悩みに悩みました。桜が好きだったのでどうしても「桜」という漢字を入れたい。少し無理矢理になってしまいましたが、「み」の部分に「桜」を持ってきて「桜央」！ 桜のようにみんなを魅了する女性になってほしい！ 春のように温かい心を持った人になってほしい！ たくさんの人が寄ってくる中心にいるような素敵な人になってほしい！ とたくさんの思いを込めることができました！ きっと周りに同じ名前の子はなかなか現れないだろうと、オンリーワンの名前をつけることができて夫婦ともにうれしいです。たくさん悩んでよかったです！	sound_row	https://baby-calendar.jp/knowledge/common/1547	bc
2021	F	ま行	実玖	みく	夫婦で自分たち親の名前の漢字を子どもにもつけようと話していたため、最初に「美玖」の候補が挙がりました。「玖」はあまり慣れ親しまれていない漢字のため意味を調べると「美しく黒い石」という意味があり、気高く美しい人に育ってほしい私たち夫婦の願いととてもぴったり！ ただ（美しい）ではなく、中秋の名月に生まれた（実りの秋）を考え、「実玖」と名づけました。	sound_row	https://baby-calendar.jp/knowledge/common/1547	bc
2021	F	ま行	未来	みくる	結婚10年目に授かったわが子。明るい未来が待っていますように！ パパとママにとっての「未来」が希望に満ちあふれていますように！ と名づけました。	sound_row	https://baby-calendar.jp/knowledge/common/1547	bc
2021	F	ま行	美槻	みつき	私も夫も自然が好きで、生まれも育ちも自然豊かな土地だったため、名づけるにあたっては自然に関係している名前にしたいと思いました。自然のなかで感じる好きなことを挙げていくと、欅の木に辿りつきました。欅の木は街路樹であったり公園に生えていたりと馴染み深い木でありながら、見るたびに好きだなと感じる木でした。そこで欅の昔の漢字である「槻」という漢字を使い、まっすぐ伸びてきれいな扇形に広がり、夏は新緑、秋は紅葉する美しい欅の木のように強い心を持ち表情豊かな子に育ってほしいと名づけました。	sound_row	https://baby-calendar.jp/knowledge/common/1547	bc
2021	F	ま行	実月	みつき	私の名前から1文字とって「実月」に。実りのある幸せな人生を。そして月のようにやさしくまあるい存在になってほしいという思いを込めてつけました。	sound_row	https://baby-calendar.jp/knowledge/common/1547	bc
2021	F	ま行	みつは	みつは	昨年末、第2子を懐妊した妻から出産予定日を聞いて、私はびっくりするとともに、不安も感じました。まず、びっくりしたというのは、予定日である8月17日が、伯父の誕生日であったことです。実は、伯父は私たちの結婚式のひと月前に病気で亡くなっており、式には写真額の姿で出席してもらいました。長年お世話になり、私の名が「三千夫」ですので、子どものころは、私を「みっちゃん、みっちゃん」と呼んでかわいがってくれました。大好きな伯父さんでしたので、今でも残念な思いです。しかし、赤ん坊の予定日が偶然にも伯父の誕生日と一致して、これは、天国から伯父が私たち家族を見守てくれている証拠かなと感じられ、心が温かくなりました。 もう不安になったことは、2021年の夏に私が仕事の都合で3カ月間、出張することが決まっていたからです。具体的には、6月から8月いっぱいまで。その間は家に戻ることができません。つまり、出産に立ち会えないどころか、臨月を迎える妻に、最後まで寄り添ってあげられないことがわかったからです。困ったなあと思いましたが、幸い、相談の上私の両親や弟夫婦が、身重の妻に代わり家事などをサポートし、第1子である2歳の長男の面倒もみてくれることが決まりました。今年に入り、「どう見ても、ワレメしか見えないね～」という、産婦人科の先生のエコー診断により女の子とわかったときから、名づけの思案を始めました。私の名から「三」をとって、はじめは「三葉」と考えました。「父と母が3カ月離れていても、お互い頑張ってつとめて、8月（葉月）に新しい命が生まれる」という意味を込めました。そして、やさしい語感にすべく、漢字をかなにして最終的に「みつは」に決定しました。そして初夏、命名した書面が入った手紙を妻に託して、私は出張先へと向かったのでした。果たせるかな、まさに8月17日、予定日その日に、娘は元気に誕生しました。分娩室から送られた動画や写真を見て、遠く離れた私も、ひとり涙して妻に感謝しました。地元の家族が喜んだことはもちろんですが、出張先でも大勢の同僚が祝福してくれ、「たくさんの人にお祝いされて、この子は徳のある子だなあ」と思いました。最初に書いた通り、8月17日は伯父の誕生日でした。「みっちゃん、みっちゃん」と呼ばれて、かわいがってくれた幼少の私と同じように、娘も「みっちゃん、みっちゃん」と多くの方に親しまれ、かわ	sound_row	https://baby-calendar.jp/knowledge/common/1547	bc
2021	F	ま行	美杜	みと	高校生のころから10年以上のピルユーザーで婦人科に通っていました。ひどい生理不順で放っておくと半年以上も生理が空いてしまい、授かりにくい体質なのは明白でした。そのことを彼にも伝えた上で結婚の運びとなり、日に日に彼も私も赤ちゃんがほしいという気持ちが強くなりました。入籍を機にピルの服用を辞め、排卵誘発へ切り替えましたが思うように進まず1年が経っていました。夫に早く赤ちゃんを抱っこさせてあげたいのに私のせいで……。振り返ればそんなことばかり考え、気軽に相談できるような話題でもなかったためひとり泣いていた毎日でした。本格的に不妊外来へ通うために勇気を出して予約した病院では、病院の指導通りに通院できないのであれば意味がないとのことで仕事柄難しかった私はスタートラインにも立てませんでした。通院するためにはまずは職場への理解を得なければならないという精神的な負担もありました。直属の上司に伝える前に社歴の長い他部署のお姉さん的存在の方にそのことを相談しました。使える制度を含めて一緒に考えてくれたりとても心強かったのですが、何より誰かに話せたことで気持ちが解放できたのでしょう。排卵誘発をお休みしていたその周期に見事、自然排卵。そして妊娠発覚。授かれたこと、生まれてきてくれたこと、すべてが奇跡の連続ということを改めて実感しました。わが子にはそんな神秘的で偶然と必然の繰り返しが訪れるこれから先の人生を美しく豊かで実りあるものにしてほしい。そんな思いを込めて「美杜」と名づけました。	sound_row	https://baby-calendar.jp/knowledge/common/1547	bc
2021	F	ま行	みなみ	みなみ	わが家はお姑さん、夫、私の3人暮らしです。妊娠発覚時から名づけは夫任せと言いつつ、女ふたりがいろいろとリクエストをしてしまいました（笑）。お姑さんの希望は「季節感のあるもの」「ひらがなにしたときにま、ね、ななど丸い印象がある入った文字があるもの」私の希望は「名前の最後がま行かな行で終わるもの」「読み間違い、聞き間違いがないもの」と注文は盛りだくさん。夫はかなり悩んだと思います。妊娠後期あたりから夫がいくつか候補を考えてくれていましたが、このあたりでさらに私が「姓名判断で運勢がいいもの」というリクエストを追加……。最終的に、あたたかみのある人になってほしい、日当たりのいいところに生きものが集まるように、人に恵まれる人になってほしい、明るい人生を歩んでほしいという願いを込めて「みなみ」になりました。漢字も考えましたが、名字とのバランスや字面も考えてひらがなにしました。すべてのリクエストを盛り込んで、願いも込めることができたのでとても満足しています。願いが反映されることを祈っています。	sound_row	https://baby-calendar.jp/knowledge/common/1547	bc
2021	F	ま行	実乃莉	みのり	私の家族は「乃」を使っているので、女の子が生まれるのであれば使いたいと小さいころから思っていました。きょうだいの子どもは今まで男の子だけだったので、この字を使うことがなく、最後に生まれるこの子の特権だと思っていました。実は産むギリギリまで、今後きょうだいが生まれたときに付けやすいよう、季節をいれた名前にするか迷っていました。ところが、いざ生まれる直前になって私の状態が悪化。おなかのなかの赤ちゃんも仮死になる危険があり、緊急帝王切開に。不安で落ち着きませんでした。そこで、亡くなった大好きな祖父にも守ってもらおうと思い、祖父の名前が「穣（みのる）」だったため、その読みに近いように考えていた「実乃莉（みのり）」に決めました。その後、母子ともに順調に回復し、今では問題なく過ごしています。祖父がきっと見守ってくれているのだと思います。娘と共にこの名前を大切にしていきたいと思います。	sound_row	https://baby-calendar.jp/knowledge/common/1547	bc
2021	F	ま行	みのり	みのり	女の子にも男の子にも似合う名前、そして誰にでも読めて親しみやすい名前がいいね、と夫婦で話し、女の子だったのでひらがなで「みのり」と名づけました。意味はシンプルに実り豊かな人生を歩めるように。失敗も含めたくさんの経験を人生の糧にできるように、という思いを込めています。	sound_row	https://baby-calendar.jp/knowledge/common/1547	bc
2021	F	ま行	実愛	みのり	結婚して6年が経ったころ、私は夢を見ました。10才くらいの女の子が「ママ、お待たせ。みーちゃんだよ」と言って赤ちゃんの姿に変身する夢です。「まさか」と思い、検査すると結果は陽性。私たち夫婦は、赤ちゃんを授かることができました。その日から「この子は、みーちゃんなんだ」と思い、妊娠中もずっと、「みーちゃん」と呼びかけ、名付け本でも「み」から始まる女の子の名前を調べていました。なかなか決められずにいたとき、夫が「愛」を使いたいと言っていたことを思い出しました。うまく組み合わせられないか試行錯誤した結果、みーちゃんの「み」は思いやりややさしさ、充実するなどの意味がある「実」にし、パパとママの大好きの気持ちが伝わるように、みんなにかわいがられる存在になるようにという願いをこめて「愛」を選び「実愛（みのり）」になりました。家族3人で決めることができて大満足です。やさしく穏やかにのびのびと大きくなっていってね。	sound_row	https://baby-calendar.jp/knowledge/common/1547	bc
2021	F	ま行	美弥	みや	"なかなかコレ！といった名前の決め手がなくて困っていましたが、ある日、散歩をしていると子猫が「みゃー、みゃー」と鳴きながら、ずっとうしろをついてきました。可哀想だと思いながらも拾うと責任が発生するし、飼えるアテもなかったのでうしろ髪を引かれつつも子猫が諦めるまで30分以上歩いていました。しかし、子猫は最終的にフラフラしながらもわが家までついてきて、家の門をくぐって庭にいた祖父のそばに行くとうずくまり、ゴロゴロと喉を鳴らして一生懸命存在をアピール。情の深い祖父は、猫を飼うことを決めわが家の一員となりました。「おなかの赤ちゃんの名前を考えながら歩いていたら、子猫が""みや""言うてついてきた！」ということで、「美弥」になりました。漢字はあとづけで3月生まれなので、「弥生」から「弥」の字を取りました。"	sound_row	https://baby-calendar.jp/knowledge/common/1547	bc
2021	F	ま行	心結	みゆう	初めての妊娠で流産を経験しました。とても悲しかったのですが、すぐに2人目を授かることができました。それが心結です。とてもうれしく喜んだ反面、流産経験から不安や心配もありました。そして楽しみ、感動、期待など生まれてくるまでに、たくさんの心を動かされました。そのため、名前には「心」の漢字を使いたいと思いました。そして名づけに悩んでいた妊娠8カ月のころ、私の父親の夢に「心結」が出て、名前は「ミウ」がいいと言ったそうです。しかし、なかなか名字との画数がうまくいかず「ミウ」は諦めました。そして私たち夫婦が好きで子どもにつけたいと話していた漢字「結」をつけると「ミユウ」となることに気づきました。縁あって結びついてくれたこと、心をたくさん動かされたことと合わせて「心結」にしようと決まりました。	sound_row	https://baby-calendar.jp/knowledge/common/1547	bc
2021	F	ま行	美和	みわ	第1子は母方の祖母から1文字もらって名づけており、今回は父方の祖母から1文字｢美｣をもらうことに。画数で見て候補の名前を探すもなかなかピンとくるものがなく、悩んでいました。私はとにかく画数でいいものの候補から選ぶことしか発想がなかったものの、父親が「令和生まれだし」ということで「和」を使うことにしました。組み合わせがシンプルで読み間違えようがないいい名前で、かつ人に思いやりの持てる人になってほしいというイメージにも合う名前をつけることができよかったです。（みそみそさん）	sound_row	https://baby-calendar.jp/knowledge/common/1547	bc
2021	F	ま行	芽愛	めい	私は高校生のときバスケ部だったのですが、「めい」はそのときのコードネームでした。響きも気に入っています。「愛」を使ったのは、1歳年上の妹の子どもの名前にも「愛」が使われており、女の子同士同じ漢字を使いたいと思いました。コロナ禍で大変な時代ですが、芽をはって、みんなに愛を届けられるといいなぁと思っています。	sound_row	https://baby-calendar.jp/knowledge/common/1547	bc
2021	F	ま行	芽生	めい	1人目になかなか恵まれず、やっと妊娠したときに女の子だったらついに芽が出た、生き長らえてほしいという気持ちで「芽生（めい）」と考えていました。しかし男の子だったので、しっかり生きる場所を切り拓いてほしいという願いを込めて「領（りょう）」にしました。今回久しぶりに思いがけぬ妊娠となり、上の子が作ってくれた領土に再び芽が出た気がしたので、8年前につけることのなかった名前を改めて使うことにしました。	sound_row	https://baby-calendar.jp/knowledge/common/1547	bc
2021	F	ま行	芽郁	めい	めい」は名字と合わせたときの響きがよく決めました。しかし、漢字がなかなか決まりませんでした。人気の名前だけど人と被りたくないという気持ちがあったので、「芽依」という字は候補から外して。名づけサイトでひたすら漢字と字画を検索する日々でしたがしっくりくる漢字に出合えませんでした。ある日、夫と2人でそれぞれ候補を出し合っていたところ、夫が見つけたのがこの「芽郁」でした。意味を調べてみると、「郁」の字に「賢」い、「香」りが高いという意味があり、夫婦2人の字が含まれていたのでこの字に決めました。字画もよくでこの字に決めてよかったです。	sound_row	https://baby-calendar.jp/knowledge/common/1547	bc
2021	F	ま行	明花	めいか	孫を見る少し前に亡くなってしまった私の父の名前から1文字いただきました。父はどんな困難も、大丈夫！と笑って乗り越えてしまうような人だったので、この子に困難なことがあっても、乗り越えられるようにと。そして、花のように周囲を明るくしてほしいという思いを込め「明花（めいか）」という名前をつけました。	sound_row	https://baby-calendar.jp/knowledge/common/1547	bc
2021	F	ま行	もなみ	もなみ	夫の父、夫、私とみんな「ま」で始まる名前で、夫の母は、「み」で始まる名前ということで、子どもたちも「ま行」と決めていました。「ま」「み」がおり、上の子が「む」で始まる名前なので次は「め」と「も」です。これで「まみむめも」が揃いました。	sound_row	https://baby-calendar.jp/knowledge/common/1547	bc
2021	F	ま行	芽莉	めいり	上の子に「未莉（みらい）」とつけたので、下の子に「莉」の字をどうしてもつけたく、4月生まれということと人生の始まりは芽が出るということから。そして予定日は5月だったので英語でMAYといろいろ考え「芽莉」とつけました。「莉」というに字は癒やしの意味もあるそうです。コロナ禍に生まれ、元気に育ってほしいと願ってつけました。	sound_row	https://baby-calendar.jp/knowledge/common/1547	bc
2021	F	ま行	芽	めぐむ	姉の名前が「陽（ひより）」という名前なので光を浴びてすくすく育ってほしいという思いでつけました。また生んだ日が真夏の日差しと緑がとてもきれいだったのが印象的でいつでも思い出せるようにつけました。（まああいさん）	sound_row	https://baby-calendar.jp/knowledge/common/1547	bc
2021	F	ま行	望愛	もな	4姉妹の四女として誕生したもなちゃん。全員名前に「愛」がつくので、女の子なら「愛」は絶対につけたいと思っていました。長女は「千愛（せな）」次女は「恵愛（えな）」三女は「來愛（らな）」という名前で、「千人の人に恵まれて愛が來ますように」という願いで3人の意味がつながっています。なので、四女も望まれて愛されるようにと4人合わせて「千人の人に恵まれ、望まれて愛がたくさん來ますように」と願いを込めて「望愛（もな）」と初めての子どもへのプレゼントを送りました。この4人の名前には本当に大満足している母でした。	sound_row	https://baby-calendar.jp/knowledge/common/1547	bc
2021	F	ま行	萌百花	ももか	上の子2人が問題なく元気に生まれてきてくれていた。3人目ができたと喜んだのも束の間、流産が3回も続き、心も身体もボロボロに。妊娠生活を楽しむ余裕はなく、毎日毎日とにかく元気に生まれてきてくれたらと願っていた。ただ、せっかくなら幸せに成長してもらいたいとも思い、字画を見てすべてがよい名前を候補に絞りだした。女の子なので響きがかわいい名前で。生まれてきてくれたことに感謝し、家族みんなではじめましてのときに浮かんだ名前に決まった。 （みっちさん） 歴代の赤ちゃんの名づけエピソード大賞 2021年赤ちゃんの名づけエピソード大賞 ＞ 2020年赤ちゃんの名づけエピソード大賞 ＞ 2019年赤ちゃんの名づけエピソード大賞 ＞ 2018年赤ちゃんの名づけエピソード大賞 ＞ 2017年赤ちゃんの名づけエピソード大賞 ＞ 2016年赤ちゃんの名づけエピソード大賞 ＞ 2015年赤ちゃんの名づけエピソード大賞 ＞ 歴代の赤ちゃんの名前ランキング 2021年赤ちゃんの名前ランキング ＞ 2020年赤ちゃんの名前ランキング ＞ 2019年赤ちゃんの名前ランキング ＞ 2018年赤ちゃんの名前ランキング ＞ 2017年赤ちゃんの名前ランキング ＞ 2016年赤ちゃんの名前ランキング ＞ 2015年赤ちゃんの名前ランキング ＞ 2014年赤ちゃんの名前ランキング ＞ 2013年赤ちゃんの名前ランキング ＞ 2012年赤ちゃんの名前ランキング ＞ 2011年赤ちゃんの名前ランキング ＞ 2010年赤ちゃんの名前ランキング ＞ あなたの“今”の悩みを専門家に無料で相談できます 自分だけでは解決できない不安やお悩みは、助産師や管理栄養士などの専門家に個別相談してみませんか？ 専門家に相談する その他についての悩み もっと見る 専門家に相談する 妊娠・育児アプリ ベビーカレンダー記事制作の取り組み ＼ この記事にいいね！しよう ／ 0 クリップ 現在ログインしていません。 ログイン しますか？ シェアする 名前ランキング検索 ベビーカレンダーが独自で調査・集計した2017年以降に生まれた赤ちゃんの名前データの中から、知りたい名前の順位、よみの順位、漢字の順位を見ることができます。 【名前で検索】【よみ方で検索】が名前の一部で検索できるようになりました！ 名前で検索 男の子 女の子 と一致する で始ま	sound_row	https://baby-calendar.jp/knowledge/common/1547	bc
2021	M	ま行	昌輝	まさき	私は小学生のころから婦人科に通っており、小学生の時点で主治医から「将来、子どもができにくい」と言われていました。そのことを気にしてしまい、なかなか異性との交際までたどりつかなかったり、別れの原因となったりしたことも。しかし、現在の夫とお付き合いしているときに子どもができにくいことを伝えると「じゃぁ、ずっと2人きりで過ごせるね！！」と笑顔で言われ、「この人とずっと一緒にいたいな」と思い同棲を始めました。ただ、自分のなかで「子どもができにくい」ということを気にしてしまい、なかなか入籍には踏み切れずにいました。選択肢として夫婦別姓もありなのではないかと思い、夫婦別姓で自宅を購入したり、両親に紹介したりと周囲と少し変わった夫婦生活がスタート。そんななか、新型コロナウイルスが流行してしまいました。私はアメリカの企業の日本支社で働いていましたが、2021年6月に会社が日本から撤退し失業しました。2年前に注文住宅を契約し、1年以上かけて打ち合わせなどをおこない、5月にやっと引渡しがあり「よし！ 夫婦共働きで頑張ろう！！」と意気込んでいたなかでの出来事だったので精神的にとてもきつかったです。その後、必死で転職活動をし、8月には再就職をすることができました。失業してから不妊治療をおこなっており、子どもができにくいと言われていた私が妊娠！ 新しい職場に入って1カ月で妊娠したこともあり、上司に伝えるのはとても気まずかったですが、上司に恵まれていたのと、つわりが一切なかったこともあり、出産予定日の1週間前まで無理なく働くことができました。夫が育休を取得してくれたので出産後は6週間で職場復帰。子どもの名前は名前辞典などを熟読し、漢字の意味や字画などをこだわりました。「何ごとにも意欲的に取り組み、魅力あふれる未来を歩めるように」という願いをこめて「昌輝」という名前に決めました。新型コロナウイルスなどで暗いニュースが多いですが、昌輝くんにとって明るく輝かしい人生となってほしいです。	sound_row	https://baby-calendar.jp/knowledge/common/1537	bc
2021	M	ま行	真暉	まさき	私たち夫婦の名前にたまたま「真」という字が入っており、妊娠がわかったときから男の子でも女の子でも名前に必ず「真」の字を入れようと決めていました。不妊治療をしてやっと授かったわが子ですがコロナ禍での妊娠となったこと、また私自身正社員で働いており、会社的にもテレワークがなかなか進まない状況だったので妊娠しながらの電車通勤、都会での勤務に不安をかかえながらの日々でした。そんな私の心配を消してくれるかのようにおなかのなかではすくすくと成長してくれ、ようやくあと1週間で産休に入るという週末の夕方、近所を散歩していると今まで見たことのないきれいな日暈（ひがさ）に遭遇。この光景を見た瞬間、コロナ禍で立ち会いができず1人の出産になる心細さなど、出産への不安な気持ちがスーッと晴れていき温かい気持ちに包まれました。私たちが見たこの日暈のように周りを明るく照らすまっすぐな人に育ってほしいという思いで、名前のもうひとつの字を「暉」に決め「まさき」と名づけました。最初の陣痛開始から6時間半、病院に到着してから3時間半ほどで生まれててきてくれ、超安産&スピード出産となりました。義両親もとても喜んでくれ、名前の通り周囲の人たちを明るく照らし、笑顔にしてくれています。まさき自身もとてもよく笑う子です。私たちのもとに生まれてきてくれてありがとうと心から思います。	sound_row	https://baby-calendar.jp/knowledge/common/1537	bc
2021	M	ま行	昌輝	まさき	コロナ禍でいろいろと制限される日々ですが、明るく輝いた人生を歩めますようにという願いをこめてつけました。	sound_row	https://baby-calendar.jp/knowledge/common/1537	bc
2021	M	ま行	正豊	まさとよ	父親の名前から1文字とって「正」をつけることは妊娠中から決めていましたが、もう1文字を何にしようかと決めかねていました。出産時は、破水から始まり陣痛誘発剤を使うも進みがイマイチで、羊水混濁が見られたので緊急帝王切開となりました。今まで病気などをしたことなく、入院経験もなかった私が1日にして病院フルコースの体験をして会えた赤ちゃん。とても愛おしく感じました。そして振り返ると約1年の不妊治療から始まり、妊娠発覚後に自分の職場で新型コロナウイルスのクラスターが発生したことで濃厚接触者になってしまい（陰性でした）不安な日々を過ごしたこと、里帰り出産ができず不安ながらも乗り越えたこと、エコーで赤ちゃんに心臓疾患があるかもしれないと告知されたこと、羊水が過多気味で張り止めの薬を服用していたことなど、妊娠出産をきっかけにたくさんの経験をしました。この経験を経て、この子に会えました。コロナ禍で生まれてきて、これからもたくさんの経験があると思うけど、そのたくさんの経験のなかで豊かな人生を送ってほしいと思って名づけました。	sound_row	https://baby-calendar.jp/knowledge/common/1537	bc
2021	M	ま行	正義	まさよし	夫の家系は代々長男に「正」という字がつくことから、息子にも「正」のついた名前にしたいと夫から提案をされました。それを聞き、私の頭のなかにふと浮かんだのは「正義」という名前。夫も一番に挙げたのが「正義」でした。その後もいろいろと名前を考えましたが、生まれた顔を見て2人でこの子は「正義」だと確信し、名づけました。	sound_row	https://baby-calendar.jp/knowledge/common/1537	bc
2021	M	ま行	真徳	まなる	3人目の初めての男の子です。私たち夫婦が共に「る」がつく名前なので、子も「る」がつくようにこだわっています。長女が「留花（るか）」、次女が「華緋（はるひ）」に続き、長男は「真徳（まなる）」です。「る」の漢字が少ないので決めるのに苦労しましたが、天皇陛下が「徳仁様」なので「徳」で「なる」としました。（はるるんさん）	sound_row	https://baby-calendar.jp/knowledge/common/1537	bc
2021	M	ま行	充豊	みつと	赤ちゃんの性別がエコーでわかる前から、4歳のお姉ちゃんは「おなかの子は男の子だよ」と言って男の子の絵を描いてくれたり、名前を考えてくれたりしていました。男の子だとわかってからパパもママも名前をいろいろ考えていたのですが、最終的にお姉ちゃんが決めた名前を採用し、パパとママで漢字をあてました。「パパもママもお姉ちゃんも、名前に「み」がつくから、赤ちゃんにも絶対「み」を入れてあげるんだ！」と、名づけ親のお姉ちゃんは赤ちゃんを「みつと」と名づけました。おなかにいるころからお医者さんに「大きな子だ！」と言われていたため、ぴったりだと漢字は「充」。パパの家系が代々「豊」の字を受け継いでいるので、その2つの漢字を使いました。大切な大切なわが息子、どうか充実した豊かな人生を送れますように。	sound_row	https://baby-calendar.jp/knowledge/common/1537	bc
2021	M	ま行	珠鶴	みつる	上の子の名前が「弓鶴」のため、同じ「鶴」の字を使いたくて考えました。最初の子を妊娠約8週で流産してしまい、その子がいたらこの子は3番目。「3」の意味で「み」の読みで「珠鶴」としました。生まれてきてくれてありがとう。	sound_row	https://baby-calendar.jp/knowledge/common/1537	bc
2021	M	ま行	湊士	みなと	男の子らしく誰からも好かれる子に育てたく、それにあやかる名前を家族全員で名づけ本を参考に悩みに悩んだのですが全然決まらず毎日悩んでいました。でもふと2番目の子が「みなと」と口にし、「皆（みんな）と」という言葉が頭に浮かびました。「みんなと」＋「人が集まる港＝湊」「男＝士」というまさに理想の意味が詰まった字を選び「湊士」に決まりました。	sound_row	https://baby-calendar.jp/knowledge/common/1537	bc
2021	M	ま行	海嵐	みらん	ちょうど2年前に第2児を臨月で死産し、私自身もその後、妊娠後期の状態が悪くそのまま重症急性膵炎になり生死をさまよいながらも無事に生還しました。その後、2021年9月21日に無事に元気な男の子を出産！！！ 家族みんなで名前を決めようと思い、全員がつながるようにと願いを込めて長男が決めました！ 父「きよたか」、母「つぐみ」、長男「たかつぐ」。そして次男「みらん」。つなげると、「きよたかつぐみらん」となりました（笑）。（つぐみさん） 歴代の赤ちゃんの名づけエピソード大賞 2021年赤ちゃんの名づけエピソード大賞 ＞ 2020年赤ちゃんの名づけエピソード大賞 ＞ 2019年赤ちゃんの名づけエピソード大賞 ＞ 2018年赤ちゃんの名づけエピソード大賞 ＞ 2017年赤ちゃんの名づけエピソード大賞 ＞ 2016年赤ちゃんの名づけエピソード大賞 ＞ 2015年赤ちゃんの名づけエピソード大賞 ＞ 歴代の赤ちゃんの名前ランキング 2021年赤ちゃんの名前ランキング ＞ 2020年赤ちゃんの名前ランキング ＞ 2019年赤ちゃんの名前ランキング ＞ 2018年赤ちゃんの名前ランキング ＞ 2017年赤ちゃんの名前ランキング ＞ 2016年赤ちゃんの名前ランキング ＞ 2015年赤ちゃんの名前ランキング ＞ 2014年赤ちゃんの名前ランキング ＞ 2013年赤ちゃんの名前ランキング ＞ 2012年赤ちゃんの名前ランキング ＞ 2011年赤ちゃんの名前ランキング ＞ 2010年赤ちゃんの名前ランキング ＞ あなたの“今”の悩みを専門家に無料で相談できます 自分だけでは解決できない不安やお悩みは、助産師や管理栄養士などの専門家に個別相談してみませんか？ 専門家に相談する その他についての悩み もっと見る 専門家に相談する 妊娠・育児アプリ ベビーカレンダー記事制作の取り組み ＼ この記事にいいね！しよう ／ 0 クリップ 現在ログインしていません。 ログイン しますか？ シェアする 名前ランキング検索 ベビーカレンダーが独自で調査・集計した2017年以降に生まれた赤ちゃんの名前データの中から、知りたい名前の順位、よみの順位、漢字の順位を見ることができます。 【名前で検索】【よみ方で検索】が名前の一部で検索できるようになりました！ 名前で検索 男の子 女の子 と一致する で始まる で終わる	sound_row	https://baby-calendar.jp/knowledge/common/1537	bc
2021	F	や行	優杏	ゆあ	妊娠生活中、夫とそれぞれつけたい名前を考え、名前総選挙をおこないました。総選挙方式でそれぞれ考えていた名前をひとつずつ発表していたところ、ひとつだけ、理由も漢字も読みがなも一致した名前が！ それが「優杏」でした。やさしく実りある人生を歩んでほしいという願いを込めて。それは母である私「沙歩」の名づけ理由と同じです。夫婦揃って同じ名前を考えていた奇跡と共に、一緒に幸せな人生を歩んでいけるよう、大事なわが子にその名をつけました。	sound_row	https://baby-calendar.jp/knowledge/common/1548	bc
2021	F	や行	結衣	ゆい	結婚してから妊活をしていましたがなかなか子宝に恵まれず、もともと高齢だったため、2年過ぎたころから不妊治療をしていました。体外受精に移行し最初の子は流産。二度目を考えたときは1回目の緊急事態宣言中でした。しかし年齢的にあまり猶予がないのと、いつ新型コロナウイルスが収束するかわからないのもあり2回目の体外受精を受けることにしました。結果、生まれてきてくれたのが娘です。最初の子のときもつわりが早くからあったのですが、今の子のときも生まれるまでずっとありつらい時間が長かったです。しかし一度流産を経験していたため、この子は無事に生まれてほしいと耐えてきました。コロナ禍での出産のため、私ひとりで里帰りし、夫とはなかなか会えませんでした。産後退院してしばらくは実家に泊まってくれましたが寂しい思いをさせてしまいました。お互いに名前の候補を考えていてそのときに見せ合いました。私は穏やかでやさしい響きの名前を考えていて、そのなかから夫が「ゆい」がいいと決めました。漢字はコロナ禍でなかなか会えない人と人とを結ぶ「結」に、名字とのバランスを考え、着るものに困らないことから将来が安定する意味合いもある「衣」という字を足しました。夫の実家は飛行機でないと行けない場所なので未だに里帰りできていません。夫の両親は高齢でスマホを持っていないので、夫のお姉さんを介して写真を見せています。早く夫の両親にも直接会える世の中になるよう今は祈りながら毎日写真を撮る日々です。	sound_row	https://baby-calendar.jp/knowledge/common/1548	bc
2021	F	や行	結衣	ゆい	人と人とのつながりを大切にしてほしいと思ってつけました。夫も、周りの人と付き合いがよくいつもニコニコしています。そんなふうに笑顔があふれる人生になってほしいです。	sound_row	https://baby-calendar.jp/knowledge/common/1548	bc
2021	F	や行	結愛	ゆいな	7年前に、第1子を死産。そのときは男の子で決めていた名前は「結心（ゆうしん）」でした。そのころから、もし妹ができれば「結愛（ゆあ）」にしようと決めていました。しかし周りにも子持ちが増え、知り合いの子どもが同じ「ゆあ」だったこともあり、漢字は変えず読み方だけ変えました。	sound_row	https://baby-calendar.jp/knowledge/common/1548	bc
2021	F	や行	ゆう	ゆう	私たち夫婦のもとに3人目の赤ちゃんがやってきた。やってきたと思ったのにお空に還ってしまって2年ぐらいはとても悲しくつらかった。精神的にも安定してきてやはり3人目がほしいと心から思った矢先に舞い降りてきてくれた赤ちゃん。本当は産むのがすごく怖かった。また同じようにお空に還ってしまうんじゃないかって。でも産む覚悟も育てる覚悟も持った私たちの子どもだから絶対に大丈夫だと祈り続け、順調におなかのなかで育ってくれた。生まれた瞬間、愛しの赤ちゃんには「ゆう」という名前を送ろうと思った。それは……オリンピック→目指せ「優」勝。コロナ禍→戦う「勇」気。27日大安（誕生日）→縁「結」び。ひかり（星になった次男）	sound_row	https://baby-calendar.jp/knowledge/common/1548	bc
2021	F	や行	優朝	ゆうあ	1日の始まりを希望に感じられ、何事のスタートも楽しめる子になってほしい。やさしい人に恵まれて幸せな生涯を送れますようにと名づけました。	sound_row	https://baby-calendar.jp/knowledge/common/1548	bc
2021	F	や行	結葵	ゆうき	わが家は2014年生まれの息子がいます。今年の夏に生まれた第2子の女の子とは7歳差です。まだ性別がわからないとき、ある夜私の夢のなかで、息子に「俺が女の子にしてやったよ～」と言われる夢を見ました！ それから健診に行くたび、「女の子っぽいねぇ」と言われ続け、女の子だと判明！ 名前を決めるとき、はじめはペットにつけるような名前しか言わなかった息子がある日「ゆうちゃんがいい！」と言い出して家族で画数や漢字を相談し、「結葵（ゆうき）」ちゃんに。性別から名前から息子のおかげで最高の思い出になりました！	sound_row	https://baby-calendar.jp/knowledge/common/1548	bc
2021	F	や行	優凪	ゆうな	9番目の子です。上の子たちとの読み数が、1、２番目の女の子が２文字、3～5、8番目の男の子は4文字、6、7番目女の子は3文字なのでまずは女の子つながりで 2文字か3文字の読みで悩みました。画数を調べ、上の4人の名で使った字「帆（風）」「裕（心の広さ）」「柚（果実）」「虹（空）」以外で探した結果、７月の夏生まれもあり（海の）穏やかで（心の）やさしさという上の子で使ってない「海」のイメージで決めました。	sound_row	https://baby-calendar.jp/knowledge/common/1548	bc
2021	F	や行	ゆうひ	ゆうひ	思いやりのあるやさしい子に、そして自分をしっかり持ち、周りの人たちを明るく照らす太陽のような子になってほしいという思いから、「優陽」と名前を決めました。名字も画数が多いため、柔らかい印象のあるひらがなに決めました。私と夫で名前を出し合うもなかなか決まらなかったのですが、どんな子になってほしいかを話し合ったら、すんなりこの名前に決まりました。	sound_row	https://baby-calendar.jp/knowledge/common/1548	bc
2021	F	や行	汐莉	ゆうり	繊細で落ち着きのあるやさしい人になってほしいという願いを込め、夕暮れどきの波風が立たない穏やかな海を想像させる漢字「汐」と、花の名前を入れたかったので、生まれた季節に花咲くジャスミンの「莉」をつけました。「ゆうり」の発音もかわいらしくて決めました。	sound_row	https://baby-calendar.jp/knowledge/common/1548	bc
2021	F	や行	結香乃	ゆかの	これからの人生で素敵な人たちとの出会い、ご縁に結ばれて助けてもらえるように。上品な女性になってもらいたいという願いを込めて。最後の1文字は私の名前から取って「乃」を入れています。姓名判断の結果もよく、女性らしく柔らかい漢字でまとまっているところも気に入っています。	sound_row	https://baby-calendar.jp/knowledge/common/1548	bc
2021	F	や行	幸華	ゆきか	桜の花が咲いてるなか、雪がたくさん降っていた日に娘ちゃんがおなかのなかにきてくれたことがわかりました。夫に「雪」、「花」を使ったらどうかと相談し、夫からは「雪」を「幸」にしたいと、ママからは「花」は可憐な女性に育ってほしく「華」とし「幸華」と名づけました。	sound_row	https://baby-calendar.jp/knowledge/common/1548	bc
2021	F	や行	柚咲	ゆずき	娘の名前は夫婦が1文字ずつ考えました。夫が考えた文字が「柚」。母である私の誕生花です。母親から誕生するという神秘的な奇跡を噛み締めて、また「柚」には健康美という意味もあり、健やかに心の美しい女性に成長しますようにという願いを込めて。私が考えた文字は「咲」。周りの人を笑顔にできる郎らかな女の子に、花のような魅力的な笑顔で幸せいっぱいの人生を歩んでほしいという願いを込めて。「柚」が「咲」く、誕生と願いを込めた大切な名前になりました。大好きだった祖父が亡くなった次の日にわかった妊娠。そして祖父の月命日に生まれてきた娘。そんな祖父の思いも入っている名前を呼ぶたびほっこりしています。	sound_row	https://baby-calendar.jp/knowledge/common/1548	bc
2021	F	や行	柚羽	ゆずは	家族代々15画の画数で植物系の名前だったので、5月に花が咲く「柚子」から名前をつけました！（柚子は冬のイメージが強いですが、花が咲くのは5月ころらしいです！）柚子の花言葉の健康美から、健康で自由に羽ばたいてほしいという願いを込めて「柚羽」という名前をつけました。	sound_row	https://baby-calendar.jp/knowledge/common/1548	bc
2021	F	や行	結月	ゆづき	結月には兄と姉がいます。兄は障害を持って生まれてきました。身体が弱く入院ばかりでなかなか次の子をとは考えられずにいましたが、成長するにつれて身体も強くなり兄弟がいたほうがと思い第2子を出産。その子は兄のことで悩むこともあるかと思い、何でも話せる友だちや悩んだときなどに頼れる人に出会えるよう「結」という字を使いました。そして、兄のことで悩んだときに助け合えるきょうだいがいればと思っていました。妊娠がわかったときから、性別関係なく「結」という字をおなかの子にもと思っていました。女の子として誕生してきた第3子はおなかにいるときから家族全員を笑顔にしてくれる存在だったので、これからも家のなかを賑やかに明るくしてくれる存在でいてくれるよう「結月」と名づけました。	sound_row	https://baby-calendar.jp/knowledge/common/1548	bc
2021	F	や行	汐那	ゆな	親が2人とも海育ちなので、海のイメージがある漢字を使いたいと思っていました。「汐」は夕陽を映し出す水面のイメージ、「那」は美しいという意味です。夕陽を映し出す水面のように人のいいところを映し出す美しい人になってほしいという願いを込めてつけました。	sound_row	https://baby-calendar.jp/knowledge/common/1548	bc
2021	F	や行	結芽	ゆめ	人の可能性の「芽」を未来へと「結」び、素敵な「ゆめ」を実現できるように、と名づけました。本人だけでなく、周りの人たちの夢も叶えられるような人になってほしいと思っています。また、妻の名前が、花が咲くで「咲」なので、植物に関する漢字を入れたい、という思いもあり「結芽」という名前にしました。 コロナ禍で結婚したこともあり、式を挙げられず、新婚旅行もリスケリスケでお預け状態。本来は挙式に新婚旅行も兼ねて海外へ行く予定でした。「海外で式を挙げるのが夢だったのになあ……」そう言った妻の、寂しそうな表情は忘れることはできません。結婚の幸せを100%享受できていないような気がして、なんだかやりきれない毎日を過ごしていました。 そんななか、妊娠の可能性があったのは12月25日。急いで薬局へ妊娠検査薬を買い検査したところ、結果は陽性。まだ確実じゃないから、と自分を落ち着かせつつ、近くの病院へ連絡。予約が取れたのは年明けのことでした。 いざ病院へ行くも、コロナ対策により病院に入れるのは妻だけ。私は寒空のなか、ひたすら病院の前で待っていました。1時間ほどで病院から出てきた妻は、なぜか浮かない表情。「どうだった？」「うん、赤ちゃんはいたんだけど……切迫流産だって」。すぐには理解できず、流産という言葉が頭のなかを駆け巡りました。 それからは、妻は日課の早朝ランニングを辞め、職場に事情を説明し在宅勤務にしてもらい、分担していた家事もすべて私が担当し、家で絶対安静となりました。とにかく赤ちゃんが無事であってくれと願い続ける日々。1カ月後、病院で「もう大丈夫」と言われたときは、涙が出てきました。そして迎えた出産当日。昼過ぎから始まった陣痛は深夜まで続きました。例のごとく病院に入ることができない私は、ただただ家で待つのみ。そして早朝、緊張で眠れなかった私に、生まれたというメッセージと共に赤ちゃんの写真が届いたとき、涙が止まりませんでした。出血が多く、分娩も長時間に及びましたが母子とも無事で本当に安堵しました。切迫流産と言われた当初は、ランニング中に転んだせいだと自分を攻めていた妻でしたが、今となっては「ママ、無理しないでねと結芽ちゃんが止めてくれたんだね」と夫婦で笑って話せるようになりました。結芽に幸せになってほしいという私たちの「ゆめ」も、叶えてくれると信じています。	sound_row	https://baby-calendar.jp/knowledge/common/1548	bc
2021	F	や行	夢華	ゆめか	夢を持ち、その夢を叶えるために努力し、華やかな人生を送ってほしいという思いを込めて「夢華」にしました。	sound_row	https://baby-calendar.jp/knowledge/common/1548	bc
2021	F	や行	友梨佳	ゆりか	夫が考えてつけてくれました。「友」は友愛に満ち、「梨」は故郷山梨を大事に、「佳」は美しい人になってほしいと願いを込めてです。名づけは画数よくて「子」の字で終わらない名前を希望し、夫に任せることにしました。といっても、何冊もの名づけ本を読み、画数のいい名前100件ほどから絞って10件ほど提案したのですが、結局採用されませんでした。しかし、今はこの名前が気に入っています。両家両親家族、親戚、友人にも素敵な名前と言われてうれしいです。素敵な子に育ってほしいです。	sound_row	https://baby-calendar.jp/knowledge/common/1548	bc
2021	F	や行	佑羽	ゆわ	とにかく画数と音の響きにこだわりました。名字は結婚をしたら変わる可能性がありますが、名前は結婚しても変わらないので画数は最強な名前にしたいなと。また、生物学上の性別は女の子でも中身は違う可能性があるのでジェンダーレスな名前にしたいなと。音の響きは柔らかくてきついイメージのない名前にしました。（ゆわママさん）	sound_row	https://baby-calendar.jp/knowledge/common/1548	bc
2021	F	や行	葉	よう	太陽の光や雨の恵みを受けてたくましく育つ葉のように。夏の暑さを癒やす葉のように。大地を潤し守る葉のように。そんな子になってほしくて葉と名づけました。	sound_row	https://baby-calendar.jp/knowledge/common/1548	bc
2021	F	や行	瑶子	ようこ	今年で結婚11年目になります。不妊治療にて現在6歳になる長男を出産後も毎月治療を継続してきました。4年前、2年前にも妊娠しましたが2男児とも流産をしてしまいました。今回の妊娠がわかったとき、うれしさは当然あったものの、また流産してしまうのではないかのと不安が常に付きまといました。それでも無事に出産することができました。私たち家族のもとに宝物を授けてくれた、との思いから「宝石」の意味がある「瑶」という字を使い「瑶子」と名づけました。（さなさん） 歴代の赤ちゃんの名づけエピソード大賞 2021年赤ちゃんの名づけエピソード大賞 ＞ 2020年赤ちゃんの名づけエピソード大賞 ＞ 2019年赤ちゃんの名づけエピソード大賞 ＞ 2018年赤ちゃんの名づけエピソード大賞 ＞ 2017年赤ちゃんの名づけエピソード大賞 ＞ 2016年赤ちゃんの名づけエピソード大賞 ＞ 2015年赤ちゃんの名づけエピソード大賞 ＞ 歴代の赤ちゃんの名前ランキング 2021年赤ちゃんの名前ランキング ＞ 2020年赤ちゃんの名前ランキング ＞ 2019年赤ちゃんの名前ランキング ＞ 2018年赤ちゃんの名前ランキング ＞ 2017年赤ちゃんの名前ランキング ＞ 2016年赤ちゃんの名前ランキング ＞ 2015年赤ちゃんの名前ランキング ＞ 2014年赤ちゃんの名前ランキング ＞ 2013年赤ちゃんの名前ランキング ＞ 2012年赤ちゃんの名前ランキング ＞ 2011年赤ちゃんの名前ランキング ＞ 2010年赤ちゃんの名前ランキング ＞ あなたの“今”の悩みを専門家に無料で相談できます 自分だけでは解決できない不安やお悩みは、助産師や管理栄養士などの専門家に個別相談してみませんか？ 専門家に相談する その他についての悩み もっと見る 専門家に相談する 妊娠・育児アプリ ベビーカレンダー記事制作の取り組み ＼ この記事にいいね！しよう ／ 0 クリップ 現在ログインしていません。 ログイン しますか？ シェアする 名前ランキング検索 ベビーカレンダーが独自で調査・集計した2017年以降に生まれた赤ちゃんの名前データの中から、知りたい名前の順位、よみの順位、漢字の順位を見ることができます。 【名前で検索】【よみ方で検索】が名前の一部で検索できるようになりました！ 名前で検索 男の子 女の子 と一致する で始	sound_row	https://baby-calendar.jp/knowledge/common/1548	bc
2021	M	や行	大和	やまと	私の祖父は戦艦大和の乗組員で、奇跡的に助かった生存者です。息子は、予定日を越えそうですねと言われたのにもかかわらず、予定日より少し早い4月7日に陣痛がきて生まれました。この日は戦艦大和が沈み、そして祖父が助かった奇跡的な日にち。もともと夫婦で元号「令和」の漢字の入った名前がいいねと相談していたのですが、「こんな運命的な日に生まれてきてくれたので名前は大和しかないね！」と夫婦で、そして親族一同で大盛り上がり！ みんなが納得する最高の名前をつけることができました。（キナコさん）	sound_row	https://baby-calendar.jp/knowledge/common/1538	bc
2021	M	や行	唯翔	ゆいと	唯」一無二の存在に。そして「翔」は大きく羽ばたいてほしいという願いをこめて「唯翔（ゆいと）」と名づけました。私と夫は職場の野球部のキャプテンとマネージャーという関係で出会って結婚したこともあり、「翔」は大谷翔平さんからという意味もあります。今は外出もしにくく、なかなかいろいろなことにチャレンジしにくい世の中ですが、大きくなったとき、大谷翔平選手のように自分の好きなことを見つけて、思いきり楽しんでもらえたらうれしいです。	sound_row	https://baby-calendar.jp/knowledge/common/1538	bc
2021	M	や行	優樹	ゆうき	私には幼いころからの夢がありました。それは、男の子を授かったら、夫となる人の名前から1文字取った名前に。女の子ならば花の名前や花を連想させる名前をつけることでした。そして、授かったのは男の子。もともと、入籍時期や引っ越しなど、計画ごとはすべて私任せがちだった夫。名前の候補を挙げるのも私ばかりでした。しかし、妊娠悪阻と肝機能異常で数カ月ほど入院することになり、手続きを夫に頼むことが多くなりました。そんなとき、夫との通話中に｢お父さんの漢字を入れて名前を考えてるよ～｣と話題にしたところ、｢俺の字は使うのやめない？｣と、初めてに近い反対意見が出てきました。理由を聞くと｢何気なく子どもの候補の名前と俺の名前を姓名判断で調べてみたんだけど、俺の名前のほうは、幼いころからのことが全部当たっててさ。名前だけでもこの子に苦労をかけないようなものにしたい｣とのことでした。さらに、｢俺のじゃなくて、候補の名前に君の1文字を加えたらすごく字画がいいんだよ！ どうかな？｣という返事が。こんなにも主体性を持って考えてくれたことがない人だったのと、本当に幸せを考えてお父さんになってくれていると感じ、うれしくて即決しました。名前の通り、やさしく大樹のようにたくましい子に育ってくれればなと、毎日愛しさをのせて呼んでいます。	sound_row	https://baby-calendar.jp/knowledge/common/1538	bc
2021	M	や行	優希	ゆうき	妊娠がわかってから、夫が悩んで悩んで悩み続けて決めました。新型コロナウイルスの影響もあり、これからはますます大変な時代になるだろうけれど、やさしさ、希望、勇気を持ってほしいという気持ちを込めました。	sound_row	https://baby-calendar.jp/knowledge/common/1538	bc
2021	M	や行	悠悟	ゆうご	世界中にお友だちを作って、名前を呼んでもらいたい」という思いから、フランスの男性の名前「Hugo（ユーゴー）」とかけて名づけました。	sound_row	https://baby-calendar.jp/knowledge/common/1538	bc
2021	M	や行	優心	ゆうしん	つわりがひどく、妊娠中からピリピリしていた私は、上の子にもやさしくできなくて「もうすぐお兄ちゃんになるんだから！」と叱ってばかりの毎日。保育士をしているのに、寛容になれず広い心で子どもを見ることができませんでした。そんな私を、パパは責めることもなく、ただただ、私にも息子にもやさしい目で、やさしい言葉で接してくれました。そのころの私にとってはそれがすごく救いでした。パパのように穏やかな気持ちを持とうと目標にすることができた経験でした。名づけは、パパのようにやさしい心の持ち主になってくれたら、と願いを込めて「優心」と名づけました。	sound_row	https://baby-calendar.jp/knowledge/common/1538	bc
2021	M	や行	佑輔	ゆうすけ	名前に五音が入ると運が良くなると聞き、五音が入るような名前を考えました。夫婦でいいなという名前はいくつかありましたが、制限があったためなかなか当てはまらず……。そんなとき、夫が制限があることで自分たちの思いが込められないのは違うと、自分たちがつけたい名前を考えることに。良運命名を探し運勢が大吉となる名前にしようと考えました。そこで出会った名前が「佑輔」です。やさしい子になってほしいという気持ちから選んだのですが、「佑」も「輔」も「助ける」という意味があり、相手を助け、相手に助けられるということでやさしい子になってくれるだろうと選びました。	sound_row	https://baby-calendar.jp/knowledge/common/1538	bc
2021	M	や行	悠聖	ゆうせい	おじいちゃんに付けてもらいました！	sound_row	https://baby-calendar.jp/knowledge/common/1538	bc
2021	M	や行	結斗	ゆうと	息子の名前候補をいくつか出したのは母である私でした。私と夫の名前の1文字は必ず入れたいという考えがあり、なかでもこの名前が一番気に入っていました。しかし、他の名前も捨てがたい……そう思って悩んでいた私はおなかに向かって、候補の名前を呼びかけました。全部に反応した日もあれば、全部に反応しない日もあり、そんなうまく行かないよねと夫と笑っていました。そんなある日、「結斗」にだけ、おなかが反応。偶然だったかもしれませんが、それも決定する理由のひとつになったと思います。最終判断は夫に任せ「結斗だ！」と名づけたのは息子が生まれる2週間前とぎりぎり。それからは毎日、おなかに向かって名前を呼びました。「結斗」にはさまざまな願いを込めました。一番に、人に愛される人になってほしいということ。私は恵まれた家庭環境になく、それが原因でいじめられたこともありました。そんなとき、助けてくれるのもまた人でした。たくさんの人や大切な人たちと出会い、助け合い、思いやりをもらえて、私は今の生活があります。息子にもそんな出会いがあってほしい。そのためにも思いやりのある、愛される子になってほしいと人と結ばれるように「結」を選びました。そして、いろいろな思い出を作っていくなかで、その時々が「晴れ」であってほしい。星が出ている日は晴れているので、北斗七星から「斗」を使いました。星が嫌いな子はいないと思います。そこにも愛されてほしい気持ちをのせました。「無限の可能性を秘めた人間になる」という意味合いもあるらしく、人生におけるさまざまなことを楽しんでほしいです。明るく、人に愛される、冷静沈着で責任感が強く、人一倍努力をする。ただ少し理屈っぽい。総画数を見るとそういう意味もあるらしく、まさにぴったりだと思いました。	sound_row	https://baby-calendar.jp/knowledge/common/1538	bc
2021	M	や行	佑真	ゆうま	妊娠検査薬で妊娠がわかった瞬間から男の子な気がしていた私。夫に妊娠を伝えたとき、「男の子な気がする」と言っていないのに夫がおなかの子を「ゆうぼー」と呼び始めてびっくり。（夫は「優（ゆう）」という名前です）私は「実は男の子な気がしていて……」と夫に伝え、それから10カ月の間、ずっと「ゆうぼー」、「ゆうぼーちゃん」と話しかけていました。そして安定期のころに本当に男の子だと判明！ つわりが落ち着いてから名前はどうしようかなと考えていましたが、なかなかピンとくるものはなく……。ひとつだけ候補はありましたが、カッコいい系の名前で、やさしさを感じる名前にしたかった私は「ちょっと違うかな」と思っていました。そして名前の候補がひとつのまま私は息子を出産！ 生まれたわが子の顔を見たら、やっぱり候補の名前は違う！となり、同時にそのときひとつの名前が降りてきました。ただ、おなかのなかで「ゆうぼーちゃん」と呼んでいたこともずっと気になっていて、でも夫の名前と似ているしと迷っていました。生まれてからも「ゆうぼーちゃん」と呼んでいたので、赤ちゃんにも聞こえているだろうし！と思い、呼び名は変えないまま、「ゆう」がつく名前にしようと考えました。そして、やさしくて思いやりのある、まっすぐな気持ちを持った子になってほしいという思いを込めて「佑真」と名づけました。画数診断も、初めてとてもいい結果が出た名前でした。生まれてから誕生日診断をしてみたら、誕生日の言葉が「思いやり、誠実」となっていて、この日を選んで、この名前を選んで生まれてきてくれたんだなぁと思い、とても良い名前をつけられたなと満足しています。	sound_row	https://baby-calendar.jp/knowledge/common/1538	bc
2021	M	や行	悠真	ゆうま	私の尊敬する人は、とても強くてやさしく、母のように叱ってくれて、姉のように話を聞いてくれる女性です。その人の名前が「真琴」さんだったので、生まれてくる子どもも、真琴さんのようにやさしくて強く、すべてを包み込めるような懐の広さを持ってほしいと、漢字1文字をもらい「 悠真」と名づけました。ちょうど夫の名前の読みが「ゆうき」なので、「ゆうま」と「ゆうき」で響きも近くなりました。	sound_row	https://baby-calendar.jp/knowledge/common/1538	bc
2021	M	や行	勇凛	ゆうり	夫の名前が「悠弥」、私の名前が「理沙」なので、授かったときには「悠理」とかいいねと話していました。しかし名字を含めた画数を見るとあまりよくなく、臨月を迎えるころ、夫と話し合いました。響きは「ゆうり」のままで漢字をあれこれ考えたのですが、夫は妊娠中期あたりから「勇凛」とつけたいと決めていたようでした。とても勇ましい子に育ちそうです。おなかにいるときは別名で呼んでいて、産後の初の抱っこを父親にしてもらい、そのときに初めて子どもに名前を呼びました。生まれて30分で彼は「勇凛」になりました。	sound_row	https://baby-calendar.jp/knowledge/common/1538	bc
2021	M	や行	悠利	ゆうり	夫と2人で候補を出し合って決めました。夫は、賢い子に育ってほしい。私は、夫の名前の一部の｢悠｣をつけ、やさしい子に育ってほしいという2人の願いを組み合わせた名前です。私の名前に「利」が入っており、「利」には夫と私の願いである「利発的な子に育ちますように」「やさしい子に育ちますように」という2つの意味がありました。そこから両親それぞれから1文字ずつ取るかたちで｢悠利｣と名づけました。	sound_row	https://baby-calendar.jp/knowledge/common/1538	bc
2021	M	や行	優月	ゆづき	夫は昔から自分の子には、やさしい子に育ってほしいという理由から「優」を名前に入れたいと思っていたそうです。その意見をもとに夫婦で話し合っていましたが、結局出産ギリギリまで名前は決まらず……。生まれてきた子の顔を見て、やさしいだけでなく、温和な性格で周囲の人々を見守り幸せにするような子になってほしいと思いました。そこでやさしい光で街を照らす「月」を思いつき、やさしく周囲の人々を見守り幸せに導く子という意味で「優月」と名づけました。	sound_row	https://baby-calendar.jp/knowledge/common/1538	bc
2021	M	や行	結月	ゆづき	夫とは、交際期間と結婚期間含めて4年になります。子どもの名前は交際しているときから決まっていました。というのも、まだ結婚の話も挙がっていないある日、突然夫から「子どもが生まれたらこの名前をつけたい」と言い出されたのです。夫の名前は「太陽」を意味する名前ということもあり、男の子が生まれたら「月」の漢字を入れたかったようで、私たち家族を結ぶ存在という意味を込めて「結月」にしたいとのことでした。私はもちろん大賛成！ それから妊娠して、性別がわかったときから「結月〜！」と呼びかけていました！ ちなみに女の子の場合も決まっており、第2子が男の子だった場合も決まっています。これも交際期間に決まっていました（笑）。夫から名前を聞いてから、3年越しにつけられた名前。これからも家族を結ぶ存在としてスクスク育ってほしいです。	sound_row	https://baby-calendar.jp/knowledge/common/1538	bc
2021	M	や行	結弦	ゆづる	結弦（ゆづる）」という名前は、パパがつけました。この名前には、「これからの時代を生きていくなかで、自分の意志を貫いて日々を過ごしてほしい」という願いが込められています。名前の候補はほかにもありましたが、実際に生まれてきた子の顔を見て、「この名前がいい！」とこの名前しか考えられなかったそうです。コロナ禍での出産だったので、面会は入院期間中一度だけ。さらに防護服を着てガラス越しのみOKだったのですが、パパはどうしても顔を見てから決めたいと言っていたので、ガラス越しでも顔を見せてあげることができてよかったです。名前は親からの最初の贈りものだと、一生懸命名前を考えてくれていたパパを見て、これからの家族で過ごす日々がいっそう楽しみになったことを覚えています。（ゆづママさん）	sound_row	https://baby-calendar.jp/knowledge/common/1538	bc
2021	M	や行	陽一	よういち	目の前の人を大切に。太陽のように世界を、周りの人々を照らしゆく心の広い子に！ という私たち夫婦の心からの願いをこめ名づけました。	sound_row	https://baby-calendar.jp/knowledge/common/1538	bc
2021	M	や行	慶駿	よしと	名づけの本を購入し、名づけのサイトも見ながら妊娠中も考えていました。しかし、なかなか決まらず……決まったのは退院の前日。パパはひとりっ子。私たち夫婦第2子にして待望の男の子。「喜ぶ」という漢字よりも強く祝う気持ちを表す「慶ぶ」と言う漢字を使いたく思っていました。「慶（けい）」と1文字だけでもよかったのですが、名前は一生モノ。そして、自分を支えると言う意味があると聞き、1文字以上にしようと思いました。何にしようか、パパと考えてた末にパパの名前の漢字から1文字をとることに。「将来、どんなことでもいいから俺を超えてほしい」というパパの願いを込めて「慶駿」と名づけました。	sound_row	https://baby-calendar.jp/knowledge/common/1538	bc
2021	M	や行	誉	よん	私の子どもたちには全員最後に「ん」が付きます！ 1人目、2人目は双子で、「りん」「れん」です。3人目は双子の兄たちと響きを合わせたくて「ゆん」にしました。そして、2021年8月に生まれた4人目は「よん」！ もちろん、3人の兄たちと響きを合わせたくて「よん」にしました。「4人目だから？」と周囲に聞かれますが、ほめられていること、評判のよいことなどよい意味を持つ「誉」が素敵だなと漢字を見て響きがよく選びました！ これから4兄弟、名前も揃って仲良く過ごしてほしいなと思いました。（ゆきだるまさん） 歴代の赤ちゃんの名づけエピソード大賞 2021年赤ちゃんの名づけエピソード大賞 ＞ 2020年赤ちゃんの名づけエピソード大賞 ＞ 2019年赤ちゃんの名づけエピソード大賞 ＞ 2018年赤ちゃんの名づけエピソード大賞 ＞ 2017年赤ちゃんの名づけエピソード大賞 ＞ 2016年赤ちゃんの名づけエピソード大賞 ＞ 2015年赤ちゃんの名づけエピソード大賞 ＞ 歴代の赤ちゃんの名前ランキング 2021年赤ちゃんの名前ランキング ＞ 2020年赤ちゃんの名前ランキング ＞ 2019年赤ちゃんの名前ランキング ＞ 2018年赤ちゃんの名前ランキング ＞ 2017年赤ちゃんの名前ランキング ＞ 2016年赤ちゃんの名前ランキング ＞ 2015年赤ちゃんの名前ランキング ＞ 2014年赤ちゃんの名前ランキング ＞ 2013年赤ちゃんの名前ランキング ＞ 2012年赤ちゃんの名前ランキング ＞ 2011年赤ちゃんの名前ランキング ＞ 2010年赤ちゃんの名前ランキング ＞ あなたの“今”の悩みを専門家に無料で相談できます 自分だけでは解決できない不安やお悩みは、助産師や管理栄養士などの専門家に個別相談してみませんか？ 専門家に相談する その他についての悩み もっと見る 専門家に相談する 妊娠・育児アプリ ベビーカレンダー記事制作の取り組み ＼ この記事にいいね！しよう ／ 0 クリップ 現在ログインしていません。 ログイン しますか？ シェアする 名前ランキング検索 ベビーカレンダーが独自で調査・集計した2017年以降に生まれた赤ちゃんの名前データの中から、知りたい名前の順位、よみの順位、漢字の順位を見ることができます。 【名前で検索】【よみ方で検索】が名前の一部で検索できるようになりました	sound_row	https://baby-calendar.jp/knowledge/common/1538	bc
2021	F	ら行	蘭	らん	蘭の花ように、周りの人に幸せを分けてあげられるような人になってほしくてつけました。出産時、里帰りをしていたのと新型コロナウイルスの影響でパパと全然会えず、なかなか名前が決まりませんでした。2つの候補で迷っていましたが、生まれてから赤ちゃんの顔を見て、最終的に決まりました。スーパー安産で2時間ほどで生まれてくれましたが、早く出てきてしまったため肺に小さな穴が……。保育器に入ることになり、なかなか赤ちゃんにも会えず寂しい思いもしましたが、今ではすごく元気です。頑張って生まれてきてくれたことに感謝しています。（大内家のママさん）	sound_row	https://baby-calendar.jp/knowledge/common/1549	bc
2021	F	ら行	莉愛華	りあん	フランス語で「リアン」は「絆」という意味です。コロナ禍のなかで妊娠がわかり、子どもたちも退屈な日々でしたがこの子がきてくれてみんな明るくなり、話が弾むようになりました。みんな率先してお手伝いもしてくれてすごく助かり、この子は家族の絆だ！と思いました。そして女の子とわかり名前を調べていくにつれて、たまたまフランス語で「リアン」を見つけそのまま名づけました。	sound_row	https://baby-calendar.jp/knowledge/common/1549	bc
2021	F	ら行	莉雨	りう	妊娠する前から夫は「雨」の漢字を入れたいと言ってましたが、なかなかいい名前が浮かばず、次の候補が「紡（つむぐ）」でした。男の子だったら「朔（さく）」と決めていました。ずっと男の子だと思っていたのですが、女の子だと判明して、つわりのなかたくさん調べまくりました！ 画数や名字との相性など「雨」の漢字で調べてもピンとくるものはなく、読み方を「う」にしてみて、すべてのひらがなを組み合わせてみたところ「莉雨」が一番しっくりきて「これだ！！」と思いました。夫も大賛成で、生まれてから顔を見てまた決めようと言っていましたが、夫は「莉雨」以外考えられないとすでに心に決めていました。「莉」はジャスミンの花に使われている漢字で、愛や癒やしなどの意味を持つと知り、みんなの癒やしてくれ、愛される子に育つように。「雨」はそのたくさんの癒やしや愛をみんなに降り注げるような人になるように。知人の外国の方にこの意味を話したら、「ジャスミンの花の雨って素敵すぎる名前だね」と言ってもらえました！ 私たちにとって本当に大切なわが子。無事に私たちのところに生まれてきてくれて幸せです！	sound_row	https://baby-calendar.jp/knowledge/common/1549	bc
2021	F	ら行	梨桜	りお	梨」の花言葉「愛情」が深く、「桜」の花のように周りの人を笑顔にする女の子になりますようにと願いを込めました。わが家では、常に「梨桜」の周りには笑顔の花が咲いています。	sound_row	https://baby-calendar.jp/knowledge/common/1549	bc
2021	F	ら行	律玖	りく	妊娠後期に入ってもなかなか性別がわからず男の子の名前も考えておこうとなり、夫が「律玖（りく）」という名前を考えていました。名づけをするときは「名前の持つ意味と響きを大切にしよう」と2人で決めていたので、いろいろと悩んだものの今の名前が一番しっくりくるなと感じました。1文字目にはまっすぐ力強く生きてほしいという願いを。2文字目には年月が経つほど自分が磨かれていき、内面が輝く素敵な大人になってほしいという願いを込めました。「りく」という名前は、外国人も呼びやすい名前だと思ったので気に入っています。直接的な結び付きはないですが、2人で赤ちゃんが生まれたら何をしたいか、どこに行きたいかをノートに書き出していたことがありました。書き出していくなかで、2人の価値観や希望を再発見できたのはいい思い出です。たしか今の名前にしようと決めたのもその時期だったと思います。幸せいっぱいのなかでつけた名前なので、この名前を将来大切にしてほしいと思っています。	sound_row	https://baby-calendar.jp/knowledge/common/1549	bc
2021	F	ら行	梨沙	りさ	妊娠5カ月を過ぎたあたりから、妊婦健診のたびに赤ちゃんの性別がどちらか先生に聞いていました。しかし、恥ずかしがり屋さんなのかベビーはいつもお股を隠してはっきりと見せてくれません。先生からは「多分女の子でしょう」と言われていましたが、実は私自身もなんだか女の子ベビーのような気がしていました。妊娠6カ月に入ったころ、早く名前を決めたくて、図書館で名前の本を借りました。夫も名前を決めるのが楽しみだったらしく、すぐに2人で本をパラパラ。まずはどんな呼び名がいいか考え、その後に総画数や使いたい漢字の意味など調べました。自分たちの身近な人で同じ名前、同じ呼び名の人がいないこと、もしベビーがいずれ結婚して名字が変わっても画数がいいこと……。生まれて初めてのプレゼントなので、決まるまで時間がかかるかと思いましたが、いくつか候補があったなかで、私と夫がイイ！と感じた名前がぴったり合ったので1日で決まりました。	sound_row	https://baby-calendar.jp/knowledge/common/1549	bc
2021	F	ら行	理沙	りさ	ことわり」を知り、物事を道理に沿ってよりわけることができる子になってくれますように。年の離れた三女として久しぶりに生まれた子なので、音がきれいなこと、パパの字に近いことも考えてました。家族4人でいろいろと案を出し考えましたが、命名はパパが譲らなかったので、パパ案が採用されました。	sound_row	https://baby-calendar.jp/knowledge/common/1549	bc
2021	F	ら行	莉世	りせ	茉莉花（ジャスミン）の花が香る季節に生まれた娘です。穏やかな香りを漂わせる茉莉花のように、周りにいる人々を温かい気持ちにさせてくれるような愛らしい女性になってほしいと思いこの名前をつけました。	sound_row	https://baby-calendar.jp/knowledge/common/1549	bc
2021	F	ら行	律	りつ	パパが音楽が好きで、音楽好きに育ってほしいと願いを込めて……。上の子も同じ理由で音楽にちなんだ名前です。家族全員とも漢字で書くと2文字。上の子は男の子でパパと上の子は名字を含めるとかなで5文字。ママは4文字。なので男組は5文字、女組は4文字と、ちょっとした遊び心も込めてます。	sound_row	https://baby-calendar.jp/knowledge/common/1549	bc
2021	F	ら行	律	りつ	思うがままの旋律を奏でられますように。自分らしいリズムで生きていいからね、ずっと応援するよ」という願いを込めました。なかなか子どもに恵まれず、不妊治療の末に授かった子です。しかし妊娠中に離婚。かなりのストレスを与えてしまったはずですが、問題なくすくすくと育ってくれました。新しい道を行く私はときどき沈んでしまいましたが、そのたび励ますように、ぽこん、ぽこん、とおなかを蹴ってくれて、何度もうれしい涙を流しました。「おなかの赤ちゃんはお母さんにしか守れない」とよく言いますが、むしろ私が守られてばかりでした。この先は私がこの子の人生を支えていく番です。誰よりもあなたの味方であることを伝えられる名前を贈れたと思っています。おなかに名前を呼びかけるのが夢だったのに、いざ決めるとなぜだか照れくさく、ずっと「律さん」とさんづけで呼んでいました。クセで今でも「さん」をつけてしまいます。きっとこの先も抜けないでしょう。性別は女の子だと聞いていましたが、万が一違っても違和感のない響きのものを候補に挙げていました。自分が初めて自分の名前を書けたときとてもうれしかったことを思い出し、書きやすい漢字の「律」を選びました。誇らしげに初めて名前を書いて見せてくれる日が、今からとても楽しみです。	sound_row	https://baby-calendar.jp/knowledge/common/1549	bc
2021	F	ら行	六花	りっか	年明けの寒い時期に誕生日しました。あまり雪の降らない土地なのに娘が生まれた年は大雪だったので、美しく凛とした雪にちなんだ名前にしたいと名づけました。わが家にとって6人目の家族で初めての女の子。男ばかりの家庭に花を添えてほしいという願いを込めています。また、私の母の名前にも漢数字が入っていて、親族としてもつながりのある名前になりました。名前を聞かれた際に「りっか」と伝えると、珍しくてかわいい名前ね、とよく言われてうれしくなります。	sound_row	https://baby-calendar.jp/knowledge/common/1549	bc
2021	F	ら行	莉都	りと	明るくてかわいらしいみんなに愛される存在で、周りのみんなをほんわかさせるような人になりますように……と気持ちを込めてつけました。私は子宮頸がんになり、手術をしても完全には治らないかもしれない。もしかしたら一生子どもができなくなるかもしれない。幸い治療に耐えても子どもを産めない身体になるかもしれないとお医者さんに言われ絶望しました。しかし、治療を終え数年後ママのおなかに莉都ちゃんがきてくれました。奇跡だと思いました。そんな莉都ちゃんはパパとママの大切な大切な宝物です。	sound_row	https://baby-calendar.jp/knowledge/common/1549	bc
2021	F	ら行	莉奈	りな	自然妊娠したものの流産。その後なかなか妊娠せず、体外受精で授かった娘でした。生まれる前に名前を決めても万が一……と考えると決めることができず、候補だけ出し出産に挑みました。緊急帝王切開で生まれたわが子は、4kg弱の大きな娘でした。母子同室になったころに、微かに目を開けた娘に、「莉奈にする？」と聞くとうなずいて答えたのです。もう一度聞くとやっぱりうなずきます。夫は信じてくれませんが、私だけが見られた思い出です。	sound_row	https://baby-calendar.jp/knowledge/common/1549	bc
2021	F	ら行	里穂	りほ	母にも名前を考えてもらいました。ある日実家に帰ると何個か名前を書いてある紙を見つけ、そこに「里穂」と書いてありました。響きが気に入ったのと、2文字がよかったので「里穂」に決めました。私は42歳後半で授かり、母は71歳。いつか母が亡くなっても、母が考えてくれた名前だと思え、母の生きてきた証みたいだなと感じました。もちろん、母はまだ元気ですが（笑）。漢字は随分迷いましたが、経済的にも家庭運もよいと本に書いてあったので、将来幸せな結婚を願うことと、経済的に恵まれて幸せな人生を歩んでほしいと決めました。「里」は古風ですがどこか温かくやさしい印象があったのでやさしい子になりますように、という意味も込めています。	sound_row	https://baby-calendar.jp/knowledge/common/1549	bc
2021	F	ら行	莉帆	りほ	初めての出産。生まれるまでに準備することがたくさんあって、なかなか名前まで考えられませんでした。しかも、名前は両親から子どもへの初めてのプレゼント。この子は一生私たちのつけた名前を背負って生きていくんだと思うと、責任が重すぎて、簡単にはつけられない……と感じ、名前を考えることに二の足を踏んでいました。それでも考えなければと、名字に合う画数であること、響きがいいことなどを条件に、夫とたくさん案を出し合ったうちのひとつが「莉帆」でした。莉帆の「莉」は、茉莉花（ジャスミン）の花から。「愛らしさ」、「愛想のよさ」という花言葉から、愛される人になってほしいという願いを込めて。「帆」は順風満帆な人生を歩んでほしいという想いを込めて名づけました。名づけをしたことで、親として一歩踏み出し、より一層の責任を感じることができたような気がしています。一生懸命考えたこの名前を、私たちはとても気に入っているし、子どもにも大切にしてほしいと願っています。	sound_row	https://baby-calendar.jp/knowledge/common/1549	bc
2021	F	ら行	莉理	りり	結婚してから、夫とは喧嘩もあったけれど2人で頑張って行こうという思いを込めて、夫婦の名前に共通している「り」をつけた名前にしました。愛らしく、思いやりのあるまっすぐな子に育ってほしいという願いを込めて漢字を決めました。（たびさん）	sound_row	https://baby-calendar.jp/knowledge/common/1549	bc
2021	F	ら行	琉愛	るあ	私は19歳で息子を産み、息子は現在20歳です。波乱万丈な人生を送り、昨年再婚。妊活をし、念願の女の子が生まれました！ 息子もとても喜んでくれました。19歳も離れてしまったけれど、兄妹なので私はどうしても息子「琉星」から1文字をもらいたく、「琉」で合う字を探し「愛」を見つけました！ 歳は離れているけれど兄妹というつながり、みんなに愛される子に育ってほしいと願い、「琉愛」と命名しました。兄は自分の1文字が入っていたことをとても喜んでました。	sound_row	https://baby-calendar.jp/knowledge/common/1549	bc
2021	F	ら行	琉愛	るい	琉」は沖縄の海のように広く澄み、暖かい風のような心を持った人に育ってほしいという意味を込めてこの漢字を選びました｡私たち夫婦は結婚してから3年なかなか授かることができず、不妊治療の末にやっときてくれた大事な大事な娘です｡生涯愛情を注ぎ大切に育てるよという意味もあって「い」の読みは「愛」にしました｡（苺さん）	sound_row	https://baby-calendar.jp/knowledge/common/1549	bc
2021	F	ら行	留菜	るな	娘はパパがフランス人、私が日本人のハーフです。日本でもフランスでも通じる名前をつけたく、候補をリストアップしていました。私たち夫婦にとっておなかの子は2年間の不妊治療の末に授かった待望の子。不妊治療中から夫婦で男の子ならこんな名前、女の子ならこんな名前と 妄想しながら話し合っていたので名前の候補出しはスムーズでした。最終的に3つまで候補を絞って、どれにするか迷っていたところ、フランスの義母が「ルナ」という響きをいたく気に入り、「ルナ」と名づけることを決めました。ハーフの子の場合、カタカナ名をつける方も多いですが、私は思いを込められる漢字の名前がつけたいという希望が強く、姓名判断の画数や漢字の意味を考えながら「留菜」という漢字にしました。「留」を名づけに使うときは、自身のルーツを大切にするという意味が込められるそうです。フランス人と日本人のルーツがあることに誇りを持ってほしいという思いと、「菜」は、春生まれなので春に咲く菜の花のように明るく元気に育ってほしいという思いを込めました。留菜ちゃん、私たち夫婦のもとにきてくれてありがとう。名前の通り、フランス人のパパと日本人のママの間に生まれたことに誇りを持ってすくすくと育ってください。	sound_row	https://baby-calendar.jp/knowledge/common/1549	bc
2021	F	ら行	留莉子	るりこ	胎児エコーで性別がわかってから、名前を考えるのがとても楽しかったのですが、ひとつ気がかりなことが……。夫の弟夫婦のところも女の子を妊娠しており、その出産予定日がちょうどわが家の1カ月前。夫側夫婦なので名字は同じですし、画数のいい名前がかなり限られる名字ということもあり、名前が被ったりしないよね！？とかなり心配していました。それとなく夫に名前のことを弟夫婦に尋ねてもらうと10.5画だよとの返事があったそうです。しかし、そのとき、わが子につけようと思っていた名前も10.5画！ これはもう一度考え直さないとかもと、再度考え始めました。結果としては、最初に考えていた名前よりもしっくりくる名前と出合えて、考え直してよかったなと思っています。「留莉子」という名前は、やさしい花の香りに人が集まり留まるように、人に愛され癒やせるような子になってほしいと思い名づけました。かわいいわが子が名前通りの人生を歩んでいってくれるとうれしいです。（ぱるぴょんままさん）	sound_row	https://baby-calendar.jp/knowledge/common/1549	bc
2021	F	ら行	玲杏	れいあ	大好きな『スター・ウォーズ』のレイア姫からいただきました。名字の画数に合う漢字を探すのにとても苦労しましたが、半年探し続けてようやくこの字に決めました。	sound_row	https://baby-calendar.jp/knowledge/common/1549	bc
2021	F	ら行	玲羽	れわ	国際結婚をした私たち。数々の問題を乗り越え、無事に女の子が生まれました。夫の祖国、ブータンでも日本でもどちらの国でもいい名前にしたいなと思い、女の子らしい、美しい子であるようにと「玲羽（れわ）」と名づけました。ブータンの言葉で「レワ」は「希望」という意味です。遠い国同士で出会った私たちのところへきてくれた娘。たくさんの奇跡とこれから先へ続く物語をプレゼントしてくれました。これからさまざまな壁に直面したとしても、乗り越えられるでしょう。玲羽は私たちの希望です。（ちーちゃんさん） 歴代の赤ちゃんの名づけエピソード大賞 2021年赤ちゃんの名づけエピソード大賞 ＞ 2020年赤ちゃんの名づけエピソード大賞 ＞ 2019年赤ちゃんの名づけエピソード大賞 ＞ 2018年赤ちゃんの名づけエピソード大賞 ＞ 2017年赤ちゃんの名づけエピソード大賞 ＞ 2016年赤ちゃんの名づけエピソード大賞 ＞ 2015年赤ちゃんの名づけエピソード大賞 ＞ 歴代の赤ちゃんの名前ランキング 2021年赤ちゃんの名前ランキング ＞ 2020年赤ちゃんの名前ランキング ＞ 2019年赤ちゃんの名前ランキング ＞ 2018年赤ちゃんの名前ランキング ＞ 2017年赤ちゃんの名前ランキング ＞ 2016年赤ちゃんの名前ランキング ＞ 2015年赤ちゃんの名前ランキング ＞ 2014年赤ちゃんの名前ランキング ＞ 2013年赤ちゃんの名前ランキング ＞ 2012年赤ちゃんの名前ランキング ＞ 2011年赤ちゃんの名前ランキング ＞ 2010年赤ちゃんの名前ランキング ＞ あなたの“今”の悩みを専門家に無料で相談できます 自分だけでは解決できない不安やお悩みは、助産師や管理栄養士などの専門家に個別相談してみませんか？ 専門家に相談する その他についての悩み もっと見る 専門家に相談する 妊娠・育児アプリ ベビーカレンダー記事制作の取り組み ＼ この記事にいいね！しよう ／ 0 クリップ 現在ログインしていません。 ログイン しますか？ シェアする 名前ランキング検索 ベビーカレンダーが独自で調査・集計した2017年以降に生まれた赤ちゃんの名前データの中から、知りたい名前の順位、よみの順位、漢字の順位を見ることができます。 【名前で検索】【よみ方で検索】が名前の一部で検索できるようになりました！ 名前で検索	sound_row	https://baby-calendar.jp/knowledge/common/1549	bc
2021	M	ら行	來良	らい	5人兄妹の末っ子です。全員名前を「ら行」で統一していて、あとは「ら」のみだったこともあり、読みから先に決まりました。漢字は名字との画数の兼ね合いで決まりました。	sound_row	https://baby-calendar.jp/knowledge/common/1539	bc
2021	M	ら行	雷凱	らいが	雷神のように、たくましく人生の勝利を願って名づけました。	sound_row	https://baby-calendar.jp/knowledge/common/1539	bc
2021	M	ら行	来暉	らいき	名前の由来は3つあります。1つ目は、私たち夫婦のもとにきてくれてありがとうと言う意味を込めて「来」に。2つ目は「き」という響きが好きで名前に入れたいという思いから。最後3つ目の由来に「暉」は、人生どんなときでも輝いていてほしいという意味を込めてこの漢字にしました。（えーさんさん）	sound_row	https://baby-calendar.jp/knowledge/common/1539	bc
2021	M	ら行	利音	りおん	パパと出会って10年ほどの友だち期間があり、付き合って2年ほどで結婚。結婚して半年経ち、そろそろ子どもをと思ったけれどなかなかできず、2年が経過してしまいました。そんなある日、パパの父であるじぃじががんと診断され、この先何年生きられるかわからない状況になってしまいました。また、ママも高齢出産の年齢を超えたため婦人科を受診し、不妊治療を開始しました。しかし毎月リセット。そのうちに新型コロナウイルスが流行し、 ママの職場も新型コロナウイルス患者さんを受け入れる大変な状況になってしまいました。次のタイミングで授かれなかったらステップアップするしかないと心に決めた月に妊娠！！ 新型コロナウイルスに感染しないように十分注意しながら、また、職場の同僚たちにサポートしてもらいながらの妊娠期間でした。わが子は出産予定日より25日も早く生まれましたが、元気に生まれてきてくれて 本当にうれしかったのを覚えています！ 名前の候補はいくつかあったけれど、パパもママも一致してこの名前がいいと思ったのが「りおん」です。世界で活躍してほしく、海外でも覚えてもらいやすいように「りおん」と名づけました。ローマ字表記は「RION」ですが、「LION」とも表記でき、ライオンのように強くたくましく育ってほしい。妊娠期間中に、たくさんの人にサポートしてもらい、生まれるのを待ってくれてる人がたくさんいたので、漢字には、賢くたくさんの人を楽しませたり癒やしたりできて、たくさんの人から信頼され、愛される子に育ってほしいという思いをこめて「利音」としました。不妊期間があり、やっと授かった子で親のたくさんの思いを込めてしまったけれど、人を癒やして愛される子にすくすくと育ってくれており、うれしいです！！	sound_row	https://baby-calendar.jp/knowledge/common/1539	bc
2021	M	ら行	陸玖	りく	予定日より3週間早く、小さめで生まれた息子。大地のように心も身体も大きく健やかに育ってほしい思いを込めて「陸」という字を。また、「あなたは望むべくして生まれてきてくれた私たち親の宝物だよ」という意味を込めて「玖」という字をつけました。	sound_row	https://baby-calendar.jp/knowledge/common/1539	bc
2021	M	ら行	璃來	りく	輝く明るい未来が来ますように！」という意味を込めてつけました。男の子なので、名字、字画も考えてあえて漢字を旧字にしました。	sound_row	https://baby-calendar.jp/knowledge/common/1539	bc
2021	M	ら行	陸斗	りくと	夫婦共にアウトドア派でキャンプが好きなので、自然にちなんだ名前がいいと思っていました。コロナ禍で心が荒むなかでも、大陸のように広くて穏やかな心と包容力のあるやさしい子に育ってほしいという思い。それから妊娠発覚後に最後に行ったキャンプで見た星空がとてもきれいだったので、星の数だけ努力してキラキラと輝く存在になるようにと名づけました。	sound_row	https://baby-calendar.jp/knowledge/common/1539	bc
2021	M	ら行	陸翔	りくと	平坦な大陸から大きく羽ばたいていくという意味を込めました。将来どんな子に育ってくれるかはわかりませんが、自分のやりたいことを見つけて自分の突き進む道を決め、それに向かって大きく羽ばたいていってほしいです。	sound_row	https://baby-calendar.jp/knowledge/common/1539	bc
2021	M	ら行	俐柘	りつ	1人目は男の子、2人目は女の子でした。今回3人目の出産でピンとくる名前がまったく浮かばず……。出産予定日前日の21時に陣痛が始まり、あっという間に本陣痛、そして分娩室へ入ったのが23時57分でした。「あと、3分で予定日だからそれまで待って！！」と言いながら（笑）、予定日の0時25分に誕生。夫と「律儀なりっちゃんだな」と、話し名前がほぼ確定しました。しかし、漢字が思い浮かばず漢字辞典とにらめっこし、柘植（ツゲ）の木は硬いという意味があり、真面目な性格になるようにと意味を込めて「俐柘」になりました！ 響きは多いけれど見かけない漢字なのでどう書くの？ とよく聞かれますが、説明すると、「あぁ、それはじぃじの性格だね！」と話に花が咲きます（笑）。	sound_row	https://baby-calendar.jp/knowledge/common/1539	bc
2021	M	ら行	龍輝	りゅうき	夫が男の子なら「竜」か「龍」の漢字を使いたいと話していました。それから「龍」にしようということになり、いろいろと名前診断して、「龍に輝く」が一番運を持っていそうだったこともあり、『ドラゴンボール』の神龍のように悪い運気を断ち切っていいことが起こるといいなということで名づけました。	sound_row	https://baby-calendar.jp/knowledge/common/1539	bc
2021	M	ら行	琉獅	りゅうじ	夫はしし座で、そのことで幼いころからライオンが好きでした。息子も同じ8月に生まれるということもあり、ライオンのように強くたくましく、でも周りにも思いやりのある広々とした心を持った子に育ってほしい！という意味も込めて「琉獅」と名づけました。「獅」がちょっと強すぎるイメージがあるので「琉」で緩和させました	sound_row	https://baby-calendar.jp/knowledge/common/1539	bc
2021	M	ら行	颯心	りゅうしん	強い名前をつけたい」「リュウを入れたい」というのが、生まれる前から夫の希望でした。私が漢字と画数を調べていると「颯」が「リュウ」と読むと知りました。「颯」という字がカッコいい！と思ったのと、明るくさわやか、急に吹く風などの意味があり、きびきびと行動し、明るくさわやかにやさしい心を持ってほしいと思ったのでつけました。	sound_row	https://baby-calendar.jp/knowledge/common/1539	bc
2021	M	ら行	龍生	りゅうせい	名字と合わせ、龍が登る＝向上心を持つから、龍のようにたくましく生きてほしいという思いを込めて名前をつけました。	sound_row	https://baby-calendar.jp/knowledge/common/1539	bc
2021	M	ら行	琉晴	りゅうせい	コロナ禍でなかなか会えない沖縄の義両親。いつも気にかけて連絡をしてくださるのもうれしかったです。安定期のころ、沖縄に行けるように早めに飛行機の予約も取っていたのですが、直前で感染者が急増して飛行機は欠航。沖縄に住んでいる親戚みんな、会うことを楽しみにしてくれていたのに「仕方ないから、落ち着いたらね」となってしまいました。上の子「康晴」と兄弟仲良くすくすく育ってほしいという願いを込めて、「晴」を使おうとずっと思っていました。そして、早く新型コロナが収まり、沖縄の親戚と会えますように……。沖縄の海のような穏やかで心やさしい子になってほしい…という願いも込めて「琉晴」に決めました。次男の名前を披露すると、義両親や義祖父母もとても喜んでくれました。新型コロナが落ち着き、家族4人で義両親に会いに行ける日を今から心待ちにしています。	sound_row	https://baby-calendar.jp/knowledge/common/1539	bc
2021	M	ら行	隆太朗	りゅうたろう	隆」父親の1文字。「太」逞しく。「朗」出産日が晴天だったという意味を込めて名づけました。明るく元気に育ってほしいです。	sound_row	https://baby-calendar.jp/knowledge/common/1539	bc
2021	M	ら行	琉椰	りゅうや	夫は昔から子どもに「龍」とつけたかったようです。また、私も夫も子どもの名前に「斗」という漢字を使いたいという思いもありました。まだ男の子か女の子かわからないうちから、なんだか男の子のような気がしており、男の子の名前ばかり考えていました。「龍斗（りゅうと）」とつけようかと一番に考えつきましたが、「龍斗」は画数がダメダメだったことに加えて、先に妹の子どもが生まれ「蓮大（れんと）」という名前になったことで、「龍斗」はやめようということになりました。愛称だけは「りゅう」にし、画数と響きとを考え「琉椰（りゅうや）」と出産前には大体決めていました。予定日１カ月前に急遽入院となり、夫は人生初のひとり暮らし状態。仕事に加え、家のこと、猫の世話、コロナ禍での私の入院のサポートと夫にとってはドタバタの日々だったと思います。それから予定日よりも20日早く生まれました。しばらく入院が続いたため、出生届の提出を夫に頼みました。男の子なので、父親が最後に名前を決めるのがいいだろうとも考えていました。ペットに「部長」と名づけたセンスのなさを自覚している私ですが、そのときは夫に託しました。間違わないようにと思ってか、メモっぽい紙に慣れない手つきで、なぜか筆ペンで「琉椰」と書いて入院中の私にメールしてきたのが面白く、傾いた字がとても愛らしかったです。	sound_row	https://baby-calendar.jp/knowledge/common/1539	bc
2021	M	ら行	凌生	りょうせい	耐え凌ぐ」などで使用される漢字で、強く、たくましく生きてほしいという願いがあります。また名字を含め、姓名判断で運勢が大吉だったこと、周りにはあまりいない名前にしたかったこともあり、この名前にしました。	sound_row	https://baby-calendar.jp/knowledge/common/1539	bc
2021	M	ら行	龍馬	りょうま	夫は坂本龍馬が好きで、これから令和の時代を変える強い男になってほしいと思い、妊娠中から夫婦でこの名前に決めていました。ただ、姓名判断では完璧な画数ではなかったので、他の漢字でもと考えていました。夫が壁にふせんで漢字候補を数枚貼り付けていたのですが、翌日見ると、「龍馬」だけが壁に張り付いたままで、他の候補はすべて床に落ちてしまっていました。ここで「龍馬」にすべきだと確信しました。そして息子が元気に生まれてきたのは1月3日。なんとその日は坂本龍馬の誕生日だったのです。運命を感じました。	sound_row	https://baby-calendar.jp/knowledge/common/1539	bc
2021	M	ら行	凌馬	りょうま	夫と初めて話したとき、同い年ということから話が弾んだのを覚えています。同い年で、同じ午年。そんな2人の間に生まれた君には、午（馬）をも凌ぐ素敵な人になってほしい。そんな願いを込めました。お父さん、お母さんを超えてゆけ！！	sound_row	https://baby-calendar.jp/knowledge/common/1539	bc
2021	M	ら行	臨	りん	臨」という漢字には「のぞむ」という意味があり、これからさまざまなのことがあると思いますが、高いところを臨みながら見ていってほしいという意味を込めました。コロナ禍で生まれた子ということもあり、今後さまざまな理不尽なことも、どうしようもないことも起きるかもしれません。何事も諦めず、先を見据えて生きてほしいと願っています。	sound_row	https://baby-calendar.jp/knowledge/common/1539	bc
2021	M	ら行	凜清	りんせい	りりしく、清らかな心で育ってほしいと願い「凜清」と名づけました。「凜」は、パパの故郷・山梨県北杜市にある山高神代桜を見て、りんとそびえ立つ感じから取りました。「清」は、生まれたときに清らかな心で生まれてきてくれたと感じ、つけました。	sound_row	https://baby-calendar.jp/knowledge/common/1539	bc
2021	M	ら行	梨太郎	りんたろう	"2021年9月15日に誕生しました。第一子は母が命名したので、次は父が命名すると決めていました。夫は『ラブライブ！』が好きな""ラブライバー""でキャラクターの「星空凛」推しでした。妊娠してからずっと「りんちゃん」と呼び、男の子とわかってからは「りんたろう」と呼び続けていました。漢字は、秋生まれで長女「楓（かえで）」より落ち着いていることから、「梨太郎」としました。梨の花言葉は、「博愛」、「和やかな情愛」。穏やかでやさしい子に育ち、実りある人生になりますようにと名づけました。（太郎ママさん）"	sound_row	https://baby-calendar.jp/knowledge/common/1539	bc
2021	M	ら行	琉維	るい	宝石のように輝き、美しい心で広くやさしく、結びつきを大切にする人になってほしいと名づけました。	sound_row	https://baby-calendar.jp/knowledge/common/1539	bc
2021	M	ら行	瑠一	るい	生まれたときからお目めがくりくりさん！ つらい出産を乗り切って、ようやく生まれてきたわが子と目が合った瞬間、すごくきれいでかわいい目をしている子だなと思いました。かわいい名前がいいと「るい」を候補にしていましたが、思った通りのるいくん顔で誕生。すぐに候補の名前に決まりました。私は青いきれいな沖縄の海が好きで、きれいな海を連想させる「瑠」という漢字を入れたいと思っていました。ラピスラズリも好きなカラーです。「一」はパパの名前とお揃いの漢字。「瑠」を目立たせるために、あえてシンプルな漢字を選びました。瑠璃のように清らかで、美しく一番輝く存在になってほしい！という願いも込めています。大きくなるにつれ、社会からさまざまな影響を受けるかと思いますが、瑠一には生まれたままのきれいな心を持ち続けてほしいです。また「るい」には、芸術面でも輝けるとの素敵な意味もあり、そのような才能があったらなという秘かな思いもあります。コロナ禍での出産、育児となり、なかなか遠くにも行けない現状ですが、早くきれいな瑠璃色の海に一緒に行きたいな。そこで家族でゆっくり過ごすのが今の楽しみです。	sound_row	https://baby-calendar.jp/knowledge/common/1539	bc
2021	M	ら行	瑠夏	るか	"名字としっくり合う名前、イニシャル、中性的な名前、姓名判断、漢字の意味……をすべて兼ね備えた名前「瑠夏」に辿りつき、温めていた私。一生懸命考えたのに夫からダメ出しされたらたまったもんじゃない、と名前を切り出すタイミングを考えていました。妊娠後期の夜寝る前、夫から「そろそろ名前決めないかんよね」と切り出されました。私が「夏っていう漢字使いたいよね！」と言うと「そうだなあ。なつって響きが妹の名前とかぶるから、""○○か""のほうがいいよなあ。るか！るかはどう？」と！ 私はびっくりして「めちゃいいじゃん！ 漢字も夏の宝物って意味もある瑠夏にしよう〜。姓名判断もいい感じだし！」と伝えると、夫は「『ガンダム』のルー・ルカってキャラ好きだしいいね〜！」と無事に瑠夏になりました。（ともさん）"	sound_row	https://baby-calendar.jp/knowledge/common/1539	bc
2021	M	ら行	礼	れい	男の子だったら私が、女の子だったら夫が名づけの決定権を持つことに。妊娠中期の健診で、性別が男の子と判明！ 女の子の名前を必死で考えていた夫は少し落胆していました。私はどうしても「翔」という漢字を使いたかったのですが、名字の字画と合う名前が見つからず。夫婦共通の意見として、「男の子なら名字との画数が大事」「響きのいい呼びやすい名前」「パッと見ただけで読める」「流行っている名前はやめよう」というのがありました。「〇翔」という名前は流行っているので、あんまりなぁ……と思い始めたころ、試しに夫に「女の子だったらどんな名前にしたかったの？」と聞いたら、「れい」ちゃんにしたかったと。それを聞いた私は、男の子でも字画が合うものがあればよさそう！ と思い、漢字探し。「作法や礼儀を重んじる、気品ある人に。感謝の気持ちを忘れない謙虚な人になってほしいと願って。そして多くの人に感謝される心のやさしい人になってほしい」という気持ちも込めて、夫婦の思いそのものが詰まったこの名前に決まりました！	sound_row	https://baby-calendar.jp/knowledge/common/1539	bc
2021	M	ら行	令慈	れいじ	パパは昭和生まれで、名前に「昭」の字を使っており、ママは平成生まれで名前に「成」の字を使っていることもあり、子どもの名前は令和生まれの「令」の字を使いました。令和を慈しむで「令慈」です。生まれた週数が34週と早く、ママが破水からの子宮内感染をしていたため胎児機能不全と診断され緊急帝王切開で生まれました。胎動が少ないことが気になり、私は熱があったのと診察時間外だったのですが、診てもらうことができました。あと1日遅かったら助かってなかったかもしれないと聞き、コロナ禍で熱があるなかでも診察してくれたこと、病院に行く選択ができてよかったなと感じました。もちろんPCR検査もしたあとでの受診でした。生まれたあとも1日は人工呼吸器を使いNICUに入院しましたが約20日間の入院を経て退院しました！	sound_row	https://baby-calendar.jp/knowledge/common/1539	bc
2021	M	ら行	蓮桜	れお	春生まれなので桜を入れたかったのと、今年の春は桜の開花が早かったので「れお」の「お」はすぐに決まりました。なかなか「れ」を決められずに迷っていたところ、臨月のときに夫とよく散歩に行っており、そこらじゅうに白木蓮の花が咲いていました。空に向かってまっすぐ咲く白い花を見て、そんなふうに育ってくれたらうれしいなと思い、植物ばかりの漢字ではありますが字面もきれいだと思ったので「蓮桜」に決めました。名前の効果なのか花柄のものが好きです	sound_row	https://baby-calendar.jp/knowledge/common/1539	bc
2021	M	ら行	蓮恩	れん	地元に、蓮の花が有名な神社があります。あと、蓮は泥の中からきれいな花を頑張って咲かせます。「蓮恩」の「蓮」は、蓮の花のように、強く生きてほしいという意味があります。「恩」は、恩を忘れない、恩を返せるように、強い人間になってもらいたいと思いつけました。	sound_row	https://baby-calendar.jp/knowledge/common/1539	bc
2021	M	ら行	蓮	れん	健診のたび女の子と言われていて女の子の名前ばかり考えていましたが、8カ月のころまさかの男の子と判明！ 男の子とわかった途端、ふっと頭に浮かんできたのが「蓮（れん）」という名前でした。蓮の花が咲くころと生まれた時期も合うし、清らかな心という花言葉も気に入りました。何より生まれたての顔を見た瞬間やっぱり「蓮」しかないなと思い決めました。私が決めたというより、この子に決めさせられたという感覚です。	sound_row	https://baby-calendar.jp/knowledge/common/1539	bc
2021	M	ら行	蓮	れん	1、名字と合わせたときの画数で運勢のよいもの」「2、夫の名前と同様に漢字1文字」という2点にこだわりました。上記を満たす名前で夫と私の両方がいいね！と思える漢字がなかなか見つからず苦労しました。最終的に2つの名前が候補に挙がりましたが、7月生まれということで、夏の花である蓮（はす）にちなんで「蓮（れん）」と名づけました。あとからわかったことですが、義両親に息子の名前を報告すると、なんと夫が生まれた際に付けようとした名前だったということがわかりました。夫が生まれた当時、「蓮」という名前は珍しいものだったらしく、義理母の親に反対されたそうです。時を超えて「蓮」という名前を選択したことに驚きと共に運命を感じた出来事でした。	sound_row	https://baby-calendar.jp/knowledge/common/1539	bc
2021	M	ら行	漣	れん	生まれた日までは「蓮」の漢字にしようと思っていましたが、顔を見たらなんか違うなと画数をもう一度調べ直して「漣」にしました！ 書くのは少々難しいですが、気に入っています！	sound_row	https://baby-calendar.jp/knowledge/common/1539	bc
2021	M	ら行	蓮	れん	妊娠中、夫と毎日のように夜中散歩に出かけていました。「赤ちゃんの名前は何にする？」と全然進まない会話をしながら。私は、最後に「ん」がつく名前をリクエストし、「あ」から順番に当てはめて考えていました。いくつか候補が出たなかで、いつしか「れん」と呼ぶと動くように。響きも気に入ったので、反応してくれた「れん」に決定しました！	sound_row	https://baby-calendar.jp/knowledge/common/1539	bc
2021	M	ら行	蓮叶	れんと	出生後、新生児室で誰よりも大きな声で泣いていたわが子。その声に釣られてほかの赤ちゃんたちとカエルの大合唱状態！ 思わず入院中のベッドでクスッと笑っちゃいました♪ 子どもには強くたくましく育ってほしいという想いを込めて、「蓮」という字を入れました。また努力して自分の夢を「叶」えてほしいと思います。（れんとママさん） 歴代の赤ちゃんの名づけエピソード大賞 2021年赤ちゃんの名づけエピソード大賞 ＞ 2020年赤ちゃんの名づけエピソード大賞 ＞ 2019年赤ちゃんの名づけエピソード大賞 ＞ 2018年赤ちゃんの名づけエピソード大賞 ＞ 2017年赤ちゃんの名づけエピソード大賞 ＞ 2016年赤ちゃんの名づけエピソード大賞 ＞ 2015年赤ちゃんの名づけエピソード大賞 ＞ 歴代の赤ちゃんの名前ランキング 2021年赤ちゃんの名前ランキング ＞ 2020年赤ちゃんの名前ランキング ＞ 2019年赤ちゃんの名前ランキング ＞ 2018年赤ちゃんの名前ランキング ＞ 2017年赤ちゃんの名前ランキング ＞ 2016年赤ちゃんの名前ランキング ＞ 2015年赤ちゃんの名前ランキング ＞ 2014年赤ちゃんの名前ランキング ＞ 2013年赤ちゃんの名前ランキング ＞ 2012年赤ちゃんの名前ランキング ＞ 2011年赤ちゃんの名前ランキング ＞ 2010年赤ちゃんの名前ランキング ＞ あなたの“今”の悩みを専門家に無料で相談できます 自分だけでは解決できない不安やお悩みは、助産師や管理栄養士などの専門家に個別相談してみませんか？ 専門家に相談する その他についての悩み もっと見る 専門家に相談する 妊娠・育児アプリ ベビーカレンダー記事制作の取り組み ＼ この記事にいいね！しよう ／ 0 クリップ 現在ログインしていません。 ログイン しますか？ シェアする 名前ランキング検索 ベビーカレンダーが独自で調査・集計した2017年以降に生まれた赤ちゃんの名前データの中から、知りたい名前の順位、よみの順位、漢字の順位を見ることができます。 【名前で検索】【よみ方で検索】が名前の一部で検索できるようになりました！ 名前で検索 男の子 女の子 と一致する で始まる で終わる を含む 検索 よみ方で検索 男の子 女の子 と一致する で始まる で終わる を含む 検索 漢字で検索 男の子 女の子	sound_row	https://baby-calendar.jp/knowledge/common/1539	bc
2021	M	わ行	環壱	わいち	身内を失うことほど悲しいことはなく、家族が増えることほど幸せなことはありません。「妊娠したかも？」と妻から聞いたとき、ちょうど祖母の調子が悪く少し落ち着いてから検査しようと話していました。次の日、祖母は亡くなりました。悲しみのどん底にいた私たち。祖母の葬儀を終えて自宅に帰り、妻と妊娠検査薬を使ったところ、命が宿っていることがわかりました。この子は、悲しんでいた僕たち家族を救ってくれた存在だと感じました。しかし、同月に妻の祖母も亡くなりました。この子の名前を決める際、ひとつの環としてつながっていたいという思いから、先祖様や亡くなった2人の祖母との命の繋がりを大切にしてほしいという願いを込めて「環」「壱」と名づけました。（わっくんパパさん） 歴代の赤ちゃんの名づけエピソード大賞 2021年赤ちゃんの名づけエピソード大賞 ＞ 2020年赤ちゃんの名づけエピソード大賞 ＞ 2019年赤ちゃんの名づけエピソード大賞 ＞ 2018年赤ちゃんの名づけエピソード大賞 ＞ 2017年赤ちゃんの名づけエピソード大賞 ＞ 2016年赤ちゃんの名づけエピソード大賞 ＞ 2015年赤ちゃんの名づけエピソード大賞 ＞ 歴代の赤ちゃんの名前ランキング 2021年赤ちゃんの名前ランキング ＞ 2020年赤ちゃんの名前ランキング ＞ 2019年赤ちゃんの名前ランキング ＞ 2018年赤ちゃんの名前ランキング ＞ 2017年赤ちゃんの名前ランキング ＞ 2016年赤ちゃんの名前ランキング ＞ 2015年赤ちゃんの名前ランキング ＞ 2014年赤ちゃんの名前ランキング ＞ 2013年赤ちゃんの名前ランキング ＞ 2012年赤ちゃんの名前ランキング ＞ 2011年赤ちゃんの名前ランキング ＞ 2010年赤ちゃんの名前ランキング ＞ あなたの“今”の悩みを専門家に無料で相談できます 自分だけでは解決できない不安やお悩みは、助産師や管理栄養士などの専門家に個別相談してみませんか？ 専門家に相談する その他についての悩み もっと見る 専門家に相談する 妊娠・育児アプリ ベビーカレンダー記事制作の取り組み ＼ この記事にいいね！しよう ／ 0 クリップ 現在ログインしていません。 ログイン しますか？ シェアする 名前ランキング検索 ベビーカレンダーが独自で調査・集計した2017年以降に生まれた赤ちゃんの名前デ	sound_row	https://baby-calendar.jp/knowledge/common/1540	bc
2022	F	あ行	藍衣	あい	性別がわかる時期になっても健診のときはおしりしか見せず、性別はわからないままで妊娠7カ月を迎えましたが、なんとなく女の子のような気がして女の子の名前ばかり考えていました。もともと、花や宝石など華やかな物から1文字もらって初めてのプレゼントにしたいと思っていました。秋に生まれるということで、秋の花や宝石について調べる中で、秋という季節がら花は少なかったですが「藍」という花があることを知りました。「青は藍より出でて藍より青し」ということわざがあることに思い至り、両親より優れた子どもになってほしいという思いを込めて「藍」という漢字を入れることにしました。あとは、字画から「藍衣」で「あい」と読む名前を思いつきました。	sound_row	https://baby-calendar.jp/knowledge/common/1560	bc
2022	F	あ行	娃光	あいる	わが家はステップファミリーですが、偶然にも私（ママ）連れ子の長男の頭文字はパパと同じ。今回生まれた子は女の子なので、ママと同じ頭文字を使うことにし、パパが響きを考え、私が漢字を。漢字の意味や書きやすさ、画数などから「娃榴」と「娃光」で悩んでいましたが、「光」は当て字なので「娃榴」に決め、いざ出生届を出しに行くと……「榴」は人名に使えない漢字でした。そのため「娃光」にしました。	sound_row	https://baby-calendar.jp/knowledge/common/1560	bc
2022	F	あ行	あおば	あおば	私の夫は鉄道が好きです。夫はずっと前から鉄道線に関した名前を希望していたそうです。名前を決めるにあたり、取り出されたのは過去の電車の時刻表でした。車両の一覧の中に「あおば」という名前があり、ふと気になって詳細を確認。今は走っていないけれど、もともと走っていたあとに新幹線になった出世する列車だと、うれしそうに夫は語っていました。そんなとき、仕事先でとある人に言われた言葉がふと脳裏に浮かびました。「春生まれでおめでたいね。あたたかくなる季節、本当にいいときだね」と。心が温まるような言葉でした。その言葉と「あおば」が、すっと自分に馴染み、ホッとしたような気がしたのです。生まれたとき、桜は散り新しい葉が生え始めていました。青々とした葉が夕日に照らされていた様子を、窓越しに見えたことを覚えています。やっぱり「あおば」だとしみじみ感じました。「あおば」は春のあたたかさだけでなく、夏の太陽を浴び、秋にはやさしい色合いになり、冬にはたくましい濃い色を持つでしょう。そんなたくさんのやさしい未来を持って、育ってくれるよう名前をつけました。	sound_row	https://baby-calendar.jp/knowledge/common/1560	bc
2022	F	あ行	光	あき	母である私の実家の名づけが、子ども、ペット共に「あ段」と「い段」の音（まい、あい、など）の組み合わせだったため、それにならうような音がいいなと思っていました。また、私も夫も漢字1文字の名前のため、漢字1文字の名づけを希望していました。あとはこれらの条件を満たす漢字の中で画数と字面などで候補を決め、最終的には夫婦の合意で決めました！	sound_row	https://baby-calendar.jp/knowledge/common/1560	bc
2022	F	あ行	彩陽	あさひ	女の子です。最初は夫が響きやイメージから「あおい」とつけたいと言っていて、私も賛成だったため妊娠中から「あおちゃん」と声かけをしていました。姓名判断は必要だねと話し、義母がお世話になっている占い師の方にみてもらうことになりました。なんと結果は「絶対にない！」とのこと。先生が言うには苗字に対しての「あおい」の響きや属性？なるものがまったく合わないよとのことで、夫婦で固まってしまいました（笑）。このとき、生まれるまであと1カ月……。漢字を変えて再度見てもらいましたが「あおい」がダメとのことで、名前そのものを考え直すことになりました。バッチリハマる画数だけ教えてもらい、占いの帰り道は夫と名前の出し合いに。看板や目につく物を口にしながら帰り、いくつか「いいねぇ」となる名前が出ましたが、そのときはピンとくるものはありませんでした。その足で、予定していた父のお墓参りに行ったときに「何かいい名前が浮かぶようにヒントをくれー！」とお願いしてきました。そして、その帰り道に目に入った「あさひ」という文字を口にしたら夫が「いいねぇ！」と反応。そこから名前の本を読み漁り、「あさひ」の名前で画数と漢字のイメージから組み合わせる日々となりました。ある日、スマホで調べていると画数と意味合いにぴったりバッチリどハマりな漢字が！ 意味は、自分も周りの人も彩りよく照らせるような明るくやさしい人になってほしいという意味がこもっています。でも一般的には「彩」は「あさ」とは読まないよなぁとは思いつつ、紙に書き留めて寝ました。次の日、喧嘩中だった夫が紙を見て、「いい名前だ！！」と思ったようで、そのときはまだ会話はできなかったですが、夫が仕事に出たあと「いい名前だし意味がすごくいい。考えてくれてありがとう」とメッセージが届きました。私もすごく気に入りしっくりきてました！ 命名発表のときも家族や友人、職場の人もすごく素敵な名前だねと言ってくれ、うれしかったです。娘はまだ5カ月ですが、名前の通り笑顔が多くて私たちを明るく照らしてくれ、私たちは彩りよい毎日を過ごせています。じぃじありがとうー！	sound_row	https://baby-calendar.jp/knowledge/common/1560	bc
2022	F	あ行	アミナ	あみな	私の夫はパキスタン人です。付き合って数カ月で「結婚したい」と言われ……私は国際結婚詐欺じゃないかと思い、かなり慎重になっていました（笑）。夫の性格は明るく、どんなときも「大丈夫」が口癖。そしてストレートに「好き」と言ってくれます。一緒に過ごすうちに、そんな人柄に引かれ、夫が新しく仕事を始めるのと同時に結婚しました。そして、この子を妊娠したときです。夫は昔占いをしてもらったとき、「子どもは男の子しか生まれない！」とかなり強く断言されたそうで……。毎日その話をするので、まだ性別はわからない段階だったのにもかかわらず、私もだんだんと「男の子かー」と思い始めていました。健診で聞いてもわからないと言われることが多く、どっちかなと思っていたら……なんと女の子！！！ 元気に生まれてきてくれただけで感謝ですが、夫とは「その占い師さん、だめだったね」と話しています（笑）。目がくりくりのかわいい女の子で、私よりも夫が溺愛しているほど！ そして、夫はイスラム教なのですが、イスラムの名前にも意味があるそうで、素敵な名前にしたいと思い、2人で考えました。「アミナ」はイスラムで誠実、正直、真実といった意味がある言葉。自分の意思をしっかり持って、何事にも挑戦してほしいという願いも込めています。「アミナ」という名前は日本語でもかわいらしい響きなので、夫の家族はもちろん、私の家族も気に入っています！	sound_row	https://baby-calendar.jp/knowledge/common/1560	bc
2022	F	あ行	彩夢	あやめ	妊娠中に夫と名前の候補を出し合いました。妊娠中期ごろから候補はいろいろ出し合っていましたが、重大なことなのでなかなか決まらず。まずはひらがなで出し合い、初めに候補として挙がった、「あやめ」が最終段階まで残りました。妊娠37週に入ってから、そろそろ決めよう！と最終候補の中からお互い一致でこの名前に決まりました。私たち夫婦はお互いさまざまな夢があり、ひとりでは叶えられない夢も結婚して共におこなうことで、たくさんの夢を叶えられました。そのため、子どもにも彩とりどりの夢を持ってほしいという思いがありました。私の中でのこの名のテーマソングはMr.childrenの『彩り』という曲です。人生で自分だけでなく関わる人みんなが笑顔になればよいなと願っています。	sound_row	https://baby-calendar.jp/knowledge/common/1560	bc
2022	F	あ行	亜梨朱	ありす	ママがディズニーが好き、パパが世界に羽ばたいていってほしいという思いから、外国の人でも呼びやすい名前にしたいということでこの名前をつけました。大きくなったら世界に羽ばたき、自分のワンダーランドを見つけてほしいと思っています。	sound_row	https://baby-calendar.jp/knowledge/common/1560	bc
2022	F	あ行	ミハイル	みはいる	外国人とのハーフなので、女の子ができたら名前は「アンナ」にしようと前から思っていました。パパの国ではアンナの愛称が「アーニャ」と決まっているため、そう呼んでいるのですが、人気のアニメ『SPY×FAMILY』のキャラクターと同じだねとみんなに言われます。ミハイルの愛称は「ミーシャ」で、こちらも覚えやすいので気に入っています。『ルドルフとイッパイアッテナ』という本をたまたまカフェで見つけて読んでいたら、こちらもミーシャという登場人物が出てきて、どちらもキャラクターに縁のある名前になりました。（エンちゃんさん）	sound_row	https://baby-calendar.jp/knowledge/common/1560	bc
2022	F	あ行	一禾	いちか	最初に思いついたのが「いちか」という名前。響きがかわいくて、特にパパがお気に入りでした。他にも3つほど候補ができ、生まれた子の顔を見てぎりぎりまで悩んだ結果、「一禾」に決めました。「禾」は珍しい漢字ですが、画数がよくすっきりした印象を受け選び、身内もすぐ気に入ってくれました。「禾」は稲穂にたくさんの実がなるように、たくさんのいい人に出会い、心豊かで恵まれた人生を歩めますようにと願いを込めました。「一」は一番幸せになってほしいという願いと、母音が「いい」で、名前を呼ぶ度に笑顔になれるので、周りを笑顔にできる人になってほしいという願いを込めています。	sound_row	https://baby-calendar.jp/knowledge/common/1560	bc
2022	F	あ行	一千椛	いちか	春生まれだからかわいいお花の字が入った名前にしたいと思っていました。そして、たくさんの人と出会って、いっぱい友だちができるように「千」の字を。いろいろな人の縁があって、周りをかわいいお花のような笑顔で幸せいっぱいにしてほしいと願いを込めました。今、すでにたくさんの笑顔で幸せをくれています❤️	sound_row	https://baby-calendar.jp/knowledge/common/1560	bc
2022	F	あ行	伊吹	いぶき	妊娠中はいつエコー見ても、股と顔を隠してしまっていて、性別不明でした。そのため、夫婦で話し合い、名前考えるのは生まれてからにしようということになりました。出産したものの、産声がか細く、酸素が必要な状態。そして次の日は母乳やミルク飲まず、吐いてしまい入院が必要な状態でした。そして「強く生きてほしい」という思いと姓名判断のネットページを照らし合わせて、「伊吹」と命名しました。今では健康に問題なく、ミルクたくさん飲み、すくすくと育っています。（よしさん）	sound_row	https://baby-calendar.jp/knowledge/common/1560	bc
2022	F	あ行	詩	うた	苗字が漢字3文字なので、漢字1文字で2音の名前かいいかなぁといろいろと候補を出していましたが、なかなか夫と意見が合いませんでした。そのとき、上の子（男の子）が童謡を覚えてじょうずに歌えるようになり、「うたちゃん」はどうかなぁと聞くと、満面の笑みで返してくれました。それから、『ONE PIECE』の新作映画に「ウタ」というキャラクターが出ると聞いて、夫が「シャンクスの娘ならぬ、オレの娘ってなんかいいねぇ」と、とても気に入ったようでした。私も「詩」という響きが好きだったので決めました。特に意味は込めていませんが、5カ月を迎えた今、とっっても満足しています。（カイトウタママさん）	sound_row	https://baby-calendar.jp/knowledge/common/1560	bc
2022	F	あ行	依茉	えま	同棲して3年で結婚し、子どもを授かりました。妊娠して生まれるのが夏だと聞いて夫が「茉」の漢字を使いたいと言いました。ジャスミンのお花に使われる漢字で星形のかわいいお花は、見るとみんなが笑顔になるので素敵だと思い賛成しました。「茉」のつく名前をたくさん考えた結果、安心感を与えられるようなあたたかい子に育ってほしい、場を和ませることのできるやさしい子に育ってほしいと思い「依茉」と名づけました。「依」は包まれると安心感がある、自然で飾らない、頼られるしっかり者などの意味があり、これからの成長もとても楽しみです！！	sound_row	https://baby-calendar.jp/knowledge/common/1560	bc
2022	F	あ行	咲茉	えま	夫と付き合い始めたときに アラビアン ジャスミン という花を知り、なぜか2人ともそれを気に入って、それをきっかけにお互い気持ちが強まり結婚に至りました。「茉」は アラビアン ジャスミン の花の意味を持つらしく、それが咲くという意味で「咲茉」と名づけました。	sound_row	https://baby-calendar.jp/knowledge/common/1560	bc
2022	F	あ行	恵舞	えま	戌の日に夫婦で安産祈願に神社に行きました。御祈祷を終えて神社を散策していると、祈願に来た方々の絵馬が飾られていました。「絵馬を書こうよ！」と私が言うと、「……エマ……」と2人で顔を見合わせました。少し前の健診で女の子かもと言われていたのですが、なかなかいい名前の候補が出てきていませんでした。そんなときの出合い。「エマちゃん！ いいね！」と、2人の意見が一致。それ以降、エマちゃんを超える候補は出てこず、エマちゃんに決まりました。	sound_row	https://baby-calendar.jp/knowledge/common/1560	bc
2022	F	あ行	詠愛	えま	母である私の名前は「はるか」というのですが、フランス人は「ハ、Ha」の発音ができないと以前学び、自分の子どもができたときは、海外の方々を含めてみんなが呼びやすい名前をつけられたらいいなと思い、「えま」という名前にしました。いつか本人が希望するのであれば、海外に羽ばたいていってたくさんの経験をしたらいいなと思っています。漢字は、「詠愛」にしました。「愛詠する」という熟語を隠しています。熟語の意味は、好んでいつも歌うこと。またはその詩や歌です。私と夫は音楽が好きでデートでもカラオケに行ったり、私はバイオリンやハーモニカを趣味で勉強したりしていました。また、私たち夫婦の共通の趣味は読書でもあり、娘にも音楽や文学的なものを好きになってほしいという願いを込めました。	sound_row	https://baby-calendar.jp/knowledge/common/1560	bc
2022	F	あ行	依眞	えま	待望の第一子。妊娠初期はつわりや問題も特になく最後まで順調にこと進むかと思っていましたが、妊娠後期で妊娠糖尿病であること、逆子であることが判明。また 常位胎盤早期剥離 により予定日よりも2週間早く緊急帝王切開での出産となりました。病院に着いた時点で娘はすでに酸欠状態になっていたため、一刻を争う状況でしたが、朝早い中でも先生や看護師さんたちの迅速な対応のおかげで無事に愛しい娘はこの世に生まれてくることができました。妊娠と出産を経て、改めて人が生まれてくることは奇跡なんだと実感しました。そして、たくさんの人の助けがあってこそ生まれてくることができた命ということで、いろいろな人を助け、頼られる子になってほしいとの意味で「依」を。「眞」は嘘偽りない正直な子に育ってほしいと願いを込めてつけました。ちなみに母親である私の名前は「結眞（ゆま）」です。（ゆママさん）	sound_row	https://baby-calendar.jp/knowledge/common/1560	bc
2022	F	あ行	桜永	おと	上の子の名前が、日本語の基礎である母音のあ行だったのと、イニシャルが「O」の子は少ないだろうなと思い、音の響きもいい「おと」にしました。漢字は出産予定が4月だったので「春」＝「桜」というイメージで「お」と読めて、ちょうど桜が咲くころに生まれてほしい、と出産前には名前が決まっていました。そして娘は、桜が満開の日に生まれてきてくれました！ 桜は日本国花であり、「優美」という花言葉があります。花が散っても内側では次の春への準備をしており、春に向けて幹の皮も全身でピンクになるころ、地元には千年以上毎年咲き続ける有名な桜の木があるころから、誰からも永く愛され、全身で懸命に生き、内外面も優美な女性になってほしいと願い名づけました。	sound_row	https://baby-calendar.jp/knowledge/common/1560	bc
2022	F	あ行	音羽	おとは	夫とは授かり婚でしたが、私が退職するまでは夫と別々の土地に住んでいたため、毎日、寝る前の電話が唯一の2人の時間でした。妊婦健診で性別が確定し、日課の電話で「女の子だったよ」と夫に報告をし、名前も考えなきゃねという話題になりました。「そんなに被らなくてみんなが読める漢字でかわいいのがいい」と夫と話していました。数日後、仕事で事務作業をしているときにパッと目についた名前がありました。「音葉」という名前です。（「おとは」って名前かわいいなぁ、漢字は音羽がいいかも）などと頭の中で考えながら、日課の電話をする際に夫に言おう、と思いその日の仕事を終えました。帰宅して、いつもの時間に夫から電話がかかってきました。「なぁ、今日仕事中にパッて頭に浮かんだ赤ちゃんの名前候補があるんやけど」と夫。「私も今日思いついたのがあるねん」と私。まずは夫の候補から聞くことにしました。すると「『おとは』って名前がいいと思うねん、音の羽で音羽ってどうかな？」と……。まさかでした。「え、私も漢字もまったく同じでその名前にしようって思ってた！」そう言ってそのまま名前が決定しました。遠く離れたところに住んでいた私たちですが、同じ日に同じ漢字で同じ名前を思いついていたなんて、すごい奇跡のように感じました。（とむさん）	sound_row	https://baby-calendar.jp/knowledge/common/1560	bc
2022	M	あ行	彗壮	いお	双子のため関連性のあるように名づけたかったのと、それぞれ韻が踏めるようにと考えました。「イオ」は木星の第一衛星。漢字の意味は「彗」は、神秘的な彗星のようなイメージを持ち、広い宇宙を走りまわるような元気な子に。「壮」は生命力にあふれ、壮志のように勇ましく、いつも力がみなぎっていてほしいという思いからです。兄の「アオ」は地球を意味し「青」は澄み切った青色の空のように、広く大きな心を持ってほしいという思いから。「旺」は盛んで元気で活動的、注目を集める存在感になるようにという思いを込めています。	sound_row	https://baby-calendar.jp/knowledge/common/1551	bc
2022	M	あ行	彩央	あお	結婚5年目でようやく産まれた待望の第一子です。実は今回の妊娠は二度目です。1人目は妊娠8週目で流産してしまいました。妊娠がわかったとき、夫と2人で泣くほど喜んだのに、とても悲しいことになってしまい、しばらくは立ち直ることができませんでした。その後、幸運なことにこの子を授かりました。流産の不安から、職場にも友人にも妊娠したことをギリギリまで伝えられませんでした。「体調悪そうだけど大丈夫？」と心配してくれる同僚にも「ちょっと風邪気味で……」など嘘をついてしまうことがつらかったです。無事に安定期に入り、周りに妊娠を伝えましたが、正直産まれるまでは毎日不安でした。不安の中、妊娠8カ月目あたりから、赤ちゃんの洋服を買い揃えるなど楽しいこともあり、そのころからどんな名前がいいのか夫婦で考え始めることに。私は響きがきれいで柔らかい名前がいいな〜と思っており、どうしても使いたかった「彩」を中心に、画数や響きなど考えて候補をリストアップしていきました。「彩」を使いたかった理由は、この子を授かったことで私たち夫婦の人生を彩ってくれたように、これから自分だけでなく周りの人の人生も彩ってくれるような素敵な人間になってほしいと思ったからです。また、好きなアーティストの歌に多く使われている漢字であることもひとつの理由です。そして、「彩央」となりました。「央」は夫が学生時代にサッカー部のキャプテンだったこともあり、輪の中心となって周りの人を導いていけるようにとの理由です。みんなの中心となり、自分自身、そして周りの人の人生を彩り多いものにしていってほしいです。	sound_row	https://baby-calendar.jp/knowledge/common/1551	bc
2022	M	あ行	明音	あおと	兄が「明人（あきと）」なので、「○○と」という名前が第一候補に上がり、兄含め3人でいろいろな名前を出し合いました。いろいろな候補の中から兄が出した「あおと」という名前になり、そこから夫婦で漢字を考えていくことに。女の子だったら「音」の漢字がいいね、と言っていたこと、また、小学1年生だった兄も習った漢字で早めに漢字が書けるように、「明」るいに「音」で「あおと」としました。人生の中でいろいろな音に触れる機会があるかと思いますが、明るい音に溢れるようにと思いを込めています。結果、兄が考えた名前なので、特に兄が気に入り、「僕が考えた名前なんだー」とうれしそうに話すことも多く、子どもも含めた話し合いで名前を決めてよかったな、と思っています。	sound_row	https://baby-calendar.jp/knowledge/common/1551	bc
2022	M	あ行	葵都	あおと	徳川家の御紋にちなんで江戸時代のように繁栄するような人生になって欲しいから、という思いで名づけました。	sound_row	https://baby-calendar.jp/knowledge/common/1551	bc
2022	M	あ行	あおば	あおば	なかなか名前が思いつかなくて、名づけの本を読んだり姓名判断からおすすめのものを見たりしました。8月産まれの予定だったので、さわやかな名前にしたいと思い、またすべての母音があるといいというのを念頭に、苗字とも組み合わせて考えました。妊娠8カ月目に入ってから考えた名前でしたが、生まれたときの顔を見て、改めてしっくりきたのでこの名前になりました。	sound_row	https://baby-calendar.jp/knowledge/common/1551	bc
2022	M	あ行	明季	あき	巡りくる季節がいつも明るくありますように！と願いをこめて。私（ママ）の両親は秋にお空へ旅立ったこともあり、私自身、秋になると少し切ない気持ちになっていました。でも、今は明季くんが生まれた秋がくるのがとっても待ち遠しいです。きっと両親が秋は悲しい季節から明るい季節に変えてくれたのだと思います。	sound_row	https://baby-calendar.jp/knowledge/common/1551	bc
2022	M	あ行	旭	あさひ	私の名前は漢字3文字・画数が多めでずっと苦労してきました。一方、夫の名前は漢字1文字。そのため、結婚する前から「子どもは絶対に漢字1文字！」と決めていました。そして、どんなときでも笑顔でいたいと思い、最後の母音はイ（口角が上がって笑顔になれる）にしたいと思っていました。その中でも、太陽のように自ら輝き、あたたかく周りを照らせるように、と太陽に関連づけた名前をイメージしていました。上の子は「陽（あき）」と名づけたため、この子には「光」か「旭」かの2択で悩んでおり、ずっと決められずにいました。上の子が「絶対に光！！」と言う中、いざ出産！ 初めてわが子の顔を見たとき、あまりの凛々しさに「この子は旭だな〜」とビビッときました。あとで夫に聞いてみると、夫も同意見。しかも、まさかの同じタイミングで直感したとのこと！ あれほど悩んでいたのに、顔を見て即決でした。しかし上の子はしばらく納得せず、ひとりだけ「光〜」と呼び、保育園の先生やお友だちにも、光と伝え続けていたそうです（笑）。朝日のように柔らかく穏やかで、まっすぐな人に育ってほしい。そういう思いを込めて「旭」としました。	sound_row	https://baby-calendar.jp/knowledge/common/1551	bc
2022	M	あ行	朝大	あさひろ	夫が外国人で、まず夫のお父さんが占いで頭文字をいくつかピックアップ。そのあとに、夫が「子どもがいつもヒーローになるように」と「〇〇ひろ（hero）」をつけたいとの思いから、「ひろ」がつく名前を洗い出し、「あさひろ」と決めました。そのあとに、私が字画を調べ漢字を決めました。	sound_row	https://baby-calendar.jp/knowledge/common/1551	bc
2022	M	あ行	彩翔	あやと	夫婦でMr.Childrenの『彩り』という曲がもともと大好きでした。彩翔を妊娠中にMr.Childrenのライブに行く機会があり、『彩り』を生で聴いたとき、歌詞の内容含め曲の素敵さに涙が溢れてきてしまいました。歌詞から、「一見大それたことでなくても、自分がしたことで身近な人の笑顔に繋がっているんだ」と思えるようにという願いや、多様性を伸ばせる、認められる人になってほしいという願いを込めて「彩」を選ぶことに。「彩翔」の「翔」は「とぶ、かける」という意味がありますが、飛躍してほしいという意味と、元気にかけまわってほしいという願いを込め、2文字合わせて「彩翔（あやと）」になりました。名づけ親でありながら、響きも素敵でとてもカッコいい名前になったと自負しています。一生この子の幸せを祈り、守っていきたいです。（まろママさん）	sound_row	https://baby-calendar.jp/knowledge/common/1551	bc
2022	M	あ行	之	いたる	之は私たちの2人目の子どもとしてわが家にやってきてくれました。姉弟で、父子で、尊敬する方々とずっとつながっていますように。自分の名前から絆を感じることができますように。そんな私の願いを、夫が形にして名づけてくれました。第一子は私の親友から1文字もらい、「あ」から始まる名前をつけました。第二子の名前は第一子と頭文字が続くようにしたかったので、「あ」に続く「い」から始まる名前で、男の子なら夫と同じく漢字1文字がいいと夫に伝えていました。その願いを受けとめ、悩みに悩んで考え出してくれた名前が「之（いたる）」です。漢字は、夫が尊敬する義父と先輩方からいただきました。読みには、目指した場所に辿り着いてほしいという願いが込められています。夫は学生時代からのニックネームが「めぐる」で、それと通じる響きになり「めぐる」「いたる」と並べるとリズムが揃うところも気に入っています。漢字でも読みでも、大事な人たちとつながっている「之」。今あるつながりと、之自身が作るつながりを大事にして、目指した場所に辿り着いてくれますように！	sound_row	https://baby-calendar.jp/knowledge/common/1551	bc
2022	M	あ行	一賀	いちか	私たちの初めての子で、妊娠がわかったときはお正月のときかのように喜びました。また、彼自身これからひとつひとつの出合いを大切に、感謝し、喜びを感じることができる人になってほしいという思いから名づけました。苗字と名前の各数、字画もこだわってつけました。	sound_row	https://baby-calendar.jp/knowledge/common/1551	bc
2022	M	あ行	依央	いちか	依央には父親がいません。おなかに依央が宿ったときは不安ばかりでしたが私の家族が支えてくれここまでこれました。依央には頼られる存在になってほしいのはもちろん、頼れる人にも巡り会ってほしいと願いを込めて名づけました。また輪の中心で周りを明るくできる子になってほしいです。名づけてから気づいたのですが、偶然にも私の名前と依央の字画が同じでとても運命を感じました。	sound_row	https://baby-calendar.jp/knowledge/common/1551	bc
2022	M	あ行	樹希	いつき	元気で健やかに、将来は自分らしく過ごせるようにといくつかの候補の中からパパ、ママがそれぞれが「これ！」という名前をひとつずつ考えました。生まれて、パパとママ、似ているほうの候補の名前をつけよう！となり、生まれてきた樹希の顔を見てパパにそっくりだったので「樹希」という名前になりました。	sound_row	https://baby-calendar.jp/knowledge/common/1551	bc
2022	M	あ行	伊那	いな	わが家にとって1番目の子どもだったので「1」や「 いろは歌 」から「い」の音を使うことにしました。そして、「いな」になりましたが、「稲」とも取れ、将来、食べることに困らないといいなと言う思いも混ざっています。（めーさん）	sound_row	https://baby-calendar.jp/knowledge/common/1551	bc
2022	M	あ行	映育	えいすけ	名前の候補から選べず悩んでいたら、お兄ちゃんが決めてくれました。	sound_row	https://baby-calendar.jp/knowledge/common/1551	bc
2022	M	あ行	瑛汰	えいた	瑛（家族のキラキラ輝いた宝物で）」、「汰（お兄ちゃんと仲良く、そして自分の人生を自分で選択し切り開いていくように）」。そんな意味で名づけました。（瑛汰ママさん）	sound_row	https://baby-calendar.jp/knowledge/common/1551	bc
2022	M	あ行	桜稀	おうき	上の子とお揃いの漢字を使いたかったので1文字は決まっていました。その中で、「名前の由来は？」と聞かれることもあるかと思い悩む日々……。姓名判断を試してみながらもなかなか決まらずにいました。そして、2月生まれのため季節的には少し早いのかな？と思いましたが私が好きな「桜」を！と。私は、毎年いろいろな桜グッズを買うほど桜が大好き。名前を考えているときに、ちょうど期間限定の桜のグッズの販売がスタートする予告を目にしたことで、名前にと思いました。そして「桜稀」にしようと。名前の由来を聞かれたら、「上の子とお揃いにしたかったのと私が桜が好きだから」で、「え？ それが由来？」と思われるかもしれませんが、私の好きな「桜」が入っているだけで、私が最高級に愛せるからそれでいいのだと思っています。	sound_row	https://baby-calendar.jp/knowledge/common/1551	bc
2022	M	あ行	凰真	おうま	鳳凰のようにカッコよく、まっすぐに育ってほしくて名づけました。	sound_row	https://baby-calendar.jp/knowledge/common/1551	bc
2022	M	あ行	大橙	おおだい	第一子を妊娠し、男の子だとわかったときから夫と一緒に名前を考え始めました。夫は「大」という字を使いたいという希望があり、私も名前の本を買ったり、ネットで調べたりしましたが、「これだ」と思う名前がなく……。私たちは子どもにどうなってほしいかを考えるようになりました。ある日、私が大きなおなかを撫でながら散歩をしていると、ふと「太陽」っていいなぁ、と思い、夫に何気なく話してみると、私はオレンジ色が好きなので「橙」という字を使い、夫が使いたいと言っていた「大」と合わせて「おおだい」という名前にしてはどうか？と提案してくれました。私も夫もすっかりその名が気に入り、太陽をイメージし、明るくやさしく、あたたかい子になってほしいという願いを込めました。私たちにとって最高の名前です。（大ちゃんママさん）	sound_row	https://baby-calendar.jp/knowledge/common/1551	bc
2022	F	か行	夏帆	かほ	初夏生まれなので「夏」という字を入れたいと思いました。また、船の「帆」のように、夏の元気な風を受けて我が道を進んで行ってほしいという願いを込めました。	sound_row	https://baby-calendar.jp/knowledge/common/1561	bc
2022	F	か行	夏鈴	かりん	4人目にして、初の女の子。また上の子は全員5月生まれで夏に生まれる子も初めてということで過去イチ名前を決めるまで時間がかかりました。夏らしい名前ということは夫婦間で決めましたが、出産前からいくら名前を調べてもピンとこず、産後に顔を見て決めようということになりましたが、お互いつけたい名前が違い（夫は「風夏」。私は第1希望が「夏凛」、第2が「夏鈴」でした）決まらず……。そして「ふうか」なら私は「楓夏」が「かりん」なら「夏鈴」が漢字はいいというところまで夫婦で交わらず。退院して3日後にさすがに決まらないのはまずいとなり、あみだくじアプリで決めることに。勝ったほうの名前にして漢字は負けたほうが決めていいというルールにしました。結果、夫が勝ちましたが、やはり「夏鈴」のほうがいいとなり、夏鈴になりました。こんなに決まらずグダグダになったのは初めてですが、今となってはいい思い出です。意味は明るくやさしい子に、そして誰からも愛される子に育ってほしいという思いを込めました。	sound_row	https://baby-calendar.jp/knowledge/common/1561	bc
2022	F	か行	柑奈	かんな	蜜柑のように実りが多い日々が過ごせますようにと名づけました。（柑奈ママさん）	sound_row	https://baby-calendar.jp/knowledge/common/1561	bc
2022	F	か行	樹依	きい	やっとの思いで妊娠。わかったときは本当に幸せでした。妊娠中は、おなかで元気に生きてるだろうかと常に心配になりながら、毎日を過ごしていました。生まれてくる子には、夫か私の名前の漢字を入れたいという希望がありました。しかし、どんな名前を見ても、ピンとくるものはなく……。考えた末、2人の名前の漢字はない「あさひ」にしようと決めました。そして生まれてきたわが子はミルクを飲めず、点滴生活。私は心配でたまりませんでした。そんな中、スマホで名前検索をしていると「樹依」という名前を発見。そのとき、ビビビとすごい衝撃を受けました。夫の名前の漢字が入ってて、この子にはこの名前がぴったりだ！！と瞬間的に感じました。すぐに夫にこのことを話すと、すごく喜んでくれ、「樹依」に決定しました。「樹依ちゃん」と毎日声をかけるたび、幸せになり、いい名前だなあとよく思います。現在、2人目を妊娠中で、名前はどうしようと悩んでいるところです。	sound_row	https://baby-calendar.jp/knowledge/common/1561	bc
2022	F	か行	綺咲	きさ	母親である私が唯一買って読んでいるマンガで、寅の物の怪がついている女の子の名前が｢きさ｣だったこと、2022年が寅年であったことと、 ｢きれいに咲く｣ように、笑顔いっぱいに育ってほしいという思い。そして苗字とのバランスで考えました。	sound_row	https://baby-calendar.jp/knowledge/common/1561	bc
2022	F	か行	希歩	きほ	上の子には障害があります。そのため、下の子には自由に自分の希望する道に向かって進んでほしいという意味を込めて名づけました。	sound_row	https://baby-calendar.jp/knowledge/common/1561	bc
2022	F	か行	希峰	きほ	私の両親とも山が大好きで、私の名前も山にまつわる名前でした。上の子は夫のルーツである海をイメージした名前なので、下の子は山をイメージした名前に。実家から見える、晴れ渡った空をバックに輝く北アルプスの峰々をイメージして、希望の峰で「希峰」と名づけました。（あずさん）	sound_row	https://baby-calendar.jp/knowledge/common/1561	bc
2022	F	か行	紅芭	くれは	パパにとって待望の女の子の誕生！ そのため、パパが気合いを入れてギリギリまで考えて決めました。「紅（くれない）」に、松尾芭蕉の「芭」という漢字で「くれは」。響きがかわいくて、気に入ったそうです♪ たくさんの愛が詰まった名前となりました！（姫ちゃまさん）	sound_row	https://baby-calendar.jp/knowledge/common/1561	bc
2022	F	か行	心羽	ここは	4歳の長女は「愛羽（いとは）」という名前です。そんな長女がいきなり「こころちゃんという名前がいい！」と言ったのです！ 夫婦ともに「その名前にしよう」と！と決めましたが、夫としてはやっぱり姉妹同じ漢字を使いたいという気持ちが大きかったため「ここ」だけとって長女と同じ「羽」を使い「ここは」にしました。家族みんなで決めた名前で、かわいく、この名前にしてよかったです！	sound_row	https://baby-calendar.jp/knowledge/common/1561	bc
2022	F	か行	このみ	このみ	私の妊娠がわかる少し前に、丸まるとした赤ちゃんを抱っこする夢を見ました。大人しくよく寝る赤ちゃんで、みんなから「かわいい、かわいい」と言われ、丸まるとしていたため、大きいから抱っこもしやすいと愛でられていました。その子は、上の子にそっくりででも上の子よりもぷくぷくしていて上の子の赤ちゃんの時の夢？と思っていた矢先に妊娠がわかりました。私の家系では言い伝えがあり、女の子の名前に「み」、「ひ」のどちらかが入っているとお金に困らないよ、お金持ちというわけではないけれど、それなりに幸せに暮らしてはいけると伝えられてきました。そして夫の家では女の子はお嫁に行ってもどんな苗字にも合うようにひらがなで名前をつけるという風習がありました。妊娠中期に入り性別が女の子とわかり夫に私の夢の話をしました。みんなから好かれていた女の子。そして、名前を言いに夢に出てきて教えてくれたのだ」と思いました。すぐに「このみ」にしようと決まりました。お金に困ることのないように、お嫁に行ってもどんな苗字にも合うように、みんなから好かれて幸せになるように願いを込めてつけました。	sound_row	https://baby-calendar.jp/knowledge/common/1561	bc
2022	F	か行	心陽	こはる	心が春の陽のようにあたたかい子になりますようにと名づけました。陣痛がきたときは雨だったのですが、生まれたときには雨はすっかりあがっていました。太陽が眩しいくらい明るくて、真っ青な青空がきれいだったのを覚えています。この陽のようにあたたかい子に育ってほしいと思い名づけました。	sound_row	https://baby-calendar.jp/knowledge/common/1561	bc
2022	F	か行	心陽	こはる	妊活を始めたときに、今授かったら春生まれということで、未来、わが家に来てくれるベビーのことを妊娠前から「こはる」と呼んでいました。結果、秋生まれになりましたが、小春日和という言葉もありますし、そのまま「こはる」という名前をプレゼントすることにしました。漢字は、太陽のように明るくあたたかい心を持った子に育ってほしいという願いを込めて「心陽」という字を選びました。	sound_row	https://baby-calendar.jp/knowledge/common/1561	bc
2022	F	か行	小春	こはる	私の家族の苗字は、私、祖父、父、兄の4人の名前共に、使っている漢字が線対象になっています。（例：来、夫など）私の子どもにも、みんなとのつながり、思いを繋いでいきたいと思い、「小春」と名づけました。小春日和のように穏やかで人の心をホッとすることができるようなあたたかい人になってほしいと願いを込めています。（ちくわーんさん）	sound_row	https://baby-calendar.jp/knowledge/common/1561	bc
2022	M	か行	海澄	かいと	パパの趣味がサーフィンで海が好きだったため、よくデートで海に行っていました。そして、ちょうど7月生まれだということもあり、夫婦で愛を育んだ結果、生まれてきてくれた子という意味で「海」という漢字を入れたいと思いました。また、家族での名前の統一感をもたせたくてイニシャルはパパと同じに、呼び名の母音はママと同じに揃えました。「海」には「人や物が集まる」、「澄」には「きれいな、澄み渡る」という意味があるため、たくさんの良縁に恵まれて心がきれいで素直な子に育ちますように、という意味を漢字に込めています。	sound_row	https://baby-calendar.jp/knowledge/common/1552	bc
2022	M	か行	海翔	かいと	海のように広く美しい心で、空を翔ける「kite（凧）」のような希望の象徴となり、興味の赴くままに悠々と人生を歩んでほしいという願いと、糸の繋がった先にはいつも帰る場所があるんだよというわが子へのメッセージを込めてつけました。	sound_row	https://baby-calendar.jp/knowledge/common/1552	bc
2022	M	か行	凱音	かいと	嵐の『カイト』という曲の歌詞のように「君の夢よ叶え」と願いながら私たちはずっと見守っているよ。そしてこの曲が「凱音」自身の人生の応援歌になるようにと願いを込めて！	sound_row	https://baby-calendar.jp/knowledge/common/1552	bc
2022	M	か行	櫂理	かいり	船のオールという意味の「櫂」には、人生、いろいろなことを経験するだろうし、これからの時代、みぎにならえ！な世の中ではなく個性を持って自分で自分をプロデュースして自己アピールしていかないといけなくなると思い、「自分で切り開いて進んでいけますように」という思いを込めて。「理」は賢いイメージがあり、賢く人生を生きてほしい。賢く世渡りじょうずに、いろいろな人と助け合って生きてほしいなと思いつけました。また、よみは「かいり」ですが、「カイリー」は海外でもある名前。海外へ行っても呼びやすく愛される名前であってほしいと思いました。	sound_row	https://baby-calendar.jp/knowledge/common/1552	bc
2022	M	か行	奎汰	けいた	奏汰」は、わが家の3番目の子で双子のお兄さん。兄弟が多く騒がしい中でも何事もゆっくりと自分のペースを大切にして、周りのみんなにとって癒やしの存在になれるほど素敵な男の子になってほしいと願いをこめて名づけました。「奎汰」は、わが家の4番目の子で双子の弟。兄弟が多く末っ子だからこそ、自分の意見を言葉で大切に発してほしい。「奎」は文章を司る星座「とかきぼし」にちなんで、周りに自分の意思をちゃんと伝えられるように、周りへの感謝の気持ちをちゃんと伝えられるように願いをこめて名づけました。	sound_row	https://baby-calendar.jp/knowledge/common/1552	bc
2022	M	か行	謙朗	かねあき	夫婦ともに「子どもができたらこの名前をつけたい！」というこだわりがなかったので、まず名づけに使いたい漢字や読みを羅列していきました。その中で、夫婦に共通していた漢字が「謙」でした。謙虚な人になってほしいと願い、まず「謙」が決まりました。しかし、「謙」の字を調べて、訓読みでまず出てくるのは「へりくだる」です。「卑屈にへりくだるような人にはなってほしくない」という思いから、「謙」の後ろには前向きなイメージの漢字を持ってこようと考えました。中秋の名月の日に生まれたので、 読みは「あき（秋）」に決め、「かねあき」という音に決まりました。あとは漢字です。画数や苗字とのバランスを見て、最終候補は「明」か「朗」でしたが、「朗」には「月明かりに照らされて明るい」という意味があり、中秋の名月に繋がること、また、母（私）の名前に「詩」という文字が入っており「詩を朗読する」という親子の繋がりを持てることから、「朗」を採用し、「謙朗（かねあき）」に決定しました。	sound_row	https://baby-calendar.jp/knowledge/common/1552	bc
2022	M	か行	柏	かや	名前をつけるときに決めていることがありました。1、性別に関係ない 2、樹や植物に関する名前 3、英語でも呼びやすい 第一子にはナラの木の「楢」と名づけたことから、第二子にはカヤの木から「柏」と名づけました。（erienesさん）	sound_row	https://baby-calendar.jp/knowledge/common/1552	bc
2022	M	か行	健晴	きよはる	夫が「晴」という字を使いたいと思っていたのと、健やかに育ってほしいという願いを込めてこの名前にしました。（ぼぼたママさん）	sound_row	https://baby-calendar.jp/knowledge/common/1552	bc
2022	M	か行	景	けい	妊娠がわかったときから、夫婦でどんな名前にしたいか一緒に考えていました。これからの時代を考えて「ローマ字表記でも英語で発音しやすい名前」「誰でも書ける画数の少ない漢字」「中性的な名前」にしたいなということになりました。性別がわかってから、候補の名前は考えましたが、決定したのは産まれて顔を見てからです。この子には「広い景色をたくさん見て、広い視野から考えられる、穏やかな子に育ってほしいな」と思ったので、「景」という名前にしました。	sound_row	https://baby-calendar.jp/knowledge/common/1552	bc
2022	M	か行	圭吾	けいご	5歳離れた、上のお姉ちゃんと一緒に呼びやすい名前で3文字がいいねということで、決めました。漢字と画数診断で調べたところ、「圭吾」は大吉で爆発力があるとのことで、小さいときは爆発しなくても、将来爆発的に大きく育つといいねということで決めました。	sound_row	https://baby-calendar.jp/knowledge/common/1552	bc
2022	M	か行	桂詩	けいし	けい」という音の響きが好きで、兄弟の名前も植物の漢字を使っていることから、縁起がいいとされる「桂」を漢字の候補のひとつとして考えていました。臨月に入ったある日、長男と夫と3人で行った公園に桂の木がありました。穏やかで平和なひとときを象徴するかのように、かわいらしいハートの形の葉から心地よい葉音が聞こえました。まるで愛の詩を詠っているようでした。そのときの情景を思い出すととても幸せな気持ちになるため、桂の木の詩、「桂詩」と名づけました。穏やかに、平和で幸せに暮らせますように。また、桂の木のように丈夫に健康に育ちますようにと願いを込めました。	sound_row	https://baby-calendar.jp/knowledge/common/1552	bc
2022	M	か行	慶次	けいじ	誰でもわかるような、カッコいい名前にしたかったので「慶次」にしました。私の中でカッコいい名前＝武将というイメージがあり 、その中でも「慶次」か「謙信」で迷ったのですが、名古屋で活躍した武将であること、夫の名前が「健治」のため、似ている雰囲気の名前にしたかったということもあり、名前案を出して15分で決まってしまいました！ 誰でもわかるので覚えてもらいやすく、カッコいい武将のように強い男の子に育ってほしいです。	sound_row	https://baby-calendar.jp/knowledge/common/1552	bc
2022	M	か行	啓杜	けいと	読み方は夫が「けい」から始まる名前を希望していて、そこから始まりました。 私が「いと」＝「糸」を考え、人との繋がりを大切にしてほしくて、「けいと」にしました。漢字は2人で決めました。「啓」は前向きで明るいイメージ、「杜」は心清らかなのに加え、素直な気持ちで人と接してほしい。夫の名前の漢字に「樹」が入っているため、息子にも一部を入れることで夫と繋がりを感じでほしいと思いました。	sound_row	https://baby-calendar.jp/knowledge/common/1552	bc
2022	M	か行	玄	げん	妊娠7カ月の健診までは「女の子かな〜？」と言われていたため、すでに女の子での名前は決まっていましたが、次の健診で「男の子で間違いないです」と言われました（笑）。帰って夫に「男の子だったよ！」と伝えると、「男の子なら、玄くんはどうかな？」と返ってきました。理由を聞くと「僕には周りからすごいと思われるような才能がないから、子どもには何かひとつでも周りより秀でた才能を見つけてほしいなと思ってる。玄人のようになってほしいな」と。その思いを聞いて、字画を調べたら五行・ 三才 配置が大吉という最高の字画でした！ そのため、玄人から1文字を取って「玄」と名づけました。	sound_row	https://baby-calendar.jp/knowledge/common/1552	bc
2022	M	か行	健太郎	けんたろう	健太郎」です！ 健康に、健やかに育ちますように！ そして、誰からも親しみを持って呼んでもらえるように！という2点を願って名づけました。コロナ禍で混沌とした世の中に生まれてきてくれた小さな命。今後も予想もつかない出来事が多々あることでしょう。そんな親世代が普通に当たり前を過ごしたことが叶うかわからない中で、子どものために唯一願うことは健康に生き抜いてくれること。そんな想いから「健」の字を入れることにしました。そして、まさに現在そうであるように、これからはデジタル化がさらに発展していくと思っています。そんな中で自分の名前をパソコンやスマホからでもスムーズに入力ができ、対面時だけでなく、オンライン上でも周囲から気軽に呼んでもらえるようにしてあげたいと思いました。家族からはすでに「健ちゃん」「ケンケン」など、さまざまな愛称で呼ばれ健やかに育つ健太郎。もう少し大きくなったら名づけエピソードを直接話してあげるからね！	sound_row	https://baby-calendar.jp/knowledge/common/1552	bc
2022	M	か行	健人	けんと	最初はまったく違う名前が候補に挙がっていました。「賢くなってほしい」「活躍してほしい」など、生まれてくる子に対してたくさんの願いを込めた名前を考えていました。しかし、妊娠後期に入ったころに親しい人を突然亡くし、そのことをきっかけに「命を大切にしてほしい」というシンプルなメッセージを名前に込めることに決めました。「心も身体も健やかに成長し、周りの人を大切に、そして周りの人から愛される人になってほしい」という思いを込めて「健人」と名づけました。生まれてからも、能力や容姿のことで欲が出てしまったり周りの子と比べてしまったりすることがありますが、そんなときは名前を決めたときの初心に返り、この子が生きている幸せを大切にしたいと思っています。	sound_row	https://baby-calendar.jp/knowledge/common/1552	bc
2022	M	か行	賢人	けんと	結婚直後から妊娠6カ月まで南米に住んでいた私たち。片言のスペイン語でコミュニケーションを取りながら、二度の流産、コロナ禍、不妊治療を経験しました。スペイン語圏では男の子の名前は「パブロ」や「グスタボ」のように母音が「オー」で終わるのが一般的。将来この子がスペイン語圏に行っても英語圏に行っても呼びやすく親しんでもらえる発音の名前を考えて「ケント」にしました。一度目の妊娠は稽留流産で終わりました。日本とは異なり宗教と法律の関係で手術が禁じられており、胎児の心臓が止まった状態で一緒に2カ月を過ごしました。その後はコロナ禍の外出禁止令のため不妊治療の中断と再開を繰り返し、治療開始から3年で初めて安定期に到達しました。病院でのやりとりもすべてスペイン語。毎回スタッフのノリの軽さや文化の違いに驚いたり笑ったり。身体測定は靴を履いたままだし、主治医は受精卵の移植中にもジョークを連発していました。そんな経験を経て、おなかの中で30時間を超えるロングフライトに耐えて無事帰国した元気なわが子。フライト中もにょろにょろもぞもぞ、やけによく動く子だとは思っていました。でも第一子なのでよくわからないし、特に異常は見つからないまま順調に育ち、予定日の1週間前になりました。陣痛が5分間隔になるまで自宅で過ごし、産院到着後2時間で出産。理想的な安産に思われました。が、なんとへその緒が首に4回半も巻き付いた状態だったのです。真っ青な顔は今でも忘れられません。そのままNICUに入ることになり、母児同室は叶いませんでした。幸い退院後は元気に育ち、今では布団の上でコロコロ寝返りしまくる日々。おなかの中でもこんなふうに回っていたのかしらと思わせてくれます。無事に生まれて無事に育ってくれていて本当によかった。大きくなったら布団を飛び出して世界中を回るのかな。世界にはばたけ、ケント！（ママデケントさん）	sound_row	https://baby-calendar.jp/knowledge/common/1552	bc
2022	M	か行	宏河	こうが	パパの名前から「宏」という1字を取りました。パパは「ひろ」と読むので、子どもはもうひとつの読み方である「こう」と読むようにしようと夫婦で決めました。男の子なので苗字と合わせてネットで良名検索をし、「宏」を含む名前の中から「宏河」に絞り込みました。他にもいくつか候補名を考え、出産後、京都の神社に6つの名前の候補を姓名判断に送り、2つ、大吉運として返ってきた名前から、誕生した息子の顔を見ながら「宏河」に決定しました。	sound_row	https://baby-calendar.jp/knowledge/common/1552	bc
2022	M	か行	洸太	こうた	洸太」、「洸輔」、「洸平」で迷っていて、生まれたら顔を見て決めようと思っていました。でもその前に、ふと「洸太」だと思ったため、そのまま「洸太」に。勇しく深く、周りを照らす光の存在であってほしい。そんな思いを込めました。	sound_row	https://baby-calendar.jp/knowledge/common/1552	bc
2022	M	か行	晃大	こうだい	自分で言うのはおかしいかもしれませが、私はなかなかの自由人でした。周りの人にも結婚には向かないね、とよく言われていました。そんな私が35歳になり、自分でも、結婚はもう難しいかなと思い始めた矢先、今の夫に出会いました。36歳で結婚し、せっかく結婚できたならとお互い赤ちゃんを望みました。年齢のこと、持病のこと……いろいろ考え、結婚してすぐ不妊治療を始めました。結果なかなか妊娠できず、時間とお金だけが消耗され、精神的にも疲弊してきました。夫とも言い争いが増え、毎日イライラして……。昨年中に妊娠することができなければ離婚しようと話し合って決めていました。妊娠できないだけで離婚を考えるの？と思われるかもしれませんが、同居していた夫の両親のことなどいろいろな状況を踏まえて、離婚を考えるほうが最善だと2人で決めたのです。ただ、それまでの間はお金に糸目をつけず、悔いのないように不妊治療をしよう！ということになりました。逆に離婚を決めてからのほうが気がラクでした。仕事を辞め、貯金を治療に当て今年いっぱい頑張ろうと。そんな中、妊娠がわかり、病院で泣きじゃくったことを覚えています。高齢出産になるので、いろいろなことに気をつかいながら、そして湧き出てくる問題をひとつひとつ解決しながら、出産までは瞬く間に過ぎていきました。待ちに待った出産もまったく予定通りにはいかず、急遽帝王切開になり……。そんな私を夫はずっと支えてくれました。ストレスかなんなのか、不妊治療中喚く私をなだめるところから、もちろん金銭的な面でも、ずっと私のしたいように協力してくれました。「私はとにかく元気な子を産むことだけ考えるので、名づけはあなたにすべて任せます」と、言っていたのはNIPT（新型出生前診断）の結果が出たとき。しばらくして待望の男の子とわかり、名づけ本を読み漁り考えてくれていました。入院中、名前の候補を2つまで絞ったのでどちらにするかは会ってから決めると意気揚々と語っていました。いざ、赤ちゃんに会ってみると、結局「もう一度考え直す」と名づけは白紙に戻り……。名前が決まったのは退院してしばらく経ち、出生届を出しに行く前日でした。とても小さく生まれてきた赤ちゃん。太陽の光をたくさん浴びて大きく育ってほしいと「晃大」とつけられました。今もうすぐ6カ月。すくすく大きく育ってくれて今では7.6kg。お父さんがくれた名前の	sound_row	https://baby-calendar.jp/knowledge/common/1552	bc
2022	M	か行	琥羽	こわ	虎のように強く美しくしなやかさを持ち、自由にのびのびと自分の個性を発揮し、羽ばたいて活躍できる人になってほしいという思いから名づけました。（ありささん）	sound_row	https://baby-calendar.jp/knowledge/common/1552	bc
2022	F	さ行	桜愛	さちか	昔から、男の子ならこんな名前、女の子ならこんな名前がいいなという名前がありました。しかし3年前、従兄弟に女の子が生まれ、私が考えていた名前で漢字も一緒の名前となったのです！ それから2年かけてまた女の子の名前の候補を考え、ようやくいいなと思う名前が見つかりました。が、昨年従兄弟に双子の女の子が生まれ、なぜかまたしても同じ名前に……。私が考えていた名前は特に誰にも言っていなかったのですが、従兄弟の3姉妹のうち、2人は私がつけようとしていた名前で、こんな偶然ももあるんだなと驚きました。そこからまたたくさんたくさん考えて、桜のように多くの人から愛されますように、周りの人をやさしい気持ちにできますように、やさしい子になりますように、という思いを込めて「桜愛」と名づけました。	sound_row	https://baby-calendar.jp/knowledge/common/1562	bc
2022	F	さ行	紗月	さつき	医療従事者である私にとって初めての妊娠はコロナ禍で不安だらけの10カ月でした。とてもつらかったつわりもコロナ禍でパニックな医療現場に疲れたときも、健診で見るエコーに癒やされ過ごしてきました。母から｢名前は両親が送る最初のプレゼントだよ｣と言われ、7カ月目のころから考えていましたが、結局破水をするころまで悩み続けました。最終的に「紗月」と名づけ、｢紗｣は母の名前（優衣）の｢衣のようにやさしく包む人になってほしい｣という由来から衣関連の字にしました。居住地が絹織物が名品ということもあり、育った場所を大切にしたいという思いもあります。「月」は、星々と共にやさしく光っていることから、自分とその周りもやさしく照らす子になってほしいという願いを込めています。	sound_row	https://baby-calendar.jp/knowledge/common/1562	bc
2022	F	さ行	真慧	さなえ	子どもはいたら楽しいだろうけど、高額で大変な治療をしてまで欲しいとは思わないよね」と話していた私たち夫婦ですが、結婚して3年経っても授からず、「このまま夫婦2人で暮らしていくのかな……」と思っていたところへやってきてくれた子です。妊娠初期から、エコーのときは必ず起きていて、足をぴょんぴょんバタバタさせて大暴れ。それを見るたびに、夫はきっと男の子だと言っていましたが、私は3カ月過ぎから何度か女の子が生まれる夢を見ていたので、早めに女の子だと性別がわかったときは驚きと「やっぱり……！」という気持ちが半々でした。せっかくなら意味を持たせた名前にしたいという意見は夫婦で一致し、ひらがなではなく漢字2文字の名前にすることは早々に決まりました。お互い気に入った響きの名前をメモしては、時間のあるときに漢字を探しまくる日々。読みに合う使いたい漢字がなかったり、姓とのバランスが微妙だったり……と大苦戦し、ようやく5つ以下に絞ったときにはすでに臨月を迎えていました。エコーの機械を当てられるのが嫌いなのか、いつも背中側を向いていたり、顔を手で隠したりしていたので、「顔出しNGのかまってちゃんだね」と言いながら、実際に顔を見て最終決定することに。そして「真慧」という名前を最初に出してきたのは夫です。夫は常々、「簡単に読める名前はつまらない」と言っていたので、「真」を「さな」と読ませるひねりと、意味も含めて気に入っていた「慧」の字を組み合わせたこの名前は夫のイチオシでした。当初は「読みにくいし、口頭で説明しにくい字だし……一歩間違えば『キラキラネーム』じゃない？」と消極的だった私も、何度も見るうちに不思議と愛着が湧き、生まれてからも候補の中で一番しっくりなじんだため、生後2日目に決定。年配の層にも受け入れてもらいやすい響きだからか、「いい名前だね」と言ってもらえることが多くて安心しています。名前の通り賢く、まっすぐに育ってほしいです。	sound_row	https://baby-calendar.jp/knowledge/common/1562	bc
2022	F	さ行	咲結	さゆ	咲」…笑顔で「結」…みんなを結んでいけるように、「咲」笑顔と「結」やさしさがある子に育つようにそんな願いを込めて名づけました。赤ちゃんがおなかの中にいたときに、新型コロナウイルス感染症にかかってしまい、申し訳なさと不安な思いで泣いていると、いつもトントンとおなかを蹴って励ましてくれていました。そのやさしさと明るさを名前としてプレゼントしたいと思い名づけました。また、自分の名前にも「咲」という字が含まれています。改めて名前辞典で調べてみると、この字には「笑顔」という意味が含まれていることを知りました。おなかにいるとき、日々の胎動の感じやエコー写真を見て夫からも私に似て活発で明るくてやさしそうな子だねと言われていたので、「咲」と言う字をプレゼントしたいと思い名前に含めることにしました。	sound_row	https://baby-calendar.jp/knowledge/common/1562	bc
2022	F	さ行	咲良	さら	3年の不妊治療や流産の経験を経て、やっと授かった大事な女の子です。私が通訳の仕事をしていることから、どこの国の人にも呼びやすく覚えてもらいやすい名前の響きにしたいという希望がありました。漢字の候補はいくつかありましたが、春生まれなので生命力のある花が元気良く咲いてくれるようなイメージで「咲良」とつけました。生まれて、毎日元気にスクスク育っています。	sound_row	https://baby-calendar.jp/knowledge/common/1562	bc
2022	F	さ行	颯来	さら	妊娠がわかってすぐに稽留流産の可能性があると告げられていました。しかし、なんと手術の入院を決める前の診察で心拍が確認できたのです。それから数日後に実家で飼っていた犬が突然亡くなりました。獣医さん曰く老衰だろうということでしたが、母と「この子がおなかの赤ちゃんを守ってくれんだろうね」と話しており、その大好きだったわんちゃんの名前の一部を取ることにしました。そのわんちゃんは男の子、子どもは女の子ということで読み方を変えて名づけることに。とても元気でかわいい子どもです。後ろで大好きなあのわんちゃんが見守ってくれているように思います。（きな粉さん）	sound_row	https://baby-calendar.jp/knowledge/common/1562	bc
2022	F	さ行	織	しき	生まれる前に夫と2人で「桜」？「真理」？などいろいろと考えていましたが結局「生まれたときに思いついた名前にしよう」ということに。そして、生まれたときにふと頭に浮かんだ名前が「織」でした。とあるアニメの女性キャラクターの名前であることと産声がすごく力強かったので、強く、たくましく育ってほしいと思いこの名前にしました。	sound_row	https://baby-calendar.jp/knowledge/common/1562	bc
2022	F	さ行	志帆	しほ	子どもの名前を決めることになかなか夫が乗り気になってくれず、あっという間に産休、そして予定日まで2週間となってしまいました。どうしようかと、ひとりモヤモヤしていましたが、夫はスイッチが入るとすごいので気長に待つことに。予定日の5日前、夫の誕生日だったため焼肉へ。そこで急に、「心が入った漢字を入れたい」とキラキラした目で言ってきてくれました。私と夫、2人の名前の漢字にはそれぞれ「心」が入っています。そのため、共通の字を使いたいと。そして、インターネットで検索して「志」がいいのではとなりました。目標に向かって志を持って進める子にと。私が、名前は2文字がいいと決めていたので、あとは「志」に合う漢字を探しました。そして、響き、意味ともにいいなと思える名前に出合えました。「志帆」――夢や目標に志を持ってどんどん進めるように。いろいろなことにチャレンジできる人生を歩んでほしいと決まりました。名前が決まりひと安心。すると、なんだかおなかに痛みが。陣痛がきたのです。段々と間隔が短くなり、あっという間に10分間隔に。初産だったので産院に連絡し向かいました。「まだ子宮口は1cmだけど、進みがいいかもね」とそのまま入院。どんどん痛くなり、こんなに痛いものかと何度も意識が遠のきましたが、夫が立ち会えたのでたくさん助けてもらいながら無事に出産しました。「初産なのにママもパパも赤ちゃんも頑張りました！ すごいですね！ ど安産です！」と褒めてもらいました。早速、ママとパパに会いたいという目標に向かって進んでくれたようでうれしかったです。9カ月になった今、いろいろなことに興味津々なようでハイハイしては、つかまり立ちしたりと忙しいですが、ニコニコの笑顔に癒やされています。どんどん大きくなってね！（志帆ままさん）	sound_row	https://baby-calendar.jp/knowledge/common/1562	bc
2022	F	さ行	翠	すい	翡翠」の色のように澄んだやさしい子になりますように。「翡翠」の石言葉は「健康」と「幸福」。翠の人生が健康で幸せに溢れますようにと願っています。	sound_row	https://baby-calendar.jp/knowledge/common/1562	bc
2022	F	さ行	涼葉	すずは	涼しく、葉っぱが青くたくさん茂っている時期に生まれたからつけました。（豚の角煮さん）	sound_row	https://baby-calendar.jp/knowledge/common/1562	bc
2022	F	さ行	世梛	せな	世」には、「親から引き継ぐ」という意味があることから、私たちが親からもらった愛情を、この子にも同じように引き継がれますようにという思いを込めました。また、「世」の漢字には30年という意味もあり、私たちが30歳のときの子であること、私たちの親も30歳のときに私たちを生んでいることも運命だと感じました。「梛」は裏表のない葉を持つため、正直で素直な子に育ってほしいという思いと、裂けにくい葉であることから「縁が切れない」縁起の良い木とされるようです。この子を通じて夫婦の仲もより良くなるようにという思いを込めました。（まゆさん）	sound_row	https://baby-calendar.jp/knowledge/common/1562	bc
2022	F	さ行	奏葉花	そよか	奏でる」の「奏」という漢字を使った名前にしたいね、と夫と意見が合致し考えました。「奏」は、合奏をイメージし、自分の技術をコツコツと磨き上げ、かつ周りとのハーモニーを意識してひとつの音楽を奏でるように、努力を積み上げられて、協調性のある子に育ってほしいという思いを込めました。そして、「そよか」の読みは直感です（笑）。あだ名呼びで「そよちゃん」と呼びたかったことと、葉っぱがそよ風でヒラヒラしている清々しい日をイメージし、「葉」と、情景に合った「花」を使いました。（そよままさん）	sound_row	https://baby-calendar.jp/knowledge/common/1562	bc
2022	M	さ行	真政	さだかず	真」はパパである夫から1文字取り、「政」は「かず」という漢字の選択肢の少なさから……。「真っすぐに、正しい道を進むように」「真実を大切に、進んで行けるように」という意味を込めました。（みみみさん）	sound_row	https://baby-calendar.jp/knowledge/common/1553	bc
2022	M	さ行	志優	しゅう	志し高く、夢を持って。そしてやさしくたくましく、自分の頭で考え、行動し生きていってほしいという思いから名づけました。	sound_row	https://baby-calendar.jp/knowledge/common/1553	bc
2022	M	さ行	翔太郎	しょうたろう	苗字が1文字でなので、名前のリズム的に漢字3文字、読みがな5文字以上にしようと夫と考えていました。お互い3つくらい候補を考えてその中から決めるという方法でした。漢字は違っていましたが、相談もしていないのにお互い「しょうたろう」という名前が共通していました。画数診断をしたり、漢字のバランスを見たりして「翔太郎」に決定しました。	sound_row	https://baby-calendar.jp/knowledge/common/1553	bc
2022	M	さ行	迅	じん	名づけとは、世界一短い詩の創作であり、わが子は絶世の美貌に違いないという親バカ願望を自制する鍛錬であり、今まで培ってきた教養の集大成であり、いい人生を送ってほしいという祈りを贈る儀式である」と壮大に語った祖父の言葉を、幼いころの私は半分も理解していませんでした。私は教師となり、名簿に並ぶ詩をいくつも見てきましたが、当時の私は出産はおろか結婚もする気もなく、大して気にも留めていませんでした。ところが2年前に結婚、1年前に妊娠し、なんと私も詩人になるときが。祖父の言葉をそのとき初めて理解したのです。あの言葉は決して大げさではなかったのだ、と。写真合成アプリで私と夫から予想される子どもの顔とにらめっこをし、万葉集から星座表までひっぱりだし、用紙いっぱいに候補を書き連ねました。胎児ネームは寅年に生まれる子という意味で「ことらちゃん」とつけていましたが、本命は一向に決まらなかったです。年の瀬に大掃除をしていると、写真の束が出てきました。祖父に抱っこされている私から、父とボール遊びをしてる私、そして夫と食事をしながら笑う私まで。そこで祖父が言っていた名づけ方法を夫に話すと、夫も喜んでくれました。「名づけとは、世界一短い詩の創作であり、わが子は絶世の美貌に違いないという親バカ願望を自制する鍛錬であり、今まで培ってきた教養の集大成であり、良い人生を送ってほしいという祈りを贈る儀式であり、生んでくれたこと、生まれてきてくれたことに感謝を示すメッセージである」。だから私はこの子のルーツである親族の男性の数字を足した「十」を息子に授けることにしました。「一二三」という祖父の名が6割を占めていることを、天国の祖父に伝えたい。	sound_row	https://baby-calendar.jp/knowledge/common/1553	bc
2022	M	さ行	芯一	しんいち	柳のようにしなやかに強い人になってほしくて名づけました。ちょうどコロナ禍の妊娠出産で、働き方もどんどん多様化しました。私自身も従来の考え方や常識では追いつけない変化を実感。今後このような社会や世の中の変化の流れにもうまく乗って、楽しく生きてほしいです。（しんちゃんさん）	sound_row	https://baby-calendar.jp/knowledge/common/1553	bc
2022	M	さ行	晴大	せいた	予定日が7月5日で梅雨時期なこともあり、「晴」という字を使いたい、ということに。雨はネガティブで憂うつになりがちですが、樹木にとっては恵みの雨。梅雨の時期に雨をたくさん受けてのびのびと育つ樹木のように元気に大きくなってほしい。そして、止まない雨はないことから、困難に直面しても前向きに乗り越えていけるように。また、梅雨時の晴れ間は人を喜ばせたり、ホッとさせる力があることから、安心感のあるあたたかい人になってほしい、という願いを込めて命名しました。しかし、予定日を過ぎてもなかなか生まれず……。今年は早い梅雨明けだったにもかかわらず、天気も雨で肌寒い日々。そんな中入院して、促進剤での出産に。お産は助産師さんもビックリの2時間で超安産！ 誕生日当日は晴天でとても気持ちのいい日で、「きっとこの日を待っていたんだね」と言われるくらい名前にピッタリな日でした。今でも出産を終えて病室に戻るときに見た、眩しくて明るい夏空と太陽が忘れられません。	sound_row	https://baby-calendar.jp/knowledge/common/1553	bc
2022	M	さ行	惺渚	せな	私たちが付き合う前に、夫から「高校生のときからつけたい名前がある」と言われてました。でもそれはもし一緒になれたら教えてくれるとのことで秘密にされてました。そして私たちが付き合うことになり、自分の子どもにつけたい名前を聞いたところ、「せな」という名前がよくて星が大好きなので「星」の漢字を入れたいと言われました。女の子でも男の子でもどちらの性別になってもつけたいと。私はそれを聞いたとき、「すごくいい名前だな」と思いましたが、女の子ぽいイメージだったので女の子だったらつけようと思っていました。その後、結婚し妊娠をすると……性別は男の子でした。女の子ならつけようと考えていたため、候補の名前にするか正直とても悩みました。そこで私の母親に相談したところ、私が小学生のころ、「もし子どもができたら『せな』って名前にするって言ってたわよ」と母から言われたのです。夫とつけたい名前が一緒だったなんて、とまさかすぎて驚いてしまいました。それと共に、改めて運命を感じた瞬間でもありました。そのこともあり、性別は男の子でも「せな」という名前に。漢字は2人で考えて2人が納得した、澄み切った清い心、包容力あるやさしい子という意味が込められた「惺渚」という漢字にしました。	sound_row	https://baby-calendar.jp/knowledge/common/1553	bc
2022	M	さ行	善	ぜん	子どもの名前は何にする？」と聞いても「男の子なら鉄人と書いてアイアンマン」と終始ふざけていたマーベル好きの夫。私も夫も名前に濁点がついていることから、ふと浮かんだ名前が「善」でした。名前をつけてから気づいたことですが、「善人」の「善」なんて、すっごくスーパーヒーローの名前みたい！と気づき、気に入っています。将来は夫の好きなヒーローたちみたいにやさしく強い男の子になってくれると期待しています。（たらこ好きママさん）	sound_row	https://baby-calendar.jp/knowledge/common/1553	bc
2022	M	さ行	奏輔	そうすけ	上の子が産後6カ月のときに妊娠がわかり、予想以上に早くきてくれたことのうれしさと、上の子がまだまだ赤ちゃんなのでうまく子育てできるのかと不安な気持ちから妊娠生活がスタートしました。妊娠7カ月で切迫早産の診断。上の子のお世話が十分にできず、夫や両親、義両親、子育てセンターの方々、たくさんの方の助けを借りて、妊娠生活を乗り越えました。そんな背景から、赤ちゃんにはさまざまなことに感謝ができるやさしい男の子になってほしい、そして、そんな名前にしたいと思うようになりました。一番にサポートしてくれたパパが「○○輔」という名前なので、子どもも同じ「輔」をつけられる名前でいいのがないかなぁと探していました。そこで、私の大好きな音楽を表す「奏」が目に留まりました。「奏」には人を音楽のように癒やし、人と調和し、穏やかでやさしいイメージがあり、ぴったりだと感じました。奏輔くん、あなたが生まれる前にたくさんの人がやさしく助けてくれました。あなたも周りの人にやさしく感謝される男の子になってほしいです。	sound_row	https://baby-calendar.jp/knowledge/common/1553	bc
2022	M	さ行	蒼太	そうた	妊娠後期になったころ、名前を決めるため名前の辞典を買いました。毎日夫と2人で辞典を見ながらあの名前がいいねなど話し合っていましたが2人の意見が合わず、なかなか名前が決まりませんでした。私たちは普段から意見が合わないことがあり、子どもの名づけでも同じでした。そんな中、いつも通り2人で名前辞典を見ていたところ、「そうた」という名前が2人とも目に留まり、そのとき初めて2人の意見が合ったのです。これを運命だと感じ「そうた」に決めました。春生まれなので、さわやかで聡明なイメージがある「蒼」という字を使って、画数のよさも考え「蒼太」としました。名前が決まってからは毎日おなかをさすって、蒼太に会えるのを楽しみにしていました。名前のとおり、聡明で元気な男の子に育ってほしいです。	sound_row	https://baby-calendar.jp/knowledge/common/1553	bc
2022	M	さ行	奏良	そら	夫が長崎県出身で自然豊かなところで育ったのですが、ふと空を見上げたときにその空が今まで見た中で一番きれいだったらしく、「そらと名づけよう」と思ったようで、私に提案してくれました。夏生まれなので、とてもさわやかでいい名前だと思い、私もすぐ賛成しました。漢字は意味や画数をいろいろ調べ、「周り和ませられる、協調性のあるやさしい子に育ってほしい」という意味を込め「奏良」と名づけました。	sound_row	https://baby-calendar.jp/knowledge/common/1553	bc
2022	M	さ行	碧空	そら	11個離れたお兄ちゃんが「璃空（りく）」といいます。ずっと兄弟が欲しいといつもおねだりしていたりく。けれどなかなか授かれず、諦めかけたころ、やっと実りました！ しかし、お兄ちゃんにも伝えた矢先、成長することはなく天国へ。とてもとても悲しく自分を責めることもありましたが、その後またママたちのところにやってきてくれました。今回もまた……と私は不安になりましたが、すくすく大きくなってドンドコ胎動も激しく成長してくれ、念願の第二子が誕生！！ 男兄弟ということで、兄弟の名前の結びつきと自然を表すような名前を大切にして、下記3つの軸で名づけました。「璃空、碧空」…璃も碧も青い宝物という意味があり、私たちのかけがえのないタカラモノという根幹の意味。「碧」…年の離れた兄弟ということもあり、「碧」には青い空にかけて、世界中どこにいても空は繋がっている。璃空と碧空はどこにいてもお互いを支え合える存在として繋がっている世界で2人だけの兄弟だよという意味。「空」…兄弟共通で、青く澄んだ空のように、大きく広い心と、晴れやかな笑顔を持つ子になってねという思いを込めて。空は時に暗雲に包まれても雨の後は虹がかかり晴れをもたらす。そんな空のように、人生つらいときも晴れを信じて幸せになってほしい。笑顔溢れる家族でいたいという夫婦のモットーからも兄弟の名前をリンクさせてつけました。やんちゃ盛りなお兄ちゃんはようやくできた弟にメロメロです！（りく&そらママさん）	sound_row	https://baby-calendar.jp/knowledge/common/1553	bc
2022	F	た行	太瑛	たえ	なかなか女の子に「太」という字は当てないと思います。しかし、ママの大好きなパパは「健太郎」。たーちゃんが生まれるまで、一番かわいがっていた実家の飼い猫の名前は「金太郎」と、ママの大好きで大事なものには「太」が入っていることもあり、この字を選びました。たくさんの幸せを願って画数と音の響きを考え、かわいい名前をパパがつけてくれました。（たーちゃんママさん）	sound_row	https://baby-calendar.jp/knowledge/common/1563	bc
2022	F	た行	鼓	つづみ	太鼓の鼓のように、いつもピンッ！と胸を張って力強く生きてほしい。そして、工夫しだいでどんな音色でも出せることを忘れずに……。人生を楽しんで。みんなあなたの応援団だよ！	sound_row	https://baby-calendar.jp/knowledge/common/1563	bc
2022	F	た行	紡	つむぐ	夫の趣味がジャズ演奏のため「音を紡ぐ」ということ。私の幼少期の遊び場が祖母と母の洋裁場だったため「糸を紡ぐ」こと。夫と私が育ってきた中で、身近にあった思い入れの強い事柄から「紡」と名づけました。「紡」には、「綿や繭からその繊維を引き出し、よりをかけて強い糸を作る」という意味があるので、その字の通り、いろいろな経験を積み上げ、賢くたくましく育ってほしいなと思います。（ロロさん） 歴代の赤ちゃんの名づけエピソード大賞 2022年赤ちゃんの名づけエピソード大賞 ＞ 2021年赤ちゃんの名づけエピソード大賞 ＞ 2020年赤ちゃんの名づけエピソード大賞 ＞ 2019年赤ちゃんの名づけエピソード大賞 ＞ 2018年赤ちゃんの名づけエピソード大賞 ＞ 2017年赤ちゃんの名づけエピソード大賞 ＞ 2016年赤ちゃんの名づけエピソード大賞 ＞ 2015年赤ちゃんの名づけエピソード大賞 ＞ 歴代の赤ちゃんの名前ランキング 2022年赤ちゃんの名前ランキング ＞ 2021年赤ちゃんの名前ランキング ＞ 2020年赤ちゃんの名前ランキング ＞ 2019年赤ちゃんの名前ランキング ＞ 2018年赤ちゃんの名前ランキング ＞ 2017年赤ちゃんの名前ランキング ＞ 2016年赤ちゃんの名前ランキング ＞ 2015年赤ちゃんの名前ランキング ＞ 2014年赤ちゃんの名前ランキング ＞ 2013年赤ちゃんの名前ランキング ＞ 2012年赤ちゃんの名前ランキング ＞ 2011年赤ちゃんの名前ランキング ＞ 2010年赤ちゃんの名前ランキング ＞ あなたの“今”の悩みを専門家に無料で相談できます 自分だけでは解決できない不安やお悩みは、助産師や管理栄養士などの専門家に個別相談してみませんか？ 専門家に相談する その他についての悩み もっと見る 専門家に相談する 妊娠・育児アプリ ベビーカレンダー記事制作の取り組み ＼ この記事にいいね！しよう ／ 0 クリップ 現在ログインしていません。 ログイン しますか？ シェアする 名前ランキング検索 ベビーカレンダーが独自で調査・集計した2017年以降に生まれた赤ちゃんの名前データの中から、知りたい名前の順位、よみの順位、漢字の順位を見ることができます。 【名前で検索】【よみ方で検索】が名前の一部で検索できるようになりました！ 名前で検索 男の子 女の子	sound_row	https://baby-calendar.jp/knowledge/common/1563	bc
2022	M	た行	大鷹	たいよう	苗字が「アカイ」なので「赤い〇〇」という名前にしたいと思い、上の子は「富士」を入れた名前にしました。そのため、次男は「鷹」を入れて『一富士二鷹』にして兄弟の繋がりをもたせました。また、「赤いタイヨウ」という読みで太陽の意味もあり、みんなを照らす明るい子になってほしいという思いも込めています。	sound_row	https://baby-calendar.jp/knowledge/common/1554	bc
2022	M	た行	汰織	たお	これからの長い道のりを自分らしく！という意味にしたくて、物事の良き悪きの判別ができるという意味を持つ「汰」。そして、長い物事の始まりの意味を持つ「織」としました。「たお」は中国では「道」という意味があります。お父さんの名前が「迪也」＝「自由な道なり」との意味で、同じく意味に「道」が入っています。明るくまっすぐで素直で素敵なお父さんのように、あなたにも素敵な道の途中で、素敵な人とたくさん出会い、素晴らしい人生が待っていますように！ その名前を、愛を込めてたくさん呼んでもらえますように。私たちからの最初のプレゼントです！	sound_row	https://baby-calendar.jp/knowledge/common/1554	bc
2022	M	た行	巧真	たくま	何事にも挑戦し、人生をうまく、真面目に生きてほしいという願いを込めて名づけました。そして、誰にでもやさしく思いやりと助け合いの心を持って人生を歩んでほしいです。	sound_row	https://baby-calendar.jp/knowledge/common/1554	bc
2022	M	た行	拓弥	たくみ	夫婦とも高齢で2人目は諦めていたところ、思いがけず授かった2人目。妊娠中、夫が「『拓』という字が降りてきた！」とのこと。夫婦高齢で長くは一緒にいられないだろうし、未来や運命を自分で切り拓いていけるたくましい子に育ってほしいとの思いと一致したため、「拓」の字を採用。「広げていく、成長、発展」などの意味やイメージを持つ「弥」とあわせて名づけました。	sound_row	https://baby-calendar.jp/knowledge/common/1554	bc
2022	M	た行	丈陽	たけはる	1,088gと極低体重児として生まれてきたこともあり、丈夫で太陽のように、明るい子に育ちますように♡という意味を込めました！	sound_row	https://baby-calendar.jp/knowledge/common/1554	bc
2022	M	た行	環	たまき	環」の漢字には「輪」という意味があり、人との繋がりを大切に思ってほしいという願いから。また、「たまき」という言葉には「腕輪、輪形の装飾品」の意味もあり、宝石を連想させることから、自分のことを大切に、自分のことを愛せる人になってほしい。自分のことを大切にできる人は、人（相手）のことも大切にできます。人生が愛で溢れたものになりますように、という願いが込められています。（ズーモーチャンさん）	sound_row	https://baby-calendar.jp/knowledge/common/1554	bc
2022	M	た行	千晴	ちはる	長男は「月陽」、長女は「明里」で、2人とも「月」と「日」という漢字を使っています。そこで次男にも同じく月と日を込めて「千晴」にしました。3人とも月日の流れを感じ、1日1日を大切に生きてほしいと思っています。そして、私の実家の姓である「千葉」の姓を次ぐ人がもういなくなってしまうので名前に「千」を入れました。みんなの思いが詰まっています。	sound_row	https://baby-calendar.jp/knowledge/common/1554	bc
2022	M	た行	千紘	ちひろ	コロナ禍のため、結婚式を1年延期してその後すぐに妊娠がわかりました。そして、妊娠30週のときに急な腹痛とおなかの張りを感じ、病院へ行くと切迫早産と診断されました。里帰り出産の予定だったのですが早く受診したほうがいいと言われ、里帰り先の病院では、「悪くなっているから次回、子宮頸管長が20mmを切ったら入院」と言われました。次の健診では薬をきちんと飲みずっと横になっていたため、入院にはなりませんでした。妊娠38週の健診では、子宮口は1cmしか開いておらず出産はまだまだかなと言われ、予定日近くかなと思っていました。その翌日の夜中に破水だと思ったら大量の出血をしていて病院へ。その際、先生から家族への説明で、「病院へきた際から、血圧が高く妊娠中毒症の重症です。母子ともに危険な状態です。朝まで血圧を下げる点滴をしてその後様子をみます。緊急帝王切開や他の高度医療病院へ緊急搬送も考えられるので覚悟しておいてください」とのこと。私はいきなりのことでびっくりして、このまま夫や父母や家族に会えなくなるのではととても不安になりました。その後、陣痛がきて、無痛分娩で少し小さいながら母子ともに無事に出産することができました。妊娠中に夫と名前を、響きやインターネットなどから探して候補はいろいろと出していました。出産後、面会にきてくれた夫と話して「律」と「千紘」が候補になりました。最後の決め手は私が病室でベビーベッドの中のわが子を心の中で「ちーくん、ちーちゃん」と呼んでいたこと。翌日、面会にきた夫にその話をして、姓名判断もいいしどうかな？と言うと「いいよ」と言ってくれたため「千紘」になりました。出産時はどうなることかと思いましたが、今、千紘が笑いかけてくれることが何よりうれしく家族3人で仲良く暮らして行きたいなーと思う今日このころです。（千紘ママさん）	sound_row	https://baby-calendar.jp/knowledge/common/1554	bc
2022	M	た行	司	つかさ	私の弟の名前に「司」（つかさどる）という字がついており、男の子なら「司（つかさ）」にしたいなと思い、この名前にしました。人を束ねるという意味もあり、将来は人の前に立つ場面でリーダー的存在になってほしい、人を束ねていく存在になってくれたらと思い名づけました。	sound_row	https://baby-calendar.jp/knowledge/common/1554	bc
2022	M	た行	繋	つなぐ	6人姉弟の6人目として誕生しました。5人目の長男を「想」と書いて沖縄の方言で「うむい」と名づけました。そのため、6人目に最後と決めた出産で生まれてきた次男には「想いをつなぐ」という意味を込めて「つなぐ」と名づけました。家族の輪をつなぐ、ご先祖様から受け継がれてきたものを未来につなげていく、人と人とのご縁をつなぐ、架け橋となるような存在になりますようにとの思いを込めて。（イリオモテイエネコさん）	sound_row	https://baby-calendar.jp/knowledge/common/1554	bc
2022	M	た行	杜空	とあ	新潟の大自然の中でのびのびと育ってほしい！という気持ちから、漢字も自然な文字を入れたい！と思い、土の中でしっかり根を張って、木のようにまっすぐ、空のように大きな心で誰にでもやさしくのびのびと自由に育ってほしい！という意味で「木」、「土」、「空」を入れ「杜空」になりました！	sound_row	https://baby-calendar.jp/knowledge/common/1554	bc
2022	M	た行	叶空	とあ	かわいくもあり、カッコよくもある名前にしたいと思っていて、夫婦共に両親にやりたいことをさせてもらって育った部分と途中で諦めた夢の両方があったので、わが子には夢や自分のしたいことを諦めずに納得いくように最後までやり遂げてほしいと思っていました。また、周囲の人のおかげで夫婦共に成長させてもらえたので、わが子もやさしく思いやりがある子に育って欲しいと思い「叶空」という名前をつけました。	sound_row	https://baby-calendar.jp/knowledge/common/1554	bc
2022	M	た行	灯希	とうき	雪がたくさん降った冬の日に生まれました。雪の降る、冬の寒い日に2,311gで生まれましたが助産師さんたちのおかげで低体温にもならず、しっかりミルクを飲んで退院できる体重になるまで入院生活を延長し頑張ってくれました。予定日より3週早く生まれたので、そのときはまだ名前は画数のいい漢字の候補をいくつか出したところでした。入院中は面会できなかったので夫とは電話やLINEをして候補から名前を選びました。寒い冬、コロナ禍で人と触れ合う機会も減る。そんな中でもあたたかくやさしい子になってほしくてこの名前にしました。灯火のようなあたたかい、希望に満ちた存在です。育児をしていると、冬期オリンピックが開催され、スポーツ選手がたくさん活躍されていることをニュース番組などで見ていました。それにちなんで、子どもの成長を感じる姿を灯希オリンピックと呼びながら育児を楽しんでいました。	sound_row	https://baby-calendar.jp/knowledge/common/1554	bc
2022	M	た行	燈真	とうま	義父はキャンプが好きでお友だちも多い方です。キャンプファイヤーの火にお友だちが集まる……「燈」は灯の旧字。灯りのところに人が集まるように、お友だちや周りの人に囲まれるような人になってほしい。「真」はまっすぐな人になってほしい。義父に憧れている夫がこのような思いを込めてつけました。（燈真ママさん）	sound_row	https://baby-calendar.jp/knowledge/common/1554	bc
2022	F	な行	菜緒	なお	明るく前向きに、そしてやさしく思いやりのある子にと考えてつけました。もともとはまったく違う名前を検討していましたが、どんな子がいいかと考えていくうちに、意味合いからこの名前になりました。周りには言っていませんが、実は、思い描くイメージ通りな憧れの先輩が同じ名前です。先輩みたいな素敵な子になってほしいです。	sound_row	https://baby-calendar.jp/knowledge/common/1564	bc
2022	F	な行	凪	なぎ	コロナ禍や戦争、温暖化からの異常気象など……。私たちが生まれた時代からは予想にもしなかったことが起こっている昨今。2020年からは特に、いろいろと目にしたくない耳にしたくない事柄が起きていて、正直生きているのがやっとなくらい疲弊してるときもあるなと感じています。それでも生まれてくる命に罪はないし、どうにかこの子の未来を少しでもいいものにしたい。そして私自身、不妊治療を経て授かった経緯もあり、決してラクな人生ではなかったけど子どもの顔を見るだけで曇っていた心がスッと晴れて落ち着けます。おなかにいるときから名前は決めていましたが、生まれて顔を見た瞬間に「やはりこの名前だ」と改めて思いました。「きっと平坦な瞬間ばかりではないけれど、あなたがいることで誰かの心が穏やかになり、あなた自身いつも穏やかで落ち着いた人生を歩めますように」と思っています。	sound_row	https://baby-calendar.jp/knowledge/common/1564	bc
2022	F	な行	渚	なぎさ	海のみんなが集まってくる場所」、「憩いの場」、「安心できる場所」という意味から、友だちなどみんなから寄ってこられる人になってほしいと願いを込めて。家族一同で考えて命名しました。	sound_row	https://baby-calendar.jp/knowledge/common/1564	bc
2022	F	な行	渚	なぎさ	私たち夫婦が2人ともスピッツが好きで、雑貨屋で知り合い仲良くなったきっかけもお互いスピッツが好きだったことでした。そのため、4歳のお兄ちゃんの名前は大好きな曲から「みなと」。下の子は、真夏に生まれたことと、こちらも大好きな曲から「なぎさ」とつけました。パパのおばあちゃん家が海の近くにあり、おじいちゃんはもともと海の男だったので、海関連の名前で喜ばれています。	sound_row	https://baby-calendar.jp/knowledge/common/1564	bc
2022	F	な行	和	なごみ	周りの人をなごませるような子になりますように」という思いが一番でした。また、実はお兄ちゃんが「匠」で「たくみ」、ママが「里美（さとみ）」なので、漢字1文字で読みが3文字に、そしてできたら最初の母音が「な行」がいいなぁと思っていました。名づけの時点で「和（なごみ）」を見つけ、そのまま夫もオッケー！ 生まれる前から「なっちゃん」と呼んでおり、お兄ちゃんの保育園のお友だちも「なっちゃん、なっちゃん」と呼んでくれ、みんながかわいい笑顔になごんでいます。（たっくん、なっちゃんママさん）	sound_row	https://baby-calendar.jp/knowledge/common/1564	bc
2022	F	な行	和	なごみ	夫婦と子ども1人の生活の中、仕事と育児で夫婦ともに余裕がなく、落ち着かない生活の中でこの子の妊娠がわかり、私たちがこの子の存在に和ませてもらい、この子自身も穏やかにのびのびと成長してほしいという願いを込めて名づけました。	sound_row	https://baby-calendar.jp/knowledge/common/1564	bc
2022	F	な行	菜月	なつき	念願だった赤ちゃん。5番目に生まれてきたのが菜月ちゃんです。上4人とは父親が違います。でも、上の子たちともずっと仲良く繋がっていてほしくて、上のお姉ちゃんたちと名前がつながるように愛莉→莉菜→菜月とつけました。久々の赤ちゃんということもあり、私自身うれしい気持ちでいっぱい。かわいらしい、月のようにやさしく穏やかな魅力を持つ人になってほしいという意味も込めています。	sound_row	https://baby-calendar.jp/knowledge/common/1564	bc
2022	F	な行	渚月	なつき	昔からスピッツが大好きで、特に『渚』という曲が大好きでした。その歌詞の中に「渚は2人の夢を混ぜ合わせる」という部分があります。長年不妊治療してできた待望の子。夫と私の夢そのもので、この歌詞から「渚」という文字を使いたくてこの名前にしました。（なっちゃんママさん）	sound_row	https://baby-calendar.jp/knowledge/common/1564	bc
2022	F	な行	新夏	にいな	夫婦で「にいな」という響きがかわいいし、外国の方もわかりやすいかな、と気に入っていたのですが、なかなか漢字が決まらずでした……。そして生まれてきた日は6月なのに猛暑日となり、生まれた時間も14時と一番暑くなる時間。そこで、私たち家族に新しい夏を運んできてくれた子、明るく元気に育ってほしいという思いを込めて「新夏」と名づけました。（さくらさん）	sound_row	https://baby-calendar.jp/knowledge/common/1564	bc
2022	F	な行	野衣禾	のえか	妊娠中に散歩をしているときに、ふと降りてきた名前です。画数のよい漢字を当てはめてみたら、野菜の「野」、衣服の「衣」、雑穀やお米を意味する「禾」の3文字になりました。有機農家として自給自足的な暮らしをしている私たち夫婦2人にとって、暮らしの中で一番大切にしているものとなりました。	sound_row	https://baby-calendar.jp/knowledge/common/1564	bc
2022	F	な行	望実	のぞみ	名づけ本を見ながら、やさしい性格になるような名前を調べていました。他に夫と別の名前で「あやな」がいいとか「ななみ」がいいとかいろいろと意見交換しながら「のぞみ」になりました。漢字についても希望もお互いに言い合いながら、どんなのがいいかなと考え、画数の良さで決めました。	sound_row	https://baby-calendar.jp/knowledge/common/1564	bc
2022	F	な行	野々花	ののか	夫とは2年前に出会い結婚しました。当初は夫婦共働きで、共に30代40代と年齢が押しているのもあり「早く子どもが欲しいね」と妊活に励むことに。そして、妊娠がわかり喜びに満ちていましたが、うれしかった日々も束の間。その後の健診で初期流産がわかりました。初めて子どもを授かった私にとってとてもショックで「どうして私が……？」と自分を責め、悲しみで気力を失うこともありました。それでもめげず妊活に励み、それから1カ月を経たずして次の妊娠がわかりました。今度は無事に生まれてきてほしいと願い、出産予定日を10カ月間と少し超過して、16時間という葛藤の時間を挑んだ結果、流産することなく無事出産。娘も頑張って出てきてくれました。そんな娘には、草木の「花」のように丈夫でなおかつ、このコロナ禍という逆境にも負けず、健やかに育ってほしいと願い「野々花」という名前に決めました。（ののママさん） 歴代の赤ちゃんの名づけエピソード大賞 2022年赤ちゃんの名づけエピソード大賞 ＞ 2021年赤ちゃんの名づけエピソード大賞 ＞ 2020年赤ちゃんの名づけエピソード大賞 ＞ 2019年赤ちゃんの名づけエピソード大賞 ＞ 2018年赤ちゃんの名づけエピソード大賞 ＞ 2017年赤ちゃんの名づけエピソード大賞 ＞ 2016年赤ちゃんの名づけエピソード大賞 ＞ 2015年赤ちゃんの名づけエピソード大賞 ＞ 歴代の赤ちゃんの名前ランキング 2022年赤ちゃんの名前ランキング ＞ 2021年赤ちゃんの名前ランキング ＞ 2020年赤ちゃんの名前ランキング ＞ 2019年赤ちゃんの名前ランキング ＞ 2018年赤ちゃんの名前ランキング ＞ 2017年赤ちゃんの名前ランキング ＞ 2016年赤ちゃんの名前ランキング ＞ 2015年赤ちゃんの名前ランキング ＞ 2014年赤ちゃんの名前ランキング ＞ 2013年赤ちゃんの名前ランキング ＞ 2012年赤ちゃんの名前ランキング ＞ 2011年赤ちゃんの名前ランキング ＞ 2010年赤ちゃんの名前ランキング ＞ あなたの“今”の悩みを専門家に無料で相談できます 自分だけでは解決できない不安やお悩みは、助産師や管理栄養士などの専門家に個別相談してみませんか？ 専門家に相談する その他についての悩み もっと見る 専門家に相談する 妊娠・育児アプリ ベビーカレンダー記事制作の	sound_row	https://baby-calendar.jp/knowledge/common/1564	bc
2022	M	な行	成央	なお	次男はどんな名前にしようか……長男のときに一生懸命考えつくしたこともあり、なかなか2人目の名前というのがピンとこず出産を迎えました。夫は格闘技ファンで、井上尚弥選手から名前をもらいたいとのことでしたが、苗字とのリズムが合わず、いろいろな漢字を当てても画数が合わず……。生まれて3日目「なお◯」ばかり考えていました。しかし、いろいろと考えるうちに「なお」はどうだろうか？とひらめき、さっそく夫に連絡すると、ようやく「いいね！」の返答が。早く決めなきゃという焦りやプレッシャーもありましたが、2人の意見が一致した瞬間、うれしくて涙がこぼれました。漢字は当て字っぽいですが、古風でもなく今っぽすぎるわけでもなく、大らかな感じがして気に入っています。	sound_row	https://baby-calendar.jp/knowledge/common/1555	bc
2022	M	な行	尚希	なおき	6月3日に出産予定でしたが、5月26日に出産しました。この日は、GLAYのTAKUROさんの誕生日。実は、私たち夫婦はGLAYさんの大ファンで驚きが止まりませんでした。おなかの子も、わかっていたのかな？ GLAYさんとの繋がりを少しでも感じたくて、私の名前の1文字と、私が大好きなGLAYのHISASHIさんから「尚」の1文字をもらい、「尚希」にしました。夫も喜んでいます！	sound_row	https://baby-calendar.jp/knowledge/common/1555	bc
2022	M	な行	直希	なおき	まっすぐ、希望に向かって頑張れる子になってほしいということで名づけました。夫からはリーダーシップがとれるような強い名前にしたいという要望があり、私は自分の名前にある「希」の文字を使いたくて、姓名判断でいい名前で選びました。また、苗字の画数が多いので、なるべく画数の少ない文字で考え「直希」となりました。	sound_row	https://baby-calendar.jp/knowledge/common/1555	bc
2022	M	な行	凪帆	なぎほ	パパとはひと回り以上も歳が離れているため、お出かけするときはゆっくり話ができるようにドライブがメイン。私は海に朝日を見に行くのが好きだったので、夜遅くに迎えに来てもらい海に行くのがお決まりのデートコースでした。そこで撮った写真をふと見ると太陽の光がレンズに反射し、私のおなかのところに写っていました。その数カ月後に妊娠がわかり、「もしかしてあのとき、きてくれたのかな～」と2人で盛り上がったことを覚えています。夫婦にとって思い出のある海なので、海にちなんだ名前をつけたいと思っていました。その海はとても穏やかなイメージがあり、穏やかな心を持ってほしいという思いから「凪」という漢字を。そして、順風満帆な人生を歩んでほしいという願いから「帆」という漢字を選び「凪帆」と名づけました。なんと海の日生まれで、パパと2人で「すごいね！」と話した日は、私たち家族にとって大切な思い出になりました。	sound_row	https://baby-calendar.jp/knowledge/common/1555	bc
2022	M	な行	梛月	なつき	わが家は代々、長男に「紀（き、のり）」の漢字をつけています。今回、次男で第三子であることと兄姉ともに名前に「き」をつけていたため、今回も「き」がつく名前を考えました。名前をつけるにあたって、一生呼び続けるもののため、響きと漢字、画数と多方面から考え「梛月」と名つけました。「梛」は御神木であること、梛の葉は横に切れやすいですが、縦には切れにくく縁が切れないものとされていたことから、災いから守られ、縁に恵まれ穏やかな人生が過ごせるよう願いを込めました。また梛の葉は裏表ともきれいということで、裏表のないありのままでいられるよう願いました。「月」は静かできれいなイメージもあり、美しさもあるため、包み込むやさしさを持てる人になることを願ってつけました。	sound_row	https://baby-calendar.jp/knowledge/common/1555	bc
2022	M	な行	凪紡	なつむ	自分のペースで穏やかにゆっくりと人生を送れますように。この子の努力がたくさん実りますように。たくさんの人との繋がりを大切に、良縁に結ばれますようにという思いを込めて名づけました。	sound_row	https://baby-calendar.jp/knowledge/common/1555	bc
2022	M	な行	成斗	なりと	第一子を出産してから、慣れない育児に思いのほか負担がかかっていたようで私は重度の無月経と診断されてしまいました。子どもは2人欲しいと話していた夫には申し訳ない気持ちでいっぱいで、正直、第二子は諦めかけていました。それでも周囲のサポートを得ながら、だんだんと育児と仕事が軌道にのっていき、なんと8年が経過してから妊娠がわかりました……！ 名前は、上の子が学童で将棋を教わった話を楽しそうにしてくれたところからヒントを得ました。将棋の歩兵は裏返ると「と」に「なり」、「と金は金と同じで金以上」との格言があることから、いろいろな可能性を秘めていて、その量は測り知れない「斗」という未来への希望を込めて名づけました。これからさまざまなことに直面すると思いますが、いろいろな道を考えながら自分なりに歩いていってほしいと思います。（かのなりさん）	sound_row	https://baby-calendar.jp/knowledge/common/1555	bc
2022	F	は行	華衣	はなえ	上の子が「赤ちゃんの名前は、はなちゃんだよ」と言うので、「はな」がつく名前で、あとは字画を見て決めました。	sound_row	https://baby-calendar.jp/knowledge/common/1565	bc
2022	F	は行	葉琉	はる	夫が静岡県出身、私が沖縄県出身であり、どちらの県も好きなので、お互いの土地にちなんだ言葉を名前に入れたいと考えました。それぞれのイメージで静岡県の「お茶」と、沖縄県の「琉球」から名前を決めました。男の子でも女の子でも呼びやすい名前なところも決め手です。自然豊かなイメージから、のびのび育ってほしいと願いを込めました。（はるるさん）	sound_row	https://baby-calendar.jp/knowledge/common/1565	bc
2022	F	は行	燈奈	ひな	灯籠のように、ぐんぐんと上に登っていって、自分だけでなく登れば登るほど周りも未来も明るく燈してくれる子になってほしいという思いでつけました♡ なにより、私のおなかにいるとわかってから、生まれたどの瞬間も夫婦や周りが燈奈ちゃんという存在に燈されています。	sound_row	https://baby-calendar.jp/knowledge/common/1565	bc
2022	F	は行	桧奈	ひな	夫が大学時代に樹木に関する研究をしていたことがあり、植物の漢字をどうしても入れたいと言われていました。子どもは女の子とわかっていたので、花の名前などがかわいいかなーとは思っていましたが、花は必ず散ってしまうな……とも思っていました。そこで、常に葉を持っている常緑樹を調べ、太くてまっすぐ生えるヒノキが素敵だと思い「桧」の漢字がつく名前にしました。	sound_row	https://baby-calendar.jp/knowledge/common/1565	bc
2022	F	は行	ひなの	ひなの	夏生まれということもあり、「陽」を使った名前にしたかったので、名づけの本を買って、五格がよくなるように考えました。「ひなの」の響きがかわいく、夫婦共々気に入っていて、どうすれば五格がいい漢字が当てはめられるか日々検索を続け……。ひらがなにすることで、五格が満点ということがわかり、ひらがなで「ひなの」とすることに。太陽のように明るく元気に育ってくれたらいいなと思っています。	sound_row	https://baby-calendar.jp/knowledge/common/1565	bc
2022	F	は行	陽葵	ひまり	もともとは名づけの記事で「ひまり」と見たときから、響きにピンときていいなと思っていました。この世界の豊かな自然を感じながら、大きく成長してほしいと思っていたのと、お花の雰囲気が感じられる名前にしたかったので、まさに娘の生まれ月である8月の「ひまわり」の雰囲気があるこの名前はぴったりでした。また、名前を考えていたときは気づかなかったですが、父と母の名前から1文字ずつ入っているところも運命的で気に入っています。（カモミールティーラテ＊さん）	sound_row	https://baby-calendar.jp/knowledge/common/1565	bc
2022	F	は行	一茉璃	ひまり	パパの希望で「宝物」という意味のある漢字を使って名前を考えました。お兄ちゃんの名前にも「宝物」という意味があり、パパが沖縄が好きなので「琉」という漢字を使いました。そして、おなかの中にいる子が男の子だったら同じ「琉」を使う予定でしたが、女の子ということがわかり、どの漢字を使うのかから悩みました。音の響き、呼びやすいか、字画など考え、なかなかピンとくるものがなく……。最後は名づけのサイトで苗字とうまいこと字画がなるものの中から決めました。ママの名前にも漢数字が入っている、文字数も一緒、考えていた名前リストにあった名前だったこともあり、この名前になりました。	sound_row	https://baby-calendar.jp/knowledge/common/1565	bc
2022	F	は行	姫乎	ひめか	幼少期の記憶です。今は亡き祖母とテレビを見ていたところ、豪華な衣装を着たかわいい特別な女性に目を奪われました。幼少期の私にはとても輝いて見え、祖母に名前を聞きました、祖母は言いました「お姫様よ」と。「お姫様って何？」と聞く私に、祖母は子どもに伝わるように簡潔にわかりやすく、「誰からも愛される小さくかわいらしいもののことを言うの」と説明してくれました。成長につれてその意味に気づくのですが、幼少期の私はかわいいものを見ると、「かわいい」や「きれい」などの言葉ではなく「姫だ！」と呼んでいました。苦々しい記憶です（笑）。子どもの名づけは生まれたあとに決めました、おなかにいる間には「生まれたら、これとこれの習いごとをさせて、人生を有利に、有意義に立派に歩んでいけるように、幼いときに特殊能力を身につけさせよう」など、教育に力を入れようとさまざま考えていましたが……。いざ生まれたわが子を見て、そんな考えは吹っ飛び、元気に幸福に生きてくれているだけでいいと考えに変わりました。自分の名前は人生で一番多く聞く、多く見る言葉かもしれません、言葉には大きな力があると思います。姫になるなんて謙遜ですが、姫（かわいくて輝かしいもの）を呼びよせるような、幸福な女性に育っていってほしいと言う願いから命名しました。多くの方に「姫乎」と明るく楽しく呼んでいただきたい気持ちでいっぱいです。	sound_row	https://baby-calendar.jp/knowledge/common/1565	bc
2022	F	は行	桧縁	ひより	おなかの中にいたときにひよこをイメージして家族でずっと「ひよちゃん」と声をかけ続けていました。2歳差でお姉ちゃんがいるのですが、その子もママのおなかに向かって毎日「ぴよちゃん、ねえねだよ、あそぼう」（「ひ」の発音が難しくて「ぴ」でした）と声をかけていたので、生まれてからも同じ呼び方のほうが受け入れやすいかと思い、呼び名を変えずに呼べる名前にしました。漢字を選ぶときには、「子どもたちには人と人のつながりを大切にしてほしい」と考え、必ず「いとへん」が名前に入るように選んでいます。そして、人と人の固いつながりを得られるようにと願いを込めて「桧縁」と名づけました。お家に初めて赤ちゃんがきた日から、お姉ちゃんはさっそくおむつを持ってきたり話しかけたりとお世話をせっせとしてくれ、とてもかわいがってくれています。お誕生日が同じ姉妹なので、このまま姉妹仲良く成長して、大人になったらお互いのお誕生日をお祝いし合えるような関係になってほしいと思っています。	sound_row	https://baby-calendar.jp/knowledge/common/1565	bc
2022	F	は行	陽莉	ひより	4月生まれなのであたたかみのある名前がいいねと夫婦で話し合ったところから始まりました。上の子も4月生まれで、あたたかみのある漢字をつけたので兄妹同じ漢字をつけたいと思いました。読みは響きのかわいらしさから。そして、太陽のように周りを明るくし、「莉」は女の子らしい感じがするのでそんな素敵な子になってほしいなと思いつけました。（まりさん）	sound_row	https://baby-calendar.jp/knowledge/common/1565	bc
2022	F	は行	楓果	ふうか	出産予定日が秋だったため、秋のイメージがある「楓」の漢字を使うことにこだわりました。これは夫の強いこだわりで、性別がわかる前から絶対女の子が生まれる！！と断定していて、他の候補を考えることなく、「楓」の漢字を使って「ふうか」にする！と言っていました。そして実際、生まれてきたのは女の子。私たちが住んでいる沖縄には秋という季節感があまりないけれど、「楓」は色鮮やかで、見る人の心を和ませてくれます。周りから愛され、彩り豊かな人生を送れるようにという意味を込めて。そして「ふうか」の「か」の漢字には夫のこだわりはなかったので、母になる私が画数やいろいろな漢字の意味を調べて選びました。果実の「果」から、かわいらしい女の子になってほしい。また、結果や成果の「果」とも使われるので、いろいろなことに積極的にチャレンジしてほしいという意味を込めました。	sound_row	https://baby-calendar.jp/knowledge/common/1565	bc
2022	F	は行	冬悠奈	ふゆな	私たち夫婦は2人とも母子家庭で母に育ててもらったので、自分たちの子どもはパパ大好きな子になってほしくて、私が夫の名前の漢字を入れようと提案しました。そして最初に、夫の名前にもある「悠」という漢字を決めました。夫は大喜びでした。しかし、ネットで画数を調べると、苗字との相性が悪く……（笑）。最初にも最後にも使わないほうがいい漢字だったので間に挟もうということになりました。2月生まれなので「冬」、「冬悠乃」ちゃんと迷って「奈」の漢字の意味のほうがいい！となったので「冬悠奈」に決定しました！ 夢は、もう少し大きくなった娘とパパの取り合いをすることです（笑）。（ぴこたママさん）	sound_row	https://baby-calendar.jp/knowledge/common/1565	bc
2022	F	は行	帆香	ほのか	夏生まれなので、夏らしい名前にしました。「帆」は船の帆のイメージです。帆に風を受けて、海をどんどん進んでいく……元気で行動力のある子どもに育ってほしいと思いつけました。「香」はいい香りということで、かわいらしい女の子のイメージにしました。たくさん漢字を見て、調べて、苗字との姓名判断のバランスで、まったく悪いところがない漢字を選びました。 名づけの意味も姓名判断も、間違いなく最高の名前です！	sound_row	https://baby-calendar.jp/knowledge/common/1565	bc
2022	F	は行	帆花	ほのか	妊娠がわかる直前、自宅の百合の花がパァーと花開きました。不妊治療も含め、1年半待ちわびていたこともあり、そのときの感動が忘れられず、もし赤ちゃんが女の子とだったら「花」とつけたいなと思っていました。そして、性別がわかり「これは運命だ」と感じ画数を調べて「帆花」になりました。帆のようにやわらく、柔軟であり、花のようにやさしくてかわいらしい、そんな子になってほしいと願いを込めました。	sound_row	https://baby-calendar.jp/knowledge/common/1565	bc
2022	F	は行	美華	ほのは	あまりない名前がいいなと考えていていくつか候補を挙げて、柔らくかわいらしい雰囲気の名前の「ほのは」に決まりました。しかし、漢字をどうするかでとても悩みました。上の子に「羽」という漢字を使っているので「羽」を使おうかとも思いましたが、3人目ができたときに「羽」をまた使わないといけなくなるのでは！と採用にはならず。いろいろと調べて美しくなってほしいと願いを込めて「美華」にしました。名前負けしませんように！（大ママさん） 歴代の赤ちゃんの名づけエピソード大賞 2022年赤ちゃんの名づけエピソード大賞 ＞ 2021年赤ちゃんの名づけエピソード大賞 ＞ 2020年赤ちゃんの名づけエピソード大賞 ＞ 2019年赤ちゃんの名づけエピソード大賞 ＞ 2018年赤ちゃんの名づけエピソード大賞 ＞ 2017年赤ちゃんの名づけエピソード大賞 ＞ 2016年赤ちゃんの名づけエピソード大賞 ＞ 2015年赤ちゃんの名づけエピソード大賞 ＞ 歴代の赤ちゃんの名前ランキング 2022年赤ちゃんの名前ランキング ＞ 2021年赤ちゃんの名前ランキング ＞ 2020年赤ちゃんの名前ランキング ＞ 2019年赤ちゃんの名前ランキング ＞ 2018年赤ちゃんの名前ランキング ＞ 2017年赤ちゃんの名前ランキング ＞ 2016年赤ちゃんの名前ランキング ＞ 2015年赤ちゃんの名前ランキング ＞ 2014年赤ちゃんの名前ランキング ＞ 2013年赤ちゃんの名前ランキング ＞ 2012年赤ちゃんの名前ランキング ＞ 2011年赤ちゃんの名前ランキング ＞ 2010年赤ちゃんの名前ランキング ＞ あなたの“今”の悩みを専門家に無料で相談できます 自分だけでは解決できない不安やお悩みは、助産師や管理栄養士などの専門家に個別相談してみませんか？ 専門家に相談する その他についての悩み もっと見る 専門家に相談する 妊娠・育児アプリ ベビーカレンダー記事制作の取り組み ＼ この記事にいいね！しよう ／ 0 クリップ 現在ログインしていません。 ログイン しますか？ シェアする 名前ランキング検索 ベビーカレンダーが独自で調査・集計した2017年以降に生まれた赤ちゃんの名前データの中から、知りたい名前の順位、よみの順位、漢字の順位を見ることができます。 【名前で検索】【よみ方で検索】が名前の一部で検索できるように	sound_row	https://baby-calendar.jp/knowledge/common/1565	bc
2022	M	は行	羽陽	はる	まず語感から考えました。苗字の関係から2文字で読めるものにしようと考え、そこから、2月出産予定ということもあって、「春が待ち遠しい」ことから「はる」にしようと決めました。そう決めてからは、「春も」「はる」も待ち遠しい。子どもが待ち遠しいという二重の意味となりました。漢字をどうするかはとても悩みました。「波瑠」、「晴海」、「遥留」などさまざま考えましたがしっくりこず、夫から「羽陽」はどう？と言われ、すごくしっくりしたことを覚えてます。羽のようにどこまでも行ける、そして、太陽のように元気に朗らかな子になってほしい。そういう意味を込めました。名前は子どもにあげる初めてのプレゼントになるので本当に悩みましたが、名前を呼ぶと振り返ってくれるわが子の姿を見て、とてもうれしい気持ちです。	sound_row	https://baby-calendar.jp/knowledge/common/1556	bc
2022	M	は行	遙	はるか	男の子ですが、「遙（はるか）」と名づけました。長女の名前が「穂果（ほのか）」で、「ほのか」と「はるか」で、形容詞同士でいいね！ということと、漢字に関しては、苗字との相性のいい字画だっため、「遙」にしました。	sound_row	https://baby-calendar.jp/knowledge/common/1556	bc
2022	M	は行	春陽	はるひ	夫が「息子の名前は『春（はる）』がいい！」と言っていました。春の出産予定だったこともあり、あたたかくやさしい子になってほしいからということでした。その後に、私が太陽みたいに人々の中心にいて輝く存在になってほしいからという願いを込めて「陽」をつけ「春陽」となりました。	sound_row	https://baby-calendar.jp/knowledge/common/1556	bc
2022	M	は行	暖真	はるま	苗字と組み合わせてから、あたたかくまっすぐな子になってほしいと思い、名づけました！	sound_row	https://baby-calendar.jp/knowledge/common/1556	bc
2022	M	は行	悠矢	はるや	うちにはお兄ちゃん猫が2匹います。「はなとら」と「やつで」といいます。猫たちの頭文字「は」と「や」がつく名前がいいなと思ってました。春生まれだし、響きがよかったのが「はるや」でした。そして苗字との相性がよい漢字の候補の中で、好きな漢字が入っていたのでこの漢字に決めました。（はるやくんままさん）	sound_row	https://baby-calendar.jp/knowledge/common/1556	bc
2022	M	は行	光	ひかる	漢字1文字の3音読みで名前を考えていました。候補はありましたが、最終的には顔を見て決めようと思っていました。生まれてきたら、ぷくぷくしてもちもちして、とってもかわいくて……赤ちゃんから光が出ているように思えました。柔らかい顔立ちから、やさしそうな感じの名前にしたいねと夫婦で話し合って、候補の名前ではなくインスピレーションで決めました。	sound_row	https://baby-calendar.jp/knowledge/common/1556	bc
2022	M	は行	寿	ひさし	自分の名前に入ってる1文字を取ってつけました。男の子は初めてだったので自分の名前から初めて1文字を取ってつけました。	sound_row	https://baby-calendar.jp/knowledge/common/1556	bc
2022	M	は行	響稀	ひびき	何度か体外受精をチャレンジして、残り最後の受精卵を戻す前日、ウイスキーの『響』を飲んでいました。そしてその後、赤ちゃんを授かることができました！ 妊娠中に男の子とわかり、いろいろと名前を考えていました。目のきれいな子が生まれてくるようにと伊勢神宮に鮑のオスメスを食べに行く道中、そういえば……と『響』を飲んでいたことを思い出し、そのまま「ひびき」にしようと夫と決めました！！（ひびきままさん）	sound_row	https://baby-calendar.jp/knowledge/common/1556	bc
2022	M	は行	穂高	ほだか	周りを豊かな人生に導く「稲穂」となり、自身は実りがあるほど頭を垂れる「気高さ」をという思いを込めて「穂高」となりました。おなかにいるときから、家族と一緒に行ったテーマパークでショーの抽選に全部当たったり、脳梗塞で倒れたひいおじいちゃんが、穂高くんに会うために手術を乗り越えたことなど、周りに幸せを与えてくれる子でした。生まれてからも同じで、笑顔になるたびに周りに幸せを与えてくれます。これからも稲穂のように、健康ですくすく育ってほしいです。（ベルツリーママさん）	sound_row	https://baby-calendar.jp/knowledge/common/1556	bc
2022	F	ま行	真緒	まお	38週の妊婦健診で「まだまだ生まれそうにないね、このままだと頭が大きくなって難産になるから、来週まで生まれなかったら入院して促進剤を使おう」と言われました。不安を抱えて布団に入ったのですが、なんとその日の夜中に陣痛が。とてもホッとしたのを覚えています。ところがまったく痛みが強まりません。軽い生理痛程度の痛みなのに10分間隔を切り、行ってもいいものか迷いながら産院に到着しました。長女と次女のときはいきみ逃しにとても苦労したのですが、いきみたい気持ちがまったくわいてこないのです。そして内診すると、赤ちゃんが高い位置におり、かつ頭が90度横を向いているのがわかりました。だんだんと陣痛の間隔が遠のいてしまい、誘発剤を使うことに。「このままだと赤ちゃんがしんどくなるからね」と言われまた不安になりました。点滴してすぐ、今までなかった鋭い痛み。いきみの許可がすぐにおり、いきむこと3回目にするりと産まれました。痛かったのは約5分ほど。出産した実感がないくらいでした。不安なこともあったけれど見事な安産です。そして、その日はなんと義父の10回目の命日でした。「そろそろ外に出ような」「くるっと回るんだぞ」と導いてくれたように感じました。産後の肥立ちも上の子たちとは比べ物にならないほど元気で、お義父さんのご加護があったとしか思えません。そして、名前は夫婦で話し合い、産前に決めていたものから変更しました。お義父さんの名前にちなんだ「真」と、へその緒の「緒」を使い、「真緒」と名づけました。この出産で感じた、いのちの糸がずーっと続いているような感覚。パパママ、おじいちゃんおばあちゃん、ひいおじいちゃんひいおばあちゃん、そのまたご先祖さま、ずっと続いている。誰かひとりでもいなければ真緒は生まれていないことを実感しました。そして私自身もその糸に入っていることがとてもうれしい。生まれてきてくれたことが一番の親孝行だと感じます。真緒、ママのところに生まれてきてくれてありがとう。ご先祖さま、真緒を生ませてくれてありがとう。そんな気持ちで名づけました。とても気に入っています。（まおママさん）	sound_row	https://baby-calendar.jp/knowledge/common/1566	bc
2022	F	ま行	心愛	みあ	このたび授かった命は、2人目の出産から11年ぶりでした。 もともと私は妊娠しにくかったため、3人目は難しいだろうなと思いながらも、授かりたいという思いがあり、治療を始めました。しかしなかなか妊娠には至らず、毎月悲しい思いをしていました。そろそろ治療のステップアップが必要という話が出たとき、「ここまで頑張ったのだから、今ある家族を大切に過ごそう」と治療を止めることに。すると奇跡が……なんと、自然妊娠したのです。なかなか授かれず、妊婦さんを見ては胸が苦しくなっていた日々が嘘のように、パッと明るくなった気がしました。心があたたかくなり、きてくれた赤ちゃんや、これまでサポートしてくれた病院の先生、スタッフの方々、家族に感謝の気持ちでいっぱいになりました。心が折れそうになることもありましたが、先生や病院のスタッフの方々のやさしい対応に救われました。今回の妊娠、出産を通して、たくさんの人からやさしくしてもらい、この子には「愛を持った心のある子になりますように。人や生き物、何に対しても、愛のある心で接し、愛される子になりますように」という思いを込めて「心愛（みあ）」と名づけました。	sound_row	https://baby-calendar.jp/knowledge/common/1566	bc
2022	F	ま行	実緒	みお	自分の気持ちに正直に、誠実に生きてほしい。壁にぶつかったときは解決の「緒（いとぐち）」を見つけ、賢く生きてほしい。そして｢充実｣した人生を送れるように。他人への思いやりも大切だけど、それで自分を疎かにするのは違うと思っていて、その前にまず自分自身を大事にし、認め、楽しんで生きてほしいと思い名づけました。他人への思いやりややさしさを、自分にも与えられる人になってほしいです。	sound_row	https://baby-calendar.jp/knowledge/common/1566	bc
2022	F	ま行	実桜	みお	春生まれの赤ちゃんだったため、夫婦で「桜」を使いたいなと思っていました。そして、家族でいろいろな名前の候補の中から「実桜」に決めました。おだやかで素直に、実りある人生になりますようにという思いを込めました。	sound_row	https://baby-calendar.jp/knowledge/common/1566	bc
2022	F	ま行	美湖	みこ	夏生まれなので、「夏」を入れたいと思い、いくつか候補を出していたところ、「湖夏」まで辿り着きましたが、「美」を入れたいという思いも出てきました。そこで、「美湖ちゃん」という響きがかわいかったこと、また名前としても珍しいこと、夫も気に入っていたので「湖のように澄んだ心、やさしい子」に育つことを願って、この名前に決定しました♡	sound_row	https://baby-calendar.jp/knowledge/common/1566	bc
2022	F	ま行	望琴	みこと	2人目ということで、仕事や育児でバタバタしていて名前が決まったのは出産予定日の1カ月前でした。名前の響きや画数などいろいろと調べ候補を出していましたが、決まった名前はまったく別の名前でした！ それも、上の子のときには「この名前はないなぁ」と思った名前なのに、なぜか今回はとてもしっくりきて、すぐに漢字も決まって、調べてみると画数もバッチリ！！ おなかの子は、「この名前を望んでいるんだろうなぁ」と思いうれしくなりました！ その子も生後3カ月になり、「みこちゃん」と名前を呼ぶとニコッと笑うのでこの名前にしてよかったと心から思います！	sound_row	https://baby-calendar.jp/knowledge/common/1566	bc
2022	F	ま行	心咲	みさき	3人目の子で、私たちにとって待望の女の子でした。上は2人とも男の子で、いとこもみんな男の子です。5年ぶりに妊娠がわかり、そして性別は女の子。まさかの女の子に親戚中が沸き上がりました。ですが、妊娠中に口唇口蓋裂があることがわかったのです。私は口唇口蓋裂というのを今回初めて知り、どのように生まれてくるのだろうと少し不安でした。しかし、ネットで調べるにつれいろいろなことがわかり、生まれてからのイメージもわき、徐々に心の準備ができてきました。3人目ということもあり、多少の余裕もあったのだと思います。私は「自分が産む子。多分大丈夫だ」という気持ちで出産に臨むことができましたが、心配だったのは、夫含め周りの反応でした。女の子ということで、みんな特に喜んでいたところもあります。そのため、ちゃんとかわいいと思ってもらえるだろうかと。親戚には堂々と会わせてあげられるだろうかと。特に夫は、「かわいいと思えるのか」とかなり気にしていたようでした。幸い周りの反応は「よくあることだから、まったく問題ないよ」、「今は手術できれいに治せるんだよ」と前向きなことを言ってくれる人ばかり。そして、いざ生まれてきたら、なんてかわいいだろうと、今までの不安が吹き飛んだのを覚えています。手術はまだ先ですが、口唇口蓋裂が気にならないほどかわいくて、堂々と親戚中に見せられ、何を心配していたのだろうと今までの自分を恥じました。心配していた夫も、もちろんまったく気にしておらず、毎日「かわいい、かわいい」と抱っこしまくりです。お兄ちゃんたちは、妹のあまりのかわいさに、毎日取り合いをしています。みんなに愛され、かわいがられて生まれてきた子です。女の子らしく、とってもかわいい名前をつけてあげたいと思いました。生まれてから数日、お兄ちゃんたちを含め、家族みんなで考えました。そして決まったのが「心咲」。「花咲く人生になりますように」「心咲（みさき）」ちゃん。	sound_row	https://baby-calendar.jp/knowledge/common/1566	bc
2022	F	ま行	美鈴	みすず	上の子の名前も夫と考えたので、ネットで名前の響きや漢字など一緒に調べていました。お互い「これは？」と言いながら候補を紙に書いていたのですが、なかなかピンときません。ある日、私は上の子を寝かしつけたあと、テレビを見ながら名前を考えていたのですが、眠さの限界だったので先に寝ようと布団へ。目をつぶりながらも名前をまた考えていたら、ふと「美鈴」という名前がひらめきました。そして、忘れないうちに……と夫に名前をメール。次の日、夫にいくつか名前の候補が書いてある紙を渡され、見たら「みすず」と加えてあったので、「私がひらめいた候補を書いてくれたんだ～」と思っていたら「俺が考えたんだよ」と。詳しく聞いたら、同じ時間に同じ名前を思い付いたようで、鳥肌が立ちました。これは運命だと思い「美鈴」に決定。名前を決めた日は、忘れられない日になりました。	sound_row	https://baby-calendar.jp/knowledge/common/1566	bc
2022	F	ま行	みのり	みのり	美しい朝雪の日に誕生した娘。そのときに見た、冬の枯れ木に、白い実をつけたかのように乗った雪が印象的で、娘にも、どんな過酷な状況でも実をつけられる、強く美しく、たくましい人になってもらいたいと願い「みのり」と名づけました。また、長女が花をイメージした名前、次女が満月をイメージした名前なので、3人合わせて「雪月花」となるようにしました。	sound_row	https://baby-calendar.jp/knowledge/common/1566	bc
2022	F	ま行	実莉	みのり	朗らかで笑顔のかわいい女の子になるように、みのりある人生を生きていけますように、との思いを込めて名づけました。夫が、亡くなった私の父から1文字をもらってつけたかったこともありますが、音もかわいさがあり、読みやすさも重視して考えました。	sound_row	https://baby-calendar.jp/knowledge/common/1566	bc
2022	F	ま行	翠春	みはる	夫と結婚して3年、なかなか子宝には恵まれなかったものの毎日2人で楽しく過ごしていました。夫婦ともに子どもが大好きでしたが、もしこのままずっと2人で暮らすことになってもいいかなーなんて諦めていた矢先、昨年の5月に妊娠がわかりました！ 初めての妊娠でうれしい気持ちと、無事に子どもを生めるのかという不安とでドキドキしながら夫に報告をすると、今まで見たことのないくらいの笑顔で喜んでくれました！ 「俺にできることはなんでもするからどんなことでも言ってね！」と張り切って、手作りのベビーベッドを作ってくれたり、つわりで思うように食べられない私にアイスやフルーツを買ってきてくれたりするほど。私にとっては本当に頼りになりました！ コロナ禍での妊娠だったので両親学級なども中止になってしまい、心細いこともたくさんありましたが、一緒になっていろいろと調べてくれる夫を見て、本当にこの人と一緒になってよかったなと改めて感じました。安定期に入り赤ちゃんは女の子だということがわかり、2月末に出産予定だったので春らしい名前をつけてあげたいなと思いました。たくさん候補を考えたのですがなかなか決められず、「こんなにも悩むものか」とびっくりしてしまいました（笑）。結局2人で出産予定日ぎりぎりまで悩み続けましたが、このコロナ禍にも負けない木々のみどりのような強さや澄んだ心を持ち、春のようなあたたかい子に育ってほしいという思いが強くあったので、「翠春（みはる）」と名づけました！ 陣痛が始まってから3時間ほどのスーパースピード安産で、気持ちが追いつかないままの出産でしたが、生まれてきた赤ちゃんが力強くたくましく泣いているのを見て、生命力を感じて本当に感動しました！「ようこそ翠春ちゃん！」と言うと、より強く声を上げた気がして、悩みに悩んだけれどいい名前をつけてあげられてよかったと感じました。これからも夫と一緒にたくさんたくさん名前を呼んであげたいと思います！	sound_row	https://baby-calendar.jp/knowledge/common/1566	bc
2022	F	ま行	実芽	みめ	母である私が高校生のときから、子どもにつけたかった名前です。夫には出会った当初から、女の子が生まれたら「みめ」と名づけたいと話していました。名前の意味は「芽が実る」。この子の人生に芽が出て、その芽が実りますようにという思いを込めています。私は子どものころ、夢を諦めてしまった経験があります。そのため、この子が将来やりたいことを見つけたときに、その芽が実るまでやり抜いてほしいという思いもあります。（yuiさん）	sound_row	https://baby-calendar.jp/knowledge/common/1566	bc
2022	F	ま行	芽依	めい	そろそろ子どもが欲しいと思い妊活を始めて1カ月くらい経ったころ、私は「メイちゃん」という子が私たちの元にやってきてくれる夢を見ました。夢から覚めて、「もしかしたら妊娠したのかな？ メイという名前なら5月生まれかな？ まさかね？」なんてことを考えながら1週間ほど過ぎ、生理が遅れていることに気づきました。「もしかして本当に妊娠した？」と思い調べてみると妊娠が判明。しかも予定日はなんと5月！ そして無事に5月に生まれてきてくれたので、不思議な縁を感じ、夢で見た通り「メイ」と名づけました。漢字は特に夢に出てこなかったので、夫婦で散々悩んだ結果、オーソドックスな漢字を当てました	sound_row	https://baby-calendar.jp/knowledge/common/1566	bc
2022	F	ま行	萌結	めい	予定日が5月1日で、5月は英語で「メイ」ということと、5月は籍を入れた、結婚した月でもあったので「結」という字を入れたく思っていました。結果、4時間早く生まれたため4月生まれにはなりましたが「萌結（めい）」にしました。	sound_row	https://baby-calendar.jp/knowledge/common/1566	bc
2022	F	ま行	芽依	めい	名前を考える際、まず夫婦でお互いに一番譲れない条件を出し合い、それを元にそれぞれ名前案を出して擦り合わせようということに。私の条件は「画数が多すぎないこと（名前書くときに大変なので）」、夫は「運勢のいい名前」でした。ただ、私も夫も海関連の仕事をしていたため、初めは「汐」や「渚」など海に関わる漢字をつけようと2人とも考えていたように思います。私の中では「凪紗」で決まりかけていたとき、夫から親戚に占いの先生がいるから、アドバイスをもらわないかと提案がありました。その方から、縁起のいい名前についてお話しいただいたのですが、最後の「いろいろと話したけれど、やっぱり親のどんな子になってほしいという思いが一番大事よ」というひと言が印象に残りました。私は娘に「自分の好きなことをめいっぱい楽しめる子」になってほしい。ただ、私たちは海が好きだけど、娘がそうなるとは限らないのでは？ 海は私の人生であって、この子の人生ではないと思うようになりました。そう考えたとき、それまで候補外だった「芽依」がポンと頭に浮かんだのです。もともと響きは一番好きだったのですが、海と関係ないので候補には挙がらなかった名前。種から出た「芽」がどう育つのか楽しみなように、娘が何に興味をもって、どう成長していくのか楽しみだ、という思いの込もった素敵な名前だなと思い直しました。名前決めの日、お互いの名前案を3つずつ出したら、なんと2人とも「芽依」が候補に挙がっていました！ 2人で「即決だね！」と笑い合ったのが、わが子の名づけエピソードです。	sound_row	https://baby-calendar.jp/knowledge/common/1566	bc
2022	F	ま行	芽依菜	めいな	5月生まれのため、芽吹の季節、何でも芽生える子に育ってほしい。「依」は人に頼られるという意味があり、人に囲まれ恵まれる子になってほしい。「菜」は母にも「菜」の漢字がついており、大好きな字を継承しました。（芽依ママさん）	sound_row	https://baby-calendar.jp/knowledge/common/1566	bc
2022	F	ま行	桃楓	もか	候補はあったものの、待望の女の子ということでなかなか夫婦で決めきれず。周りに相談してもピンとこず……。字画総画もなかなか合わずで出生届ギリギリで決まりました。生まれたのが8月末ということで、自然に生き生き育つよう植物の強い力をもらえそうな漢字を使おうと、ママの大好きなフルーツである「桃」と、これからの秋の訪れがあるということで秋を感じる「楓」という漢字を使い「もか」とつけました。夏のフレッシュな桃のように元気に生き生きと、そして楓のように時期（世代）に合わせて成長していい方向に変化できる女性になってほしいという願いを込めています。	sound_row	https://baby-calendar.jp/knowledge/common/1566	bc
2022	F	ま行	百那	ももな	妊娠中、おいしい桃をたくさん食べたことが強く印象に残っており「百那」にしました。漢字は、くだものの「桃」ではなく「百」にしたのは、「百」は大きい数で縁起がいいとあったので。「那」をつけたのは、長女の名前とお揃いの感じにしたかったからです。たくさんの友だち、才能、幸せに恵まれ、人を思いやれる美しい心を持った子に育ちますように、という意味を込めました。（オリモモのカカさん） 歴代の赤ちゃんの名づけエピソード大賞 2022年赤ちゃんの名づけエピソード大賞 ＞ 2021年赤ちゃんの名づけエピソード大賞 ＞ 2020年赤ちゃんの名づけエピソード大賞 ＞ 2019年赤ちゃんの名づけエピソード大賞 ＞ 2018年赤ちゃんの名づけエピソード大賞 ＞ 2017年赤ちゃんの名づけエピソード大賞 ＞ 2016年赤ちゃんの名づけエピソード大賞 ＞ 2015年赤ちゃんの名づけエピソード大賞 ＞ 歴代の赤ちゃんの名前ランキング 2022年赤ちゃんの名前ランキング ＞ 2021年赤ちゃんの名前ランキング ＞ 2020年赤ちゃんの名前ランキング ＞ 2019年赤ちゃんの名前ランキング ＞ 2018年赤ちゃんの名前ランキング ＞ 2017年赤ちゃんの名前ランキング ＞ 2016年赤ちゃんの名前ランキング ＞ 2015年赤ちゃんの名前ランキング ＞ 2014年赤ちゃんの名前ランキング ＞ 2013年赤ちゃんの名前ランキング ＞ 2012年赤ちゃんの名前ランキング ＞ 2011年赤ちゃんの名前ランキング ＞ 2010年赤ちゃんの名前ランキング ＞ あなたの“今”の悩みを専門家に無料で相談できます 自分だけでは解決できない不安やお悩みは、助産師や管理栄養士などの専門家に個別相談してみませんか？ 専門家に相談する その他についての悩み もっと見る 専門家に相談する 妊娠・育児アプリ ベビーカレンダー記事制作の取り組み ＼ この記事にいいね！しよう ／ 0 クリップ 現在ログインしていません。 ログイン しますか？ シェアする 名前ランキング検索 ベビーカレンダーが独自で調査・集計した2017年以降に生まれた赤ちゃんの名前データの中から、知りたい名前の順位、よみの順位、漢字の順位を見ることができます。 【名前で検索】【よみ方で検索】が名前の一部で検索できるようになりました！ 名前で検索 男の子 女の子 と一	sound_row	https://baby-calendar.jp/knowledge/common/1566	bc
2022	M	ま行	眞彪	まひゅう	私と夫は、夫の海外赴任が決まったタイミングで結婚をしました。海外赴任のため、子どもについては帰国後に考えようと思っていたところ、妊娠が判明しました。まっすぐに芯の通った男の子になってほしいとの思いと、海外で覚えてもらいやすい響きにしたいと夫が考えてくれました。2022年は36年に1度の『五黄の寅年』。せっかくの寅年生まれなので、寅にまつわる漢字を使用したい思いもあり、この漢字を使用しました。（まぴゅママさん）	sound_row	https://baby-calendar.jp/knowledge/common/1557	bc
2022	M	ま行	尊	みこと	夫が、亡くなった双子の兄（まこと）と自分の名前（みのる）を合わせた名前をつけたいと話していました。また、自分の名前が漢字1文字だから子どももそうしたい、という希望があり、画数との兼ね合いも考えて決定しました。	sound_row	https://baby-calendar.jp/knowledge/common/1557	bc
2022	M	ま行	瑞生	みずき	結婚して半年で女の子を授かりました。念願の女の子でうれしく、たくさん名前を考えて「緋奈乃ちゃん」と名づけました。おなかの中に向かって「ひなちゃん」と呼びかけて過ごしていましたが、残念ながら死産となってしまいました。悲しみの中でまた妊娠することができ、今度きてくれたのは男の子でした。私自身、女の子の名前を考えていたこともあり、名前は夫に考えてもらうことに。とはいえ男の子なので、夫の名前から「生」の字をもらいたい、生命力の強い名前にしたいと自分でも名前を考えていました。そんな中で、私は「瑞生」という名前を思いついたとき、さわやかでいいなと思いました。「瑞」にはみずみずしい、形のいい宝石、幸運、めでたいしるしなどの意味があり、候補を伝えると私たちの気持ちにピッタリだと夫も喜んでくれました。夫もいろいろと考えてくれてましたが、私がピンとくるものがなくて（申し訳ない）結局私が考えたこの名前に決まりました。不安だらけの妊娠期間を乗り越えて元気に生まれてきてくれた瑞生は、ひなちゃんのぶんもすくすく育っています。	sound_row	https://baby-calendar.jp/knowledge/common/1557	bc
2022	M	ま行	弥弦	みつる	私たち夫婦が名前を考えるときには、手順書がありました。①願いを込めた、つけたい漢字の候補を挙げる②候補に出た漢字を元に名前を考える③画数を見る④夫婦でプレゼンし合う⑤子どもが生まれてから顔を見て決めるという順番です。この手順で考えた長男のときは、名前の候補が20個を超えてしまいました（笑）。それにプラスして、今回新たに名前を考えるにあたっては、このとき候補になかった名前にしようということになりました。自分たちでなんとなく決めていた手順でしたが、考え方が同じで候補になかったもの、となるとハードルがグッとあがりとても悩みました。あーでもない、こうでもないと妊娠中にいろいろと案を出しつつ、最終的な名前の候補は10個程度に。コロナ禍のため立ち合いや面会ができず、出産後退院してから夫と2人で候補の中から決めていきました。ひとつずつ意味をもう一度確認したり、私たちだけでなく、長男にも名前を呼んでもらったりしていきました。その中で決めたのが「弥弦」です。「弦」という文字をつけたかったのは、夫は「楽器の弦のように強くもしなやかに、柔軟に対応できるように」。私は「琴線に触れる＝感動するという言葉から、自分の琴線（弦）に触れるような心を動かすことに出合ってほしい」という願いからです。「弦」を入れた名前の候補には、読みが同じ「実弦」と「弥弦」がありました。画数も同じなので、最後にどちらにするかでまた悩んだとき、もう一度もともと出ていたつけたい漢字の候補を見ると「周・渉」などがありました。「周（あまね）」、「渉（わたる）」は、どちらも「あまねく、広く行き渡る」というような意味でつけたかった文字ですが、「弥」の意味を再度調べると、「あまねく、ひろくゆきわたる」という、どちらの意味も含んだものだということがわかりました。そして再度「弥弦」の文字の並びを見ると、弦を弾いたとき、その美しい音色に感動し、その感動が広がっていくようなイメージが映像として湧きました。その瞬間に「弥弦がいい！」となり、最後には迷いなく決めることがができました。日々成長している弥弦に、私たちがたくさんの感動をもらっています。これから弥弦も、しなやかにたくましく成長し、たくさん心を動かすことに出合ってほしいと願っています。	sound_row	https://baby-calendar.jp/knowledge/common/1557	bc
2022	M	ま行	湊大	みなと	おなかの中にいるときから、周りのいろいろな人に、元気に生まれてくるのを楽しみにかわいがってもらいました。将来この子が大きくなったときに、たくさんの人が「生まれてきたことを喜んでくれたんだよ」と伝え、忘れないでほしいなという気持ちと、人が集まる場所として「素敵な縁がありますように」と思いを込めて「湊」の漢字を選びました。そして、もうお空にいってしまったお兄ちゃんの名前から1文字をもらって「大」を選び、弟のことを見守ってくれますようにと願いを込めました。この先もずっと一緒です！	sound_row	https://baby-calendar.jp/knowledge/common/1557	bc
2022	M	ま行	湊	みなと	生まれる前から決めていた名前の候補と、産後見たわが子の顔がなんだか合わないなーとなり、退院してから考え直すことに。そんなときに、私の夢の中で長男が、赤ちゃんのことを「みなとー！」と呼んでいたことがきっかけで候補に挙がり、漢字の意味も調べたところよかったので「湊」に決まりました！	sound_row	https://baby-calendar.jp/knowledge/common/1557	bc
2022	M	ま行	光湊	みなと	義父が「光義」、パパが「光太郎」だったので名前を繋ぎたいと思っていました。でもなかなかいい名前が見つからず、最終的に読み方から探して、最近多い名前である「みなと」にして、漢字に「光」を入れました。私たちは友だちが少ないこともあって、この子には光になってみんなを照らし、友だちがたくさん集まってほしいという気持ちで「光湊」にしました。（光湊ママさん）	sound_row	https://baby-calendar.jp/knowledge/common/1557	bc
2022	M	ま行	桃之介	もものすけ	この子の妊娠を上の子に伝えた際に、私も上の子も女の子を望み、女の子だと信じて、胎児ネームを「ももちゃん」としておなかの子に話しかけていました。結構早い段階で男の子だとわかったのですが、「ももちゃん」呼びを私も上の子もやめられず、たまに「赤ちゃん」と呼んだりしていました。その後、姓名判断をいろいろ見ていましたが結局、名前は生まれて2週間経っても決められませんでした。姓名判断に振り回され、意に介さない名前をつけるよりは、慣れ親しんだ「桃」の字を生かし、良い画数で！と調べた結果、「桃之介」となりました。（pirorinさん）	sound_row	https://baby-calendar.jp/knowledge/common/1557	bc
2022	F	や行	八咲乃	やえの	わが家にとって3人目の子で、上2人がお兄ちゃんのため待望の女の子！ 上2人のお兄ちゃんの名前が「えいと」	sound_row	https://baby-calendar.jp/knowledge/common/1567	bc
2022	F	や行	結	ゆい	大前提として漢字1文字と決めていました。候補として私は「凜」。自分に自信を持って自立した子に育ってほしいという思いから。夫は「結」。これから出合うさまざまな縁を大切に、家族円満の証という思いから。そして、お七夜の日、命名紙に書くまで決めかねていたのですが、最後は実母が書くときに、「これからたくさん、名前書くんやから」と、簡単な「結」に決まりました。そこまで私は頭が回らなかったので母に感謝です。今ではこの名前でよかったなと思います。	sound_row	https://baby-calendar.jp/knowledge/common/1567	bc
2022	F	や行	柚花	ゆずか	当初は、私と夫それぞれで名前の候補をいくつか考え、話し合って候補を絞っていくやり方を考えていました。しかし、私も夫も自分が考えてきた名前に愛着がありどちらも譲らず（笑）、話し合いは長いこと平行線に……。そこで折衷案として候補である2つの名前をミックスさせて考えてみようとなり、試してみたところ字画すべてが◎の100点の名前であることがわかり、この名前しかない！！と決定。周囲を癒やす、真っ白な柚の花のように清い心を持った子に育ってほしいという願いを込めました。	sound_row	https://baby-calendar.jp/knowledge/common/1567	bc
2022	F	や行	優海	ゆみ	優美」「優実」など、「み」で終わる名前で迷っていて、生まれてから顔を見て決めようとなっていたのですが、妊娠後期に高血圧でリスクが高くなり、大きい病院に転院。コロナ禍でもあったため面会禁止で心配と不安の中、部屋から見える海に唯一心が救われ安らぎました。ひとりでいろいろと考えていたとき海で心が安らいだように、この子も人に安らぎを与えてくれる子に育ってほしい！と思い「優海」になりました。	sound_row	https://baby-calendar.jp/knowledge/common/1567	bc
2022	F	や行	由実子	ゆみこ	夫婦での話し合いのすえ、・誰にでも呼んでもらえる名前。・キラキラネームではない。・中国語読みでも違和感ない。を条件としました。若者が希望を持ちづらい、先の見えない世の中に生まれた娘。知恵を絞って生きる理「由」を考えてほしい、そして多様性が求められる中で、どんな形でもいいから自分のなりたいように「実」ってほしいという思いを込めました。「由実」の2文字だと「ゆうみ」とも「ゆみ」とも読めてしまうので、家系伝統で使われている「子」を入れて「由実子」という名前にしました。	sound_row	https://baby-calendar.jp/knowledge/common/1567	bc
2022	F	や行	友梨奈	ゆりな	結婚して、夫婦で妊活を始めましたがなかなか授からず……。妊活にいいとされるものを調べたり、実際にさまざまな物を試したりしましたがそれでもできず、産婦人科へ。私と夫の状態を調べてもらいましたが、異常なしで体には問題はないとのことでした。しかし、その後もやはり妊娠せず、先生には人工授精をすすめられました。私は妊活を始めてもうすぐ1年という目前だったこともあり、なかなか人工授精には踏み切れず自然妊娠でいきたいと伝えていました。いろいろと考えて夫にも相談し、1年頑張ってもできなかったら、人工授精をしようと決意しました。そして、妊活を始めて12カ月目には心も折れそうになっていて、本当に妊娠できるのだろうかと不安に。そんなとき、なんと妊娠がわかったのです。それが本当にうれしかったですし、奇跡だなと思いました。おなかに授かった小さな命にも私の思いが通じたのではないかと思ってしまいました。そのこともあり、きっとやさしい子なんだなと思って「優」の字を入れたかったのですが画数の関係で「友」となりました。「梨」は花言葉が「愛情」いう意味だったので選び、女の子は「奈」をつけるといいと聞いたことがあったので「友梨奈」となりました。思いやりのある子に育ってほしいと思っています。（友梨奈ママさん） 歴代の赤ちゃんの名づけエピソード大賞 2022年赤ちゃんの名づけエピソード大賞 ＞ 2021年赤ちゃんの名づけエピソード大賞 ＞ 2020年赤ちゃんの名づけエピソード大賞 ＞ 2019年赤ちゃんの名づけエピソード大賞 ＞ 2018年赤ちゃんの名づけエピソード大賞 ＞ 2017年赤ちゃんの名づけエピソード大賞 ＞ 2016年赤ちゃんの名づけエピソード大賞 ＞ 2015年赤ちゃんの名づけエピソード大賞 ＞ 歴代の赤ちゃんの名前ランキング 2022年赤ちゃんの名前ランキング ＞ 2021年赤ちゃんの名前ランキング ＞ 2020年赤ちゃんの名前ランキング ＞ 2019年赤ちゃんの名前ランキング ＞ 2018年赤ちゃんの名前ランキング ＞ 2017年赤ちゃんの名前ランキング ＞ 2016年赤ちゃんの名前ランキング ＞ 2015年赤ちゃんの名前ランキング ＞ 2014年赤ちゃんの名前ランキング ＞ 2013年赤ちゃんの名前ランキング ＞ 2012年赤ちゃんの名前ランキング ＞ 2011年赤ちゃんの名前ランキング	sound_row	https://baby-calendar.jp/knowledge/common/1567	bc
2022	M	や行	結都	ゆいと	小さいながら元気に元気に生まれてきてくれた息子。名前は夫と事前に候補を出しており、お互い同じ意見でした。しかし出産後、夫から「やっぱり前から嫌だと思っていて……」と、事前に決めていた名前を断られたのです。「なんでもっと早くに言ってくれないの？」と私の頭の中は真っ白に……。少し小さく生まれたわが子とは退院前日まで会えず、私は不安と恐怖で押し潰されそうなとき。そんな中の夫の発言に、私の心は不安と怒りでいっぱいでした。結局、数日間では決められず、私は実家に帰り、私の家族も含めもう一度名前を考えることに。私は原点に返り、夫との出会いを振り返ってみました。私たちはそれぞれ別々の出身地であり、周囲にそのことを話すと「どうやって出会ったの？」とよく聞かれます。私たちは共通の知り合いを通じ出会い、私がこれまでやっていた「よさこい」を再開していなければなかった出会いでした。出会いを大切に結んでくれたわが子、それぞれの都を結んでくれたわが子。きっと息子は私たちを出会わせるために生まれてきてくれたのだと思い、「むすぶみやこ」で「結都」という名前を考え、名づけることに。そして「結都」には、もうひとつの意味があります。それは初めての育児、産後の痛みとストレス、不安をずっと支えてくれていた実家に対しての思いです。実家での家族の協力がなければ私はどうなっていたのかと思いました。「ゆいと」の名前には私の家族の名前の1文字が入ってます。無理やり入れたわけなく、自然に入っていたのですがそのことが何よりうれしくてうれしくて……。私の父と母が作ってくれたように、たくさんみんなで笑ってあたたかい家族に成長していこうねと、そんな意味も込めています。	sound_row	https://baby-calendar.jp/knowledge/common/1558	bc
2022	M	や行	結仁	ゆいと	人との結びつきを大切にする、思いやりのある人になってほしいと名づけました。	sound_row	https://baby-calendar.jp/knowledge/common/1558	bc
2022	M	や行	悠維	ゆうい	出産予定日は夏真っ只中。名前は生まれる前から夫と「どうしようか」と考えていました。夏にちなんだ名前、響きのよい名前なども検討しましたが、なかなかしっくりくる名前が見つからない。苗字も含めた画数も見ていくと、画数が多い名前のほうが運勢的によいらしい、ということでまた難航しました。最終的に夫と話したのは、・響きも特別感があるもの。・漢字を見て男の子だとわかるもの。・「悠」の字が入っているもの。・親の願いがこもったものにしたいということでした。「悠」の字を「ゆう」と読むか「はる」と読むかも悩みました。そして、もう1文字を何にしようかと調べていくと、「維」には「つながる」という意味があると知りました。心ものびのびと広く、人とたくさん繋がれる人であってほしい。たとえ、勉強や運動がちょっと苦手でも、愛嬌のある人になってほしい。私たちの願いにかなっていると感じました。そして、ペンを手に取り、紙に書いて「これでいこう」と2人で意見が合致しました。他にも候補が出たらそのときだ、生まれたときの顔を見て判断しようと言っていましたが、この名前を越えるものはなく、生まれて顔を見た瞬間、「もうこの名前だね」と「悠維」に決まりました。今は名前を呼ぶと、まだわかっていないながらもニッコリ微笑んでくれます。ずっと自分の名前を大切にしてほしいです。	sound_row	https://baby-calendar.jp/knowledge/common/1558	bc
2022	M	や行	悠臣	ゆうしん	穏やかでやさしく、健やかな子に育ってほしいという願いを込めて「ゆうしん」にしました。夫の名前にも、穏やかでやさしくという意味合いの漢字が混じっているので、息子にも同じ意味をと、漢字は「悠臣」になりました。すごく気に入っていて、名前共々、わが子が愛しいです。	sound_row	https://baby-calendar.jp/knowledge/common/1558	bc
2022	M	や行	悠誠	ゆうせい	兄弟や家の近いいとこの子どもが総勢7人いる中、8人目として生まれてきました。すでにだいたいの流行りの読みは使われてしまっており、生まれてから1週間ほど悩んでいました。そんなとき、祖母が俳優の横浜流星さんの大ファンで、「りゅうせいがいい」と言ったため「りゅうせい」が候補になりました。ただ、名前負けしそうなので、少し変えて「ゆうせい」にすることに。名づけてしばらくは、「りゅうせい」と呼ぶこともあった祖母も、今では「ゆうせい！ゆうせい！」と言ってます。	sound_row	https://baby-calendar.jp/knowledge/common/1558	bc
2022	M	や行	勇三	ゆうぞう	待望の三男です。名前は何回も会議しました。そして、ママとお揃いのイニシャルにし、勇敢な男子に育ってほしいという思いで名づけました。	sound_row	https://baby-calendar.jp/knowledge/common/1558	bc
2022	M	や行	結大	ゆうた	わが家はステップファミリーで上の子と下の子のパパが違います。そのため、ずっと子どもたちが仲良く成長してくれるようにと願いを込め、上の子に共通する「結」という名前をつけました！ 上の子は、おなかの中の赤ちゃんへ『結くんと、結ちゃん（ゆうくんとゆうちゃん）』というタイトルで絵本を作ってくれたほど楽しみにしてくれていて、生まれてから一緒に遊び、一緒に眠るなど、大の仲良しです！ いろいろと心配していたので、涙が出るほどうれしいです！ これからも2人がずっとずっと仲良しでありますように。	sound_row	https://baby-calendar.jp/knowledge/common/1558	bc
2022	M	や行	佑篤	ゆうと	妊娠初期から夫の名前から1字をとって考えたいと決めていました。つわりがつらくて眠れないころ、画数診断サイトを検索しまくっていました。まだ性別がわかってない時期なのになんとなく男の子だと感じていて、たまたま出てきたのがこの名前でした。夫が言うには世間的に「ゆうと」という名前は多いということと、義父の反応がよかったことが決め手でした。案の定、性別が男の子ですでに名前も決まっていたので周りから驚かれました。	sound_row	https://baby-calendar.jp/knowledge/common/1558	bc
2022	M	や行	優心	ゆうと	今思えば笑い話ですが、夫との離婚まで考えたくらい夫婦で争いながら決めた名前です。夫は息子がおなかの中にいるころからずっとつけたい名前がありました。でも、私は私で必死で産んだ第一子は、自分が名前をつけたくお互い譲らず……。息子が生まれてから出生届を出すギリギリまで、お互い譲らない状態が続いていましたが、夫が折れ、私の希望の名前とすることに。生まれたわが子を見て、「やさしい心をもって育ってほしい」と思ったことから「優心（ゆうと）」と名づけました。	sound_row	https://baby-calendar.jp/knowledge/common/1558	bc
2022	M	や行	雄飛	ゆうひ	雄飛」という熟語には、「雄鳥が大空に飛び上がるように、大きな志を抱いて盛んに活動すること」という意味があります。その言葉の通り、勇気を持ってこの広い世界を思う存分楽しんでほしい！という思いを込めて名づけました。	sound_row	https://baby-calendar.jp/knowledge/common/1558	bc
2022	M	や行	悠慎	ゆうま	3人目の子どもになります。上の子が帝王切開だったため、必然的に帝王切開での出産に。手術日までトラブルもなく無事に生まれてきてくれました。ただし、コロナ禍で入院中は面会もできなかったため、夫としては名前のイメージがつかなかったそう。そのため、なかなか候補が出てこない状況でした。退院したときには、すでに生まれて1週間になっていたため、あと1週間で名前を決めなきゃとあれこれ悩みました。そして、おっとりした雰囲気を感じたため「悠」という漢字を使うことを軸にして、画数やら雰囲気やらバランスやら読み方やらいろいろ考慮し……当て字になりますが「悠慎」で「ゆうま」という名前に落ち着きました。ゆったりと、おおらかに、つつましく、まっすぐな子になるよう願いを込めました。	sound_row	https://baby-calendar.jp/knowledge/common/1558	bc
2022	M	や行	柚月	ゆづき	冬生まれだったので、冬っぽい季節感のある果物の「ゆず（柚）」と、夫の名前から「月」を取り「柚月」にしたいと思いました。また、これからは国際社会なので海外の方からも呼ばれやすく、海外留学しても「ゆず」と呼ばれるといいなと思いつけました。（ゆずママさん）	sound_row	https://baby-calendar.jp/knowledge/common/1558	bc
2022	M	や行	耀太郎	ようたろう	耀」は「かがやく」の意味。いつも輝いて見える魅力溢れた人に。「太郎」の意味には「立派な人」という意味があるそうです。画数もよく、周りの人に恵まれる画数とのことでした。真夏生まれ、長男ということでぴったりの漢字だと思い、この名前に決めました。（pomrisaさん）	sound_row	https://baby-calendar.jp/knowledge/common/1558	bc
2022	F	ら行	鈴愛	れな	蘭愛」は、花の蘭のように美しく、やさしくてきれいな心を持ち、みんなから愛される子になってほしいという思いから。「鈴愛」は、楽器の鈴のように、かわいらしさの中にたくさんの表現力を持ち、みんなを癒やし、愛される子になってほしいという思いから。そして、2人の名前の1文字目を合わせると「鈴蘭」になります。春生まれの双子、鈴蘭は春の花であり、花言葉は「幸せの訪れ、再来」。フランスでは、スズランの花を贈り、受け取った人に幸せが訪れるという風習があります。双子で生まれた運命、個々でも輝き愛され、そのスズランの花のように、2人揃えば周りの人に幸せが訪れ、2人にも幸せが訪れてほしい。という思いを込めて名づけました。	sound_row	https://baby-calendar.jp/knowledge/common/1568	bc
2022	F	ら行	愛菜	らな	寝ても覚めても仕事仕事だった20代。そのため、結婚してからもしばらくは週末婚を選択していました。そして、30代になり子どもを考えだした矢先、子宮筋腫が見つかり、その後なかなか授からず、検査の結果、卵巣が腫れ、子宮内膜ポリープが子宮内を埋め尽くしていることがわかり手術に。本腰を入れて不妊治療のクリニックに通い、やっと着床してくれたのですが、今度は切迫流産で大量出血し入院……。常に不安がつきまといましたが妊娠がわかり、わが子の生命力を信じて過ごしました。育ちはゆっくりですが、おなかの中で少しずつ大きくなっているわが子が愛おしかったです。夜中には痛みで起きてしまうほど胎動も強くなり、しょっちゅう足でおなかをボコッと押していました。産院のエコーではあぐらをかいている姿が見え、「足癖が悪かったらどうしよう。乱暴な子になりませんように……」と心配になったほどです。そこでふとハワイ語で穏やかな、静かな、（水に浮かんでいる）という意味の「ラナ」という言葉があったことを思い出しました。名前の候補としてそれを夫に伝えると、なんとまったく同じことを考えていたようでビックリ！ 穏やかで周囲に愛をもって接する女の子になってほしいという気持ちを込めて、漢字には「愛」という文字を使用し、「愛菜」と書いて「ラナ」と読むことに決定しました。妊娠前、めったに引かないおみくじを引いた際「子宝、人の手をかりてできる」と書いてあり、実際、クリニックや職場、友だちなど周囲の人からのたくさんの手助けや愛情に助けられできた子です。私自身30代も後半になり、これから何年一緒にいられるか……と考えてしまうこともありますが、しっかり愛を注いであげ育てたいと思います。（RANAママさん）	sound_row	https://baby-calendar.jp/knowledge/common/1568	bc
2022	F	ら行	里咲	りさ	妊娠、出産は奇跡と言われてますが本当にその通りだと思いながら10カ月を過ごしました。つわりやさまざまなマイナートラブルに悩まされることも多い中、おなかですくすく成長してくれたことはまさに奇跡です。女の子とわかったときから20個以上の名前を夫婦で出し合い、最終的には3つまで絞り込んで出産を迎えました。よく「顔を見たらピンとくる」と言いますが、顔を見てもまだまだ3つから決めることができずに1週間が経ち、退院の日を迎えました。病院から自宅まではタクシーで帰ることに。病院のタクシー乗り場に並んで乗ったところ、なんと乗ろうとしたタクシーは5000台に7台しか無い「幸せのタクシー」という特別な車両だったのです！ さらに、その7台のうち1台しかない「39-39」（桜咲く）ナンバーの車両に当たりました。5000分の7という数字は宝くじの高額当選やホールインワンよりも珍しい確率だそうです。娘にとっては生まれて初めての外の世界への一歩がすごくラッキーなものとなりました。まさに奇跡の出合いです。これからの娘の人生が素敵な出会いで溢れるように、「幸せのタクシー」の「桜咲く」にあやかって、3つの候補の中に咲の漢字が入っていた「里咲」に決めました。ちょうど春生まれでもあり、私たち家族に「春が来た」奇跡の出会いとなりました。	sound_row	https://baby-calendar.jp/knowledge/common/1568	bc
2022	F	ら行	里帆	りほ	性別がわかり、名前の候補をいろいろと考えたのですが、夫婦にとって初めての子だったこともあり、なかなか名前が決まりませんでした。最終的に、子にどんな人生を歩んでほしいかで夫とお互い「千里の道も一歩から」と「順風満帆」という言葉が出たので、そこから1文字ずつとり、「里帆」と名づけました。	sound_row	https://baby-calendar.jp/knowledge/common/1568	bc
2022	F	ら行	凛々花	りりか	不妊治療をしてやっと授かった子でした。「凛々花」はアネモネの花の一種です。世界初のアネモネの完全な八重咲品種で、冬〜春にかけて長く咲く大きくて華やかな花です。寒い中でも凛として咲く華やかな姿、そしてピンクのアネモネの花言葉は「待望」「待ち焦がれた」。字画もよかったので「凛々花」に決めました。	sound_row	https://baby-calendar.jp/knowledge/common/1568	bc
2022	F	ら行	凛	りん	夫婦でお風呂に入りながらした会話。夫「もし双子が生まれたらなんて名づける？」、妻「りん、れんかな？」夫「え！？ 俺もそれを考えてた！」。その後、生まれてきたのは女の子。夫婦で気に入った漢字を選び、「凛」で退院後にすぐに出生届を提出しました。これからよろしくね、凛ちゃん。	sound_row	https://baby-calendar.jp/knowledge/common/1568	bc
2022	F	ら行	凛	りん	凛」という漢字が持つイメージが気に入っています。凛々しく、気高く、勇敢で自立した女性になってほしいと気持ちと、「りん」という音の響きが女の子らしく好きです。ありがちな名前だと言われたこともありますが、夫とも話し、どうしてもこの名前がいいと意見が一致したので固く決心できました。	sound_row	https://baby-calendar.jp/knowledge/common/1568	bc
2022	F	ら行	凛	りん	4人目の子です。凛として、強くたくましく生きてほしいという私（ママ）とパパからの思いを込めました。上の子たちはフワンとした顔立ちでしたが、4人目ちゃんはキリッとしていて「凛がぴったり！」と夫婦で意気投合。上のお姉ちゃんたちも、漢字1文字で読み方が2文字なので、姉妹間の字面もいい感じになりました。苗字との画数もよく、私たちもとても気に入っており、いつも名前を呼んでしまいます。	sound_row	https://baby-calendar.jp/knowledge/common/1568	bc
2022	F	ら行	凜花	りんか	自分の考えや思いをしっかりと持った「凜」とした子、そして「花」のように、みんなから愛される子になってほしいという思いを込めて名づけました。「凜花」か「花凜」かで迷いましたが、「凜ちゃん」と呼んでもらいやすいかな？と思い「凜花」にしました。予想通り、親族や病院の先生にも「凜ちゃん」と呼んでもらっています。実は苗字との字画はあまりよくないのですが、字画よりも由来のほうが大事だと思い決めました。（凜花ママさん）	sound_row	https://baby-calendar.jp/knowledge/common/1568	bc
2022	F	ら行	瑠玖	るく	家の近くの公園でいつものように夫と散歩しているとき、パッと私の頭の中に「るく」という名前が降りてきたためそのまま決めました。漢字は、カッコいいのにしたいなぁと「瑠玖」としました。誰にでもやさしく、自分の個性を大事にしてほしいという思いを込めています。（もちさん）	sound_row	https://baby-calendar.jp/knowledge/common/1568	bc
2022	F	ら行	礼佳	れいか	仕事で台湾に赴任していた際、日本人の特徴として「礼儀正しい」という評価をよくいただいていました。グローバルな人材として将来、海外で活躍する子どもになってほしいと願っていますが、日本人のアイデンティティーとして、「礼儀」を始めとする日本の文化をしっかりと身に付けてほしい、他人を尊重する気持ちを言葉や態度で示すことができる人になってほしいと思い、「礼佳（れいか）」と名づけました。	sound_row	https://baby-calendar.jp/knowledge/common/1568	bc
2022	F	ら行	玲美	れみ	次男の名前には長男の漢字を使っていることを長女が知り、「次が女の子だったら、私の漢字使って」と言われ、長女と義母の字を1文字ずつ取ってつけました。	sound_row	https://baby-calendar.jp/knowledge/common/1568	bc
2022	F	ら行	恋音	れん	私が適応障害を発症し、仕事に行くのがつらい、職場の人に会うのが怖いと毎日怯えるようになってしまっていたときに妊娠がわかりました。つわりや胎動で赤ちゃんの存在を感じ、おなかにいるときからわが子が愛おしく思え、この子がいるから大丈夫！と心を落ち着けることができるようになりました。この子の存在で、私が救われたように人を愛し、愛される人になってほしい、愛を伝えられる人になってほしいという願いを込めて「恋音」と名づけました。	sound_row	https://baby-calendar.jp/knowledge/common/1568	bc
2022	F	ら行	蓮	れん	35週で陣痛がきて、第一子が帝王切開だったため、その日のうちに緊急帝王切開で出産しました。幸いにも体重は3,000gを超えており、大きい病院への搬送は免れました。コロナ禍で、早産というかたちで生まれてきましたが、「泥中の蓮」の「蓮」のように、困難な中でも力強く花を咲かせてほしいと「蓮」と名づけました。退院直後はなかなか授乳量が増えず心配でしたが、3カ月の今では体重が標準のギリギリくらい大きくなりました。（とっくりさん） 歴代の赤ちゃんの名づけエピソード大賞 2022年赤ちゃんの名づけエピソード大賞 ＞ 2021年赤ちゃんの名づけエピソード大賞 ＞ 2020年赤ちゃんの名づけエピソード大賞 ＞ 2019年赤ちゃんの名づけエピソード大賞 ＞ 2018年赤ちゃんの名づけエピソード大賞 ＞ 2017年赤ちゃんの名づけエピソード大賞 ＞ 2016年赤ちゃんの名づけエピソード大賞 ＞ 2015年赤ちゃんの名づけエピソード大賞 ＞ 歴代の赤ちゃんの名前ランキング 2022年赤ちゃんの名前ランキング ＞ 2021年赤ちゃんの名前ランキング ＞ 2020年赤ちゃんの名前ランキング ＞ 2019年赤ちゃんの名前ランキング ＞ 2018年赤ちゃんの名前ランキング ＞ 2017年赤ちゃんの名前ランキング ＞ 2016年赤ちゃんの名前ランキング ＞ 2015年赤ちゃんの名前ランキング ＞ 2014年赤ちゃんの名前ランキング ＞ 2013年赤ちゃんの名前ランキング ＞ 2012年赤ちゃんの名前ランキング ＞ 2011年赤ちゃんの名前ランキング ＞ 2010年赤ちゃんの名前ランキング ＞ あなたの“今”の悩みを専門家に無料で相談できます 自分だけでは解決できない不安やお悩みは、助産師や管理栄養士などの専門家に個別相談してみませんか？ 専門家に相談する その他についての悩み もっと見る 専門家に相談する 妊娠・育児アプリ ベビーカレンダー記事制作の取り組み ＼ この記事にいいね！しよう ／ 0 クリップ 現在ログインしていません。 ログイン しますか？ シェアする 名前ランキング検索 ベビーカレンダーが独自で調査・集計した2017年以降に生まれた赤ちゃんの名前データの中から、知りたい名前の順位、よみの順位、漢字の順位を見ることができます。 【名前で検索】【よみ方で検索】が名前の一部で検索できるよ	sound_row	https://baby-calendar.jp/knowledge/common/1568	bc
2022	M	ら行	浬久	りく	呼びやすい名前、画数、書きやすい漢字など、条件を出すとなかなか決まらず、ギリギリまで迷いましたが、生まれてきたわが子を見てからはすぐに決まりました。「りく」という響きが気に入り、漢字は航海などで使う大きな単位である「浬（かいり）」と、「久」は長く続くという意味から、「大きな夢に向かって進み続けてほしい」という願いを込めました。	sound_row	https://baby-calendar.jp/knowledge/common/1559	bc
2022	M	ら行	琉真	りゅうま	夫と付き合って7年、結婚して3年目。子どもが欲しいと強く望んでいました。夫は50代、私は30代の歳の差夫婦です。1年目は自然に任せ、2年目はタイミング法や人工授精を試しながら試みましたがうまくいかず、話し合った結果、体外授精にステップアップしました。ありがたいことに1回目で授精してくれました。毎日毎日、「無事に育ちますように」と祈るように生活し、健診まで大丈夫だろうかと不安な日々を過ごしました。男の子ということがわかり、無事安定期も乗り越え名前を考え始めたときに、夫が「りゅう」とつけたいと言いました。そして、つけた名前は「琉真」。青いさわやかな沖縄の雰囲気を感じられ、王様の意味も含まれる「琉」と正直な芯のある子になってほしいと「真」を合わせました。待ちに待って私たち夫婦のもとに来てくれたわが子、何も多くは望まない、明るくさわやかでやさしい気持ちを持った子になってほしいとこの名前に込めました。生まれてきてくれてありがとう。	sound_row	https://baby-calendar.jp/knowledge/common/1559	bc
2022	M	ら行	了一	りょういち	了一の「了」は終わりという意味、「一」は始まりという意味なので、最初から最後まで諦めずに、自分らしくやり遂げてほしいという意味を込めて、この名前をつけました。	sound_row	https://baby-calendar.jp/knowledge/common/1559	bc
2022	M	ら行	陵一朗	りょういちろう	陵」→丘を越える、「一」→1月生まれ、「朗」→ほがらか。コロナ禍で不安だらけの妊娠期間と出産。どんな困難も乗り越え、明るく朗らかに成長していってほしいという願いを込めて名づけました。	sound_row	https://baby-calendar.jp/knowledge/common/1559	bc
2022	M	ら行	涼平	りょうへい	パパは自他共に認めるほどのせっかちです。そして何事も熱くなりやすいと自分でもわかっているのに直すことができず、過去には損をすることも多々あったそう。息子にはそういう性格にならないように「熱い」の対義になる「涼」と、落ち着いた気持ちでいられるよう「平」という字を使いました。英語で説明するときに「cool」と「peace」だと説明できるのも、英語の仕事をしているパパのお気に入りポイントです。	sound_row	https://baby-calendar.jp/knowledge/common/1559	bc
2022	M	ら行	怜真	りょうま	4人兄弟の末っ子で、上のお兄ちゃんが待ち望んだ男の子だったので、長男に読み方を決めてもらいました。高知県らしい名前なのと、一度聞くと覚えやすいインパクトのあるところが気に入っています。漢字は「怜」の右側に令和の「令」がついていて、兄弟の中で唯一の令和生まれということもあって、そこもお気に入りポイントです。坂本龍馬のように、たくさんの人の力になれる男の子に育ってほしいです。	sound_row	https://baby-calendar.jp/knowledge/common/1559	bc
2022	M	ら行	凜寧	りんね	パパが「りん」という響きが好きで、「りんね」と名づけました。漢字には、凜とした強さと穏やかな心という意味を込めて、「凜寧」になりました。（nanaさん）	sound_row	https://baby-calendar.jp/knowledge/common/1559	bc
2022	M	ら行	るい	るい	ひらがなで漢字の意味にとらわれず、男の子でも女の子でも日本人でも外国人でも合うようにと名づけました。私自身、純日本人ですが顔の彫りが深めでよくハーフや外国人に間違われたこと、小さいころにボーイズライクな格好が好きで男の子の服を着ていたら「女の子なのに」と言われた経験が多かったので、ボーダレスなこれからの時代、何にもとらわれないワールドワイドな子になるようにと。ひらがなの理由は自分の名前にもひらがなが入っていて気に入っていたのと、画数もよかったので決めました。そして「るい」と呼ぶと口角が上がるので、呼ぶ人も呼ばれる子も笑顔が溢れるようにという思いもこめています。	sound_row	https://baby-calendar.jp/knowledge/common/1559	bc
2022	M	ら行	琉葦	るい	ら行の2文字で探していて「るい」という名前にしました。パパが海を表す漢字でママが植物を表す漢字なので海を連想する「琉」、植物を表す「葦」から漢字を決めました！	sound_row	https://baby-calendar.jp/knowledge/common/1559	bc
2022	M	ら行	琉太	るた	出産前に夫の両祖父は亡くなってしまい、赤ちゃんを見ることができませんでした。そのため、夫の両祖父（琉三と太郎）の漢字を1文字ずつもらって「琉太」の名前が候補にありました。他にもあとひとつ候補がありました。新しく家族の一員になるので、長男、長女にも一緒に考えてもらおうということに。家族4人で1週間話し合い、子どもたちが絶対に「琉太」がいい！ということで、決まりました。（るーくんママさん）	sound_row	https://baby-calendar.jp/knowledge/common/1559	bc
2022	M	ら行	零ニ	れいじ	第二子で男の子とわかったときに胎児ネームは「二郎ちゃん」こと「ジロちゃん」に決定。お姉ちゃんも「ジロちゃーん」とうれしそうに弟の誕生を楽しみにはしていたものの、出産が近づいてくるにつれて夫婦でしっかり再検討しました。ゼロから何かを成し遂げたり、作り上げる人に育ってほしいと言うパパの思いから、数字の「ゼロ」と「二」をとって「零ニ」くんに決定！ 「二」という漢字は、じぃじが次男で「英二」さんということもあります。少し古風な名前がいいなと思っていた夫婦の意見も合い納得の名づけとなりました！ 愛称はれいちゃん！ 元気に健康に育ってね！	sound_row	https://baby-calendar.jp/knowledge/common/1559	bc
2022	M	ら行	怜桜	れお	2人目も男の子でなかなかピンとくる名前が出てこず苦戦しました。10個以上候補を出し、消去法で「怜桜」と「広翔」の2個まで絞りました。画数にはこだわりはなかったけれど、苗字が漢字3文字のため、名前の画数が多いとテストで書くときなど大変かもと、なるべく画数が多くならないように気をつけて決めました。親戚にすでに「ひろとくん」がいて身近で名前が被るのは気まずいなと思ったのと、親戚に聞いて多数決で人気だった「怜桜」に決めることに。「怜」の漢字には、清くて誠実な子に。嘘をつかず人を裏切らない子に。周りに手を差し伸べられるやさしい子にという意味が込められていたのでこの漢字を選びました。「桜」は私が個人的に漢字が好きなのと、4月生まれで生まれたときもまだ桜が咲いていたこと、妊娠後期から花見をした思い出からこの漢字にしました。	sound_row	https://baby-calendar.jp/knowledge/common/1559	bc
2022	M	ら行	蓮	れん	上に「葵（あおい）」、「桜（さくら）」という2人の姉がいます。姉たちもお花から名前をもらったので、長男も蓮の花からとって「蓮（れん）」と名づけました。私はSMAPの『世界に一つだけの花』という歌の歌詞が大好きです。子どもたちにもそれぞれの道で自分だけの花を咲かす人生を歩んでほしいです。（るいるいさん）	sound_row	https://baby-calendar.jp/knowledge/common/1559	bc
2022	F	わ行	環子	わこ	環（わ）」には、たくさんの人、そしてたくさんの笑顔の「環」の中で育ってほしい。また、「環」には「還る（めぐる）」という意味もあるため、世界を舞台に活躍する子になってほしいという思いを込めて名付けました。（わこママさん） 歴代の赤ちゃんの名づけエピソード大賞 2022年赤ちゃんの名づけエピソード大賞 ＞ 2021年赤ちゃんの名づけエピソード大賞 ＞ 2020年赤ちゃんの名づけエピソード大賞 ＞ 2019年赤ちゃんの名づけエピソード大賞 ＞ 2018年赤ちゃんの名づけエピソード大賞 ＞ 2017年赤ちゃんの名づけエピソード大賞 ＞ 2016年赤ちゃんの名づけエピソード大賞 ＞ 2015年赤ちゃんの名づけエピソード大賞 ＞ 歴代の赤ちゃんの名前ランキング 2022年赤ちゃんの名前ランキング ＞ 2021年赤ちゃんの名前ランキング ＞ 2020年赤ちゃんの名前ランキング ＞ 2019年赤ちゃんの名前ランキング ＞ 2018年赤ちゃんの名前ランキング ＞ 2017年赤ちゃんの名前ランキング ＞ 2016年赤ちゃんの名前ランキング ＞ 2015年赤ちゃんの名前ランキング ＞ 2014年赤ちゃんの名前ランキング ＞ 2013年赤ちゃんの名前ランキング ＞ 2012年赤ちゃんの名前ランキング ＞ 2011年赤ちゃんの名前ランキング ＞ 2010年赤ちゃんの名前ランキング ＞ あなたの“今”の悩みを専門家に無料で相談できます 自分だけでは解決できない不安やお悩みは、助産師や管理栄養士などの専門家に個別相談してみませんか？ 専門家に相談する その他についての悩み もっと見る 専門家に相談する 妊娠・育児アプリ ベビーカレンダー記事制作の取り組み ＼ この記事にいいね！しよう ／ 0 クリップ 現在ログインしていません。 ログイン しますか？ シェアする 名前ランキング検索 ベビーカレンダーが独自で調査・集計した2017年以降に生まれた赤ちゃんの名前データの中から、知りたい名前の順位、よみの順位、漢字の順位を見ることができます。 【名前で検索】【よみ方で検索】が名前の一部で検索できるようになりました！ 名前で検索 男の子 女の子 と一致する で始まる で終わる を含む 検索 よみ方で検索 男の子 女の子 と一致する で始まる で終わる を含む 検索 漢字で検索 男の子 女の子 検索	sound_row	https://baby-calendar.jp/knowledge/common/1569	bc
2023	F	あ行	明莉	あかり	名前候補は出産前から私と主人、それぞれで考えていました。予定日は7月16日だったのですが、一週間をすぎても陣痛がこず、だんだんと不安な気持ちが強くなっていました。身体を軽く動かすようにと、夕方、主人と病院帰りに近くの公園へ散歩に行きました。ちょうどその日はキャンドルナイト（燈桜会）というイベントが行われていて、公園一面が蝋燭のあかりに灯され、とても幻想的で素敵な雰囲気でした。そのやさしくやわらかなあかりにとても癒され、穏やかな気持ちになったことを今でもよく覚えています。その次の日に陣痛がきて、約20時間の奮闘の末、無事第1子を出産することができました。わが子の名前は、明莉です。明るく前向きに生き、まわりの人を穏やか気持ちにしてくれるあかりのような子に育ってほしいという願いを込めて命名しました。また、私が花が好きなので、7月生まれということから夏に咲く花から莉という字を当てました。夫婦助け合って、大切に育てていきたいです。	sound_row	https://baby-calendar.jp/knowledge/common/1591	bc
2023	F	あ行	彩陽	あさひ	私の排卵障害があり、なかなか授かることができなかったのですが、そんな私たち夫婦のところにきてくれたわが子。妊娠がわかったときから私たち夫婦だけではなく両親達も笑顔にし、みんなが喜んでくれました。産まれてからも沢山の人達を笑顔にしてくれました。また、人との繋がりを大切にし彩り豊かな日々を過ごしてほしいと思い、”太陽のように明るく皆を照らし彩りある豊かな人生を送ってほしい”と込めて彩陽とつけました。	sound_row	https://baby-calendar.jp/knowledge/common/1591	bc
2023	F	あ行	梓	あずさ	夫が1文字の漢字、読みが3文字だったことから、女の子らしく響きがかわいらしい梓（あずさ）を選びました。「梓」は樹木を表すことから「美しくのびのびと育ってほしい」という願いと神事に使われる「梓弓」から弓のように「強さとしなやかさを持って、困難にも負けない人になってほしい」といあ願いが込められてます。	sound_row	https://baby-calendar.jp/knowledge/common/1591	bc
2023	F	あ行	碧月	あづき	お兄ちゃんが2人いて、それぞれ海と陸という漢字を使いました。第3子となる赤ちゃんの名前は、お兄ちゃん2人のイメージカラー（海=青、陸＝緑）を意識して、青がかった緑色を表し、宝石の意味を持つ碧という文字をとり、また中秋の名月のきれいな満月の輝く夜に産まれたので月という文字を組み合わせて、碧月（あづき）と名づけました。呼んだときの響もかわいらしく、ママとパパの宝物という意味と、宝石のように光り輝く人生を送ってほしい、キラキラした瞳でいろいろな物事に興味を持ってチャレンジしてほしいという意味を込めました。	sound_row	https://baby-calendar.jp/knowledge/common/1591	bc
2023	F	あ行	絢世	あやせ	産まれる前からたくさん候補を考えていましたが、どれも両親ともに納得する名前に出会えず……主人が「産まれた顔を見て決めよう」と提案してくれたので、名前決めは一旦休んで、産まれるのを待つことにしました。その間、サッカー日本代表の上田綺世選手の名前を見て、「あやせ」の響きがきれいだし、「女の子でもいけるよねー」という話をなんとなくしていました。そし、産まれてみると、しっかり目を開いて、世界を見ているように見えたため、『様々な経験を重ね、きれいな世界をたくさん見る子になるように』と絢世と名づけました。	sound_row	https://baby-calendar.jp/knowledge/common/1591	bc
2023	F	あ行	彩葉	あやは	秋生まれなので彩葉。もみじのように、最初は青くても徐々に色をつけて、色鮮やかな人生を送ってほしいという意味を込めました。	sound_row	https://baby-calendar.jp/knowledge/common/1591	bc
2023	F	あ行	絢葉	あやは	6月生まれの女の子。6月にちなんだ言葉をつけたくて考えました。季語、誕生石、花などいろいろから探したがピンと来るものがなく……。6月を英語でJune「じゅん」がつく名前にしようと思うが、気に入る名前がなく……。最終的に「じゅん」と読める漢字を使おうということになりました。「絢」までは決まり、続く文字をパパと2人で出し合っていくと『あやは』は！？とお互い気に入る名前がおりてきたのです。「絢」は美しく飾ること、という意味があり、「葉」は6月の青葉を意味し、元気にすくすく育ってほしいという願いを込めました。	sound_row	https://baby-calendar.jp/knowledge/common/1591	bc
2023	F	あ行	ありす	ありす	名づけに関しては、夫に任せていました。夫は子どもに対して、「先を見通せる目を持つ子、物事の本質を見極められる目を持つ子」という願いを込めたいと決めており、名前に【虹彩（英：iris）】を使いたかったそうです。英語読みのirisをARISUに変えてつけました。成長したときに、意味を教えるのが楽しみです。名前の通り先を見通せる、物事を見極められる子に育ってほしいです。	sound_row	https://baby-calendar.jp/knowledge/common/1591	bc
2023	F	あ行	杏	あん	妊娠しにくい身体だったため、子どもは諦めていました。そんなある日、夢を見ました。七福神の船のようなものが遠くからどんどん近づいてくると、金色に輝く神様が私を見つめて、体の中にすっと消えていきました！すごく暖かい感じがしたのを覚えています。すっかりそんなことは忘れていましたが、その後妊娠していました。あのときの夢は本当に神様の贈り物だったんだろうな、奇跡って起きるんだなって本当に嬉しかったです。私の名前は桃という感じが入っているので、同じ果物の「杏」という名前で、夫婦共々すぐに決まりました！ちなみに娘のお気に入りのぬいぐるみはジャムといいます。2人目が女の子だった場合は「梨」でりんとつけたいと思ってます。（あんももさん）	sound_row	https://baby-calendar.jp/knowledge/common/1591	bc
2023	F	あ行	唯桜	いお	多くの人から唯一無二で慕われる存在。桜のように多くの人を魅了し、人が集まってくるような中心となって活躍し、人生に花を咲かしてほしいという思いを込めてつけました。	sound_row	https://baby-calendar.jp/knowledge/common/1591	bc
2023	F	あ行	逸夏	いちか	妊娠初期に上の子がサイトメガロウイルスに感染して入院しました。後日の妊婦検診で、サイトメガロウイルスの胎盤感染について知ったのですが、そのときは上の子が感染したこと、私自身も風邪症状があったことををすっかり忘れていました。サイトメガロウイルスに感染したかもと思い出したのは、妊娠後期に入ってから。慌てて病院で抗体検査をしましたが、結果は胎盤感染しているかわからないというものでした。妊娠初期に検査していれば、結果が判明していたかもと言われて落ち込みました。その日から、赤ちゃんは無事生まれてくるかと毎日毎日考えていました。名前の音は夫と私の音から1文字ずつとって「いちか」と決めていました。「逸」は本を読みながら漢字を考えているときに、「逸」の字が目に入り、これだ！と即決。困難があっても乗り越えていけるようにとの願いを込めました。「夏」は生まれたときは体重が小さかったのですが、産声がとても大きく、母乳もすぐに飲んだので、「夏のように元気で明るい子に」との願いを込めました。生まれて1カ月ですが、あいかわらず泣き声は大きく、元気な子に育ってます。おっぱいもたくさん飲んで、体重もどんどん増えてきました。この調子で、すくすくと元気に困難にも負けないで育ってほしいと思います。	sound_row	https://baby-calendar.jp/knowledge/common/1591	bc
2023	F	あ行	一途	いと	いと」と言う名前はママが学生のときからつけたかった名前です！妊娠中にママとパパが趣味の釣りをしながら漢字を考えていたとき、ビビッと舞い降りてきて「かわいくない？」ってなって選んだ漢字です。由来は後づけみたいになっちゃうけど、かわいい名前になりました。自分に真っ直ぐに笑顔で明るく大きくなりますようにって由来です。	sound_row	https://baby-calendar.jp/knowledge/common/1591	bc
2023	F	あ行	絃羽	いとは	私は妊娠が判明したとき、相手に逃げられ一人でこの子を産む覚悟をしました。けれど、私を救ってくれたの彼の存在があり、私とおなかの子を受け入れてくれました。出産後も自分の子として愛してくれています。本当の父親ではないけれど本当の父親以上にわが子に愛情を注いでくれている彼、そして親、親戚がいます。娘にはそのような素敵なご縁に恵まれてほしいという思いで絃羽とつけました。意味には「弦楽器の音色のように周りの人を引きつけるような魅力のある人になってほしい。そして多くのいいご縁に恵まれ、夢に向かって大きく羽ばたいてほしい」という思いが込められています。（いとママさん）	sound_row	https://baby-calendar.jp/knowledge/common/1591	bc
2023	F	あ行	羽珠	うみ	パパが海が大好きなため、お名前の響きは性別がわかってすぐに決まりました。7月生まれの女の子だったため、夏らしさもあり、パパママともにお気に入りです。漢字には、大きな世界に自信を持って羽ばたいてほしい気持ちと、人魚姫を連想させるパールにちなんだ珠で両親の宝物であること、人魚姫のようにいろいろなことに興味や好奇心を持ってチャレンジしてほしいという気持ちを込めて名づけました。	sound_row	https://baby-calendar.jp/knowledge/common/1591	bc
2023	F	あ行	潤	うる	潤沢な人生を送ってほしい、人の心が潤せるようなやさしい子に育ってほしいと願いを込めた潤ちゃん。人との繋がりを大切にしてほしいという願いを込めた絃葉ちゃん。２つの候補がありました。なかなか決まらず、「どっちがいいかな？」と冗談で、生まれてきた子に夫が尋ねたところ、潤ちゃんでポロリと一粒涙を流したため、潤ちゃんに決まりました。（すずさん）	sound_row	https://baby-calendar.jp/knowledge/common/1591	bc
2023	F	あ行	英雅	えいか	夫と私の名前の漢字と、長男や長女からも一文字ずつとって名づけました！夫のようにおおらかな人に育ってほしいので主人の漢字を、また兄妹みんな年をとっても仲良しでいてほしいという思いで、長男・長女からも一文字ずつとりました！	sound_row	https://baby-calendar.jp/knowledge/common/1591	bc
2023	F	あ行	瑛那	えな	気高さや気品など、きれいで心が強そうな意味がある名前にしたくてこの漢字にしました。でも、これは第二候補なんです。第一候補だった名前は、夫も私も気に入ってたし、上のお兄ちゃんが候補の中から選んで「これにしよ！」って決めてたんですけど、お隣の12歳上のお兄ちゃんの名前が1文字違いで一緒だったんです。ご近所になってあまり日が経ってなかったので、かぶったらまずい思い、慌てて第二候補に修正しました。産まれる2〜3カ月前だったので、手続きとかは何もなかったんですけど、上の子が幼稚園で「妹の名前は〇〇なんだよ！」って色んな子や先生や保護者に言い回っていたので、「お名前決まったんですね」って言われるたびに、「ちょっと変更しまして…」と訂正をして回ったのが産まれる前のエピソードです。	sound_row	https://baby-calendar.jp/knowledge/common/1591	bc
2023	F	あ行	咲凪	えな	2月生まれなので冬の静かで穏やかな『凪』。春に向かい花が『咲く』で咲凪と言う名前になりました！いくつか候補はあったのですが『咲』という字を入れたいと主人からの提案で、初めは『咲那』にしようと思っていたのですが、画数や家族のアドバイスから那→凪に変え、意味もこちらのほうが素敵だなと思い、私たちから娘への初めてのプレゼントとして贈りました！（mさん）	sound_row	https://baby-calendar.jp/knowledge/common/1591	bc
2023	F	あ行	瑛愛	えま	私の名前が「愛」なのですが、両親が「誰からも愛されるように」という想いで名づけてくれました。昔、人から名前を聞かれ「愛です」と伝えたところ、「愛さん。お姉さんにぴったりの名前ですね！」と言われました。とてもうれしかった記憶があります。初対面でそんなことを言ってもらえるとは思っておらずびっくりしたのと、自分の好きな名前をしっかり体現できていたのかと思うと本当にうれしかったです。ありがたいことに周りの人にも恵まれ、両親の思いに応えることができているのではないかと思います。そんな自分の名前が由来も含めて大好きなので、「愛」という漢字を入れたくて名前を探していたところ「瑛愛」という名前を見つけました。漢字の意味を調べたところビビビッときて、「生まれてくる子どもには絶対この名前をつけたい！」と思いました。「瑛」という漢字には、”賢い”や”純真無垢な心根とキラリと光る個性を兼ね備えた人になる”という意味があるそうです。周りから愛され、何ごとにも初心を忘れず一生懸命に挑み、そしてどんな個性でも自分に誇りを持ってほしいと思い、この名前に決めました。瑛愛がどんな個性を持っていたとしても、自分を責めず、ポジティブに考えられるような子になってほしいと思います。もちろんできることは、たくさん褒めちぎるつもりです（笑）。名前決定後に姓名判断をしてみたのですが、どの項目も大吉で、生まれてから老後までずっと幸せで人に恵まれた人生を送ることができるとありました。すべてを信じているわけではありませんが、結果を見て「やっぱり生まれてくる子どもにはこの名前しかない！」と確信しました。これから人生の中で何百、何千回と呼ばれる自分の名前を娘にも好きになってもらいたいです。そして、みんなに愛されてすくすく育ってほしいです！	sound_row	https://baby-calendar.jp/knowledge/common/1591	bc
2023	F	あ行	瑛麻	えま	私と夫は出身地が違います。夫は宮大工の仕事で私の地元に来ていました。そんななか出逢って結婚して、子どもが産まれました。夫が神社のお仕事をしていなければ、私と出逢ってなかったので、神社に関係するもので「えま」という名前をつけることにしました。漢字の瑛は「人を惹きつける魅力のある明るい人に育ってほしい」、麻は「すくすく育ってほしい、周囲を包み込むようなやさしい人に育ってほしい」という意味です。私たちのもとに生まれてきてくれてありがとう。	sound_row	https://baby-calendar.jp/knowledge/common/1591	bc
2023	F	あ行	依茉	えま	夫婦で2文字の名前がいいなと話し「何がいい？」と聞いたところ、夫の回答は、私が希望していたえまでした！笑 「これは運命だ！！」なんて思いながら、えと読む漢字、まと読む漢字をそれぞれ探し、意味も合うように選びました！依→よりどころ、頼りにするなどの意味茉→ジャスミンを連想させることから、かわいらしさや愛想がよいといった意味があります。依茉→みんなに頼られ、愛される子にという意味で名づけました！！えまという名前がグローバルネームであることも決め手でした！画数も少し気にした上で名づけました	sound_row	https://baby-calendar.jp/knowledge/common/1591	bc
2023	F	あ行	妃美絆	えみな	王妃のように美しく、いろいろな人との絆を繋いでいく子に育ちますように。（妃美絆ママさん）	sound_row	https://baby-calendar.jp/knowledge/common/1591	bc
2023	M	あ行	曜士	あきと	上の子があゆみという名前なので、下の子もあから始まる3文字の名前にしようと夫と決めました。あは温かみのある音だし、あえて同じ音を使うことで絆の深さをもたせたかったのです。夫が「あきと」という響きが好きだというので、名前の読みは夫の希望通りに。漢字は姓名判断にこだわる私が選ぶことになりました。曜という字は、太陽が美しく輝く様子を表しています。太陽のように明るく周囲を照らしてくれる人になってほしい、輝くような活躍をしてほしいという想いをこめて選びました。士という字は元気な男の子をイメージして選びました。健やかにすくすくと育ってほしいという願いもあります。上の子のあゆみとあきとは親の願い通り、とても仲良しで、絆が深い姉弟に育ってくれています。家族全員に望まれて生まれてきたこと、これからも伝えていきたいです。	sound_row	https://baby-calendar.jp/knowledge/common/1601	bc
2023	M	あ行	碧斗	あおと	兄と同じ「〇〇と」という名前にしたかったが、なかなかしっくりくる名前が見つからず、産前には決めきれなかった。無事に出産し、分娩台で休みながら、生まれたての細くて小さくて、でも一生懸命手足を動かして、なんとか呼吸をしようとしている姿を見ながらうとうとしていたときに、どこまでも広がる空や海や宇宙が頭の中に広がって、「あお」というワードが突然頭に浮かんできた。心も体も大きな子に育ててあげたいという想いが「あお」という言葉にまとまった気がして、人生で初めてビビビッ！！と感じたのを今でも鮮明に覚えている。また、夫婦共に音楽が好きで、「音」という字を使おうか最後まで悩んでいたが、平仮名にすれば「おと」があることに気づき、これしかないと即決定した。兄弟なので「〇〇と」と読み方は揃えたが、それぞれの個性を大切に生きてほしいと思ったため、止め字はあえて兄とは違う字にした。	sound_row	https://baby-calendar.jp/knowledge/common/1601	bc
2023	M	あ行	惺仁	あきと	惺」という字は、星が澄みきった空に見える星を表しています。長男がいることもあり、夏休みの思い出に妊娠10カ月のとき、大きなおなかを抱えていったグランピング。そのときの夜に、家族みんなで見た満点の星空がとっても印象的で、その時見た星空が思い出される字を選びました。「仁」には人に誠実に、思いやりの心をもった子に育ちますようにという願いが込められています。	sound_row	https://baby-calendar.jp/knowledge/common/1601	bc
2023	M	あ行	青	あお	お兄ちゃんが「空」という名前なので、関連づけたく、漢字を迷っていました。妊娠後期に入って、そろそろ漢字を「蒼」か「青」かに決めないとと思い、シンプルで画数も上の子と同じ漢字にしました。青という字には、生命力溢れる元気な子という意味が込められていています。すでに活発です。お兄ちゃん大好きすぎる子ですが、どうなっていくのか楽しみです！	sound_row	https://baby-calendar.jp/knowledge/common/1601	bc
2023	M	あ行	耀翔	あきと	名字が天野なので、天や野、色んな世界どんな所でも輝けるような子になってほしい、世界に羽ばたいてほしいという意味をこめて、耀（かがやく）と翔（はばたく）と名づけました。また、お兄ちゃんが海翔（かいと）という名前で、兄弟で同じ漢字を使いたいなと思ったのもこの名前をつけた理由の1つでもあります。	sound_row	https://baby-calendar.jp/knowledge/common/1601	bc
2023	M	あ行	蒼葉	あおば	蒼葉の前に、トリソミーが見つかって出産をあきらめた子どもに琴葉と名づけていました。蒼葉の戌の日のお参りに行ったとき、神社の新緑がきれいで出産予定の7月はアオバの季節ということもあり、様々な木々のように大きく成長して、新緑のように澄んだ心を持ってほしい。琴葉から葉をもらい2人を大切に育てていくという気持ちもあり、蒼葉と名づけました。	sound_row	https://baby-calendar.jp/knowledge/common/1601	bc
2023	M	あ行	青波	あおば	律には「律する、凛々しい」という意味から、正しく真っ当に生きて場合によって冷静な判断ができる人間になってほしいという思い。桜には満開や新しい季節の訪れ、パッとする力があることから、明るく周囲を晴れやかな気分にさせる、力に溢れる人間になってほしいという思い。凛々しい中にも、温かい気持ちを持った、そんな人間になってほしいと両親は願っています。	sound_row	https://baby-calendar.jp/knowledge/common/1601	bc
2023	M	あ行	葵	あおい	もともと性別がわかる前から、男女どちらになってもつけられる名前がいいなと思って考えていました。たくさん候補を考えた中から、直感的にこれだ！と思ったのが「あおい」でした。その後、漢字をどうしようかとパパと話し合っていたときに、2人とも大好きな花がひまわりだったので「葵」を使うことにしました。ひまわりのように明るく元気に、また葵の花言葉のように大望を叶える子になってほしいという願いを込めています。	sound_row	https://baby-calendar.jp/knowledge/common/1601	bc
2023	M	あ行	耀	あき	キラキラネームでもシワシワネームでもなく、呼びやすくて素適な名前を探しておりました。夫の家系でみんな漢字一文字で名づけをしており、上の子同様、今回も漢字一文字で探しておりました。2022年や2023年のランキング上位の名前はみんなとかぶるから面白くないよねと思い、夫婦ともに呼びやすくて響きがよい名前を探しておりました。インターネットで、耀の漢字でアキラやアキと読むとわかり、また耀の意味が明るいひかり輝くと前向きな意味があるということを知りました。明るくひかり輝くひとになってほしい、ひかり輝く人生を送ってほしいという想いを込めて耀（あき）と名づけました。とてもお気に入りです。	sound_row	https://baby-calendar.jp/knowledge/common/1601	bc
2023	M	あ行	暁	あきら	妊娠20週ごろ赤ちゃんの性別が男の子と判明して、夫と2人で名前を考えていました。漢字一文字の名前にしたいねということだけ決まっていて、あれこれと案を出し合っていた中、ふと私の頭に降りてきた名前が暁（あきら）でした。「これだ！これしかない！」とパズルのピースがカチッとはまったような、不思議な感覚でした。夫に「どう？」と聞いてみるとピンときたようで「いいね！」という返事が。暁（あかつき）＝夜明けの意味から、何度でも新しい朝がくる、希望を持っていろいろなことに挑戦できる人になってほしい、という願いを込めました。「もし早朝に生まれたら名前通りだね〜」と夫婦で話していたのですが、出生時間はなんと午前5時ごろ！名前を決めたときのあのピンときた感覚は、間違いなかったのだなと思いました。	sound_row	https://baby-calendar.jp/knowledge/common/1601	bc
2023	M	あ行	朝陽	あさひ	"おなかの中にいるときにやさしい暖かさを感じ、陽（ひ）があるような、朝日のようなオレンジ色を感じました。主人にも話してはいたのですが他の名前も候補に入れたりと生まれる直前まで名前を決めていませんでした。けれど、生まれて顔を見てこの子の名前は""あさひ""だと確信しました。そして朝陽と名づけることになりました。"	sound_row	https://baby-calendar.jp/knowledge/common/1601	bc
2023	M	あ行	碧海	あおい	上の子の名前が青空で、空の次は自然で海をつけたくて、いろいろな候補を出しました。「青い空、碧い海」これがしっくりきたのでこの名前にしました！これと言ったエピソードではないのですが！2人目ということもあり、いろいろ考えました。	sound_row	https://baby-calendar.jp/knowledge/common/1601	bc
2023	M	あ行	碧人	あおと	しっかり者の7歳のお姉ちゃん、やんちゃすぎる5歳のお兄ちゃん、3歳の甘えん坊のお姉ちゃんがいる騒がしいお家に、たくましい末っ子としてきてくれました。高齢のパパ・ママにとっては驚きの妊娠でしたが、3人のお兄ちゃんお姉ちゃんたちは、ママのおなかを触ってみたり、おなかに糸電話をしたり、胎動キックにお返事したり、産まれてくるのを心待ちにしていました。夜空に星があおく輝いているときに陣痛が始まり、透き通った青空の朝に産まれてきました。碧人の「碧」は美しい玉を表します。「心が透き通る人に成長してほしい、そしてみんなの宝物だよ」という気持ちを込めて名づけました。名前にふさわしく、日々まんまるのお月さまのように成長しています。末っ子の碧人の玉のようなほっぺに、お兄ちゃんお姉ちゃんたちも夢中で、碧人は毎日チュッチュチュッチュされています。これからも元気いっぱい、ミルクいっぱいニコニコ愛顔で大きくなってほしいと願っています。	sound_row	https://baby-calendar.jp/knowledge/common/1601	bc
2023	M	あ行	煌斗	あきと	漢字や字画、呼びやすさなど、それぞれが自分のこだわりで考えては家族会議でプレゼンをしました。 長女は初めて姓名判断を知り漢字辞典で意味を調べたり、呼びやすさを重視していた夫はいろいろな名前でおなかに呼びかけてみたり。 家族会議の結果、最終候補を2つに絞り、あとは産まれてきて顔を見て決めようということに。 感染症対策で夫しか面会ができなかったため、携帯で息子の顔を映してどちらの名前にしようかと考えていました。 退院後、長女が会うと、候補のうちの1つだった「あきと」だと一点張り。 私と夫はもう一方の名前にしようかと思っていたため、驚きましたが、家族会議を重ねて「あきと」に決定しました。「煌」の字は 長女が自分の好きな字として学校で発表していた漢字です。 紙に書いて部屋に貼ってあるのを見て、いい漢字だなーと思っていました。 意味としては「煌めく」は、星のように強弱のある輝きを意味しているそうです。 人生の一瞬一瞬の輝きを大切にして、人生を送ってほしいという願いを込めました。 また、光り輝く大切な宝物であるという気持ちを込めて。 「斗」は旦那がどうしてもつけたかった字です。 後でわかったのですが、実は「あきと」は長女の推しのキャラの名前だったようで、そのために譲りたくなかったようです（笑）。 普段あまり話したがらない思春期の娘も含めて、楽しんで家族で話し合う時間となった名づけの家族会議。 本気のプレゼン合戦で決めた名前を、息子も気に入ってくれるといいなと思います。（トモママさん）	sound_row	https://baby-calendar.jp/knowledge/common/1601	bc
2023	M	あ行	伊織	いおり	母子家庭なので1人で考えました。その中でも1番重要視したのが姓名判断で、すべてよかったので、響もよくこの名前に選びました。	sound_row	https://baby-calendar.jp/knowledge/common/1601	bc
2023	M	あ行	伊織	いおり	母の故郷、三重県（伊勢国）と父の故郷、今いる場所である岐阜県（織物の街）。どちらも生まれた故郷を大切にしてほしいと願いを込めて、伊織（いおり）と名づけました。わが子には、今いる街を大切に繋がる街の人を大切にして人を思いやることのできる心を持ち育ってほしいです。（あかりさん）	sound_row	https://baby-calendar.jp/knowledge/common/1601	bc
2023	M	あ行	佑望	うみ	保育士をしているので、園児と被る名前は気持ちが乗らないと感じていました。夫婦でまずは響きが気に入った名前の候補をたくさんあげて、その中でもジェンダーレスな名前をということで、2人の意見が一致して決まりました。海のように広い心を持った子どもになってほしい、佑の漢字を選んだのは人を助けられるやさしい子になってほしい、そんな願いを込めました。（うーみんママさん）	sound_row	https://baby-calendar.jp/knowledge/common/1601	bc
2023	M	あ行	瑛心	えいしん	透き通ったやさしい心で、まわりに癒しを与えられますように。（えいくんママさん）	sound_row	https://baby-calendar.jp/knowledge/common/1601	bc
2023	M	あ行	桜絃	おと	名前がどうしても決まらなくて、出産ギリギリに夫が名づけてくれました。私たち夫婦の唯一の共通の趣味である、音楽から、オトという名前をつけよう。出身地の桜がちょうど満開宣言をした日に誕生したので、桜という漢字を入れよう。糸で紡ぐように、たくさんの人たちと関わり合う豊かな人生を送ってほしい。そんな希望が込められています。	sound_row	https://baby-calendar.jp/knowledge/common/1601	bc
2023	M	あ行	央浬	おうり	桜梅桃李（とうばいおうり）という四字熟語からとりました。桜には桜の、梅には梅の、桃には桃の李には李のそれぞれのよさがあるというところから。人にもそれぞれの個性がありよさがあるため、それを大切に自分らしく生きてほしいという意味を込めました。また、親の名前の一文字を使うのは恥ずかしかったので、それぞれの名前の漢字から「英」と「里」の文字を一部使って漢字を決めました。（ちゃリさん）	sound_row	https://baby-calendar.jp/knowledge/common/1601	bc
2023	F	か行	花織	かおる	パパがサッカー好きで日本代表の三笘薫選手の「かおる」にちなんで名づけました。ママは亡くなった大好きな祖母の名前が「花子」だったので、「花」の字をどうしても名前に入れたかったのと、漢字は女の子らしくしたかったので『花織』になりました！花のように可憐で素敵な人になってほしいと願っています。	sound_row	https://baby-calendar.jp/knowledge/common/1592	bc
2023	F	か行	飾莉	かざり	子どもを望んだときから時間があっては夫と子どもの名前を考えていました。男の子の名前は2人の意見が一致していましたが、妊娠した子は女の子でした。なかなか2人が納得する名前が出てこず、好きな響きの名前が思いつけば姓名診断を見ながら漢字を当てはめたりしていました。妊娠後期に入ったころに響きも漢字も納得できる名前がようやく決まりました。予定日より5日早い緊急帝王切開での出産。新型コロナウイルスによる面会制限で夫は娘と触れることはできずガラス越しでの面会でしたが、夫は娘の誕生に感動し、また自分の子どものころの顔にそっくりだったそうで大きく気持ちが動いたそうです。後日、私と面会したときに自分たちに幸せを導いてくれて『新しい生活を飾っていく』という意味を込めて『かざり』と名前をつけたいと話があり、これが娘の名前になりました。今ではとてもお気に入りの名前です。	sound_row	https://baby-calendar.jp/knowledge/common/1592	bc
2023	F	か行	日奏	かなで	人とハーモニーを奏でるように豊かな人生を歩んでほしい。様々なことに感動できる感性が豊かな人になってほしい。色彩豊かな人生を歩んでほしい。お日様のように温かい人であってほしい。	sound_row	https://baby-calendar.jp/knowledge/common/1592	bc
2023	F	か行	かなみ	かなみ	名前はひらがなで「かなみ」です。漢字で「奏海（かなみ）」と最後まで悩みましたが、ママがひらがななのもありひらがなで最終決定しました。由来は漢字で書いた場合「海のように広く自由に自分の音を奏でていってほしい」という意味です！！	sound_row	https://baby-calendar.jp/knowledge/common/1592	bc
2023	F	か行	椛乃	かの	パパの強い希望で乃のつく子にしました。乃に合う名前は何かなといくつか候補を上げていたけど、産まれたときの顔を見て椛乃に決定！！秋生まれなので椛の漢字に「彩り豊かな人生となりますように」という願いを込めて。産まれたときの顔のイメージがすごくピッタリ当てはまった名前でした。	sound_row	https://baby-calendar.jp/knowledge/common/1592	bc
2023	F	か行	叶夢	かのん	つけたい名前はすでに長女と長男につけていて、次女にはどんな名前にしようかなぁと何カ月も夫婦で悩んでいました。私たち夫婦は不妊治療の果て、高齢で長女を授かりましたので、まさか3人目の子どもができるとは思いもしませんでした。また、コロナ禍での妊娠、40歳を過ぎての出産、不安もたくさんありました。そんな中、主人が「叶う夢と書いて、かのんと読む」という名前を見つけました。「まさに！」と私たち夫婦は顔を見合わせ、満場一致でこの希望に満ちた漢字の名前に決めました。読み方は難しいかもしれませんが、漢字を見るたび、素敵な名前をつけることができたと、思っています。（めーるさん）	sound_row	https://baby-calendar.jp/knowledge/common/1592	bc
2023	F	か行	きらり	きらり	おなかにいるときから家族のアイドルでした。きらきら輝いてほしいと思い「きらり」と名づけました。親の思いを込めた漢字をいくつか選んでいたのですが、最終的には親の思いを押しつけず自由に輝けるように、とひらがなで名づけました。（176rさん）	sound_row	https://baby-calendar.jp/knowledge/common/1592	bc
2023	F	か行	湖心菜	ここな	夫婦で行った北海道旅行の湖が、とてと青く澄んでいてきれいで、心がスーッと洗われたのが印象的で、湖のような澄んだ心の持ち主になりますようにという意味を込めて名づけました！	sound_row	https://baby-calendar.jp/knowledge/common/1592	bc
2023	F	か行	心愛	ここな	6年生のお兄ちゃん、3年生の双子お姉ちゃんときて4人目です。みんな大きくなり、最近は反抗的な態度や口が悪くなったりといろいろと手を焼いていました。そんななか私の妊娠が判明、1番手を焼いていたお兄ちゃんが意外にも楽しみにしてくれていました。重いもの持ってくれたり、私がイライラしないように下の子たちのケンカを仲裁したり、遊んだりしてくれたりと、こんなにも面倒見がいい子だったのかと思ったほどでした。妊娠をキッカケに、お兄ちゃんとの距離が近くなり、反抗的な態度もなくなりました。生まれた今ではお世話係として、あやしてくれたりミルクあげたりとすごく助かってます。学校から帰ってくると真っ先にただいまを言いに来ます。「心からたくさんの人を、愛せますように」名前の通り、人にやさしく接してあげる子になってほしいと思いこの名前にしました。	sound_row	https://baby-calendar.jp/knowledge/common/1592	bc
2023	F	か行	ことは	ことは	不妊治療を経て、結婚9年目に第一子を授かりました。自分の子どもの名づけができるというのは幸せなことだと、つくづく思います。ですが、少しだけ苦しくなってしまうときもありました。私は、「いつか子どもが生まれたら、こんな名前がいいな」と考えることが昔から大好きでした。ですが、いざ本当に名前をつけるとなると、子どもの一生に関わるという責任が重くのしかかりました。夫も「夏休みの宿題は後回しにせず、真っ先に終わらせるタイプだったから、子どもの名前も早く決めたいんだ」なんて言っていて、どこか焦っているようにも見えました。実は、名前を考え始めて間もない段階から、夫婦ともに気に入っていた名前が一つだけありました。けれどもなかなか決心は付かず、日に日におなかは大きくなっていく一方。とはいえどれだけ熟考を重ねても、この名前を超える名前には辿り着くことはできませんでした。そこで私はこの名前ともう一度向き合うために、どうしてこの名前をつけようと思ったのか、生まれてくる子どもへ向けて、手紙をしたためてみることにしました。すると、書き終えたころには自然と迷いは消えていて、夫に読んでもらったところ、気持ちを同じくすることができました。最後にその手紙を載せて終わりたいと思います。ことはへ「ことは」という名前の由来は、言葉です。自分の気持ちを上手く表現できずにもどかしかったり、ときには周りに合わせてぐっと抑えてしまったり。お父さんも、お母さんも、子どものころからそういった経験をたくさんしてきました。そんなとき、自分の思いや考えをきちんと言葉にして、しっかりと伝えることができたなら。自分だけの人生をもっと自分らしく歩んでほしい。そんな願いを込めて、「ことは」と名づけました。けれど、それって実は簡単なことではないとも思います。だからこそ、親として言葉を大切にしながら、子どもを育てていけるように。そして何より、子どもにとってどんなことでも話しやすい親でいられるように。完璧な親ではないかもしれないけれど、一生懸命頑張るからね。ことはが0歳なら、私たちもお父さんお母さんになって0歳です。まだまだ未熟な二人ではありますが、どうぞ末永くよろしくお願いします。父と母より	sound_row	https://baby-calendar.jp/knowledge/common/1592	bc
2023	F	か行	弘夏	こなつ	出産したのは2023年8月31日の夏の日。名前は夏にちなんで【こなつ】にしようと決めていました。わが家の字画は夫と子どもはすべて同じ画数に統一してきました。今回の第3子の画数はすべて同じ画数でとはいきませんでしたが、健康かつ人を笑顔にする人生を歩んでいってほしいと思っています。	sound_row	https://baby-calendar.jp/knowledge/common/1592	bc
2023	F	か行	心乃花	このか	結婚をするときに、思いやりとやさしさを大切にしたいと2人でよく話し合っていたため、心の花「美しい心、やさしい気持ち」という意味から、心乃花と書いてコノカと読むように名づけました。また、妊娠と同時期に病気が判明したため、いなくなったときのことも考え、名前に同じ音を入れたくてすぐに決まりました。	sound_row	https://baby-calendar.jp/knowledge/common/1592	bc
2023	F	か行	心春	こはる	春生まれのため「はる」がつく名前。誰でもわかる簡単な名前。春のように暖かく明るく、思いやりのある子に育つようにという思いを込めて。	sound_row	https://baby-calendar.jp/knowledge/common/1592	bc
2023	F	か行	心春	こはる	性別がわかったとき、「どんな子に育ってほしいのか」に重きを置いて考えることにしました。名は体を表すというように、「誠」という漢字が入った名前である夫は誠実な人間で、「麻」という漢字が入った私は体調不良知らずの健康人間に育ったので、娘にも素敵な名前をプレゼントしたいなと思いました。破水からの緊急帝王切開となり、ストレッチャーに乗せられて運ばれる中、病院の窓から見えた桜の木と真っ青な空を見て、そんな余裕なんてないはずなのに、「春だなぁ」とぼんやり思ったときに名前が思い浮かびました。「春の気候のように、あたたかい心を持った子になりますように」そんな思いを込めて「心春」と名づけました。娘が産まれて半年、彼女を取り巻く人々みんなをあたたかい気持ちにする子になりました。これからの成長を見守りたいと思います。	sound_row	https://baby-calendar.jp/knowledge/common/1592	bc
2023	F	か行	香桜	こはる	3月末の桜が満開になったタイミングで産まれてきたわが子。結婚時の年齢と以前から多嚢胞性卵巣症候群という婦人病で長年通院しており、妊娠は望めないかもしれないと思っておりました。しかし、うれしいことに自然妊娠し、元気な女の子を出産。主人も私も、名前のイニシャルがＫのため、娘にも同じイニシャルで名前をつけたいと考えました。1年の中で桜の季節は短いので、せっかくならば産まれた時期の桜の漢字を入れたいと思っていました。桜が香る季節に産まれた女の子で香桜です。わが家に春がきたという意味も込めて、桜は「はる」と読ませることにしました。	sound_row	https://baby-calendar.jp/knowledge/common/1592	bc
2023	F	か行	心咲	こはる	私たち両親から娘へ『自分の心はもちろん、周りの方々への感謝の心、そして思いやりの心を持ち続けてほしい』という願いがありました。その理由は、娘の妊娠がわかってから、出産に至るまでに、改めて沢山の方々に支えられてたと実感することができたからです。また、たった一度きりの人生、さまざまなことに挑戦して、沢山の花を咲かせてほしいという願いから『心咲』と命名しました。（こむぎさん）	sound_row	https://baby-calendar.jp/knowledge/common/1592	bc
2023	M	か行	櫂	かい	中性的な名前にすることで、性別に囚われることなく人生を歩んでほしいと思いました。また、櫂は船を人の手で前に進むために必要な道具です。自分の力で苦境や荒波が押し寄せてきても、少しずつでもいいから前進していってほしいと願いを込めて名づけました。	sound_row	https://baby-calendar.jp/knowledge/common/1602	bc
2023	M	か行	迦奏	かなで	婚約後からずっと不妊症を抱えていて、待望の第一子です。検査薬で判明したのがなんと12月24日。この日を待っていたかのようなタイミングに、ジングルベルジングルベル♪と鈴を鳴らしながら私たちのもとへきてくれたように思えました。鈴を奏でる様子を連想するのに加えて、私がずっと楽器演奏を趣味としていることもあり、夫が「奏（かなで）」がいいと強く推して、この文字は使うと決まりました。妊娠前から男女のイメージがあまりなく、広い世界に出てほしいという願いを込めた名前がいいと考えており、当初は「周」などの候補がありました。かなでという名前が決まってからも、その想いは変わらず、同じような意味を足したくて「迦」を頭に付けました。迦には“めぐりあう”という意味があり、たくさんのものや人たちとめぐりあいますように、という想いを込めています。息子自身のイメージと、親の想いから1文字ずつで「迦奏（かなで）」、私たちが想像しないくらいの様々なものとたくさんの人とめぐりあいますようにと願っています。	sound_row	https://baby-calendar.jp/knowledge/common/1602	bc
2023	M	か行	嘉惟	かい	名づけのため、夫婦で会議を何度も開き考えた20個の名前の候補。その中から5個に絞ろうと家族会議を開く前日に陣痛が…‼︎ わが子の産声を聞いた瞬間、立ち会った主人が涙ぐんでいた。普段はどんなことがあっても泣かない主人の姿に、わが子の誕生がとても喜ばしく、またわが子にも感謝の思いが溢れました。たくさんあった候補だけれど、生まれた瞬間に、この名前しかないと夫婦で決めた。この世に生まれてきてくれたことがとても喜ばしく、その思いをさせてくれたわが子に感謝の意味を込めて、嘉惟。	sound_row	https://baby-calendar.jp/knowledge/common/1602	bc
2023	M	か行	叶多	かなた	人生の中で多くの小さな目標を叶えて、大きな目標を達成してほしい、自分だけでなくたくさんの人の願いを叶えられる人になってほしいという願いを込めて名づけました！	sound_row	https://baby-calendar.jp/knowledge/common/1602	bc
2023	M	か行	和輝	かずき	主人の名前から一文字を使うということで、『和』の字は決まっていました。里帰り前まで決められなかったので、出産前家で家族で過ごす最後の日に、3つまで名前の候補を絞った紙を並べて2歳の長男に名前を選んでもらいました。家族全員から最初の贈りものになりました。	sound_row	https://baby-calendar.jp/knowledge/common/1602	bc
2023	M	か行	奏翔	かなと	奏 やさしく優雅な様子翔 自由に駆け回る様子誰にでもやさしくのびのびと成長してほしいという意味を込めてつけました。	sound_row	https://baby-calendar.jp/knowledge/common/1602	bc
2023	M	か行	奏斗	かなと	素敵な人生を奏でていってほしいと『奏』。7月産まれですので、星に関連づけ夜空に輝く七つの星『北斗七星』から『斗』まわりの人たちと仲良く、厳しい世の中でも輝いていけますように、と願いがこもってます。また、ジェンダーレスの時代ですので、将来どちらの性別になってもおかしくない名前にしてあげたいと思い選びました。（すとーんさん）	sound_row	https://baby-calendar.jp/knowledge/common/1602	bc
2023	M	か行	葵平	きっぺい	夫の名前が「耀平」と言います。平凡の中でも人に耀きを与えられるような人になってほしいと言う由来でつけてもらって、すごく気に入っているから、「平」はつけたいということで、「平」は決まりました。「葵」と言う文字は、友だちや仲間などたくさんの宝物に恵まれますようにと決めました。「葵平」という名前は、お金持ちでも貧乏でもなく、平凡な人生の中でもたくさんの宝物（友だちや仲間）に恵まれますようにという意味でつけました。	sound_row	https://baby-calendar.jp/knowledge/common/1602	bc
2023	M	か行	輝琉斗	きりと	お兄ちゃんが11歳、お姉ちゃんが7歳、約7年の月日を経て授かった、兄妹が望んでいた弟でもあり、わが家からしたら宝。家族を輝かせてくれて、皆を輝かせてくれるそんな宝石のような存在でいてほしいと願いを込めて名づけた名前です。この子のおかげで毎日笑顔が絶えないです！	sound_row	https://baby-calendar.jp/knowledge/common/1602	bc
2023	M	か行	葵慎	きしん	最初は名づけアプリでどんな名前があるかを見ていたところで｢きしん｣という響きによさを感じ、夫が慎、私が葵の漢字を選びました。2人で考えた最初のプレゼントです！	sound_row	https://baby-calendar.jp/knowledge/common/1602	bc
2023	M	か行	希優	きゆう	希望に満ち溢れた豊かな人生を、人にやさしく地球にやさしくすごせますように。（かいパパさん）	sound_row	https://baby-calendar.jp/knowledge/common/1602	bc
2023	M	か行	國芳	くによし	自分の名前が父の好きな芸能人から名づけられたため、子どもには思いのこもった唯一の名前を夫婦で考え、プレゼントしたいと思っていた。しかし、結局は夫と交際中に思い出がある画家、歌川国芳にあやかり、名づけてしまった。（豆ははさん）	sound_row	https://baby-calendar.jp/knowledge/common/1602	bc
2023	M	か行	景翔	けいと	私自身が意味のない響きだけで決められた名前だったで、昔から子どもには意味を込めてつけてあげようと思っていました。私が結構ハッキリ発言してしまい、人を傷つけてしまうことも多かったので、温かい言葉をかけられる人になってほしいと願い、温かさを意味する「景」を。これには主人の希望である、視野の広い子になってほしいという意味も込められています。さらに、主人が世界を飛び回れる子になってほしいということだったので、「翔」をつけて、海外でも発音しやすいケイトになりました。	sound_row	https://baby-calendar.jp/knowledge/common/1602	bc
2023	M	か行	啓叶	けいと	パパがいきなり「頭文字K」と寝言で言い、か行の名前にしようと決まりました。それから名前を考えて、自己啓発できるように、自分から動ける子になってほしいということと、願いが叶ってほしいことから、けいとに決めました。	sound_row	https://baby-calendar.jp/knowledge/common/1602	bc
2023	M	か行	圭吾	けいご	夫が画数やバランスを考えて、つけました！	sound_row	https://baby-calendar.jp/knowledge/common/1602	bc
2023	M	か行	佳悟	けいご	何事も努力を大切にやってよかったと思えるように。どんなときでも、自分自身のおかれている状態をよく理解し、よく考え物事の判断ができるような人になってほしい。（えりさん）	sound_row	https://baby-calendar.jp/knowledge/common/1602	bc
2023	M	か行	幸志郎	こうしろう	自分も周りも幸せいっぱいの人生を歩んで欲しくて名づけました。また、私の父は、周りの人の幸せを考えて行動できる人であり、そんな父を周りの人は慕ってくれているのか、父の周りにはいつも人が集まっています。息子もそんな人に育ってほしくて父の名前から1文字もらいました。	sound_row	https://baby-calendar.jp/knowledge/common/1602	bc
2023	M	か行	幸志郎	こうしろう	私は自分の父親がすごくすごく苦手でした。周りの人のことを一番に考えて、自分の家族はのことは後まわし。会社の家族ぐるみのBBQでは、他の家族の写真を撮るカメラ役を父自ら買ってでるので、私たち家族の写真はほとんどありません。おまけにわたしが同じ失敗を繰り返すと、般若のように怒ってきます。寒空の下、ベランダに放り出されたことは今でも忘れません。平日は深夜近くまで飲み歩き、土日祝日は仕事という名の接待で父との思い出はほとんどありません。自分の好き勝手にやってる自己中心的な人だと思春期の私は思っていました。時は過ぎ、私は社会人となり、人生の伴侶となる人に出会います。娘二人にも恵まれました。主人は子煩悩で仕事からすぐに帰ってきて、休日は娘たちとたくさん遊んでくれます。家事も私より上手です。久しぶりの実家に帰ったときのことです。父は定年退職したのに、相変わらず真昼間から飲み会で留守でした。母と昔の思い出話をしていたときに、母が言いました。「お父さんね、最近、近所の人たちとみんなで旅行に行くための貯金をしてるのよ。お父さんって、昔から他人の幸せを考えて、動く人だったものね。自然と人が集まってくるんでしょうね」考えてみれば、思い当たるエピソードがたくさんありました。母方の祖父のお葬式に、父の友人の方々が参列して下さり、席が足りなくなるほどでした。年賀状の枚数も未だに父が1番多くて、定年退職した今でも毎年お中元やお歳暮がたくさん届きます。相手の幸せを真っ先に考えて行動する父。そうか、父はすごい人だったんだ。私の中にあった父への思いが変化しました。3人目を妊娠し、性別は男の子。父のような人になってほしいと素直に思いました。主も大賛成してくれました。予定日が近くになり、父へ私は伝えました。「お父さんの名前から一文字もらっていい？」「いいのか？俺みたいになっちゃうぞ」父はどこか照れくさそうな表情をしていました。こうして受け継がれた「幸」の文字。この子の周りが幸せでいっぱいになりますように。だけど、飲みすぎはほどほどにね。	sound_row	https://baby-calendar.jp/knowledge/common/1602	bc
2023	M	か行	航	こう	どんな荒波も乗り越えて、自分の人生を航海していける強い子になってほしい。	sound_row	https://baby-calendar.jp/knowledge/common/1602	bc
2023	M	か行	煌ノ将	こうのすけ	兄2人に使った将が入るように、でも読み方はそれぞれ違うように。煌はキラキラした人生になりますようにと、皇帝のように将軍のようにイケイケになれるように。煌将（コウスケ）でもよかったのですが、字画的にノを入れたほうがのよかったので。結果武士みたいな名前になりました。かわいい見た目とのシワシワネームとのギャップがまたいい。	sound_row	https://baby-calendar.jp/knowledge/common/1602	bc
2023	M	か行	煌羽紅	こはく	体調が悪くて、生理が来てないのに気づいて妊娠検査薬を使ったら陽性でした。次の日（妊娠した事を伝えた日）飼っていたうさぎがいつも元気なのに、なんか少し大人しいなと違和感があったのですが、食い意地は張っているしトイレもしているから大丈夫だと思っていたら、翌日役目を果たしたかのように空に旅立ってしまって……。けれど空に旅立つとき、すごくいい顔をしていて「僕頑張ったんだよ？」「赤ちゃんきたの知っていたし、伝えるところまで見たかったんだよ」って「ずっとそばにいられないからこの子（煌羽紅）を連れてきたんだよ」と言っているように私たちは感じました。2人で相談して、うさぎの名前から1文字とろうとのことで『こ』を入れることが決まって「あまり人と被らない名前がいいね」と考えた結果『こはく』という名前になって、意味としては『煌（こ）』人生がかがやいてみえるように、強い子になってほしい。『羽（は）』自由にやりたいことに向かって羽ばたけるように。『紅（く）』人生に1人でいいから他の人から見てキラキラ光る星みたいにきれいに見えますように。そんな私たち、親からの願いを込めてつけました。	sound_row	https://baby-calendar.jp/knowledge/common/1602	bc
2023	M	か行	亘紀	こうき	子の名は亘紀（こうき）。発音はKōki。母親はカンボジア人である。私は4年程前にプノンペンでのちに妻となる彼女に出会い、一緒に飛行機でアンコールワットを訪れた。彼女はそのとき飛行機に乗るのは初めてだった。彼女の家は貧しく、ココナッツで作った一個500リエル（約18円）のお菓子を、6歳から街で売り歩いていた。メコン川沿いに立って真っ赤な空を見上げ悠々と進む飛行機に向かっていつも、「私も乗せてって～」と叫んでいた。彼女にとって飛行機は明日の元気の源を降り注いでくれるものであり、未来に対する一筋の希望を乗せているものでもあった。それから24年の時を経て彼女は飛行機で日本に来て、その1年後に男の子を産んだ。彼がコーキ、「He is Kōki」である。こうして彼は母親の夢憧れの乗り物である飛行機（He Kōki）から名前をもらった。ではKōkiはカンボジア人にとって発音しやすいのか。母親が自分の子の名前をちゃんと発音できないのでは困る。彼女にコーキと言わせると、「コー」を唇を丸めて突き出して「オー」とも「ウー」ともつかないような発音をするので、日本語では「オ」の発音は唇を尖らせないと言って練習するもなかなかできない。いろいろ試すうちに、クメール語の牛を意味する「コー」をそのまま使えばいいことに気づいた。クメール語で肉のことを「サイッ」と言う。牛の肉は肉の「サイッ」と牛の「コー」をあわせて「サイッコー」と言う。「サイッコー」の「コー」でいいと伝えると、すんなり言えた。最高の発音ができるようになった。あとは漢字。名づけ漢字事典で調べる。「コウ」の字も「キ」の字も山ほどある。漢字とその意味を突き合わせながら、ネットを見てみると、木村拓哉の娘の名前は光希（みつき）というそうだ。これを芸名で「Kōki」としたのか。真似したんじゃないぞ、偶然の一致だからな、などとつぶやきながら探していると、「亘」という字の意味に目が留まった。「わたる」も「めぐる」も「渡航」「旋回」で飛行機に通ずるものがある。「長きにわたって」は正しくは「長きに亘って」と書くらしい。努力・経験の積み重ねも人とのつながりも長きに亘って絶え間なく続けるようであってほしい。さらに妄想が膨らむ。将来は世界を飛び回って日本とカンボジアの友好の架け橋にもなってほしい。「紀」は歴史に学んで是々非々の行動をとれることを願って選んだ。	sound_row	https://baby-calendar.jp/knowledge/common/1602	bc
2023	M	か行	康介	こうすけ	上の子どもたちが、元気がとてもあって、騒がしい毎日、第４子は上の子どもたちと仲良く、健やかに、おおらかで、人を助けるやさしさと逞しさがある人に育ってほしいと願いをこめてつけました。（りんごさん）	sound_row	https://baby-calendar.jp/knowledge/common/1602	bc
2023	F	さ行	紗彩	さあや	さあやは三姉妹の末っ子なのですが、一番上のお姉ちゃんの名前はあやみ、2番目はみさです。「あやみ→みさ→さあや」と、みんな名前の一部が同じなのと、しりとりのように繋げてみました。ずっと強い絆で結ばれた三姉妹で、末永く仲良くいてほしいです。	sound_row	https://baby-calendar.jp/knowledge/common/1593	bc
2023	F	さ行	沙彩	さあや	私たち夫婦がアーティストのLiSAさんのファンの集まりをキッカケに出会ったので、LiSA（里沙）さんの沙を取りました。夫が彩の字がかわいくて好きだと言う事で沙彩になりました。	sound_row	https://baby-calendar.jp/knowledge/common/1593	bc
2023	F	さ行	彩絵	さえ	亜美」か「彩絵」。名前の響きと字画から考えて、最終候補はこの2つでした。上の子の名前と同じ「美」を使うか、まったく違った名前にするか、なかなか決めきれずにいました。妊娠後期に差しかかったクリスマスイブのこと。新型コロナウイルスに感染してしまいました。クリスマスどころではなくなり、楽しみにしていたお正月の帰省もなしに。あとから感染した夫と娘は軽症で済みましたが、妊娠中の私だけ咳がずっと残り、声が出ない状況でした。伝えたいことが伝わらないしんどさと、娘のイヤイヤ期、出産への不安も重なり、身体的にも精神的にも追いやられていました。咳がつらくて眠れない夜、「もう、嫌だ。しんどい」と涙が出てきました。すると、おなかの中で赤ちゃんが動いたのです。暴れたりしゃっくりをしたり、活発に動いています。その元気すぎる動きと今の私とのギャップに、思わず笑ってしまいました。そして、おなかをなでながら「彩絵ちゃん、ありがとう」と心の中で言っていました。赤ちゃんが、暗く沈んでいた私の心に「彩り」をくれた気がして、名前の由来の一つであった「周りの人たちに彩りを」というのにピンときたのです。不思議なことにそのあと、咳の症状も回復していきました。そのことを夫に伝え、「上の子と繋がりがある名前も捨てがたかったんだけどね」と何気なく言うと、「上の子も糸へんの漢字が使われているから、彩絵の『絵』と繋がるじゃん！」と返ってきました。姉妹が「糸」で繋がってるなんてとっても素敵だと思い「彩絵」に最終決定しました。その後も、娘が食中毒になったり、私が急性胃腸炎で入院したり……。予定日の直前まで続き、わが家は何かに取り憑かれたのではないかと思うほどでした。しかし、赤ちゃんはどんな状況でも元気いっぱい。おなかをなでると私もパワーをもらえました。そして、予定日を5日過ぎた日に「明日は最強開運日！」という記事を見つけます。「明日この子を産む！」と決めました。最強開運日はいつもパワーをくれるこの子にぴったりだし、この日に産んだら最近のわが家の流れも変わると思ったのです。私は、宣言通りの3月21日の午前8時13分、夫と娘が見守る中、本当に生まれてきてくれました。今では、パワーがほしいときに彩絵の頭をなでています。最強開運日に産まれてきたことだけでなく、薄毛の彩絵は見た目までお地蔵様のようでご利益がありそうなんです（笑）。	sound_row	https://baby-calendar.jp/knowledge/common/1593	bc
2023	F	さ行	桜	さくら	私と主人との出会いは高校になります。私の高校では、正門を潜ると坂道があり、春には満開の桜が咲きます。そこがとてもきれいだと地元では有名なので、その思い出の場所にちなんで命名しました。同じクラスメイト、共に青春時代を過ごし、お付き合いしてきた主人が、高校3年生の卒業前にプロポーズしてくれた場所も桜の木の下でした。そして、出産予定日を過ぎて、偶然にも9月14日の秋桜の日に生まれてきてくれたので、子どもが自分で日にちを選んで生まれてきてくれたのかなと思うと、この名前にしてよかったなぁと思っています。	sound_row	https://baby-calendar.jp/knowledge/common/1593	bc
2023	F	さ行	櫻	さくら	夫は自然にちなんだ名前がいいと言ってましたが、案は出してくれず…。産休中に姓名判断、名づけサイトを見たりしていました。我々の周りでは女の子の出産ラッシュ続きだったので、名前が被らないように、生まれたらみんなに名前の確認をしてました。予定日は、私の地元の神社で八重桜が咲くころ。私の大好きな花です。いくつか候補を夫に伝え、その中から「櫻」がいいと言われました。出産直前に実家でお世話になる際、私の父が「名前を考えたんだけど…」と切り出し、「さくら」がいいんじゃないかと。母には話してましたが、父には言ってなかったので一同驚き、漢字の「櫻」にしましたが、父はとても喜んでました。春生まれの「櫻ちゃん」、漢字が読めるし、とても覚えやすいと親戚中から、「本当に助かる〜」と覚えやすさを絶賛されました。「櫻」にしたので堅いのではと言われましたが、名字が珍しいので、ここで少し名前も珍しい感じを出したかったママであります。望むものは、欲を言えばキリがなく、夫とお互いに暴走しそうになったら止めてと言い合ってます。まず1番は、元気に育ってくれること。マイナスなことばかり目につきやすいですが、面白いこと、楽しいことも世の中にはたくさんあるので、いろいろな経験をしてほしい。エコー中は顔を見せまいと動き回り、エコーと追いかけっこをして、生まれる前からママを泣かせるほど笑わせてくれました。櫻と一緒だと出かける先では必ず話しかけられるようになりました。「赤ちゃん、見せて〜。ありがとう！」なんて言われちゃいます。櫻はみんなを笑顔にしてくれます。これからも連れ回すのでお付き合い願います。今年の春は、桜の開花が早かったので、おなかの中からでしか見せてあげられませんでした。来年の春になったら、３人で櫻の名前の由来の八重桜を見に行こうと思います。	sound_row	https://baby-calendar.jp/knowledge/common/1593	bc
2023	F	さ行	さくら	さくら	最初は母親である私がつけたい名前があり、私の大好きなお花のプルメリアから『りあ』という名前に決めていました。しかし、3歳の長男にそれを伝えると「えー。『さくらちゃん』がいいよー」と言われて、すごく悩みました。春生まれということもあり何かの縁だと思い『さくら』と名づけました。私の名前もひらがななので、女の子が産まれたらひらがなにしようと決めていました。今では『さくら』にしてよかったと心から思っています。	sound_row	https://baby-calendar.jp/knowledge/common/1593	bc
2023	F	さ行	咲奈	さな	第一子なので、両親から一文字ずつとりサナと名づけました。予定日より1カ月早く産まれたので、産まれてからしばらくは入院していました。母は何もかもが不安で泣いてしまうことも多かったけど、そんなとき、咲奈がニコッと笑い、不思議と花が咲いた時のように明るい気持ちになれました。咲奈の周りのみんなを明るい気持ちにしてほしい、小さく産まれた分、大きく示してほしいという願いを込めて咲奈という漢字にしました。	sound_row	https://baby-calendar.jp/knowledge/common/1593	bc
2023	F	さ行	彩那	さな	病院で女の子と聞いてから、2人でどんな名前がいいか考え始めました。本を読んだり、名前のランキングを見たりして、まずはお互いにいいなと思った名前を出し合っていきました。最初はお互いにいいなと思った名前が噛み合わず、どうしようかと思っていたのですが、苗字に『白』という文字が入っていたので、色にまつわる文字を入れたいという点は一致しました。そこから、白にプラスして“彩”りある人生にしてほしいと願いを込めて、“彩”の漢字が決まりました。そこから、どんな名前がいいかと考えて、お互い名前が数字にできることから、読み方を『さな』に決め、“那”は美しい•豊かなという意味があるので、豊かな彩りある人生を送ってほしいと願いを込めて、『彩那』と名づけました。	sound_row	https://baby-calendar.jp/knowledge/common/1593	bc
2023	F	さ行	咲愛恵	さなえ	私たち夫婦は授かり婚です。しかし私たち夫婦を結んでくれた第1子は無頭蓋症による無脳児のため中絶を余儀なくされ、悲しみのなか人工死産しました。そんななか、第2子、第3子を立て続けに授かることができ、無事出産に至りました。胎児期の間、第2子はにこちゃん、第3子はさんこちゃん、さーちゃんと呼んでいました。そのため「さ」で始まる名前をつけたくて、なおかつ姉とお揃いで「愛」という漢字を使いたくていろいろと考え、「さあや」と「さなえ」で悩んだ結果、「さなえ」にしました。漢字を決める際もいろいろ悩み、姉の気性が激しいので穏やかな女の子に育ってほしいと思い「凪」という字を使って「咲凪愛」にしようかという案もあったのですが、「恵」という字をとり入れ、愛と思いやりに溢れた女の子に育ってほしいと思い、「咲愛恵」と名づけました。花が咲くように愛らしく、思いやりのあるやさしい女の子に育ちますように。（そらここママさん）	sound_row	https://baby-calendar.jp/knowledge/common/1593	bc
2023	F	さ行	史織	しおり	長い歴史の中、いろいろな人が生きているなかの1人として、歴史を新たに刻んでほしい。また、自分の歴史を作っていってほしい。そして、人生とはいろいろな人と支え合いながら作っていくものなので、織物のように縦の糸と横の糸、人々とのつながりを大切に紡いでいきながら、人生を豊かに広げて生きてほしい。	sound_row	https://baby-calendar.jp/knowledge/common/1593	bc
2023	F	さ行	栞	しおり	お兄ちゃんたちに合わせて、漢字一文字で考えました。まずは、一文字で読める漢字をいくつも書き出して、臨月になるころにやっと３つまで候補を絞り、最終的に「周りの人の目印になれるように」「迷ってる人を助けてあげられるように」という意味で栞と名づけました。	sound_row	https://baby-calendar.jp/knowledge/common/1593	bc
2023	F	さ行	志織	しおり	何事にも志をもって挑んでほしいという願いと、他の人を思いやる心を持ってほしいという願いから名づけました。また、誰でも読める名前にしたいと思い、読みやすい漢字を使用しました。	sound_row	https://baby-calendar.jp/knowledge/common/1593	bc
2023	F	さ行	しおり	しおり	素敵な詩を織りなすように、豊かな人生を歩んでいってほしいと願ってつけました。ひらがなの名前は母である私と、9つ上の娘とおそろいです。「しーちゃん」という呼び名は家族みんなのお気に入りで、パパ、ママ、にーに、ねーね、みんなに溺愛されているかわいいかわいい末っ子ちゃんです。	sound_row	https://baby-calendar.jp/knowledge/common/1593	bc
2023	F	さ行	志音	しおん	夫婦揃ってB'zファンで、稲葉浩志さんの「志」がつく名前で、女の子らしい名前を考えたのと、夫の母家系が音楽好きで夫もギターを弾くので、音楽好きになってほしくて「志音」という名前になりました。	sound_row	https://baby-calendar.jp/knowledge/common/1593	bc
2023	F	さ行	志茉	しま	去年におばあちゃんが亡くなったときにおばあちゃんの名前が登志子でどうしても女の子だったらおばあちゃんの名前からとりたくて志を選んで茉は花言葉がジャスミンで女の子で産まれてくるからかわいいなと思い、お名前が「しま」になりました。（えりかさん）	sound_row	https://baby-calendar.jp/knowledge/common/1593	bc
2023	F	さ行	翠	すい	翡翠のように美しい心を持って、美しく育ってほしい。「翠」漢字の意味のように、あおあおと力強く生きてほしい。Eテレのみいつけたの子役スイちゃんのように、愛嬌のある笑顔のかわいい子になってほしい。「スイ」と、呼んだ時の響きがかわいく、覚えやすいと思ったから。	sound_row	https://baby-calendar.jp/knowledge/common/1593	bc
2023	F	さ行	翠芭	すいは	翠は、宝石の翡翠から取り、芭は、水芭蕉の花からとった。翡翠のような澄んだ心を持ち、水芭蕉のように春の訪れを知らせる温かい人になってほしいという願いを込めて名づけました。	sound_row	https://baby-calendar.jp/knowledge/common/1593	bc
2023	F	さ行	翠珠	すいみ	流産、不妊治療を経験し、やっとおなかへ宿ってくれた小さな命。おなかにいる間も生まれてからも、私たち夫婦にとって、宝物で美しくて尊い存在。そして、宝石のように輝き続けてほしいと願い、翡翠の翠に真珠の珠で「翠珠」と名づけました。（スイミママさん）	sound_row	https://baby-calendar.jp/knowledge/common/1593	bc
2023	F	さ行	瀬那	せな	美しいココロを持った人に育ってほしいと名づけました。（ヨシマフィンさん）	sound_row	https://baby-calendar.jp/knowledge/common/1593	bc
2023	M	さ行	朔	さく	“月の満ち欠け”という意味の「朔」。新月から満月に満ちていくように、どんどん素晴らしいものになっていく、そんな人生を送れるようにと名づけました。母の名前にも「月」という字が入っていることから、産まれる前から第一候補に上がっていましたが、中秋の名月である9月29日。満月に導かれるようにお産の兆候があり、10月1日の日付が変わったころに出産しました。朔には、一日（ついたち）の意味もあるので、まさに誕生日にも相応しい。この子もこの名前を気に入ってくれ、1日に産まれてきてくれたのかなと二人で話し、この名前に決めました。	sound_row	https://baby-calendar.jp/knowledge/common/1603	bc
2023	M	さ行	冴空	さく	夜中に陣痛がはじまり、急いで病院へ！その日は、大雨でいつもより暗闇のなか、妻を激励しながら車を運転しました。病院へつき、分娩室に入ったのが明け方ごろ。そこから約4時間。妻の汗をふいたり、水分補給を手伝ったりして、無事に産まれてきてくれました。わが子を抱っこして妻と息子はそのまま入院。仕事に行くために病院の外をでたところ、雨は止み、青空が広がっていました。雲ひとつない冴え渡るあの空の景色は、今でもはっきり覚えたいます。子どもが無事に産まれ、妻も元気でいてくれたことに嬉しさを感じ、今日という日を絶対に忘れない。そして、この冴えわたる空のように、広く大きな心を持ったやさしい子になってほしいという想いをこめて、「冴空」という名前にすることを決めました。	sound_row	https://baby-calendar.jp/knowledge/common/1603	bc
2023	M	さ行	朔玖斗	さくと	朔」という漢字は物事のスタート、始まりを意味しているので、夫婦から親になるという意味も込めて、長男ということもあり、この漢字を使いました。何事にも積極的に挑戦してほしい、自分の信念を貫き、輝かしい人生を歩んでほしいという思いでこの名前をつけました。	sound_row	https://baby-calendar.jp/knowledge/common/1603	bc
2023	M	さ行	咲翔	さくと	"パパ、パパの兄弟がちゃん呼びできる（ゆうすけでゆうちゃんなど）名前だったので同じようにちゃん呼びできる名前にしたいと思いました。最初はなかなかこれという名前が見つからなかったのですが、名づけの本を買って探している中で""さくと""を見つけ'さくちゃん'と呼びやすい名前だと思い決めました。漢字はカッコかわいい字にしました。名字との相性もよかったので、最高の名前をつけてあげられたと思います。"	sound_row	https://baby-calendar.jp/knowledge/common/1603	bc
2023	M	さ行	朔也	さくや	一度はパパと険悪になるほど決まらず停戦。そろそろ決めようかってなったらすんなり決まった名前でした。占い師にも周りにも恵まれて平穏な人生過ごせるよとお墨付きをもらい、決定。朔也の朔は月の満ち欠けで元に戻ること、はじまりという意味で、何事にも初心に戻れるようにという意味でつけました！予定日は3月10日だったのですが、2月28日の早朝に陣痛があって、3月1日の0時8分に産まれました。朔にちなんで1日に合わせたくて8分我慢してくれたのかな？と夫と話しています♪	sound_row	https://baby-calendar.jp/knowledge/common/1603	bc
2023	M	さ行	冴空	さく	冴えわたる空のようにキレイな心を持ってくれたらと名づけました！お出かけの日はいつも太陽さんさん！名前の通り、晴れ男のようです！（さくままさん）	sound_row	https://baby-calendar.jp/knowledge/common/1603	bc
2023	M	さ行	柊太	しゅうた	男の子と性別がわかってから、名前を考え始めましたが、なかなか決まらず、夫婦で毎日悩んでいました。すると、ある日保育園の帰りに上の娘が「しゅうたくん」とおなかに向かって呼びかけ、最初はお友だちの名前かと思ったのですが、そうではなく「おなかの子は、しゅうたくんだよ」と言うのでそのまま名づけました。自分で名づけたためか、毎日名前を呼んでお世話もしてくれて頼もしいお姉さんです。	sound_row	https://baby-calendar.jp/knowledge/common/1603	bc
2023	M	さ行	翔	しょう	元々字画などを考慮して、夫と「曜（よう）にしようかね？」と話していたのですが、夫の母が出産中に手伝いに来てくれて、そのときに、体操選手で谷川兄弟という世界で活躍している選手がいて、「その兄弟の名前が兄が航（わたる）で、弟が翔（かける）なんだってよ」と話していて、ちょうど上の子が同じ漢字で読みが「航（こう）」でした。生まれた弟は「翔（しょう）」になるねと話ているのを聞いて「それだ！」となりました（笑）。選手のことに詳しいわけでもないのですが、すごくしっくりきてこの名前になりました。この兄弟のように、「いつの日かうちの兄弟も世界で活躍してくれたらねー」なんて話しています。	sound_row	https://baby-calendar.jp/knowledge/common/1603	bc
2023	M	さ行	樟万	しょうま	生まれる子どもには幸せになってもらいたいので、画数を重視していましたが当初はなかなかいい名前が浮かびませんでした。2冊の本や姓名判断を利用しましたが、それでも数カ月決まりませんでした。名づけで有名な漢字以外を該当する画数で探したところ、「樟」という漢字が見つかりました。私たち夫婦は、子どもにのびのび成長し健康で長生きできるイメージを名前に込めたかったので、これ以上ふさわしい漢字は無いと考え「樟」を選びました。さまざまなことに取り組んで充実した人生を歩んでほしい気持ちもあり、「万」を組み合わせました。最終的に出生日時も合わせて神社さんに相談し、太鼓判を押していただきました。生まれてきた顔を見ても「樟万」がピッタリでした。	sound_row	https://baby-calendar.jp/knowledge/common/1603	bc
2023	M	さ行	紫扇	しおう	不妊治療して2年以上が経ち、あきらめかけたときに妊娠。わかったあとも不安が続き悪いことばかり調べてしまう毎日。両親にさえ、母子手帳をもらってから報告しようと黙って過ごした5〜6週間。そんなとき、大好きだったおばあちゃんが亡くなりました。母子手帳をもらって両親に報告した1週間後のことでした。おばあちゃんにも報告しようと思っていた矢先で悲しかったのですが、きっと見守ってくれると思い体を大事にして過ごしました。日々おなかが大きくなるにつれ、どんな名前がいいかと考えたとき、たまたま夫と「紫っていれたくない？」と意見が一致。紫は情熱の赤と冷静さの青が混ざった色で、両方兼ね備えて生きてほしいという願い、そしておばあちゃんと私が大好きな色の紫。折り重なって悪いこともいいことも訪れて頑張って生きていけるように、と扇の文字を使わせてもらいました！	sound_row	https://baby-calendar.jp/knowledge/common/1603	bc
2023	M	さ行	竣成	しゅんせい	男の子だとわかってから名づけの本を買い、画数と陰陽、五行を勉強し、同ときに思いついた名前をメモしました。呼びやすいけどあまりいない名前を目指しました。まず、名字の画数から明るく元気な子になる画数の候補を出し、陰陽五行でも凶が入らないようになる画数は2文字の場合12、6の組み合わせだと出ました。夫婦の名前の画数との相性も見て12、6だと妻が愛情をかけることができれば夫婦のどちらとも仲良くできると出たため画数はこれで決定しました。その後、夫婦の名前や名前につけたい漢字を書き出し画数を調べました。その中から思いついた名前に当てはまる漢字があるか調べましたがあまりありませんでした。そこで6画なら為せば成るなさねばならぬ何事もという信条でやってきたため、そこから成の字を使うことにしました。すると残りは12画で〜せい、〜なりの呼び方になるので12画の漢字をひたすら調べて当てはめたところ夫が大工なこともあり竣工の竣の字がいいのではということになりました。結果、竣成となりかっこいい名前をつけることができました！（ちゃんぐさん）	sound_row	https://baby-calendar.jp/knowledge/common/1603	bc
2023	M	さ行	穂	すい	稲穂のように、実り豊かな人生に。またお米が大好きになることを願ってつけました。	sound_row	https://baby-calendar.jp/knowledge/common/1603	bc
2023	M	さ行	澄人	すみと	澄んだ心で清く素直に生きてほしいという願いを込めて、たくさんの人に愛されますように。（澄人かあちゃんさん）	sound_row	https://baby-calendar.jp/knowledge/common/1603	bc
2023	M	さ行	惺之亮	せいのすけ	この子を授かったことが判明した日に私の祖父（この子にとって曽祖父）が亡くなりました。底抜けに明るくていつも周りを笑顔にしてくれていた祖父。入れ替わるようにわたしたちのところへきてくれたこの子に不思議な縁を感じずにはいられませんでした。きっと空からきらきら輝く星になって見守ってくれていると信じて、星が入っている「惺」という文字をつけたいなと思いました。調べてみると「惺」の意味は「澄みきった心をもつ」とあったので、澄んだ心でたくさんのことやものに触れてすくすく育つようにという思いも込めています。「亮」は祖父の性格を表す「明るい」という意味があり、祖父と一緒にこの子の成長を見守っていきたいなと思っています。夫もきょうだいたちも気に入ってくれていて、わが家の輝くアイドルです。	sound_row	https://baby-calendar.jp/knowledge/common/1603	bc
2023	M	さ行	汐凪	せな	せな」という名前は決まっていたので、漢字は七夕の夕方に産まれたので、「夕」の字が入る字を探して、夏の夕暮れ時の静かな海をイメージして「凪」という漢字をつけました。（汐凪くんママさん）	sound_row	https://baby-calendar.jp/knowledge/common/1603	bc
2023	M	さ行	湊介	そうすけ	パパの名前が「祐介」だったので1文字引き継ぎたい、苗字との相性を考えてパパと同じ4文字の名前にしたい、9月頭が予定日だったので8月末に産まれても違和感のないようにしたいと思い、湊という漢字を使うことにしました。「湊」は、「集まる」「船着き場」という本来の意味から、「人や物が集まる」「活気があふれる」といった意味にも捉えられ、「仲間に恵まれる温かい人になってほしい」という意味を見て、素敵だなと思い名づけました。	sound_row	https://baby-calendar.jp/knowledge/common/1603	bc
2023	M	さ行	空翔	そら	夫が名づけてくれた名前で、空を翔けるようにのびのびと育ってほしいという願いが込められています。それとと共に、夫は仕事でヘリコプターに乗ったり、私の名前にも空が入っていたりしているので、2人が出会って「空翔」が生まれてくるのは運命だったのではと思います。	sound_row	https://baby-calendar.jp/knowledge/common/1603	bc
2023	M	さ行	爽楽	そら	赤ちゃんを授かるより先に犬を飼っていて、その子が天使のようにかわいいことから「てん」と名づけました。パパが仕事中にふと、天使の天は「そら」とも読めることに気づき、「そら」の音が気に入ったそうです。それから、ママが「そら」のいい漢字を探し、爽やかな子で楽しい人生を送れるようにと思い、「爽楽」と名づけました！	sound_row	https://baby-calendar.jp/knowledge/common/1603	bc
2023	M	さ行	壮真	そうま	真心のある壮大な世界観で、身体的・精神的・社会的に大きな人に育ちますように！強く勇ましく、そして真摯な人になってほしいと思い、この漢字を選びました。やさしい心で、芯のある人になりますように！	sound_row	https://baby-calendar.jp/knowledge/common/1603	bc
2023	M	さ行	蒼藍	そらん	蒼は、広大な自然な青さや力強さからくる開放感がイメージできるので、そこから大きな夢を持ってのひのびと成長してほしいという願いを込めて。藍は、蘭の花言葉の「美しい装い」「あなた次第」から芯の強い、美しく自分自身が誇れる生き方をしてほしいという願いを合わせて蒼藍（そらん）と名づけました。（マイマイさん）	sound_row	https://baby-calendar.jp/knowledge/common/1603	bc
2023	F	た行	千愛	ちあい	自由を求め愛に生きる」そんな人間に育ってほしい。この子を妊娠したとき、最初に思ったことです。女の子とわかったとき、その思いはますます強くなりました。表現の自由や民主主義は最初からあったわけではなく、先人たちの血のにじむような努力によって獲得してきた財産です。世界では、いまなお弾圧が繰り返され、投獄されている女性も少なくありません。毎年、ノーベル平和賞が発表されるたびに、人権向上のため命がけで奮闘している人たちの姿に触れ、心が震えています。結婚して10年子どもができず、千日におよぶ不妊治療を経て、この子「千愛（チアイ）」を授かりました。何度もあきらめかけましたが、最愛の夫との子どもを育てたい、その一心で不妊治療を続けてきました。夫は千日間禁酒し、千日間欠かさずお宮参りを続けました。私たちにとっては千日間の苦行、千日行の果てに生まれてきた大切な宝物です。「親ガチャ」という言葉があります。親や家庭環境の良し悪しで人生が大きく左右されるにもかかわらず、生まれてくる子どもは親を選べない。どんな親の元に生まれてくるかは運任せで、スマホゲームのガチャになぞらえた言葉です。寒々しい言葉に、重い気持ちになります。わが家は共働きで、金持ちではありません。もしかすると「親ガチャ」では失敗なのかもしれません。でも、自分の人生は自分で切り拓いてほしい。「自由を求め愛に生きる」とは、人としてどう生きるかの根本的な考え方です。何ものにも捉われない自由な心で人を愛す。国籍も、言葉も、肌の色も、宗教も、主義主張も、性別も、容姿も、貧富も、出自も、まったく関係ありません。違いを認め、愛をもって人と接し、人を信じる。そして、自分を信じ、夢を信じる。そうすれば、必ず人生は拓けるはずです。千愛の千には、多くの、たくさんのという意味があります。たくさんの人と出逢い、たくさんの人を愛し、たくさんの愛を与え、たくさん愛を受け取る。そんな願いをこめました。世界は分断され、政情不安で争いが絶えません。人生はアンフェアで、理不尽が付き物です。生きづらい世の中だからこそ、自由を求め愛に生きることが大切です。私が夫と出逢ったように、最愛の人とめぐり逢えますように。千愛がチカラいっぱい生きていくことを、私はずっと応援していきます。	sound_row	https://baby-calendar.jp/knowledge/common/1594	bc
2023	F	た行	紬希	つむぎ	大好きなおじいちゃんが亡くなった日に、今まで不在だった燕が玄関に帰ってきて、赤ちゃんが3匹産まれました。なかなか子どもができず、コロナも流行っていて気持ちの落ち込みもあったなか、その後、妊娠が分かり無事に出産。何かが繋いでくれた縁だと思いました。コツコツとした努力の意味を持つ「紬」に、これから生まれてくる子が、諦めずに希望をもって、楽しく生きてほしいという意味を込めて名づけました。	sound_row	https://baby-calendar.jp/knowledge/common/1594	bc
2023	F	た行	つむぎ	つむぎ	愛犬と入れ違いで生まれてきた娘。数日前の検診で、「お産はまだ先です」と言われたばかりでしたが、6/4午前9時ごろに「破水かな？」と疑うような症状があり、産院へ向かいました。検査で破水と診断されたため、そのまま入院になりました。検査中に親から電話が入っていたのですが、出れなかったので折り返すと、実家のラブラドールのルナが亡くなったとの連絡でした。幼いときから17年間、一緒に過ごした犬だったのでとてもショックでしたが、そのタイミングにも驚きました。入院中だったので、あまり詳しい話は聞くことができずに電話を切りました。入院した日の夕方、急遽私の血圧が上がり、緊急帝王切開になる可能性があることを助産師の方から伝えられました。一晩血圧を下げる点滴をしたものの、状況が思わしくなく、6/5 午前9ときに医師から、破水後24時間経過していることもあり、帝王切開の実施を伝えられました。夫に連絡した後、母に電話をすると「ちょうど今ルナちゃんの火葬が終わったところなのよ」と涙声の母は手術の報告に驚いた様子でした。その後10時45分に娘が誕生しました。これまで健診では、血圧は全く異常がなく、突然のことに驚きとショックを隠せませんでした。また初産なので6/13の予定日より遅くなるだろうと予想していましたが、1週間ほど早く誕生することとなりました。実家が離れているため、産後は母が手伝いに来てくれる予定でしたが、亡くなった犬は介護が必要な状況で、母は手伝いに行けるか心配していたそうです。「1カ月前はまだ元気で、赤ちゃんにも会わせられると思っていたのに。ルナはやさしい子だから私が悩んでいることが伝わっちゃったのね」と母がいうと、父は「きっとルナとこの子が話し合って、みんながあまり悲しまないように早く生まれてくることになったんだね」と。それにしてもこんな偶然ってあるのかなと、家族みんなで驚いた不思議なでき事でした。夫がルナちゃんのこともあって、「これからもいろんな人のいろんな思いを紡いでいってほしいから、名前はツムギはどうかな？」と提案してくれました。私もその考えに賛同し、自分らしい人生を紡いでいってほしいという思いと、私自身学生時代にカイコの研究をしていて、絹織物の紬がぴったりな初夏生まれだったこともあり、つむぎと名づけることにしました。ひらがなにした理由は、名前を見た人がそれぞれの解釈をしてく	sound_row	https://baby-calendar.jp/knowledge/common/1594	bc
2023	M	た行	尊良	たから	不妊治療を長いことして、やっとの思いで授かった宝物という思いで「たから」と名づけました。妊娠・出産は本当に奇跡で、この奇跡は尊いと感じ、この漢字をつけました。宝物のたからくん、産まれてきてくれてありがとうでいっぱいです。	sound_row	https://baby-calendar.jp/knowledge/common/1604	bc
2023	M	た行	大煌	たいおう	32週5日の1185gという大急ぎで、ママとパパの元に会いにきてくれました！「どんなにちっちゃくても、大きく煌めいた人生を送り、何事にも対応できますように」と願いを込めて大煌という名前をつけました。	sound_row	https://baby-calendar.jp/knowledge/common/1604	bc
2023	M	た行	逞馬	たくま	計画無痛分娩の予定で入院したものの、その日には生まれてきてくれませんでした。そして次の日を迎え、ラグビーW杯のサモア戦を見ていて、「逞しい男の子に育ってほしいなぁ」とふと思いました。その後、分娩室に入り、結局生まれてきてくれたのは夜の９時。その日の夜は満月の中秋の名月でした。こんな素敵な夜に生まれてくれたので、「満」や「秋」にちなんだ名前を取り入れたいと思い、思いついたのが、「馬」でした。馬は「天高く馬肥ゆる秋」ということわざにも登場するので、秋生まれのこの子にぴったりだと思いました。逞しく、そして、馬のように大きく駆け抜けることができる人になってほしいと願っています。	sound_row	https://baby-calendar.jp/knowledge/common/1604	bc
2023	M	た行	大智	たいち	妊娠初期は、パパの好きな映画「男はつらいよ」主人公「寅次郎」や「寅吉」 女の子なら「櫻」など余裕があり笑いながら考えていました。しかし、どんどん出産が近づき……お互いの性格が真反対で、ママは姓名判断や占いをかなり気にするタイプでしたがパパは気にしない。パパは6月にちなんだ花や、雨、水にちなんだ名前など、でも水はよくない、など。第1子で長男ということもあり、あれでもないこれでもないといろいろ決まらなくて、ママがこの名前は画数がよくないと言い、本当にいろいろとぶつかり合いました。出産後も候補は何個かあったのですが、ママが「この名前は呼びにくい、男の子は濁点つけたくない」と言って、パパは文字のバランスなどお互いに譲らず（笑）。そして、パパの候補の中にあった「大智」という名前。大智は愚の如し」ということわざがあり、意味を知るととても素敵なことわざだなと思いました。姓名判断も大吉で文句なし！最終的に「大智」になりました。しかし、ふりがなで「大智」とあったら普通は（だいち）って呼ぶから、パパは「だいち」がいいと言いましたが、ママは濁点が嫌で、絶対に「たいち」と言います。「じゃあ『だいち』にしたら？ 私はあだ名で『たいちゃん』って呼ぶし」と言ったらパパはぶちギレ（笑）。喧嘩になりました。最終的に義母が「一番息子と一緒にいる時間が長いのはお母さんなんだから、お母さんが呼びやすい名前にしなさい」と言ってくださったので、大智（たいち）になりました！！！！名前は一生もの。親の責任です。胸を張って息子に「いい名前だよ」と言えます。無事に素敵な名前をつけることができました。	sound_row	https://baby-calendar.jp/knowledge/common/1604	bc
2023	M	た行	泰青	たいせい	青空のように広く泰らかな心で育ってほしい	sound_row	https://baby-calendar.jp/knowledge/common/1604	bc
2023	M	た行	大旺	たお	大きく光輝く人生にしてほしい！」という意味合いで名づけました！画数などの相性ももちろん考えましたが、2023年9月14日に産まれた男の子で、卯年の乙女座でかわいらしい要素がたくさんあったので、名前は強くかっこよくいこうと思い『だいおう』と書いてタオにしました！（たおママさん）	sound_row	https://baby-calendar.jp/knowledge/common/1604	bc
2023	M	た行	知隼	ちはや	京都に住んでいるので京都らしい名前がいいということで、百人一首の枕詞の中から候補を探しました。その結果「ちはやふる」という言葉が名前としてつけやすいと考え、さらに字画や画数から「知隼（ちはや）」という名前に決まりました。	sound_row	https://baby-calendar.jp/knowledge/common/1604	bc
2023	M	た行	知紘	ちひろ	妊娠中つわりがひどく、肉体的にも精神的にもかなりキツくなってるときに、文句ひとつ言わずに「何食べたい？ 何したい？」と支えてくれたのが夫でした。夫のような思いやりのあるやさしい子になってほしいなと思い、夫の名前から一文字。また、夫の賢い子になってほしいという願いと、私の好きな中国語の成語「知足常楽」から知という字を入れました。「知足常楽」の意味は、足るを知れば常に楽し、幸せはどこにでもあるということ。知足は「満足する、満足に思う」という意味。自身が謙虚な姿勢で物事を見つめるならば、日常はすでに満たされており、楽しいものだと悟れるという意味です。やさしく賢く、日々の幸せを感じながら楽しく生ていってほしいなと思って「知紘」と名づけました。	sound_row	https://baby-calendar.jp/knowledge/common/1604	bc
2023	M	た行	千蒼	ちひろ	千には、たくさん・多くという意味。蒼には空や海を連想させ、さわやかで広大なイメージや、草木が生い茂るという意味があるため、たくさんの人に愛され、恵まれ、まっすぐ素直な子に育ってほしいという願いを込めて、名づけました。	sound_row	https://baby-calendar.jp/knowledge/common/1604	bc
2023	M	た行	千隼	ちはや	がん治療で闘病中の主人の祖母の名前から「千」の一文字をいただきました。祖母はやさしく温かく強い人です。そんな人になってほしいという願いを込めて。また、千の数え切れないという意味から、数え切れないほどの幸せがこの子に訪れますように。長生きできますように。大空を中に飛び回る隼のように、健やかに晴れやかに過ごせますようにという願いを込めてます。ママとパパのところに生まれてきてくれてありがとう。	sound_row	https://baby-calendar.jp/knowledge/common/1604	bc
2023	M	た行	智尋	ちひろ	私たちにとって2人目の子どもです。ずっと息子に「きょうだいがほしい」とねだられていました。主人は単身赴任でなかなかタイミングが合わず、ほしい気持ちをずっと持ったまま、息子はとうとう小学生に。ある日「お母さんのほしいものってなあに？」と息子に聞かれ、いろいろ考え「やっぱり、私はもう1人子どもがほしい！」と思いました。息子にも伝えると「本当？僕もおんなじこと思ってたんだ」と。ですが、妊活を始めてから1年以上経ってもできず、次で最後にしようと思っていました。そんな矢先、主人のおばあちゃんのお葬式の知らせをもらいました。そして、その葬式から数日経ったころ、月のモノが来てないことに気づきました。検査薬で調べるには早すぎましたが、いても立ってもいられず、トイレへ駆け込みました。このことを安定期目前に息子に話したら「おなかの赤ちゃんって、ひいおばあちゃんの生まれ変わりかな？ 死んじゃったのは悲しいけど、そうだとうれしいな」と言ってくれました。お兄ちゃんの名前は主人の一文字目の漢字を入れました。赤ちゃんが男の子とわかってから、字画を考えたり、響きで選んだりしましたが、なかなか決まらず、そうこうしているうちに出生届を出すリミットが！そのとき、息子が「ちひろくんは？」と。なんだかひっちゃかめっちゃかで決まった名前です。何とか出生届を間に合わせることができました。後々、ゆっくり調べてみたら字画は大吉。字は違えど、主人の二文字目と同じ音の名前でした。息子は「僕と赤ちゃんの名前を合わせたら、お父さんと同じ名前になるね！」ですって。図らずともこんな偶然が重なるとは思いもよりませんでした。息子の将来の夢は「きょうだい喧嘩をすること」だそうです。きょうだい喧嘩はきょうだいがいる人しかできないモノだから、やってみたかったそうです。親としては、そんな日が来てほしいやら来てほしくないやら。2人とも大きく育ちますように。（ちーずぅさん） 千紘、眞紘（ちひろ、まひろ）くん 男の子でも女の子でも第一子は「ちひろ」と決めていました。夫が「ひろ」で始まる名前なので、元々は夫に似たチビちゃんの「ちびひろ」から来てます。子どもには、社会やいろんな分野や、いい人たちに広くご縁を持ってほしかったので、「千」に「糸」を「広」げるで「千紘」の字に決めました（「絋」という字が人名に使えなかったため「紘」になっています）。双子の	sound_row	https://baby-calendar.jp/knowledge/common/1604	bc
2023	M	た行	叶和	とわ	結婚3年目でできた待望の第一子、男の子です。空に忘れ物を2回取りに帰って、3回目でやっと私たちのもとに出てきてくれました。妊娠期間中はつわりもなく、おなかにいるときから親孝行な息子です。そんな叶和くんの名づけエピソードですが、妊娠後期のある晩、歯が痛くて寝れないことがあり、布団の中でゼクシィベビーの名前の候補を100件以上見ていました。どれもこれもピンとこないような名前でしたが、叶和くんの漢字を見たときに、「これだ！」と思いました。やさしい子になりますように！そしてたくさんの夢を叶えてい	sound_row	https://baby-calendar.jp/knowledge/common/1604	bc
2023	M	た行	く人生になることを願って！叶和	とわ	と名づけました。生まれてきてからも、怪我や病気もなく、よく食べてよく寝てくれる育てやすい子です。これからどんなふうに育っていくのか、楽しみでなりません！	sound_row	https://baby-calendar.jp/knowledge/common/1604	bc
2023	M	た行	叶逢	とあ	夢が叶うように、いろんな人とめぐりあってほしいという思いから「叶逢」という名前をつけました。長男は「叶響」という名前で関連づけた名前も気にしながら、いろいろ考えてこの名前になりました。	sound_row	https://baby-calendar.jp/knowledge/common/1604	bc
2023	M	た行	寿弥	としや	一番の願いは健康で長生きできるように、おめでたいこと、喜びが周りにも分けてあげられるやさしい子になるようにと願いを込めて名づけました。（寿ちゃんママさん）	sound_row	https://baby-calendar.jp/knowledge/common/1604	bc
2023	F	な行	凪花	なぎか	妊娠してから、5回の入退院。胃腸炎、悪阻、コロナ、喘息発作…落ち着かない家庭のなか、パパの夜勤中に陣痛。1人タクシーで病院へ向かい6歳と3歳の子が初めて夜のお留守番。家族みんなで乗りきり、気がついた！5月から陣痛くる2日前まで入院していたから赤ちゃんの名前考えてなかった！親兄弟にも名前考えてもらい、候補から家族で選んだよ。忙しい一年だったからこそ、穏やかな環境の子になると願いを込めて。	sound_row	https://baby-calendar.jp/knowledge/common/1595	bc
2023	F	な行	凪沙	なぎさ	ママがいつも落ち込んでいるとき、あなたのパパはいつも海に連れて行ってくれました。そのときに名前を「凪沙」にしようと決めました！海のように穏やかで、人にやさしく明るく素直に育ってほしくて、あなたの名前を凪沙にしました。	sound_row	https://baby-calendar.jp/knowledge/common/1595	bc
2023	F	な行	汀	なぎさ	苗字と合わせて画数が大吉になるように、人格がいい評価になってる名前にしました！なぎさは海を連想させるので、広く深い心でやさしく皆を包み込む子になってほしいと思いつけました！	sound_row	https://baby-calendar.jp/knowledge/common/1595	bc
2023	F	な行	渚	なぎさ	夏に生まれる予定だったので、夏っぽいかわいい名前にしたいと思ったのと、大好きなスピッツに「渚」という曲があるので名づけました。	sound_row	https://baby-calendar.jp/knowledge/common/1595	bc
2023	F	な行	菜の葉	なのは	一番いい名前をつけてあげたくて、名字と名前の画数が全て大吉になる名前を選びました。画数で名前を選ぶと画数が多くなりがちですが、画数が少なくひらがなも入ったので日本人らしい名前になったと思います。なのはは、菜の花の意味で童謡の「蝶々」に出てくるので、娘のテーマソングにしてよく歌います。珍しい名前なので、被ることもなく周りの方からもいい名前だねと言っていただけます。名前の響きと、書いた文字がユニークなので娘に唯一無二の名前をプレゼントできたと満足しています。	sound_row	https://baby-calendar.jp/knowledge/common/1595	bc
2023	F	な行	渚結	なゆ	お姉ちゃんがいるので、お姉ちゃんの名前の響きに似た名前をつけたことと、お姉ちゃんの名前の漢字1つとママの名前の漢字1つを組み合わせて、名づけました。姉妹で繋がりのある名前にしました。（なゆママさん）	sound_row	https://baby-calendar.jp/knowledge/common/1595	bc
2023	F	な行	彩愛	にいな	たくさんの人に囲まれて彩りのある毎日を過ごせるように。キラキラ輝いていなくても、たくさんの人に愛を持てば自分にも愛が返ってくる。そんな女の子、女性へと成長してほしくて！	sound_row	https://baby-calendar.jp/knowledge/common/1595	bc
2023	F	な行	虹瑚奈	にこな	妊娠中から夫婦で悩みに悩んでいた娘の名前。陣痛が始まっても決まっていませんでした。痛みに耐えながら必死で候補を書き出したのを覚えています。約16時間の微弱陣痛を乗り越えて、3588gの女の子が誕生。初産で疲労困憊の中、ふと思い出したのが陣痛前日の朝の出来事でした。夫婦の日課である愛犬との散歩中に見えたきれいな虹。妊娠がわかったときにも、わが家の上に大きなきれいな虹がかかっていたのです。吉兆の前触れでもある虹。希望に満ちた、天真爛漫な子になってほしいとの願いを込めて「虹」。そして、美しい広大な自然のように大きくのびのびと育ってほしいとの想いから珊瑚の「瑚」も入れることに。最後に、カリンの花言葉である可能性に満ち溢れた美しい人生を、との願いを込めて「奈」という漢字を入れました。全部合わせて「虹瑚奈」と名づけました。周りからも「こんな名前聞いたことないよ！」「かわいくてきれいな名前だし、自然が目に浮かぶ！」と褒められて鼻高々です。（にこママさん）	sound_row	https://baby-calendar.jp/knowledge/common/1595	bc
2023	F	な行	音緒	ねお	夢」という漢字をつけたいとパパとママが決め、女の子だったら“らむちゃん”という名前をつけたいとママが思っていて、漢字はパパが「ママの好きな倖田來未の來の字をもらおう！」と当てはめてくれました。由来としては、夢を追いかけて掴んでほしいという気持ちと、『來』の字は“くる”“きたる”“まねく”などの意味があるため、來夢の周りにたくさんの人が自然に集まり、癒やしを与えてくれる子に育ってほしいと願いを込めてつけました。（ミニドライバーさん）	sound_row	https://baby-calendar.jp/knowledge/common/1595	bc
2023	F	な行	希空	のあ	私が妊娠22週に入ったときに、おなかの赤ちゃんに腹水が判明しました。緊急で県立の病院に入院となり、おなかの赤ちゃんの腹水を穿刺したり、私の羊水をいろいろ調べてもらいましたが、特に目立った原因がなく、私が妊娠高血圧症候群になり、急遽35週3日で娘は生まれました。定期健診では2100ｇぐらいと推定されてましたが、生まれてきた体重は1659ｇ。その小さい体に対して、おなかだけが異常に大きく、初めて見たときは辛かったです。腹水が判明したときに、私は何事もなく無事に産まれてほしいと希望の「希」の字をつけたいとパパ伝えました。パパはその字に病気に負けず、空のように大きく強い子に育ってほしいと言う意味を込めて「希空（ノア）」と名づけました。娘はまだNICUに入院していますが、日々たくましく成長してくれてます。早く元気になって一緒に暮らしたいです。	sound_row	https://baby-calendar.jp/knowledge/common/1595	bc
2023	F	な行	乃愛	のあ	産まれる前まで3文字で考えて候補を出していたのですが、産まれてきた顔を見て夫が「3文字って顔じゃない」と言い出し、慌てて考え直すことに。なかなか決まらず、自分たちだけで決める予定が、祖父母の意見も取り入れつつ、出生届の締切2日前にようやく呼び名が決まり、締切日当日にようやく漢字が決まりました。漢字もかなり悩みましたが、漢字を見てすぐに読んでもらえる字、そして画数が少しでもいいものにしようとなり、「乃愛」と名づけました。柔軟な考え方を持ち、周りを愛し、周りから愛される子になってほしいです！	sound_row	https://baby-calendar.jp/knowledge/common/1595	bc
2023	F	な行	希空	のあ	妊娠しても胎児が育たず流産し、次にやっと授かった子は死産しました。次に流産・死産をする確率は低いと思うと医師に言われ、安心していたのですが、次に授かった子も流産。体よりも心がボロボロになり、次ダメだったら諦めようと思ってたときに妊娠し、順調に育ってくれている胎児に、無事におなかから出てきて大きく広がる空を見ることができるように願い希望の空と書いて【希空（のあ）】と名づけました。無事に出産し、元気にすくすく育っています。（のっぴママさん）	sound_row	https://baby-calendar.jp/knowledge/common/1595	bc
2023	M	な行	渚	なぎさ	パパが名づけました。パパは中性的な名前がよかったみたいで「渚」になりました。名前だけ見ると女の子と間違えられることが多々ありますが、それが話のきっかけになったりするので、私はとても気に入っています。意味は後づけですが、渚には小石や貝などがたくさん集まります。漢字にもあるように者（人）がたくさん集まりますように。波打ち際のようなキラキラした人生を歩んでほしいです。	sound_row	https://baby-calendar.jp/knowledge/common/1605	bc
2023	M	な行	夏輝	なつき	私たち夫婦は、結婚して10年が経ちましたが、なかなか子どもができませんでした。親戚の中でも、私たち夫婦だけ子どもがおらず、甥や姪を見るたびに羨ましく思いました。友人に相談したところ、友人も同じ悩みを抱えてました。不妊治療をしていると聞いて、病院を紹介してもらいました。とても長い道のりでした。治療の段階で私の甲状腺が分かり、その治療も同時進行で行いました。毎日の服薬と、毎月の定期検査での採血やエコー検査。夜勤の仕事しながらだったので、本当にしんどかったです。不妊治療に約3年かかり、念願の子どもを授かることができました。妊娠が分かったときは大号泣でした。大事に大事におなかの中で育てました。性別がわかる前に、男の子でも女の子でも大丈夫な名前を考えました。性別が男の子と分かり、漢字を考えました。夏の太陽のように、周りの人を明るく輝かせる存在になってほしいとの意味を込めてつけました。笑顔だけではなく、泣いた顔や怒った顔など、色んな表情を見せてくれて、わが家が今まで以上に明るくなりました！もっとたくさんの人たちを明るく輝かせてもらいたいです。	sound_row	https://baby-calendar.jp/knowledge/common/1605	bc
2023	M	な行	尚旺	なおあき	先の見えにくい世の中で、不確実なことにも前向きに生きていき、より一層自分自身を光り輝かせて、周りの人も明るく輝かせて、共に幸せな人生を歩んでほしいという意味を込めて名づけました。	sound_row	https://baby-calendar.jp/knowledge/common/1605	bc
2023	M	な行	夏生	なつき	春をすっ飛ばして4月から9月末までずっと暑かった今年の夏。酷暑にも関わらず、順調な妊娠経過を過ごして生まれてきた息子。つらい状況下でも困難を乗り越えて育ってくれる強い子へと願いを込めて夏生と名づけました。（りささん）	sound_row	https://baby-calendar.jp/knowledge/common/1605	bc
2023	M	な行	虹心	にこ	雨上がりに出る虹のような存在で、自分やみんなの心をハッピーにして、どんなときもいつもにこにこ笑顔が溢れる人生を送ってほしいから。（sacchanさん）	sound_row	https://baby-calendar.jp/knowledge/common/1605	bc
2023	M	な行	伸蒼	のあ	第2子は男の子。上の女の子との兼ね合い、いろいろ考えました。我々の希望は海外でも通じて中世的な2文字の名前。私はライアン・ゴズリングが好きで中でも映画「きみに読む物語」が大好きなので、その主人公「ノア」にしました。しかも「ノア」は幼少期キリスト教系の学校に通っていた私にとっては「ノアの方舟」で身近な存在。人類で1番勤勉で神様に選ばれたノア。海外での意味もいい。さて漢字は？これも私の推しであるLeadの伸也くんの「伸」と上の子も草冠を使った字なので「蒼」にという具合で、私の推しがたくさんの素敵な名前にしました♪ 漢字の通り、のびのびと真っ直ぐに育ってくれますように。（ゆえのさん）	sound_row	https://baby-calendar.jp/knowledge/common/1605	bc
2023	F	は行	蓮月	はづき	出産予定日が7月18日でした。初産だったので遅れることを見越して8月の「葉月は？」という話になりました。「はづき」という響きがやさしくとてもよかったので決まりでしたが、「8月前に産まれたら「葉」に「月」の葉月にならなくなってしまうね〜」と夫と話し、「羽月」「晴月」「遙月」といろいろ考えてみたのですがしっくりきませんでした。そんなこんなで予定日が過ぎ、7月下旬になったころ。テレビを見ていると、蓮の花が満開という報道を目にしました。その蓮の花が満開になっている姿はとても美しく、蓮の花の花言葉を調べると「清らかな心」と書いてありました。また、蓮の花は地盤が緩い泥の中に根を張り水面に顔を挙げ美しい花を咲かせるとのこと。世の中、生きていく中でたくさんいいこともあれば、たくさんの困難もあります。どんな逆境の中でも「清らかな心」で蓮の花のように水面に顔を挙げ、美しく花開いて強く生き抜いてほしいと願い、蓮の花が咲く月に産まれた子、として「蓮月」と名づけました。	sound_row	https://baby-calendar.jp/knowledge/common/1596	bc
2023	F	は行	葉月	はづき	生まれてくるのが上の子に続き女の子だと分かったとき、夫も私も、長女に負けない魅力的な名前をつけてあげたいと思いました。長女の名前は「千鶴」といい、日本の女性らしく「千」=「たくさん」の出会いがありますようにという想いを込めて名づけ、夫婦ももちろん本人も、とても気に入っている名前です。今回も、日本の女性らしい素敵な名前にしてあげたい。いろいろ考えた末、出産予定が8月だったため、和風月名の「葉月」に思い至り、この世にたった一つしかない「月」が日本人に昔から愛されてきたこと、「葉」は芽吹きや生命力を感じることから「元気で、みんなから愛される素敵な日本の女性になってほしい」という想いを込めて「葉月」に決めました。	sound_row	https://baby-calendar.jp/knowledge/common/1596	bc
2023	F	は行	芭月	はづき	看護師として働き無事に産休に入った妊娠32週を迎えたころ、妊娠高血圧症の診断と胎児発育不全を指摘され大学病院に入院となりました。入院後も胎児の体重は推定1200gから増えず、妊娠36週5日の8月23日に緊急帝王切開となり芭月は産まれました。1278gで生まれた芭月はNICUに入り、小さな身体で一生懸命頑張ってくれました。産後初めて夫と一緒にNICUに面会に行ったとき、小さな身体でたくさんの管に繋がれながらも懸命に生きようとするわが子がいました。その日から「俺が死んだ後も1人で生きていけるように育てる」これが夫の口癖になりました。名前は妊娠中から夫婦で考えていたものの、なかなかこれだといった名前（漢字）に巡り会えていませんでした。もともと、名前には季節や花を感じられる漢字を入れたいと思っていました。そんな中、夫が「芭」という漢字はどう？と提案してくれました。「ミズバショウ」でも有名な水芭蕉の花。水芭蕉は雪解けとともにきれいな花を咲かせ、寒さにとても強い花だそうです。小さく生まれましたが、どんな困難があっても強くたくましく育ってほしい、そんな意味を込め、ぴったりな漢字だと思いました。また、水芭蕉の白い部分は仏炎苞と呼ばれる葉で、花が葉に包まれる姿は親がわが子を抱きしめる様子にもみえます。NICUに入院中、カンガルーケアといって、早産児の医療行為のひとつとして毎日のようにわが子を胸の上で抱くことができました。小さく生まれ、通常に生まれたように母として自分で世話もできない、抱きしめることもできない現実を悲観的に思うこともありましたが、医療の力、医療従事者の方々のやさしさに支えられわが子を抱き、温もりを感じることができました。初めてわが子を抱いたときの儚げだけど力強い鼓動と温もりは一生忘れることはありません。水芭蕉の花言葉のひとつは「美しい思い出」。水芭蕉の花の姿は、今でもこの経験を温かい気持ちで思い出しカンガルーケアを連想させます。そして、いろいろな人に支えられたように「月」のように人にやさしく温かい子に育ってほしいという意味も込め「芭月」と名づけました。これから子育てをする中で大変なこともあると思いますが、この経験や思い出と医療従事者への感謝を忘れずにわが子とともに成長していきたいと思います。芭月は誕生してから約1カ月半後、体重は2000gまで増え無事退院することができま	sound_row	https://baby-calendar.jp/knowledge/common/1596	bc
2023	F	は行	花華	はな	女の子ならずっとハナとつけたくて、やっと待望の女の子が生まれたのですが……。友達にハナとついてる子がいたので、ハンナにしようか迷っていて、たまたま妹とランチをしたときにその話をしたら妹が小学生のときに文集で自分の子どもに何という名前をつけたいという質問でハナと書いていたと言っていてびっくり。その話を妹が母に話をしたら、母がビックリ！私も海外でも通じるハナと言う名前がいいと思っていたけど、私が言うとその名前にしないとと思ってしまうと思ったから言わないでいようと思ってたから……とのことだったので、こんなミラクルはないと思いハナにしました。漢字はお花のようにみんなを笑顔にできる素敵な女性になってもらいたいと想いを込めて花、華やかな人生を送ってもらいたいという気持ちから華と言う漢字をつけました。	sound_row	https://baby-calendar.jp/knowledge/common/1596	bc
2023	F	は行	羽瑠	はる	今回産まれたのは3人目の子どもなのですが、1人目と2人目の子どもたちにすでに私と主人がどうしてもつけたい名前をつけて満足していたため、どうしようとかなり悩んでいました。主人は、明るい響きのある名前がいいと言っていたので何個か候補を出して、上の子に候補の中で何がいいかパパに内緒で選んでもらいました。すると「はるちゃんがいい」とのこと。その後、上の子が私のおなかに向かって「はるちゃん」と話しかけているのをパパが聞いて「その名前いいじゃん！」と絶賛。「まだ園児だけどセンスいい名前考えるね！」と感心していました。私が候補を出して子どもたちに選んでもらったんだよと主人に言うと「どうりでセンス良すぎるなと思ったんだよ。明るい響きにピッタリじゃんと思って」と笑っていました。その後の家族会議で、改めて意見を募ると、子どもたちは「え？はるちゃんになったんじゃないの？」と言い、全員一致で「はるちゃん」がいいとのことだったので、キラキラ明るい女の子イメージの漢字を当てて「羽瑠」と名づけました。	sound_row	https://baby-calendar.jp/knowledge/common/1596	bc
2023	F	は行	帆南	はんな	夏に生まれた娘は、帆を上げた船が温かな夏の風に吹かれながら、広い海を穏やかに進んでいるようなイメージで、いつもおおらかな女の子でいてほしいという願いを込めました。長男である兄の名前も海や船を連想させる名前となっていて、ふたりの名前がリンクするようにしたくて帆南という名前にしました。	sound_row	https://baby-calendar.jp/knowledge/common/1596	bc
2023	F	は行	遥翔	はるか	この広い世界で様々な体験をしながら成長し、羽を広げた鳥が大空をとぶように自由にのびのびと育ってほしい」という想いをこめて名づけました。多様性を理解し、枠にとらわれないグローバルな人になってほしいです。（たぁさん）	sound_row	https://baby-calendar.jp/knowledge/common/1596	bc
2023	F	は行	聖采	ひいろ	母親である私が情熱を感じる赤色が好きで、その中でも特に濃く明るい赤の「緋色（ひいろ）」が好きだったため、いつか女の子の赤ちゃんができたら、この響きがいいなと思っていました。赤い太陽のように周囲をあたためて、雨風にも負けないような人になってほしいという意味を込めています。おなかの中にいるときから、夫が「ひいろちゃん、早く会いたいよ～」「今日も元気にしてるか～い？」「おやすみだよ～」と毎日声をかけていました。そのおかげか、生まれてすぐでも、名前を呼ぶとニコッと笑ってくれて、うれし涙が止まりませんでした。「ひいろ」の漢字は出生届を提出するギリギリまで考えていて、夫と私で一文字ずつ、好きな漢字を出し合いました。「聖采」という名前の「聖」は、知徳にすぐれて尊敬されるという意味で、「采」はいいものを選び手に取る、彩りを意味します。集団で物事を進めるときにも周囲をいい方向に引っ張っていく、そんな子に育ってほしいです。私の名前は「梨央」と書いて「りお」と読みます。小学生のころ、自分の母親に由来を聞いたことがあります。今でこそ、「りおちゃん」という名前のお子さんをよく見かけますが、当時は珍しい響きだったと思います。「り」も「お」も沢山の漢字が存在する中、なぜこの漢字の組み合わせなのかずっと不思議でした。母はどうしても「木」という漢字を入れたかったそうです。木は人々に安らぎを与え、時には花を咲かせて人の心を穏やかにしたり木陰となり休息を取れる場所になったりします。「中央」に立ち、人々にいい影響を与えてほしい、という願いから「梨央」と名づけてくれました。木よりももっと大きく、人々に力を与えてくれる太陽を想像して、「聖采（ひいろ）」と名づけました。2023年は多くのスポーツ選手が日の丸を背負っている姿に目頭が熱くなり、日本国旗が掲げられるたびに「あぁ、今年は本当に赤色が映えるなぁ。聖采ちゃんの年だなぁ（笑）」とうれしく思います。日の丸を背負うようなスポーツ選手になれるかはわかりませんが、ひとまず親戚中は聖采ちゃんのかわいさに大盛り上がりだよ！	sound_row	https://baby-calendar.jp/knowledge/common/1596	bc
2023	F	は行	陽央莉	ひおり	夫が『ひ』から始まる名前がいいということで、いろいろな『ひ』始まりの名前を検討していました。ひまり、ひまわり、ひなみ……予定日が9月ということもあり、季節的に秋らしい漢字にしようという思いもありましたが、不妊治療をしたのちの妊娠だったこともあり、個人的にはただただ無事に産まれてくれたらそれだけでよかったです。そのため「この漢字を使いたい！ こういう子に育ってほしい！」というものもなく考えあぐねていました。そんなことを考えている最中、37週に入った途端に自然破水してしまい緊急入院となりました。もともと計画無痛分娩の予定だったため、そのまま麻酔をして分娩促進へと移ったのですが、なかなかお産が進まず……。結局2日半、促進剤をMAX使用してもお産が進まず、とうとう3日目に緊急帝王切開になってしまいました。緊急帝王切開で自分自身も恐怖がありましたが、何よりおなかの子が無事に産まれてくれるのか不安で不安で仕方がありませんでした。麻酔で意識がぼやけてはいましたが、産声が聞こえた瞬間は安堵の感情が込み上げてきて号泣。「無事で良かった。生きていてくれてありがとう！」と心の底から感謝し、涙が止まりませんでした。娘が産まれた日、今までずーっと咲く気配のなかった向日葵が大輪の花を咲かせました。トラブルが重なりながらも無事に産まれてくれたため、私にとって娘は向日葵のような太陽のようなあたたかくかく朗らかに包み込んでくれる光のような存在となりました。向日葵や太陽のように明るくあたたかな子に育ってくれたらと願いを込めて、ひおりのひは『陽』に。みんなの中心となって、その存在で周りをあたたかく穏やかに照らしてくれたらと願いを込めて、ひおりのおは『央』にしました。『莉』は雰囲気と画数で決めました（笑）。世界では各国で紛争が起こり、すぐ先の未来も危ぶまれるような状況が続いています。この子の未来が平和で穏やかであるよう、心から願っています。	sound_row	https://baby-calendar.jp/knowledge/common/1596	bc
2023	F	は行	光莉	ひかり	私は名前をつけるのが好きで、候補は性別がわかる前から女の子と男の子、合わせて30候補くらい考えてました。独身時代から占いが好きで、良運候補から素敵だなって思った名前をピックアップして夫に意見をもらいました。ひかり、さくら、あいりで迷いましたが、最終的には私は「ひかり」を最初に見たときからインスピレーションを感じたので一択でした。今では名前の通り夫婦のひかりのような存在です。輝いています。	sound_row	https://baby-calendar.jp/knowledge/common/1596	bc
2023	F	は行	光莉	ひかり	流産を経て、すぐ戻ってきてくれた赤ちゃんは夫婦のひかりそのもの。また、周りの人を明るく照らしつづけるひかる存在になってほしかったから。妻が占い好きで良運を調べたなかでインスピレーションと運命を感じた名前です。この漢字、読み以外は、直感で「これだ！」と感じなかった。引き合わせた名前。読み方を聞かれたりするが、「かわいい」「いいね」とよく褒められる。	sound_row	https://baby-calendar.jp/knowledge/common/1596	bc
2023	F	は行	緋夏	ひな	真夏に産まれ、太陽のように明るい（緋色）性格に育ってほしいと思い、緋夏と名づけました。	sound_row	https://baby-calendar.jp/knowledge/common/1596	bc
2023	F	は行	陽奈	ひな	まず、私が奈々なので奈という字を入れた名前を探していました。明るい名前がよく「陽奈」がいちばんしっくりきました。太陽のように明るく、たくさん笑ってほしい、周囲を明るく照らしてほしいなと思ったのと、「奈」という字には、実り多き人生にしてほしいっていう意味も込められています。	sound_row	https://baby-calendar.jp/knowledge/common/1596	bc
2023	F	は行	陽凪	ひなた	夫と付き合って2カ月の記念日には、住宅展示場に行き、どこのハウスメーカーで家を建てるか検討し始め、付き合って4カ月目にはハウスメーカーと契約をしました。そして入籍日の前日に引き渡しでした。そんな人生で1番大きな買い物さえトントン拍子で進めていく私たち夫婦ですが、妊活を始めてからは、なかなかトントン拍子にはいかず。そんななか、ようやく授かることができたのが大切な息子でした。つわりがひどく、家事なんて到底できなかった私の代わりに率先して動いてくれた夫。臨月を迎え、腰痛に悩まされたときは率先してマッサージをしてくれました。立会い出産もでき、息子の誕生を泣いて喜んでくれた夫。今まで支えてくれた夫の存在のありがたさを再認識し、息子は妊娠中から私たち夫婦の絆を深めてくれ、夫婦を繋げてくれたのだと思いました。私の名前は遥風（はるか）です。夫は史章（ふみあき）です。私たちを繋げてくれた。はひふへほ。…..よし、”ひ“から始まる名前にしよう！あたたかい名前がいいなと思い“ひなた”が思い浮かびました。漢字は夫が決めました。太陽のように唯一無二の存在で、周りを明るく温かく照らし、穏やかで広い心を。陽にも凪にもいろいろな意味がありますが、何より私の名前、遥風の風と凪がリンクしていて素敵でとても気に入っています。陽凪、一緒に成長していこうね！	sound_row	https://baby-calendar.jp/knowledge/common/1596	bc
2023	F	は行	陽詩	ひなた	"妊娠がわかった瞬間から、夫がいくつもの候補を考えていました。6カ月ころに入ってから、どんな名前にするのか聞くと""ひなた""言われました。その名前の理由を聞くと、""ひなた""は人が集まる明るくて暖かい場所なので、そんな人生を送ってほしいからと返ってきました。妊娠前は""ぷりん""にしたいと言っていた夫から、素敵な意味合いがこもった名前が出るとは思わなかったので、即決となりました。"	sound_row	https://baby-calendar.jp/knowledge/common/1596	bc
2023	F	は行	緋奈乃	ひなの	たくさん愛されて育ち、大きくなったらつながりを大事にして、みんなを包み込む人になってほしいと名づけました。	sound_row	https://baby-calendar.jp/knowledge/common/1596	bc
2023	F	は行	日那乃	ひなの	上の子も3文字で、◯◯ちゃんと呼べる名前。ひなちゃんという愛称がかわいいね、と夫と話し合い、ひなのに。漢字は、明るく、心の美しい女性になりますようにという意味をこめて、日那乃に。みんなに、ひなちゃんと呼ばれかわいがられています。	sound_row	https://baby-calendar.jp/knowledge/common/1596	bc
2023	F	は行	陽菜美	ひなみ	僕が「暉（ひかり）」、嫁が「里緒菜（りおな）」2人の名前の最初と最後の文字を取って、女の子なので「美」を最後につけました。画数の運とかは考えずに、寝る前にスッと降りてきました！	sound_row	https://baby-calendar.jp/knowledge/common/1596	bc
2023	F	は行	陽海	ひなみ	私たち夫婦は旅行が趣味で特に海への旅行が好きです。そのため、名前には絶対に『海』を入れようと言っていました。名前を決めるにあたり、30個くらい案が出ました！！笑30すべてに意味があり、どの名前も一生懸命考えたので、命名にとても時間がかかりました。最後に陽海『ひなみ』という案が出て、ハワイに行ったときのあたたかい空気感、穏やかな気候、キラキラした日差しを思い出し「わが子にも太陽のようにあたたかく、キラキラと眩しい海のような人生を送ってほしい」という意味で名前を決めました。	sound_row	https://baby-calendar.jp/knowledge/common/1596	bc
2023	F	は行	陽葵	ひまり	不妊治療を3年続けていて、治療がうまくいかないとき、気晴らしに出かけたり家族と花を見に行ったりしていました。そのなかで、何となく私の中では向日葵は大きくずっと元気に見守ってくれているような雰囲気のある花だと思っていたので、子どもができたときには向日葵の花の名前から一文字もらって、子どもの名前に入れたいと思ってました。その後、待ちに待った妊娠。産まれた子どもの顔を見て、私や私の家族や周りの方を、まるで太陽のように元気で笑顔にしてほしいという意味をこめて、陽葵という名前をつけました。	sound_row	https://baby-calendar.jp/knowledge/common/1596	bc
2023	F	は行	向葵	ひまり	妊娠して性別がわかってから夫とずっと名前を考えていました。女の子らしい名前にしたい夫が名前にそこまで興味がなさそうだったのに一生懸命考えてくれました。決まらないまま、出産を終えて産院で毎日電話で名前の話をしました。夫の中で密かに決まってたようで画数も見て「向葵」にしようとなりました。上の子が「歩」なので「向」という少し繋がりを持たせました。上の子は最初漢字が読めない……と言っていましたが、「あなたと繋がりを持たせたくてこの漢字にしたよ」と言ったらとても喜んでました。	sound_row	https://baby-calendar.jp/knowledge/common/1596	bc
2023	F	は行	陽美夏	ひみか	主人が、私に美がついている名前が、よく夏も使いたいと考え、画数もいいものを選びました。夏のように明るく美しい人になりますように。	sound_row	https://baby-calendar.jp/knowledge/common/1596	bc
2023	F	は行	姫花	ひめか	夫は最初、2文字の名前がいいと言っていました。私は「誰からも愛されるように」「かわいらしい」という意味で「愛」という漢字を入れたいなと思ってて、初めは「瑠々愛（るるあ）」などの名前も提案したのですが拒否されて、次に「姫愛（ひめな）」などの案を出したのですがそれも拒否されて、もう夫とは合わない…とネガティブになっていたら、「ひめかがいい」とやっと意見を言ってくれました。「やっと、お互いの意見が合わさった名前が決まった〜！」とすごく嬉しくて、おなかの中にいる姫ちゃんに、名前が姫花ちゃんになったことを報告したら、2人の意見がやっと噛み合って嬉しかったのかボンッて蹴ってきました。「か」は私の名前の漢字の花をとることにしました。（momongaさん）	sound_row	https://baby-calendar.jp/knowledge/common/1596	bc
2023	F	は行	楓	ふう	楓の花言葉には「美しい変化」や「遠慮」、「大切な思い出」などがあり、それらにちなんで人の心を打つ美しさや謙虚さを持ち、人との縁を大切にできる人になってほしいという願いを込めて。結婚してから乳がんになり治療をして子どもも半分あきらめていたが、授かることができて私たち夫婦にとっては美しい変化になったという意味を込めて。また産まれた時から鳴き声がパワフルで、義母みたいで、義母みたいに情にあつくて皆んなから好かれる子になってほしいという思いもあり、義母のあだ名がフウだったこともありカエデではなくフウがいいなと思った。実母と誕生日が一緒なのでお互いの両親と縁がある感じもいいなと思い生まれてきてから候補にあげてた名前から名づけました。	sound_row	https://baby-calendar.jp/knowledge/common/1596	bc
2023	F	は行	楓奈	ふうな	楓は緑色、黄色、オレンジ色、赤色と葉の色が変化する様子が『美しい変化』という花言葉が生まれた理由と言われているそうです。この花言葉のように人生の変化も楽しんで生きていけるようにと、楓奈と名づけました。	sound_row	https://baby-calendar.jp/knowledge/common/1596	bc
2023	F	は行	史美	ふみ	三姉妹の3女なので、お父さんとお母さんの名前から、1文字ずつとってつけました。（史美ままさん）	sound_row	https://baby-calendar.jp/knowledge/common/1596	bc
2023	F	は行	萌乃佳	ほのか	最初はなんとなく名前の名字とのバランスや画数、使いたい漢字などで候補を考え、思いつく名前を名づけブックで検索したりしていました。いくつか候補を出しつつ、妊娠8カ月ごろ、超音波検査でお腹の赤ちゃんが女の子とほぼ断定できたので、せっかくならお姉ちゃんの名前と共通の文字を使って姉妹感のある名前にしようと、お姉ちゃんの名前の一部（乃）を使う事にしました。やさしくて凛とした女の子のイメージで、5歳のお姉ちゃんと一緒にしりとりのような感覚で名前の候補を出しあって、『ほのか』はどう？」と私が娘（お姉ちゃん）に聞くと、お姉ちゃんも「ほのかがいい！」と。あとで夫に「パパ、ほのかはどう？かわいいよ！」とお姉ちゃんが話していたら、お腹の中の赤ちゃんがポコポコポコと激しく動いたので、ほのかになりました（お姉ちゃんの名前を決める時にも、ポコポコ動いた方の名前にしました）。の（乃）はお姉ちゃんの名前から取り、温厚なやさしいイメージのほ（萌）、古風で美しい、優れたイメージのか（佳）にすることで、最初に考えていたイメージ通りの名前になりました。お姉ちゃんとみんなで考えた名前なので、いい思い出になると思います。現在萌乃佳ちゃんは9カ月ですが、お姉ちゃんが大好きで、仲良し姉妹です。お姉ちゃんと一緒に考えてよかったです。	sound_row	https://baby-calendar.jp/knowledge/common/1596	bc
2023	F	は行	帆乃夏	ほのか	やさしい響きの名前がよくて、響きから『ほのか』に決まり、あとから漢字を考えました。夏のように明るく、順風満帆な人生を送ってほしいという願いを込めて。いろいろな人からよんでもらえるように真ん中に『乃』を入れて帆乃夏と名づけました。	sound_row	https://baby-calendar.jp/knowledge/common/1596	bc
2023	F	は行	穂乃香	ほのか	妊娠期間中、性別はあえて聞かなかったので、男女どちらの名前も考えていました。長男は夫の名前から漢字一文字をとって名づけたので、第二子も夫か私の名前から漢字一文字をとって名づけたいと夫婦で話していました。夏の暑い時期の妊婦生活はかなり大変でしたが、9月の終わりごろ、朝晩が涼しくなって過ごしやすくなり、だんだん秋の訪れを感じるようになって、本当に気持ちよく過ごせるのがうれしかったです。家の周りでは稲の収穫も始まり、まさに実りの秋。こんな素晴らしい季節に産まれてくるのだから、秋らしく豊かな名前にしたいと思い、「穂」という漢字を選びました。産まれてきたのは女の子だったので、私の「香」をとって「穂乃香」に命名。秋らしく、かわいらしい名前でとても気に入っています。	sound_row	https://baby-calendar.jp/knowledge/common/1596	bc
2023	F	は行	歩乃果	ほのか	生まれる前は別の候補がいくつかありましたが、いざ生まれてみたら他の子泣いてても我関せず、授乳もマイペースに飲み続けるというとてもマイペースだったので候補の名前ではないなと考え直してほんわかとかのんびりでも歩けるように、歩をいれてほのかになりました。乃は上の子と同漢字、果は花や歌等にしたかったのですが字画から微妙で、授乳時ずっと飲み続けるし食物に困らないように果にしました。（つばささん）	sound_row	https://baby-calendar.jp/knowledge/common/1596	bc
2023	M	は行	把琉	はる	把は掴み取る、琉は宝石、宝物。人生の中で夢だったり、大切な人だったり、自分の中で宝物だと思えるものを手に入れられるように。そして掴み取ったその手で大切にして輝かせてほしい。何より「あなたは私たちの宝物だよ」という意味を込めました。	sound_row	https://baby-calendar.jp/knowledge/common/1606	bc
2023	M	は行	晴翔	はると	私が晴れるという漢字を、夫は翔という漢字を入れたくて、晴翔（はると）か翔晴（しょうせい）が候補となりました。しかし翔晴だと、いとこの子どもと読み方が同じになってしまうので、すぐに晴翔で決定しました。明るく晴やかで、澄んだ心を持ち、自由にのびのびと、夢に向かって羽ばたいてほしいという願いを込めています。そして、晴翔が自分の名前を気に入ってくれるといいなと願っています。	sound_row	https://baby-calendar.jp/knowledge/common/1606	bc
2023	M	は行	陽日	はるひ	私たち夫婦は結婚7年目ですが、なかなか子どもができませんでした。不妊治療にも通院しましたが、気持ちが追いつかず数カ月で断念。キャンプが共通の趣味で、柴犬も2匹飼っているので、4人で楽しく暮らしていければいいかな…と自分を納得させようとしていました。しかし、夫が2年前にがんを患い先が見えない不安もあり、妻の私を1人残して死ねないと強く思ったそうです。夫の強い希望もあり、もう一度不妊治療をおこない、授かることができました。この子がおなかにいるとわかった瞬間、私たちの日々が晴れ渡りました。名づけはたくさん悩みましたが、太陽のように私たちを照らしてくれて、気持ちを晴れやかにしてくれたこの子に陽日という名前がぴったりだと思いました。妊娠中、夫は再発が見つかり、手術に抗がん剤と放射線治療をおこない2カ月の入院生活をしましたが、この子が私たちを暖かく包み込み、明るい気持ちにしてくれたおかげで乗り越えることができました。	sound_row	https://baby-calendar.jp/knowledge/common/1606	bc
2023	M	は行	晴琉	はる	妊娠がわかってから、名前を決めるのはパパの役目に！初めてのパパの仕事と言って張り切っていました。「ハルと言う響きがいい」と妊娠4カ月ごろに決まり、それから名前を呼びながらおなかに話しかけてました。漢字はたくさん迷いましたが「【晴】のびのびと育ってほしい、【琉】海のように広い心を持ち、あたたかい風のようにやさしい子に」と願って名づけました。【琉】は、パパの名前である龍という漢字と同じ読み方だったので、この漢字にしました！	sound_row	https://baby-calendar.jp/knowledge/common/1606	bc
2023	M	は行	悠暉	はるあき	画数のいい名前をネットで探して、私と夫が気に入った名前が悠暉（ゆうき）でした。ある夜、夢の中で「はるあき」という男の子が出てきて、私はなんとなく素敵な名前だなと思って覚えていました。起きてから「はるあき」と読める同じ画数はないか検索したら、なんと悠暉は「はるあき」と読めることが判明。これはもう運命だと思い悠暉（はるあき）に決まりました。	sound_row	https://baby-calendar.jp/knowledge/common/1606	bc
2023	M	は行	春輝	はるき	5月に生まれたので季節は春でした。妊娠して2週間も経たないうちにつわりがひどくなり、トイレとベッドにしか行けず、10カ月になるまで外にも行けず、病院に行くときでさえ、車に乗る前に吐き戻し、乗ったあとにすぐに戻し、病院でも戻し倒れてしまいました。本当につらい10カ月間を過ごし、出産時も長引いて吸引分娩になってしまい、生まれてきてくれたとき、いろんな気持ちが溢れ出てきました。初めて見たときにわが子が輝いているように見えたので、春に輝くとし、春輝という名前にしました。	sound_row	https://baby-calendar.jp/knowledge/common/1606	bc
2023	M	は行	遥斗	はると	結婚3年目にしても授からず、不妊治療専門の病院を受診した直後に妊娠がわかりました。人工授精など本格的な治療を始める前に自然妊娠にて授かり、うれしかった気持ちもありますが、何より驚きが大きかったです。妊娠中は、私の甲状腺疾患の数値が悪く、流産する可能性もあると言われ続け、心配な毎日でした。夫の名前から一文字もらい、胎児ネームは「ベビ太」。妊娠後期には、本格的に名前の候補を絞り始め、柔らかい印象の名前にしたいねと夫婦で話し「はると」が候補に。また漢字については、妊娠がわかってから色んな困難がありましたが、すべて乗り越えてきてくれたわが子に、どんな困難が待っていてもそれを遥か乗り越えられるような人になってほしいという意味を込めて、「遥」という漢字を用いたいなと話し合っていました。ところが予定日の1カ月前に、夫の親友から連絡があり、子どもが無事に生まれたこと、名前を「陽斗（はると）」にしたことを聞きました。さすがに親友と重なるのはよくないと再度候補を考えようと話をしましたが、翌日の妊婦健診で切迫早産と診断され入院。そのまま出産となりました。出産後も名前をひたすら考えましたが、すでに「はると」と、毎日おなかに声をかけており、他の名前だと違和感しかなかったので私たちの中で「もうこの名前しかない！」という結論に。夫の親友の子とは漢字が一文字違いますが、同じ呼び方で誕生日も近いので、とても親近感を持っており、将来一緒に遊ぶ姿を見るのが楽しみとなっております。	sound_row	https://baby-calendar.jp/knowledge/common/1606	bc
2023	M	は行	春樹	はるき	1月生まれですが、寒い冬を乗り越えて春に芽吹く樹木をイメージして春樹と名づけました。ゆっくりでもいいからのびのびと育ってほしいという気持ちも込めています。姉は夏帆という名前なので、季節で揃っているところや、「はる」という柔らかい音もとても気に入っています。	sound_row	https://baby-calendar.jp/knowledge/common/1606	bc
2023	M	は行	珀優	はくゆう	2人目が男の子だとわかったとき、驚いたと同時にワクワクする気持ちが高まりました！ 名前は、お姉ちゃんの名前にも入っている「優」を使って、やさしい子に育ってほしいという思い。そして、今までに出会ったことない名前がいいと思っていました。「優大くん」「優生くん」「優介くん」……。「優」という漢字は、相手の立場になって考えることができるやさしい子になってほしくて絶対につけたかったので、毎日さまざまな名前を考えていましたが、パパが「今までに出会ったことのない名前にしよう！」という思いが強かったので、なかなか決まりませんでした。そして毎日じっくり考えて話し合って、辿り着いたのが「はく優（ゆう）」。「はく」の漢字を探している中で「珀」を調べたところ、私たちの思いとピッタリで感動してしまいました。「珀」には、長い年月をかけてできた宝石という意味から転じて、努力を積み重ねて成功することを願って……という意味が込められている漢字と知り、「この漢字を使いたい！」という気持ちに。ただ、私たちの中では「はくゆう」は初めて聞く名前でもあり、少し心配もありました。しかし、親や友だちに伝えたとき、「いいじゃん、よく考えたね」「素敵な名前を考えたなぁ」と言われたこともあり、安心して名前をつけられました。珀優はあっという間に8カ月を過ぎました。ハイハイができるようになり、いつも大好きなお姉ちゃんを追いかけています。2人で笑い合っているときは、こちらまで幸せな気持ちになります。これからも、人にやさしく、みんなを幸せにできる人になりますように。	sound_row	https://baby-calendar.jp/knowledge/common/1606	bc
2023	M	は行	治希	はるき	40代での結婚、そして初めての妊娠。 出産となるとさすがに自分だけのことではなくなり、幸せな気持ちと同時に「無事に生まれてくれるだろうか」「 出産は命懸けというけれど、もしもの時はやはり、自分よりこの子を助けてほしいと思えるだろうか」と思っていました。 名づけについても、候補を絞りきれないまま予定日が迫っていました。そんな時、ふと理想のイメージを一旦置いて、シンプルに夫の名前と私の名前から1文字ずつ取って並べてみることに。響きが心地よく感じられたのが「治希」です。 こだわりの少ない夫の唯一の希望が私の名前から1文字とることであり、ほかの家族も気に入り、念のためにと調べた字画もこれまでの候補の中で一番バランスがよかったので、「治希」という名前に導かれているように思えました。 当初のイメージとは異なりましたが、「治希」という名前がわが子にしっくりくる感覚がありました。コロナ禍も収束に向かい、立ち会いが許可される産院も多いなか、私たちの病院は面会すらまだ許されず、1人で臨んだ出産でした。「ここまできたら赤ちゃんと一緒に先生方を信じて頑張るしかない！ 」と思いつつも、陣痛はつらくて長く、大変な時間でした。 破水から13時間後、無事に生まれてくれたその顔を見て「やっぱり名前は治希だ」と自然に思い、夫にそう告げました。 両親の名前から1文字ずつというのは、名づけとして珍しくないと思いますが、私たち夫婦のもとに、春を選んで生まれたわが子の人生が健やかで晴れやかであることを、そしてそれが希望に満ちた道であることを、私たちは願って止みません。（38318さん）	sound_row	https://baby-calendar.jp/knowledge/common/1606	bc
2023	M	は行	大翔	ひろと	私が大きくはばたいてほしいと願いを込めて、「大翔（ひろと）」がいいと思っていて、主人も「いいね！」と賛成してくれていました。ふと、ひろとの漢字を見て、「大谷翔平を略した漢字になっている」と主人がいい出し、大好きな大谷翔平から漢字をとったようにもなり、嬉しくなり、決めての一つになりました！ 大谷翔平選手みたいに活躍できる子にもなってほしいです。	sound_row	https://baby-calendar.jp/knowledge/common/1606	bc
2023	M	は行	星	ひかり	光輝く、星になれ」星に願いを込めて、希望の光。どの道に進んでも、光輝くスターのような才能を発揮できるよう願って。周囲を明るく照らすことのできる光のようなに人になってほしい。どんなときでも向上心を持ち、輝きを失わない人に育ってほしいと願って。そして周囲の人たちの希望の光となる存在になってほしいという祈りの気持ちも込めて。	sound_row	https://baby-calendar.jp/knowledge/common/1606	bc
2023	M	は行	大翔	ひろと	元々嵐の櫻井翔さんが好きだったのもありますが、男の子にはどこまでも大きく羽ばたいてほしい、自分の道を翔けぬけてほしいという思いがあり、「大翔（ひろと）」と名づけました。大翔は様々な読み方がありますが、大という字は、大切・大事・大丈夫など人をポジティブに心穏やかになる言葉も多く、明るい未来になるようにと選びました。翔という字は字の通り、翔けるという真っ直ぐな気持ちを表したく、この字を選びました。	sound_row	https://baby-calendar.jp/knowledge/common/1606	bc
2023	M	は行	耀里	ひかり	妊娠妊娠がわかる前、夢を見ました。真っ白な空間に 4 歳くらいの男の子がいて、「僕がひかりだよ」と言いました。目が覚めると不思議と安心感があり、あの子がきてくれるんだろ うなぁと自然にそう思いました。夫婦で子どもを望んでいたので、妊娠がわかったときにはとてもうれしく、あの男の子に会えるのかとワクワクしていました。私の心に温かいひかりを感じました。名前を考える際、始めは“ひかり”という名前にしっくりこず、他の名前を考えました が、どうにも決まらず夫と一から考えてみようと話をしました。夫が「好きな歌があるけど、曲名が思い出せない」と言って、YouTube で探してい たところ、その歌が『いのちのひかり』という歌であることがわかり、2人でとても驚き、その瞬間にやはりこの子はひかりだと確信し、名前を決めました。	sound_row	https://baby-calendar.jp/knowledge/common/1606	bc
2023	M	は行	日鞠	ひまり	1人目の名づけはパパの希望で、上から読んでも下から読んでも「みうらうみ」。2人目は右から読んでも左から読んでも「MIURARUIM」	sound_row	https://baby-calendar.jp/knowledge/common/1606	bc
2023	M	は行	陽向	ひなた	私も夫も子どもが大好きで、私たちもすぐ子どもを授かると思っていましたが、なかなか授かることができませんでした。産婦人科を受診したところ、不妊治療が必要で1年以上はかかると思って気長にがんばるよう言われてしまいました。もっと早く受診すればよかったなと思いつつ、処方された薬を飲むタイミングを数週間待っていたところ、幸いなことに妊娠することができました。1年以上先だと思っていたのに、私のおなかにきてくれて、それはそれはびっくりと喜びが大きく、夫も両家の家族も一気に笑顔で幸せな気持ちになりました。まだうまれてないのにおなかに存在するだけで、周りをこんなにも明るくするなんて、とてもすごいなと思いました。両家にはそれぞれに悲しいでき事があり、それぞれ乗り越えていかなければならないタイミングでした。そんな中、この子の存在がみんなを明るくする一筋の光のようでした。この子は、みんなを明るく照らしてくれる太陽みたいな子だなと思い、名前には『陽』という字を使えたらいいなと思いました。また周りを明るくするだけではなく、この子自身も穏やかに幸せに、明るく元気になってほしいとも思い、そんな願いをこめられる名前がいいなと思いました。名前には男の子には戦国武将のようなかっこいい名前、女の子にはお花のような柔らかい名前がいいなと妊娠前から考えていました。妊娠してしばらくは、私も含め誰もが女の子だと思っていたので、女の子の名前を中心に考えいたところ、男の子であることがほぼ確定。そこからおなかの子の愛称を『ぽこた』にして、みんなで話しかける日々でした。かっこいい名前を中心に考えていましたが、どれもしっくりこず、どんどん予定日が近づいてきます。そして『ぽこた』と呼びすぎて『◯◯た』じゃないとしっくりこなくなり、実家に向かう車の中で、夫がふと『ひなた』は？と言い出したのです。『◯◯た』がいいなと思っていたことは、夫には伝えていなかったのでびっくり。日向っていつもぽかぽかで幸せな気分にもなるし穏やかな気持ちになるなと思い、名前に込めたいことが詰まってるなと感じました。漢字を考えてみると、明るい太陽のほうに元気に前向きに向かっていってほしいという気持ちを込めて『太陽に向かう』で『陽向』、名前に込めたい願いが入る『陽向（ひなた）』がとてもしっくりきて、計画分娩日の2週間前に、やっと名前が決まりました。生まれた日は	sound_row	https://baby-calendar.jp/knowledge/common/1606	bc
2023	M	は行	文弥	ふみや	7月生まれだったので、古文で月の異名である文月からつけました。あと、上の子の名前が「玄弥」なので、弥は上の子から取りました。（コノコノさん）	sound_row	https://baby-calendar.jp/knowledge/common/1606	bc
2023	F	ま行	茉衣莉	まいり	娘の名前は「まいり」といいます。妊娠がわかったころ、当時3歳の息子に、いつどのように妊娠のことを伝えようかと考えていました。まだ、何も伝えていないのにある日、突然おなかに向かって、「まいり～」と声をかけることがあったのです。子どもはそういった勘が働くと聞いたことはありましたが、「まさか！？ しかも性別も分からない妊娠初期なのに、なんで女の子の名前？」と、疑問がいっぱいでした。しかし、このタイミングがチャンスと思い、息子に「ママのおなかには、赤ちゃんがいるんだよ」と伝えました。それからもずっと、息子は「まいり」とおなかに呼びかけ続けて、性別がわかる時期になるとなんと女の子と判明。そこから夫婦で名前を考え始めました。わが家はみんな名前に「り」が入るので、もともと「り」が入る名前と決めており、候補は「まいり」を含めた3つになりました。最終的に、漢字の画数なども検討した結果、やはり「茉衣莉」がぴったりということになり、そのまま息子が呼び続けた名前に決定しました。前に「ス」をつけると「スマイリー」になり、漢字はジャスミン（茉莉花）の花言葉「愛らしい」という意味もあり、笑顔の似合う愛らしい子になってほしいという意味もあります。息子に、「なぜ、まいりと呼んだの？」と聞いても、理由は話してくれませんが、妹のことをとてもかわいがってくれています。家族みんな、お気に入りの名前です。	sound_row	https://baby-calendar.jp/knowledge/common/1597	bc
2023	F	ま行	茉依	まい	茉依の茉は、7月から開花する茉莉花からとりました。花言葉には「清純無垢、愛想のいい」という意味があります。茉依の依は、よりかかる・頼る・従うという意味があります。その2つの字を合わせて、「素直で人に寄り添えるようなやさしい女の子になってほしい」という思いで名づけました。	sound_row	https://baby-calendar.jp/knowledge/common/1597	bc
2023	F	ま行	愛桜	まお	今回はパパに名前をつけてもらいました。子どもたちにあまり関わってくれないパパ。3人目が産まれるのにワンオペはきつい…。せめて子どもに興味関心を持ってほしい。そんな期待を込めてパパに名づけをお願いしました。最初は拒否されましたが、一人目はママが、二人目は息子が名前をつけているので、「パパだけ仲間外れみたいで嫌じゃん？ 名づけで家族みんな繋がりを持ちたいからお願い！」と説得しました。難しいから嫌というパパのために、意見を踏まえた候補を出して、そこからパパが選びました。最終的には、ママの好きな花の桜が入った名前を選んでくれました。出産までにいろいろなことがあり、それを一緒に乗り越えたこともありますが、ママの期待通り、今では子どもに興味関心をもって、自分から声をかけたりだっこしたりしてくれるようになりました。パパも本当は関わりたかったけど、恥ずかしかったのかな？ 仲間外れみたいでさみしかったのかな？ と少し反省です。お互いを思いやれるようになったので、今回パパに名前をつけてもらってよかったなと思っています。愛桜、さくらのように皆に愛され周りの人を癒せるような人になってくれますように。	sound_row	https://baby-calendar.jp/knowledge/common/1597	bc
2023	F	ま行	円花	まどか	おなかの赤ちゃんは女の子だって！」「じゃ僕はお兄ちゃんだからしま◯ろうで、赤ちゃんは、はなちゃんだね！よろしくね、はなちゃん！」そうしてお兄ちゃんは妊娠中も、はなちゃんにたくさん声をかけてくれました。いざ産まれて,「本当にはなちゃんでいくのかしら？」と画数で絞った5候補をお兄ちゃんに見せたところ、「まどかちゃんに決まってる！」とのこと。漢字に妊娠中の思い出の「花」を入れて落ち着きました。「円花ちゃんって、かわいいお名前だよね！」とお兄ちゃんは大満足。それだけでなんだか私も幸せです。兄妹仲良く成長してくれますように☆	sound_row	https://baby-calendar.jp/knowledge/common/1597	bc
2023	F	ま行	真凜	まりん	待ち望んでいた女の子！！どうしようかとパパと悩みました。上の子と同じのように、嘘偽りなく礼儀正しくという願いをこめたいのと、 女の子だけど、エコーからきれいな意志の強い印象を受けたので、その意味合いも考えました！！（上の子:真悠 エコーではやさしい感じでした）漢字と意味合い、姓名判断で総合的に検討して「真凜」か「美琴」にし、赤ちゃんが生まれてきてから顔を見て「真凜」にしました。嘘偽りなく芯のある凜とした女性になってほしいという願いを込めました。真凜ちゃんは、小さく生まれ自発呼吸ができず、緊急搬送になりました。上の子もそうでしたが、本当に命の尊さ、出産し赤ちゃんが生きてられることに感謝や大切ということを経験させてもらったので、稟⇒天からの授かりものという意味のあるこの字を使いたいと思いました！上の子と共通点を持たせるために、真の字を選びました！とにかくいっぱいいろいろ考え、色んな思いを名前に込めさせてもらいました！！名は体を表す、最初のプレゼントをさせてもらいました！！	sound_row	https://baby-calendar.jp/knowledge/common/1597	bc
2023	F	ま行	真由乃	まゆの	まだ生まれてくる半年くらい前、お母さんは夢をみました。君のおばあちゃんとお母さんと、小さな女の子がカラオケで歌ってる夢。楽しんでるうちに「この子がいまおなかにいるんだ！」とわかって君の名前を呼んだところで目が覚めました。「これは運命だ！」と確信し、忘れないうちに携帯に書きとめました。生まれてくる前に字画をみたりして、お父さんに話して無事決まったよ♪（まぁままさん）	sound_row	https://baby-calendar.jp/knowledge/common/1597	bc
2023	F	ま行	澪	みお	姓との相性がよかったのと、響きがよくて妊娠中から女の子だったら｢みお｣って名前にしたいとずっと思ってた。漢字は夫が激推ししてた｢澪｣になりました。	sound_row	https://baby-calendar.jp/knowledge/common/1597	bc
2023	F	ま行	実桜	みお	実桜が産まれたのは夏の初めの7月。夏生まれなのに、桜という字を使ったのには訳があります。それは、実桜がお腹の中にいるときに家族３人で見た桜に感銘を受けたからです。桜は日本が世界に誇る花です。日本だけでなく世界から桜の木には人々が集います。そんな桜が有名な街に家族で引っ越してきてはじめてみた桜は、人生で1番綺麗でしたし、これからの希望で私たち家族を温かく迎えてくれるようでした。なので子供にも、人々が集まって助け合い希望を持って生きていって欲しい。そして、何事も実りある人生になりますようにと願いを込めて実桜となりました。	sound_row	https://baby-calendar.jp/knowledge/common/1597	bc
2023	F	ま行	光吹	みかぜ	私たちは夫婦ともに教員をしているので、教え子にいない名前をつけたいという思いで、上の子2人のときも名前を考えてきました。珍しい名前＝キラキラネームにはならないように気をつけて、まずは響きをの候補をいくつも出していきました。妊娠32週で、赤ちゃんの胸に水が溜まっていることがわかり、入院して治療をしました。初めはかなり落ち込んでしまっていたのですが、治療がうまくいき、「希望の光」から「光」の漢字を使いたいと夫から提案がありました。入院中に「光」の様々な読み方を調べて、それに合う名前の候補をたくさん考えました。しかし、「光」ばかりにとらわれすぎてしまい、なかなか2人で納得のいく名前が決まらず、そうこうしているうちに35週で出産することに！分娩室で陣痛に耐えながら、夫と一緒に「みかぜ」という響きにしようと決めました。3人目ということもあり、あっという間に産まれてきてくれました！しかし、もともと肺に疾患があることがわかっていたため、すぐにNICUへ。出産前から、早いうちに肺の手術が必要かもしれないと言われました。抱っこもできずに、泣き声も聞かずにとても悲しい思いでしたが、絶対に元気になることを信じて「光吹」と名づけました。「光」には希望の光。これからの人生、光に満ち溢れてほしい。周りの人たちを明るく照らす光のような存在になってほしいという願いを込めました。「吹」には芽吹くような強い生命力という意味があるそうです。「病気がよくなりますように」という願いを込めました。生後26日で肺の手術をおこない、今では元気に過ごしています！「光吹」の名の通り、強い生命力で手術にも耐え、今では私たちを笑顔にしてくれています！	sound_row	https://baby-calendar.jp/knowledge/common/1597	bc
2023	F	ま行	実玖	みく	夫と結婚する前に、夫が京都に転勤になり、京都に引っ越しました。入籍してから3年後に、やっとできた子です。京都での生活は、様々な神社やお寺を巡ったり、紅葉、桜、梅、紫陽花、秋桜、向日葵などのお花を鑑賞したりと充実していました。家のベランダでは、お花を育てたり、ミニトマト、ナス、オクラ、黒豆、ドングリ、梅などの実りも収穫もできました。京都で梅の実はならないと言われて購入した鉢植の枝垂れ梅が、出産した５月に初めて見事な実をたくさんつけてくれました。私たち夫婦にとって大切な一文字「実」を入れた名前を考え「実玖」にしました。努力が実を結ぶ人生であるように、そして、真心のある人に出会い、豊かな家族を作れるようにという祈りも込めて。	sound_row	https://baby-calendar.jp/knowledge/common/1597	bc
2023	F	ま行	未来莉	みくり	待ちに待った子どもでした。つらいことも多々ありあきらめかけていましたが、自分たちのもとへきてくれました。私たちの『未来』が繋がりました。女の子なので、みんなの安らぎ、あたたかさ、安心するような存在になってほしいという想いをのせて『莉』を選び、そんな意味を込めて『未来莉』と名づけました。	sound_row	https://baby-calendar.jp/knowledge/common/1597	bc
2023	F	ま行	翠心	みこ	二文字の名前がいいな、という所から考え始めました。予定日の5月の誕生石は翡翠。色鮮やかな羽をもつカワセミと読むこともでき、夫と共に「素敵やん！」と意見が一致。娘がおなかにいるときに新婚旅行で行った先で、ヒスイ探しをした思い出もあり、翠の字を入れることにしました。字画や響きも考え、最終候補を2つまで絞り、顔を見て「翠心やな！」となりました。純粋な心で広い世界を見て、色鮮やかな人生を送れますようにと願いを込めて。	sound_row	https://baby-calendar.jp/knowledge/common/1597	bc
2023	F	ま行	光咲	みさき	上の子が「太陽」という名前なので、繋がりのある名前を考えていました。太陽の光が花を咲かせるような、明るくエネルギーに溢れた子になってほしいという願いを込めました。自然に関係する名前にしたいと思っていたのですが、生まれるまでたくさんの候補があり、なかなか絞ることができませんでした。そんななか、予定日3日前、前日の健診で「子宮口の開きは先週と変わっていない」と言われ、まだ先かなと思っていた夜に、急におなかが痛くなって起きました。陣痛の間隔を測ろうとしたら破水し、そのまま自宅で出産しました。「痛い」と思ってから、20分ほどでするっと出てきてくれました。新型コロナウイルスの影響で立ち会いや面会も制限されていたのですが、夫と上の子も立ち会うことができました。夫の「光のような速さで生まれてきたね」という言葉が印象的で、名前が決まりました。想像とまったく違った出産となりましたが、母子ともに健康で本当に幸せです。花を咲かせるような温かい光で、自分も輝き、周りの人もあたたかくできる人になってほしいと思っています。	sound_row	https://baby-calendar.jp/knowledge/common/1597	bc
2023	F	ま行	瑞葵	みずき	子どもの出産予定日が5月だとわかり、名前には季節を感じるような漢字を使いたいと考えていました。また、私も夫も名前が「き」で終わるので、子どもも「き」で終わる名前を考え「みずき」が候補になりました。「瑞」の字はみずみずしいという初夏をイメージできるような意味と、めでたいことの前兆も意味するとのことでぴったりだなと思い、瑞という字にしました。「葵」の字はひまわりにも使われておりまっすぐに育ってほしいと思いつけました。また、ひまわりは私たち夫婦のポイントになる花で、プロポーズの時の花束や結婚式のブーケとひまわりが入っていたので「葵」の字には縁があるかなと思い選びました。	sound_row	https://baby-calendar.jp/knowledge/common/1597	bc
2023	F	ま行	みちる	みちる	名づけ親は祖父になるのですが、野球好きで「絶対野球をさせる」と生まれる前から張り切っていました。祖父の中には男の子しかなく、女の子だと分かった途端、考えてた名前も付けられなくなりました。そんななか、発表されたのは「満塁」と書いてみちると読むとのことでした。私も主人も顔を見合って苦笑い…。「さすがに女の子に満塁はないよね」と話し合った結果、ひらがなで「みちる」となりました。理解できる年になるまでは、あなたは天使（ミッシェル）から、みちるになったよと伝えようと思います	sound_row	https://baby-calendar.jp/knowledge/common/1597	bc
2023	F	ま行	みつき	みつき	結婚から15年妊活や悲しいお別れを経験してやっとうまれたレインボーベビーがお姉ちゃんの『さつき』。さらに7年後、病院でもう絶対に赤ちゃんは望めないと言われた数カ月後に妊娠が分かったのが2人目の『みつき』です。あきらめていただけにお姉ちゃん以外の家族は妊娠報告に喜びよりも驚きが先になってしまう中、お姉ちゃんだけが保育園でひとりっ子家庭はほとんどなく、さみしい思いをして泣いてしまうこともあり、ずっと弟妹がほしかったので本当に喜んでまだ大きくなっていないおなかを撫でてくれました。ただ、お姉ちゃんと時もそうでしたが私がシロッカーの手術や安静が必要な身体だったので、家族の助けがあったものの心配な日々が続きました。やっと安定期に入るとパパが名前の候補を考え、それを家族や友達も一緒になって1人1票投票し、最終的に『みつき』に決まりました。お姉ちゃんはパパと、私から一文字とり5月生まれなこともあり『さつき』と名づけたので、平仮名で『つき』が入る秋らしい名前にしようと、実りの月、満ちる月からイメージでき、この子の人生が実りある幸せで満ちるよう願いを込めて『みつき』にしました。わが家にやって来てまだひと月のみつきのおかげで、わが家はすでに笑顔と幸せに満ちています。	sound_row	https://baby-calendar.jp/knowledge/common/1597	bc
2023	F	ま行	美月	みづき	中秋の名月の日に陣痛が来て、4歳の長男と夫と「月がきれいだね」と言いながら産院に送ってもらい、日にちが変わる前に産まれました。元は全然違う名前を考えていましたが、この子がこの日を選んで来たのなら…と急遽名前を美月にしました。長男も柚貴（ゆずき）なのでお兄ちゃんと名前お揃いにしたかったのかな？	sound_row	https://baby-calendar.jp/knowledge/common/1597	bc
2023	F	ま行	弥奈	みな	父（子にとっては祖父）が産婦人科医で、帝王切開でとりあげてもらいました。父への感謝の気持ちと職業への敬意を表して、父の名前から「弥」の一字をいただきました。住まいは北海道なのですが、「奈」は私の故郷である奈良県で産まれたので、奈良県の奈を使いました。	sound_row	https://baby-calendar.jp/knowledge/common/1597	bc
2023	F	ま行	湊海	みなみ	私の名前は「なぎさ」なので、夫が「子どもの名前はなぎさみたいな、海を想わせる名前にしよう」と提案してくれました。コロナ禍に授かり２年半前に生まれた長男は、どんなご時世でも私たちにとっては光のような存在で、世界の誰からでも呼ばれやすく、将来「湊」から世界へ羽ばたいてほしいという想いから「光湊（Minato）」。妹の赤ちゃんは同じ想いに加えて、「海」のように、何があっても深く広い心で包み込み、受け入れられ、柔軟に強かに生きてほしい。そして、お兄ちゃんと漢字・かな・アルファベット表記でも一文字違いにしたいという想いで「湊海（Minami）」と名づけました。	sound_row	https://baby-calendar.jp/knowledge/common/1597	bc
2023	F	ま行	心梨	みり	妊娠がわかってから夫婦2人で名前を考えるのが1つの楽しみになっていました。この漢字を使いたい、この音がいいな〜と時間があるたびに話をしました。赤ちゃんが女の子だとわかってからはかわいい名前がいい！とずっと思っていました。……が、候補が多すぎて予定日の1週間前になっても決まりませんでした。結局、産まれてきてから顔を見て決めようということに……。予定日より5日早く産まれてきた心梨。芯のある心やさしい子に育ちますように、大きな実をつける梨のように豊かな人生になりますように。そして、梨の花言葉の「愛情」、ハワイ語で「ミリミリ」は「愛しい」という意味から、私たちからのたくさんの愛を込めた名前にし、生涯に渡って多くの人から愛されますようにという願いを込めました。（みりママさん）	sound_row	https://baby-calendar.jp/knowledge/common/1597	bc
2023	F	ま行	芽依	めい	妊娠中、おなかをよく蹴られるため、なかなか寝つけないことがありました。そんなとき、どんな名前にしようかとても悩みながら 、アプリで調べてたところであったのが「芽依」という名前で「これだ！！」と思い決めました。5月産まれで 【May】とも繋がっているのは、私の弟に言われて初めて気づきました。（蓮さん）	sound_row	https://baby-calendar.jp/knowledge/common/1597	bc
2023	F	ま行	芽衣	めい	かわいくて女の子らしい名前、皆んなが呼びやすくて、親しみやすい名前がいいなと思い「めい」に決めました。漢字はシンプルに分かりやすく「芽衣」にしました。（めーちゃんさん）	sound_row	https://baby-calendar.jp/knowledge/common/1597	bc
2023	F	ま行	望華	もか	子どもの名前が決まったのは出産当日です。私は卯年と巳年の子どもがほしいと強く望んでいました。理由は自分と同じ干支の子どもが2年間隔で欲しかったからです。そして、主人は９月生まれの子どもがほしいと望んでいました。特に計画とかも立てず、行動していましたが、なんと去年12月に授かり予定日は9/20。そして卯年。ここで、私たち夫婦の望みはクリアしたのです！さらに私たち夫婦は、節約と時短料理が趣味で、分娩場所の選び方も独特な決め方で、金額の安いところをチョイスしました。もちろん赤ちゃんのことも考えて、生まれた直後に何が起きてもいいように、しっかりと設備が整っている分娩場所を選別し、なおかつ安いところに決めました。ほとんどの分娩場所では、夜間割増、早朝割増、土日祝日割増と、分娩費に加えて分娩時間によって割増があることを知りました。探しているなかで、割増がない所はありませんでした。そのため、望んでいるのは平日誕生！ さらに、AM8時30分〜17時30分までの日勤帯での誕生です。なぜならその日、その時間帯は割増がかからないからです。ベビーちゃんにも毎日毎日言い聞かせていました。日付が変わった0:22にいつもと違う痛みがやったきて、さらに破水。今日は金曜日。明日から三連休だから今日産まなきゃ！と自分に言い聞かせて痛みに耐えながら主人と産院に向かいました。産院に着いて、破水確定で入院となりました。痛みはさらに強くなり、寝るにも寝れず、気づけば朝9時でした。もう、痛みに耐えられず、助産師さんに「まだですか？ 痛すぎます」と弱音を吐くこともありました。午後2時過ぎに子宮口全開大となり、主人に電話してもらい立ち合いとなりました。そして、15時02分。初めてわが子と対面できたのです。おなかの上で抱っこしたときに「初めまして！」と言う予定でしたが、思わず「ありがとう！」と言ってしまいました。そんな私たちの望みを何個も叶えてくれたことから「望華（モカ）」と名づけました。これからたくさんの望みと希望を胸に、一緒に成長していきたいと思います！ありがとう、モカしゃん。（シンママARENさん）	sound_row	https://baby-calendar.jp/knowledge/common/1597	bc
2023	M	ま行	政親	まさちか	ママはパパのことが大好きなので、パパの名前から「政」の字を一文字もらってつけました。パパみたいにコミュニケーション能力が高くなるように、誰にでも親切に、誰とでも親しく、という意味を込めて「親」の字を使いました。ニックネームが「ちか」だとかわいいなと思い、読み方も工夫しました。	sound_row	https://baby-calendar.jp/knowledge/common/1607	bc
2023	M	ま行	真翔	まなと	妊娠がわかってから悪阻もなく、不安はあったものの楽しくマタニティライフを送っていました。ある日の妊婦健診で、性別が男の子だと判明した日の夜に、夢を見ました。私たち夫婦はディズニーリゾートが大好きなのですが、私と夫と男の子3人でディズニーランドで手を繋いで歩いていて、男の子に対してはっきりと「まなと」と名前を呼んでいる、という内容でした。夢の中の「まなと」は笑顔がかわいく、とても活発な子でした。夫とはどんな名前にしようかと軽く話す程度で、産まれる直前に名前を決めようねと話していましたが、次の日の朝、夫に夢の話をすると、それが予知夢になるように生まれたら「まなと」と名づけようと即決で決まりました！！「真翔」の漢字の由来は、真っ直ぐな子になるように、大谷翔平さんのように大きく世に羽ばたいていけるようにという意味を込めました。現在、真翔は5カ月ですが夢で見た通り、よく笑い、笑顔がとてもかわいく、家族親戚みんなから愛されています。息子が歩けるようになったら3人で手を繋いでディズニーリゾートを歩くのが楽しみです。	sound_row	https://baby-calendar.jp/knowledge/common/1607	bc
2023	M	ま行	真守	まもる	真守が産まれたとき、私の実父ががんで入院しており「早くよくなりますように。守ってください」と想いをこめてつけました。（真守ママさん）	sound_row	https://baby-calendar.jp/knowledge/common/1607	bc
2023	M	ま行	尊	みこと	主人と私は、男女問わずに合う名前をつけたい、いわゆる中性的な名前を考えていました。男の子だから女の子だからにとらわれないようにやさしくきれいなこころで生きてほしい、そして人に尊敬されるような人になれる強い心をと願い、尊という名前にしました。	sound_row	https://baby-calendar.jp/knowledge/common/1607	bc
2023	M	ま行	美愛	みあ	夫婦の名前に使われている漢字を使いたかったので、女の子だったら「美」、男の子だったら「司」か「晃」を使う予定でした！海外でも通じる名前がよくて「みあ」に決まったのですが、「あ」の漢字は生まれるまで「亜」、「杏」のどちらかで迷ってました。生まれてから夫が赤ちゃんの顔を見て「愛」がいいんじゃないかなと言ったので、女の子らしくてかわいい名前だから私もいいなと思って「美愛」になりました。（みあたんママさん）	sound_row	https://baby-calendar.jp/knowledge/common/1607	bc
2023	M	ま行	明知	めいち	明知となりました。「明」は、賢明な判断のできる子。「知」本質を知る 己を知る。夫婦で話合い、男女どっちでも読める名前にしよう！となりました。1人目は、一叶（いちか）なので、2人目は、明（めい）にしようかとなったのですが、めいは女の子よりの名前だなとなったので、「めい◯」 にしようということになりました。そこで、◯の箇所に様々な一文字を入れて、いいなと思ったのが「めいち」。漢字で、すごく悩みました。明一、明智、明地、明千の全て占いが大凶。吉ぐらいだったらいいものの、やはり大凶は子どもに申し訳ない。そして、ついに出会った漢字が明知。全てが大吉で、安心して子の成長を見れる！と思いました。そして、これから先、様々な経験を経て自分自身を知り、判断を要するときに、賢明な判断ができる子になってくれれば、うれしいです。3人目ができたら、「◯めい」にしようかと考えています。（優ママさん）	sound_row	https://baby-calendar.jp/knowledge/common/1607	bc
2023	F	や行	結彩	ゆあ	結彩ちゃんがママのおなかの中にいたときや出産時、パパは少しもどかしそうでした。というのも、何もしてあげられていないと思ったそうです。いつもパパが隣で全力で応援してくれていたのでつわりも出産も乗り越え、結彩ちゃんに逢うことができました。そのため、パパの名前（彩人）に入っている「彩」いう漢字を使いたいなと思いました。パパと結ばれてゆあちゃんに逢うことができたんだよという意味から結彩と名づけました。	sound_row	https://baby-calendar.jp/knowledge/common/1598	bc
2023	F	や行	結衣	ゆい	誰でも漢字通り読める名前がよく、キラキラネームは嫌だったんです。結衣は結ぶという字がとても気に入っていて、やさしい子に育ってほしいという意味をこめました！新垣結衣さんが好きというのもあります	sound_row	https://baby-calendar.jp/knowledge/common/1598	bc
2023	F	や行	由唯	ゆい	画数で大吉になるように決めました。	sound_row	https://baby-calendar.jp/knowledge/common/1598	bc
2023	F	や行	結衣	ゆい	三味線にとっての音緒のように私たちにとっても、とても大切な存在であるから。また、いい音に多く触れ合ってほしいと思ったからです。	sound_row	https://baby-calendar.jp/knowledge/common/1598	bc
2023	F	や行	ゆいか	ゆいか	名前は平仮名で「ゆいか」です。ママと3歳になるお姉ちゃんも平仮名で「〇〇か」という名前なので、次女もおそろいで♡ 平仮名の名前ですが、漢字の「結」「唯」の意味を込めています。人との結びつきを大切にして、やさしさや思いやりのある人間関係を築けるように。自分自身を大切にして、素直でのびのびと成長してほしいと願いを込めて。パパとママからの最初のプレゼントです。	sound_row	https://baby-calendar.jp/knowledge/common/1598	bc
2023	F	や行	由惟音	ゆいね	元々、春に産まれる予定だったので、音の聞こえもよく、「はる」がつく名前で決めていました。男の子バージョンと女の子バージョン、両方とも夫といろいろ候補の漢字を考えて、性別がわかるのをドキドキワクワクしていました。そんなとき、ふと字画がいいのか検索してみたところ、つけたい漢字はどれも凶になってしまいました。試行錯誤していましたが、「はる」は胎児ネームということにして、新たに一から考え始めました。元々、夫は子どもに考える力を持ってほしいという願いがあって、そういう意味をもつ漢字を入れたいと言っていました。ゆいねの読みは私が考え、漢字を夫が考えました。由緒正しいの由、考えるという意味をもつ惟、音を発する音で「由惟音」になりました。	sound_row	https://baby-calendar.jp/knowledge/common/1598	bc
2023	F	や行	優華	ゆうか	苗字に合う画数を調べていたところ、小学生のころに自分の子どもに、「華」の字をつけたいと思っていた事をフッと思い出し、やさしさが花開くなんていい名前だなぁと思って決めました。	sound_row	https://baby-calendar.jp/knowledge/common/1598	bc
2023	F	や行	悠莉	ゆうり	今年で結婚8年の仲良し夫婦です。結婚当初は、2人の時間を長く取りたかったので、「子どもは落ち着いたらほしいね」と話していました。ですが、いざ妊活に取り組むとなかなかできずに苦労しました。生理が重く、2カ月ぐらいずっとダラダラ出血していたこともあり、精神的にもつらい時期でした。そんなときに相談したのが、職場の先輩です。うちの職場では入職してから、1人ずつ専属指導係がつきます。先輩とは気が合い、仕事以外のこともよく相談していました。その際先輩が「私も婦人科に行って診てもらっているから、一度行ってみたら？ 女医さんで話も聞いてもらいやすいよ」と言ってくれて、婦人科に行くことを決意しました。正直、婦人科に行くのには勇気がいりました。もし、私のせいで子どもができないとなったら主人に申し訳ないと…。いざ診察を受けてみると、やはり私の子宮の状態があまり良くないことがわかりました。そして、不妊治療専門の病院を紹介してもらい、受診しました。たくさん薬を飲み、注射を打ち、最終的には手術をすることになりました。このころは本当にメンタルが崩壊するぐらい辛く、厳しいときでした。小さい子を見るだけで「羨ましいな」と涙がこぼれるほどでした。妊娠にいいとされるジンクスをいろいろ試しました。ある日、先輩が「めーちゃんに赤ちゃんができる夢見た！ 正夢になりますように」とLINEをくれたので、お守り代わりに待ち受けにしていました。そして、不妊治療開始から4年半。ようやく赤ちゃんを授かることができました！ 本当に本当に嬉しくて、検査薬を何度も眺めました。一緒に妊活を頑張ってくれ、つねに私を支えてくれた主人には、誕生日祝いでサプライズ報告しました。すごく喜んでくれて「授業参観何着ていこうかな？」と言っていたので、気が早くて爆笑してしまいました。そして、正夢になったことを先輩に報告しました。家族のような存在で、私のお姉ちゃん的存在の方で、職場で人目もはばからず抱きしめてくれました。先輩は楽しい方で、人を惹きつける魅力があります。やさしく強く私には癒やしの存在です。先輩には娘さんと息子さんがいるのですが、2人とも「莉」という字が使われています。2人とも明るくすごく素直でいい子です。こんな素敵な子になるように、私もいつか子どもができたら「莉」という字をつけたいなと考えていました。そして、生まれてきてくれた娘に名づ	sound_row	https://baby-calendar.jp/knowledge/common/1598	bc
2023	F	や行	柚乃	ゆの	夫婦の名前が2人とも植物に関する漢字が使われているので、娘にも何か植物の漢字を使いたいと思いました。6月生まれなので、6月に花が咲き「健康美」という花言葉をもつ柚の漢字を使いました。また、生まれてすぐに助産師さんから、「他の子たちの倍のミルクを飲みます」と言われたパワフルガールだったので、少しでもお淑やかになるように、響きは今風だけど漢字は古風な名前にしました。	sound_row	https://baby-calendar.jp/knowledge/common/1598	bc
2023	F	や行	柚芽	ゆめ	5月に花が咲く柚。予定日が5月だったので、柚を使った名前にしようと思ってました。予定日より早く柚が芽吹く4月に産まれたため、柚芽と名づけました。柚には、自らの魅力を発揮しながら周りの人のいいところを引き出してほしい。芽には、未来の可能性を感じさせる人になってほしい。という意味を込めました。	sound_row	https://baby-calendar.jp/knowledge/common/1598	bc
2023	F	や行	夢実	ゆめ	ディズニーが大好きで年に何度も行ってましたがコロナ禍になり、しばらく行けなくなってしまいました。少しコロナが落ちついて約3年ぶりに飛行機に乗って旅行に行くことになり行き先はもちろんディズニーランド♡そして旅行から2カ月後に妊娠が判明しました！！ディズニーランドで楽しく遊んでいるパパとママの姿を見て私たちのもとにきてくれたのかなぁと思ったので、ウォルトディズニーの有名な「夢を求め続ける勇気さえあれば、すべての夢は必ず実現できる」という名言から、たくさん努力して“夢”を“実”現してほしい、誠“実”で人々の中心に立てる人になってほしい、世界中から愛されているディズニーのように日本に限らず世界中から愛される子になってほしいという願いを込めて2文字で『夢実』と名づけました♡ 親子３人でディズニーランドに行ける日が待ち遠しいです^^	sound_row	https://baby-calendar.jp/knowledge/common/1598	bc
2023	F	や行	優明	ゆめい	妊娠が判ってから親族・友人などたくさんの方々からの励ましをいただきました。そして、娘はたくさんの笑顔とやさしさを運んできてくれました。本人の人生も、人にやさしく明るく歩んでいけるよう名づけました。（ゆめママもさん）	sound_row	https://baby-calendar.jp/knowledge/common/1598	bc
2023	F	や行	桂子	よしこ	バパは 画数にこり、なかなか決まらず堪りかねたおじいちゃんが 「おれが名づける！」となり、決戦になりました……。晶子、祥子、晃子、桃子などと飛び交い ああでもないこうでもない。最後は私が割って入り「桂子 」と決定しました。もうてんやわんやの大騒ぎ。私の鶴の一声でバシッと確定！母は強し！！（睦子さん）	sound_row	https://baby-calendar.jp/knowledge/common/1598	bc
2023	M	や行	大翔	やまと	わが家は、3人の子どもに恵まれました。1人目の長女、2人目の長男の名前の最後を並べると、たまたま「なお」になりました。夫の名前が「なおと」なので、これは絶対に最後が「と」で終わる名前にしようということに。男らしくてかっこいい名前を探し、「やまと」にしました。画数がよく、納得のいく漢字を探した結果、大きく羽ばたけるように……と「大翔」と名づけました。知人に名前を伝えると、「大谷翔平のようになるといいね」と言われて、そのとき初めて気づきましたが、今年のWBCで大活躍した大谷翔平さんの漢字が２つも入っていたのです！ 狙ったわけではなかったため、運命的な何かがこの先この子に待っているのかもしれないな、とこれからの成長がますます楽しみになりました。ママから生まれて、パパの名前で繋がった子どもたち。思いやりのある子に育ってほしいと願っています。	sound_row	https://baby-calendar.jp/knowledge/common/1608	bc
2023	M	や行	泰仁	やすひと	先生からなかなか性別を言われることなく妊娠8カ月へ突入。そろそろ名前を決めたいのでとようやく性別を聞いたものの、特に夫婦で話し合うことなく臨月へ。里帰りする前に決めねばと主人に相談したところ、「使いたい漢字がある」と密かに考えていた様子。主人曰く、儒教の人間に備わっているよき性質である「五常の徳（仁（思いやり）・義（正義）・礼（秩序）・智（智恵）・信（言行一致））」の中の漢字を使いたいとのこと。その中から今回は「仁（思いやり）」を採用。画数や響きでピンときたものを2つまで絞り、最後は人生「運」も大事ということで、2つの名前を書いてくじ引きで決定！産まれてきた顔を見ても決定した名前で正解だったなと。将来、兄弟ができたら別の漢字を採用するからうちはMAX5人までかな（笑）。（るいさん）	sound_row	https://baby-calendar.jp/knowledge/common/1608	bc
2023	M	や行	由護	ゆず	将来、自分の思うことを存分にやる、また常識や一般論に左右されず、のびのびと羽ばたいていくような人と願って。自分の一番大事な家族や友だちを守る人になってほしいと願って。やさしさと強さ、恥明さを兼ねそなえた人に。	sound_row	https://baby-calendar.jp/knowledge/common/1608	bc
2023	M	や行	祐五	ゆうご	祐」漢字の由来から、神から助けを頂き、自らは周りを助けられる人になってほしい。「五」ご先祖様が建てたお城の名前から頂きました。ご先祖様と繋がりを大切にできる子になってほしいです。	sound_row	https://baby-calendar.jp/knowledge/common/1608	bc
2023	M	や行	優志	ゆうし	妊娠する前から、子どもの名前は「ゆうちゃん」って言えるものがいいなと思ってました。最初は性別関係なく使える名前がいいと、「ゆうき」とか「ゆう」とか候補が浮かんできましたが、ありきたりな名前なので、違った名前がいいと考えました。やさしい子に育ってほしい。自分の好きなことには一生懸命に頑張ってほしい。そんな思いで名前をつけました。	sound_row	https://baby-calendar.jp/knowledge/common/1608	bc
2023	M	や行	裕万	ゆうま	親があれこれ考えた名前でなく、もうこの名前で生まれてきたんだなというのがわが家の名づけでした。父母ともに絶対決めてた名前はなく、漢字文化圏なので、姓名判断にかなり頼ったのですが、苗字から算出される大吉数の名前の画数が非常に厳選されたので、どう転んでも使える漢字が絞り込まれました。出生届提出期限当日まで、他に見落としがないか、候補がないか悩みましたが、最終的には現在の名前に戻るを繰り返しました。結果、親が子どもにこんな人生であってほしいなと思う以上の意味合いを含んだ名前になり、漢字も周りの方にいいねと言ってもらえる名づけができました。裕万の意味「たくさんの才能をもち、周りの人にも恵まれ、能力を自分にもまわりにもよろずの豊かさを共有できる幸せな人生を歩んでほしい」姓名判断に振り回されすぎてしんどい、特につけたい名前がなくて、ちゃんとしてないようで不安だという気持ちで悩みましたが、子どもはちゃんと名前を持って生まれてきてくれて、親に生き方を教えてくれるやさしい存在なんだなと思いました。	sound_row	https://baby-calendar.jp/knowledge/common/1608	bc
2023	M	や行	侑弦	ゆいと	思いやりのあるやさしい人で、弦のようにしなやかに人生を歩んでいけるようにと願って、この名前をつけました。	sound_row	https://baby-calendar.jp/knowledge/common/1608	bc
2023	M	や行	結月	ゆづき	臨月まで名づけを後回しにしていました。いざ決めようとなったとき、お互いにつけたい名前、使いたい漢字をあげたところ、「結」という字がありました。また、男の子でも女の子でもいいような名前にしようということで、「結月」と名づけました。	sound_row	https://baby-calendar.jp/knowledge/common/1608	bc
2023	M	や行	結俐	ゆうり	男の子でも女の子でも、どちらが産まれても大丈夫な名前がパパとママの希望でした。上の子の名前を決めるとき、パパの頭にふっと名前が降ってきたので、今回もパパの頭に降りてくるのを待っていました。妊娠８カ月のときに、ふっと名前がおりてきたのが「ゆうり」でした。漢字を考え、パパは前々から名前に「結」を使いたかったとのことだったので、「ゆう」は「結」に。「り」の漢字を探していたところ、賢いと言う意味がある「俐」が見つかりました。漢字から決めたので後づけにはなりますが、「たくさんの素敵な人たちに出会い、色んな経験から培ってきたことを生かして自分の力を最大限発揮できる子になりますように」という願いを込めました。	sound_row	https://baby-calendar.jp/knowledge/common/1608	bc
2023	M	や行	逞	ゆた	何事にも挑戦し逞しく育ってほしい。	sound_row	https://baby-calendar.jp/knowledge/common/1608	bc
2023	M	や行	悠生	ゆうせい	私の父と、夫の名前に共通する「生」の字。夫と初めて出会ったときに、縁を感じたのを覚えています。妊婦健診で男の子だとわかってすぐに、両家を繋ぐ「生」の字をとり入れ、のびのびと育ってほしいと願いを込めて悠生と名づけることに決めました。	sound_row	https://baby-calendar.jp/knowledge/common/1608	bc
2023	M	や行	有心	ゆうしん	2人ともRADWIMPSが好き、さらに有心論という歌の歌詞がよくて名づけました。	sound_row	https://baby-calendar.jp/knowledge/common/1608	bc
2023	M	や行	結永	ゆいと	まさかの破水せず膜に覆われたまま産まれたわが子……あとから助産師さんに8万人に1人くらいの幸運な産まれ方【幸帽児】だったらしく、幸運な漢字をつけたいねとパパと考え、吉が入ってる結を入れ、人と人の結びつきが永遠に続きますようにと名づけしました。	sound_row	https://baby-calendar.jp/knowledge/common/1608	bc
2023	M	や行	幸治	ゆきはる	私と夫は16歳差の夫婦で、夫は再婚です。夫には子どもはおらず、50代で初めてできた子どもになります。夫は代々続く跡取り息子で、その夫に跡取りとなる息子が産まれることになりました。夫の中で、子どもの名前は先祖の漢字を使いたいと考えており、1代目から続く「治」と祖母から「幸」をとって「幸治（ゆきはる）」がいいと言われました。私は「治」や「幸」は古いイメージがあって、流行りの漢字を使いたいと思っており、なかなか名前が決まりませんでした。でも「治」や「幸」の漢字の意味を調べると素敵だなと感じ、姓名判断もよく、何より夫の母が喜んでくれたので、「幸治」に決めました。息子には「治」の意味にあるように、人の役に立てる大人になって、幸せな人生を歩んでほしいと思っています。	sound_row	https://baby-calendar.jp/knowledge/common/1608	bc
2023	M	や行	雪峰	ゆきみね	夫婦でそれぞれ名前を考え、｢これはどう？｣｢これは？｣とお互いに意見を出し合いました。夫はアウトドアが趣味で、私も自然が好きなので、山や海などの自然に関する漢字を使いたいという意見は一致していました。私は考えれば考えるほど候補が増えてしまうため、姓名判断がいいものに限定することにしました。また、同姓同名の人が多くいることのないように、人気のある名前は避けました。あとは生まれる季節や漢字の意味を考慮し、最終的に5候補まで絞りましたが、どの名前も素敵で捨てがたく、決めきれずにいました。私は子宮筋腫の手術をした既往があるため、予定帝王切開となっていました。そこで、出産日の朝の天気で名前を決定することにしました。あらかじめ天気と名前の組み合わせをあみだくじで決めておきました。出産日の朝、ドキドキしながら病室のカーテンを開けると、朝日が見え、薄曇り。その写真を撮って、夫に決まった名前を連絡しました。それは夫が考えた名前でした。出産直後、夫と息子が対面したときに早速夫が名前を呼びかけていました。私はまだ手術室にいて直接その様子を見ることはできませんでしたが、あとから夫が撮った息子の動画を見せてもらいました。それが息子が初めて名前を呼ばれた瞬間でした。悩みに悩んで決めきれなかった名前ですが、決まってみると最初からこうなる運命だったような、他の名前ではしっくりこないような感じがしています。（モヘさん）	sound_row	https://baby-calendar.jp/knowledge/common/1608	bc
2023	M	や行	曜	よう	誰もが読める漢字であって、小学校低学年で習う漢字の中から決めようと久しぶりに漢字ドリルを見に行きました。お日様に向かって飛ぶ雉（旧漢字）から成り立つこの言葉は、世界の至る所で見つけられる漢字のため、「ここにもあなたの漢字があるよ」と少し大きくなってきたころにたくさんお話しできたらと願いを込めました。また、歴史の授業で習う黒曜石の使い道の多さのように、多種多様な才能を伸ばしながら育ってほしい、黒曜石は名前に黒とは言っていますがカラフルな物もあるので、名前だけにとらわれず自分らしく生きてほしいと願いを込めました。	sound_row	https://baby-calendar.jp/knowledge/common/1608	bc
2023	M	や行	瑶平	ようへい	初めてのエコー写真で、体の横にまん丸の玉（のちに胎嚢の残りと分かった）が見えたことから、おなかの赤ちゃんを「おたまちゃん」と呼ぶことにしました。6歳の長女と4歳の長男も、「おたまちゃ〜ん」と毎日呼びかけては産まれるのをとても楽しみにしていました。出産が間近になり、いざ名前を考えるというとき、慣れ親しんだ胎児ネームから離れることができず、子どもたちに「お名前は何にしようか？」と聞いても「おたま」と返ってくるばかりで困ってしまいました。男の子はパパの名前から1文字取り、〇平にするということは決めていたので、名前の響きとしては「ようへい」か「りょうへい」がいいかな？漢字はどうしようか？と夫婦で相談していたところ、パパが「瑶」の字が「美しい玉」という意味を持つということを発見し、ぴったりな名前だ！と2人で興奮して名づけました。みんなから愛され、美しい心が育つようにと名づけた名前です。（ボーロさん）	sound_row	https://baby-calendar.jp/knowledge/common/1608	bc
2023	F	ら行	來花	らいか	來は来るという意味で、花はかわいいや愛らしいと言う意味を持っているので妊娠しているときに、かわいくて愛おしい子が産まれてくるという意味で名づけました。	sound_row	https://baby-calendar.jp/knowledge/common/1599	bc
2023	F	ら行	來夢	らむ	夢という漢字は付けたいとパパとママが決め、女の子だったら“らむちゃん”という名前を付けたいとママが思っていて、漢字はパパが、ママの好きな倖田來未の來の字をもらおう！と、当てはめてくれました。由来としては、夢を追いかけて掴んでほしいという気持ちと、『來』の字は、“くる”“きたる”“まねく”などの意味があるため、來夢の周りには沢山の人が自然に集まってくれて癒やしを与えてくれる子に育ってくれるように願いを込めて付けました。	sound_row	https://baby-calendar.jp/knowledge/common/1599	bc
2023	F	ら行	來夢菜	らゆな	将来、明るく元気いっぱいで、笑顔を忘れないようにすくすくと育ってほしい。（まいさん）	sound_row	https://baby-calendar.jp/knowledge/common/1599	bc
2023	F	ら行	梨秋	りあき	秋生まれというのと、響きで決めました。いろいろな気持ちがあるけど、1番は元気に健康にのびのびと育ってほしいという思いから、あまり漢字の意味に縛られない名前にしました。	sound_row	https://baby-calendar.jp/knowledge/common/1599	bc
2023	F	ら行	莉唯子	りいこ	妊婦検診時のエコーのときに「手がお顔にかかって見えないね〜」と先生に言われると、手を顔からどかして、お顔がみえるようにしてくれることがあり、その度に先生たちから「お利口さんだね〜」と言われることが多かったんです。「お利口さん」を由来に「	sound_row	https://baby-calendar.jp/knowledge/common/1599	bc
2023	F	ら行	莉唯子	りいこ	と名づけました。	sound_row	https://baby-calendar.jp/knowledge/common/1599	bc
2023	F	ら行	梨衣奈	りいな	1人目の長女は漢字も含めてすんなり決まったのですが、今年9月に生まれた次女は出産前に、たくさん夫婦で名前を考えたものの、長女と同じ響きにするのかしないのか、夫と意見が割れたり、いいと思っても姓名判断的に漢字が納得できなかったりとなかなか決まりませんでした。そんなこんなで出産予定日間際でようやく最後の2つにまで絞れたのですが、1つは私が提案して長女が気に入った名前、もう1つは夫が提案してきた名前でした。母親のわたしは長女の名前をつけさせてもらったので、今度は夫に最終的に決めてもらおうと思っていましたし、どちらでもよかったのですが、娘と夫がお互い譲らず（笑）。くじ引きをしてみたり（娘が勝利）、他の人も交えて多数決を取ったりといろいろしているうちに出産予定日になりました。おなかの中で名前が決まっていないのを察していたのか、予定日を4日過ぎても産まれてこず、結局私が待てずに計画分娩で生み出すことに（笑）。5歳の長女は生まれたあとに赤ちゃんの絵を描いてくれたのですが、そこにはまだ決定していないのに自分の推している名前を書いていました。夫がそれを見て、自分の意見を押し切る覚悟が揺らいだかと思いきや、何度も3人で話した末に、結局夫の提案した【梨衣奈】に決着しました。長女がつけたかった名前は次女のファーストトイのうさぎちゃんにつけるということで納得してもらいましたが、今だに残念がっています。いつか次女がわかるようになったらこのエピソードを話して、どっちがよかったか聞くのが楽しみです（笑）。	sound_row	https://baby-calendar.jp/knowledge/common/1599	bc
2023	F	ら行	莉央	りお	莉はジャスミンからとり、みんなの心を癒せるようなやさしい子に育つように。央はみんなの中心でいられるようにと名づけました。	sound_row	https://baby-calendar.jp/knowledge/common/1599	bc
2023	F	ら行	莉夏	りか	"長女の名前が莉心（りこ）なので、同じ""莉""を使った名前にしようと夫婦で話をしていました。顔を見て夏に生まれたということで、莉夏と名づけました。みんなから愛されて夏のようにキラキラした人生を歩んでほしいと願いを込めました。ところが私の両親は、莉乃（りの）か莉央（りお）を希望していたようで……。出生届を出したあともすこし揉めました。"	sound_row	https://baby-calendar.jp/knowledge/common/1599	bc
2023	F	ら行	理恋	りこ	私の名前は祖母が漢字を考えてくれて「美玖」という名前を授かりました。私の大好きな祖母の名前から「里」をもらい、「玖」という字を気に入っていることもあり「里」に王編を組み合わせて「理」。恋は昨年流産してしまった子どもに澄恋（すみれ）と名前を授けたので、澄恋が一緒に育って見守ってくれるように、同じ字を使って“理恋“と名づけました。	sound_row	https://baby-calendar.jp/knowledge/common/1599	bc
2023	F	ら行	璃世	りせ	パパの名前がりおで一文字もらいました。姉の名前が璃亜（りあ）で姉からも一文字もらいました。りせもりあと同じく瑠璃（宝石）のように光輝く人生になってほしいと思い名づけました。	sound_row	https://baby-calendar.jp/knowledge/common/1599	bc
2023	F	ら行	莉渚	りな	夫にこだわりがあるため名づけは一任しました。外国でも使いやすく、響きのいい「リナ」の音にするとのこと。漢字はジャスミンの莉に、自分の好きなクラナド（アニメ）の渚ちゃんからとった渚の字に。私も付き合っていたころにクラナドを勧められて、一緒にみて号泣したことから、渚ちゃんみたいにやさしい子になってほしいなという思いでした。莉渚という新しく素敵な漢字と響きで、画数もばっちりとなり、実際毎日呼んでもとってもしっくりくる名前でお気に入りです！	sound_row	https://baby-calendar.jp/knowledge/common/1599	bc
2023	F	ら行	璃乃	りの	ハワイ語で『結びつける』意味があり、新型コロナウイルスで人との関わりが離れてしまったから「人と人を結びつけるあたたかい心を持ってほしい」というラピスラズリ（瑠璃石）の石言葉で、心身ともに健康で美しく大らかな人になるように。	sound_row	https://baby-calendar.jp/knowledge/common/1599	bc
2023	F	ら行	莉穂	りほ	私たちは入籍して3カ月後に夫の祖母が亡くなってしまいました。夫はずっと、祖母に孫を見せてあげたかったと悔やんでいました。四十九日が終わる前に妊娠したことがわかり、私はつわりのため出席することができませんでした。私たち夫婦は、娘は祖母の生まれ変わりだと思っています。もし女の子だったら私が名づけたいと思っていたところ、性別は女の子。夫は自分の名前の漢字「剛志」を入れたいと強い希望があり、「志帆」「志織」「志音」などいろいろ考えましたが、中々ピンとくるものがなく、私は一度は却下しましたが、夫が落ち込んでいるのをみて、夫の漢字の一部分をとろうと思い、剛の作りのりっとうをとって莉、志の下の心をとって穂、合わせて莉穂にしました。「りほはどうかな？」と説明したら、夫も喜んで納得してくれました。パパのことが大好きなりほちゃんです。	sound_row	https://baby-calendar.jp/knowledge/common/1599	bc
2023	F	ら行	凛茉	りま	私と夫、私の友人2人の4人で予定日の2週間前に名前決定会議を開催。いろいろな候補があったなか、なかなか「これ！」という決定打がなく、自分たちの名前の由来の話に。私は母と父の名前の頭文字をもらっていることを話し、私と夫の名前の頭文字を同じように当てはめてまると「りま」になり、みんなで「え！いいね！」と。漢字も夫の字の冫（にすい）と私と同じ茉を利用しました。そして「凛」とした芯の強い自立した子、かつ「茉」人を受け入れられる包容力のある素敵な子に育ってほしいという意味も込めて、みんなの納得する「凛茉」という名前に決定。そしてその2時間後に破水し次の日に無事誕生！！きっと名前が決まったことを喜び、早めにこの世に出てくることを選択してくれたのだと思います。これからもすくすく素敵な子に育ってね！	sound_row	https://baby-calendar.jp/knowledge/common/1599	bc
2023	F	ら行	凜奏	りんな	凜」は、女の子が生まれたらつけたいと夫が言っていました。品があり芯のある自立した女性に育ってほしいという意味です。また、「稟」には天から授かるという意味があることを知り、私たち夫婦にとってかけがえのない宝物であるという意味であえて旧字を使用しました。「奏」は、私たち夫婦の出会いが大学のオーケストラサークルであり、共通の趣味である音楽にちなんだ文字という理由で入れました。読みを「な」としたのは、漢字の見た目が少し硬い印象なため、読みで柔らかくしたかったからです。（もちこさん）	sound_row	https://baby-calendar.jp/knowledge/common/1599	bc
2023	F	ら行	瑠菜	るうな	瑠璃色に輝く美しい人へ。菜の花がキレイな時期に生まれました。菜の花の黄色に負けないくらい明るい子へ。	sound_row	https://baby-calendar.jp/knowledge/common/1599	bc
2023	F	ら行	琉奈	るな	夫婦ともに沖縄が好きです。沖縄には、昔王朝があって、戦争とかでつらい思いをしても、みんな元気に生きてて、いろんなことに疑問をもって強く生きてほしいという意味で琉奈にしました。	sound_row	https://baby-calendar.jp/knowledge/common/1599	bc
2023	F	ら行	瑠月	るな	予定日を超過して、13年ぶりのスーパーブルームーンに生まれたので、月を意味するルナ、漢字もブルーに関連する瑠璃色ということで「瑠月（ルナ）」になりました。元々つけようと思っていた名前から、急遽変更しました。上の子と姉妹で同じ「瑠」がつくのも共通点になりました。	sound_row	https://baby-calendar.jp/knowledge/common/1599	bc
2023	F	ら行	瑠莉	るり	まずは字画調べから入りました。その中で、「瑠」は夫が使いたかった漢字。「瑠」は宝石の瑠璃のように心も容姿も美しく、成長してほしい。また、宝石のようにわが子を大切に想う気持ちを表しています。そして、「莉」は姉兄の中で一番上のお姉ちゃん（中2）が見つけてくれた漢字。癒やしのイメージがあり、愛らしく誰からも好かれる子を願う想いが込められた漢字であり、三人の姉兄たちが推しているアイドルの名前にもついてることから選んだそう。家族の合作で素敵な名前になりました。	sound_row	https://baby-calendar.jp/knowledge/common/1599	bc
2023	F	ら行	瑠麗	るり	瑠璃のように清らかで、美しく輝く存在でいてほしい。心も見た目もきれいでいてほしい。『麗』は、亡くなった夫の祖母の名前からいただきました。瑠麗は生まれてすぐに病気で手術を受けました。亡くなった祖母にも凄く見守ってくれてた気がします。（瑠麗ままさん）	sound_row	https://baby-calendar.jp/knowledge/common/1599	bc
2023	F	ら行	蓮那	れな	厳しい社会に、どんなことがあっても、自分のペースでいいから負けずに強く生きてほしい。心美しい人に育ってほしいという願いを込めました。（蓮那ママさん）	sound_row	https://baby-calendar.jp/knowledge/common/1599	bc
2023	M	ら行	蕾斗	らいと	明るい名前がいいねとなり、初めに出てきたのが「らいと」でした。「らいと」というと、光のように明るいイメージがあります。暖かいイメージもあり、明るくやさしい子になってほしいなと思い「らいと」にしました。そして、漢字は3つ候補が出ました。「頼人」「蕾斗」「来人」です。「蕾斗」になった理由は、つぼみという漢字に惹かれたからです。つぼみという字は、つぼみから色んなお花になります。わが子にも色んな才能を開花させたり、どんな子になるのか楽しみという想いも込めて名前をつけました！	sound_row	https://baby-calendar.jp/knowledge/common/1609	bc
2023	M	ら行	徠李	らいり	名前の由来は、私が妊娠がわかる前に夫が寝ているときに赤ちゃんがいる夢を見て、性別は分からなかったが名前が【らいり】って名前だったと言い、数日後に妊娠がわかったことです。夢は妊娠の知らせだったのかもと思って、夫と2人で相談して【らいり】という名前に決まりました。漢字は、私が考えたのですが、画数占いをした所、夫と画数がまったく一緒だったため即決定しました！！（徠くんママさん）	sound_row	https://baby-calendar.jp/knowledge/common/1609	bc
2023	M	ら行	琉翔	りと	広い心を持ち、自由にのびのびと成長するようにこの名前をつけました。	sound_row	https://baby-calendar.jp/knowledge/common/1609	bc
2023	M	ら行	理人	りひと	自分の気持ちと他人の気持ちをわかろうとしてあげられる人になってほしい。理解できなくても、わかろうとする姿勢が大切、という意味を込めて「理人」。また、ドイツ語で「リヒト」は希望という意味です。不妊治療を経て、私たちのもとにやってきてくれたわが子。無事にうまれてきてくれて、本当に感謝しています。	sound_row	https://baby-calendar.jp/knowledge/common/1609	bc
2023	M	ら行	利玖音	りくと	自分の強い意志で人生を切り開いていけるように！音楽が好きな夫婦なので音を入れて、幸せな人生を歩めるようにつけました。	sound_row	https://baby-calendar.jp/knowledge/common/1609	bc
2023	M	ら行	怜河	りょうが	ママはよくある苗字だったので、下の名前で個性を出したいと思ったのと、パパはあまりにも読めない漢字の名前にはしたくないと思っていました。また、人気の名前や、友人・親戚の名前は避けて、ママが「りょうちゃん（くん）」と呼びたかったところから「怜」の字を選びました。賢い、やさしいというような意味も気に入りました。これに合うもう一文字を考えて、最終候補は怜生か怜河となりました。生まれてきたときに、体重が3500gを超えていて、とても堂々としている雰囲気だったため、「大河のように」という意味がこもった「怜河」が合うとなったため、怜河になりました。	sound_row	https://baby-calendar.jp/knowledge/common/1609	bc
2023	M	ら行	了樹	りょうき	私の親は孫を諦めておりましたが、私たちにとって待望の子ども、親からすれば孫ができ、さらに男の子ということで名前もいろいろと悩みました。たくさん考えて、やはり親の字を入れたく、私の父の名前の字と夫の字を一つずつ取り、この名前になりました！何かの意味を込めてなどの由来はないですが、私を大事に育ててくれた父の名と、これからもずっと一緒にいるであろう夫の名前が入った、とても特別な名前です。	sound_row	https://baby-calendar.jp/knowledge/common/1609	bc
2023	M	ら行	莉月	りつき	ママ（妻）のようにやさしく育ってほしい、そんな想いで妻の名前から「莉」を。9月4日に誕生したので、中秋の名月など秋の季語である「月」を。合わせて「莉月（りつき）」と名づけました。皆様はじめまして、莉月パパです。私たちにとって、莉月の誕生はかけがえのないものになりました。結婚して4年、検査などで悩んだ時期もあり、ようやく授かった初子です。新型コロナウイルスもやや落ち着き、ありがたいことにお産に私も立ち会うことができました。そこで改めて感じたこと、それは、子どもの誕生は「奇跡」であるということです。その瞬間に立ち会えたことは私にとって、「かけがえのないもの」になりました。分娩室に最初に呼ばれた際、なかなか出てきてくれず、助産師さんが気を利かせて私に朝食を手配してくれたのですが、いつ呼ばれるかわからないというあまりの緊張で、食事は喉を通りませんでした。作ってくださった方、完食できず本当にごめんなさい。それからすぐに分娩室に呼ばれて、無事誕生となりました。ふとみた分娩室の時計の針は、お昼ごろ。妻に昼食を用意していただいたのですが、すぐさま完食。女性は凄いんだなと改めて思いました。実はずっと妻には内緒にしていましたが、結婚前から男の子と女の子の名前の候補を考えていました。ですが、性別をはっきりとは知らされていなかったのと、誕生してからは妻のお見舞いもしながら、ネットで布団セットを買ったり、名づけにと毎日あたふたしていました。このときもパパは食事も喉を通りませんでした。情けない話ですが、今となっては笑い話です。「莉」はジャスミンの意味もあり、男の子への名づけは難しい漢字でしたが、いい組み合わせが見つかり、夫婦とも自信を持ってプレゼントできる名前として「莉月」と名づけることができました。さっそく、これから一大イベントのお宮参り。氏神様に誕生の御礼と名前の報告と御加護を、莉月と一緒にしっかりご挨拶してきます。このエピソードが、同じタイミングで子育てされているパパ、ママの心休めになれば幸いです。そして、これから名づけをお考えになられるパパ、ママが「素晴らしい名前」に出会えますように。	sound_row	https://baby-calendar.jp/knowledge/common/1609	bc
2023	M	ら行	陸叶	りくと	はじめは、優里の歌名から「レオ」と名づける予定でしたが、なんと親戚の犬の名前が「レオ」であることが判明し、出産後に名前を変えることに…。たまたま入った飲食店でウイスキーの陸の商品ポスターが目に入り、「陸って名前かっこよくない？」となり、陸だけだと安直すぎるので、ついでに「叶」も付けて「陸叶」となりました。（笑）子どもが育って名前の由来を聞かれたときのことを思うと怖いです…。	sound_row	https://baby-calendar.jp/knowledge/common/1609	bc
2023	M	ら行	璃珠	りた	ら行がよくて、いろんな候補があったけど、その中で1番響きがいいのが「りた」。漢字はどちらも部首が王で、宝物と言う意味があるので、この漢字にしました。	sound_row	https://baby-calendar.jp/knowledge/common/1609	bc
2023	M	ら行	龍斗	りゅうと	たつのように大きく羽ばたいて、北斗七星のように輝く男の子になってほしいという理由で、この名前をづけました。龍は夫がつけたいと生まれる前から言っていていました！	sound_row	https://baby-calendar.jp/knowledge/common/1609	bc
2023	M	ら行	俐斗	りと	響きから取りました。なかなか字画が決まらず字の意味を調べていき知的で気品ある賢い子になってほしい、無限の可能性を秘めた人になってほしいっていう想いを込めて名づけました。	sound_row	https://baby-calendar.jp/knowledge/common/1609	bc
2023	M	ら行	睦翔	りくと	長女が名づけ親です。まだ未就学児ですが、産まれるのをずっと楽しみに待っていてくれました。そんな娘がどうしても名前を決めたいと懇願してきたのでお願いをしました。性別がわからないうちは2つ考えてくれていて性別がわかってから確定をしました。名づけ親になったことで、さらにかわいがってくれていて、いつか大きくなったときにこのエピソードを話してあげようと今から楽しみにしています。	sound_row	https://baby-calendar.jp/knowledge/common/1609	bc
2023	M	ら行	龍賢	りゅうけん	龍のようにたくましく、悠々自適に、伸び伸びと育ってほしい。架空の生き物であるからこそ、自分の個性を大事に誰とも違う人生を生きてほしい。そして人を大事にスマートに賢く生きてほしいという願いを込めました。	sound_row	https://baby-calendar.jp/knowledge/common/1609	bc
2023	M	ら行	陸	りく	本当は勇って名前の予定ですが、あまりにも大きいサイズにての出産。出てきた子どもをみて勇ってサイズではない、大陸のような大きい子だったため、陸になりました。後づけにはなりますが大陸のような広い心で、やさしい男の子に育ってくれることを願ってつけました。	sound_row	https://baby-calendar.jp/knowledge/common/1609	bc
2023	M	ら行	琳月	りつき	3歳のお姉ちゃんが葉月（はづき）という名前なのでこの子も同じ『月』のつく名前にしたいなと考えていました。まだ性別がわかる前からたくさんの案を出しながら考えていたのですが、琳月は中性的でどちらでもかわいい名前だなと思っていました。琳月の『琳』という漢字にはいろんな意味があるようで、光り輝く美しい玉「整った宝石」のことを表す漢字として作られたそうです。それを知って、誰からも愛され大切にされる子になってほしいと思いこの名前に決めました。結果的に男の子でしたが、男の子でもかわいい名前で自慢の名前です！	sound_row	https://baby-calendar.jp/knowledge/common/1609	bc
2023	M	ら行	璃空	りく	息子は私たち夫婦の2人目の子どもです。上にお姉ちゃんがいて、名前は「るか」といいます。名づけにあたって私には希望があり、①きょうだいで繋がりのある漢字を使いたい ②2文字の名前にする③「ら行」から始まる名前にするというものでした。なかなか難しくこだわりのあるものでしたが、逆に考える範囲が狭まり、夫は否定せず一生懸命に考えてくれました。（ありがとう！）まず、お姉ちゃんの名前に「瑠」という漢字を使っているため、真っ先に思いついたのが「璃」という漢字でした。瑠璃色という深く濃い青色や、ラピスラズリという鉱石の和名が瑠璃ということなどから、2人が瑠璃のようにきれいな輝きを持ってくれますようにと採用しました。そして、瑠璃色の青色から「空」を連想しました。あの広々とした空のように大きく育ってほしいと思い、二つの漢字を合わせて「璃空（りく）」と名づけることになりました。みんなから「りっくん」と呼ばれて、元気いっぱいスクスク成長中です！私にとってりっくんは、「男の子」という特別な存在です。私は母子家庭で育ったためお父さんと過ごした数年の記憶がなく、祖父も私が生まれる前に亡くなっています。家族に「男」が居ない家庭で育ったこともあり、表情や仕草など全てが未知で初めて見るもののように感じています。これから先どんな成長を見せてくれるのかと、毎日がとても楽しみで幸せでいっぱいです。（ももみかんさん）	sound_row	https://baby-calendar.jp/knowledge/common/1609	bc
2023	M	ら行	ルーク	るーく	まだ性別がわからないころに「男の子ならなんて名前？ 女の子ならなんて名前にする？」と夫婦で話し合ったものの、男の子の名前はすぐ決まったのに、女の子の名前が決まらず。男の子の名前は、夫がキリスト教徒ということもあり聖書の人物からいただきました。実際、性別が分かったときには、まだ女の子の名前が決まっていませんでしたが、男の子だったので決めてあった名前に即決でした。女の子の名前が決められなかったのは、男の子が生まれる運命だったのかもしれません。実際に決まった名前は、お医者様をしてる方の名前をいただいたので、世界を救う子になってほしいです。（きのぴーさん）	sound_row	https://baby-calendar.jp/knowledge/common/1609	bc
2023	M	ら行	蓮	れん	夫婦ともに沖縄が好きで、毎年沖縄に行っていて、長男も沖縄に関係する名前をつけました。次男の蓮は、沖縄には夏前になると蓮の花がきれいに咲く場所があり、昔主人と2人で行った思い出の場所でもありました。花が好きな私が、最終的にその蓮の花から取って蓮と名づけました。次は4人で、その蓮の花を見に行きたいと思います。	sound_row	https://baby-calendar.jp/knowledge/common/1609	bc
2023	M	ら行	玲	れい	いろいろな人や物事に影響を受け、与えて、素晴らしい人生の音を響かせてほしいという思いから、玲瓏（玉が透き通るように美しいさま。玉のように美しく、鮮やかなさま。玉や金属が触れあって鳴る美しい音。玉の涼しげに鳴る音の形容）から名づけました。	sound_row	https://baby-calendar.jp/knowledge/common/1609	bc
2023	M	ら行	翠	れい	子どもの名前には自分が好きなものを込めたいと思い、自分が好きなもの【青色、水色】のものということで、青緑色の意味合いが含まれる【翠】の漢字を使いたいと思いました。翠の漢字には、自分の好きな鳥の【飛ぶ宝石】と言われる美しい鳥、カワセミにも使われている漢字のため、美しくスッキリしたイメージが持てるところも気に入っています。もともと夫は【れん】とつけたかったのですが、気に入った漢字が見つからず。たまひよの名づけ診断で苗字と相性がいい名前【翠】という漢字で検索したところ、【翠・れい】と出たため、夫の名づけたかった名前の響きも近く、私自身が使いたかった漢字でもあったため、決定となりました。当て字にはなってしまいましたが、とても気に入っています。	sound_row	https://baby-calendar.jp/knowledge/common/1609	bc
2023	M	ら行	怜桜	れお	息子に「ママのおなかに赤ちゃんがいるよ！」と言われて判明した今回の妊娠。それだけでもびっくりでしたが、性別は女の子だと言い続けて見事正解！名前を考えていると、息子が「ゆいちゃん！ゆいちゃんがいいって言ってるよ！」と言い出しました。幼稚園にも知り合いにも「ゆい」という子はおらず、一体どこから出てきた名前だと思いましたが、かわいい名前だったので、漢字だけ夫婦で決めて「結衣」になりました。もしかして、結衣が自分で「ゆい」がいいと、お兄ちゃんに伝えたのかもしれません。無事に産まれて今は仲良し兄妹です。	sound_row	https://baby-calendar.jp/knowledge/common/1609	bc
2023	M	ら行	澪央	れお	澪」には水路の意味があり、水は生活の中心でなくてはならないものなので、他人に必要とされるような人になってほしいという願いを。また、「央」は中央など真ん中を表す字なので、リーダーシップをとれるような人になってほしいという願いを。そして、「れお」という音はローマ字はReoですが、英語だとLeoと表記できるので、国際的な仕事に就いたときも愛称として呼ばれやすい音を意識しています。生後1カ月からオールイングリッシュを取り入れて、国際的な仕事も選択肢として選べるように準備もしています。あとは、苗字との画数のバランス（天格･人格･地格･外格･総格）もいいものをつけています。総じて、海外でも活躍できる能力があり、いつも人に囲まれて、頼りにされる人になってくれたらいいなという思いでこの名前をつけました。	sound_row	https://baby-calendar.jp/knowledge/common/1609	bc
2023	M	ら行	蓮	れん	結婚していざ子どもが欲しいと思ってもわが家にはなかなかコウノトリが来ず、年齢的にも不妊治療を考えようかと思っていた矢先に大好きだった祖母が他界。元気なうちにひ孫の顔を見せたかったと悔やんだ直後に妊娠が判明しました。祖母の命日が妊娠1日目というまるで生まれ変わりのようなタイミングだったので、祖母の名前にちなんで植物の名前にしたいと考えていました。（祖母の名前はキク）臨月になり先生からたくさん歩くよう言われ家の近くの公園までいつも散歩に行っていて、あるとき道中の湖にキレイな睡蓮が咲き始め、夫に写真を送ったところ「名前は蓮にしよう！」と言われ決まりました。（くみさん） 怜、 惟 （れい、ゆい）くん 父が「慎太」母が「萌」で父の漢字のりっしんべんを使い、母が漢字一文字なので、一文字で探しました。心を使った漢字なので偽りや飾りのない本当の気持ちでいてほしい思いと「怜」心が澄んでいる、賢い、「惟」物事をしっかり考えて冷静に判断できるようにという意味が込められています。2人でたくさん考えて力合わせて生きてほしいな、と思います。（萌さん）	sound_row	https://baby-calendar.jp/knowledge/common/1609	bc
2023	M	ら行	澪穏	れおん	澪は舟が通る水路。水路は人が生活しいくのには欠かせないもので「人を助けている」。穏は穏やかでやさしい。平穏で幸せな人生への願い。困っている人に手を差し伸べられるやさしい人になってほしいという思いを込めてつけました！（れおままさん） 歴代の赤ちゃんの名づけエピソード大賞 2023年赤ちゃんの名づけエピソード大賞 2022年赤ちゃんの名づけエピソード大賞 ＞ 2021年赤ちゃんの名づけエピソード大賞 ＞ 2020年赤ちゃんの名づけエピソード大賞 ＞ 2019年赤ちゃんの名づけエピソード大賞 ＞ 2018年赤ちゃんの名づけエピソード大賞 ＞ 2017年赤ちゃんの名づけエピソード大賞 ＞ 2016年赤ちゃんの名づけエピソード大賞 ＞ 2015年赤ちゃんの名づけエピソード大賞 ＞ 歴代の赤ちゃんの名前ランキング 2023年赤ちゃんの名前ランキング ＞ 2022年赤ちゃんの名前ランキング ＞ 2021年赤ちゃんの名前ランキング ＞ 2020年赤ちゃんの名前ランキング ＞ 2019年赤ちゃんの名前ランキング ＞ 2018年赤ちゃんの名前ランキング ＞ 2017年赤ちゃんの名前ランキング ＞ 2016年赤ちゃんの名前ランキング ＞ 2015年赤ちゃんの名前ランキング ＞ 2014年赤ちゃんの名前ランキング ＞ 2013年赤ちゃんの名前ランキング ＞ 2012年赤ちゃんの名前ランキング ＞ 2011年赤ちゃんの名前ランキング ＞ 2010年赤ちゃんの名前ランキング ＞ あなたの“今”の悩みを専門家に無料で相談できます 自分だけでは解決できない不安やお悩みは、助産師や管理栄養士などの専門家に個別相談してみませんか？ 専門家に相談する その他についての悩み もっと見る 専門家に相談する 妊娠・育児アプリ ベビーカレンダー記事制作の取り組み ＼ この記事にいいね！しよう ／ 0 クリップ 現在ログインしていません。 ログイン しますか？ シェアする 名前ランキング検索 ベビーカレンダーが独自で調査・集計した2017年以降に生まれた赤ちゃんの名前データの中から、知りたい名前の順位、よみの順位、漢字の順位を見ることができます。 【名前で検索】【よみ方で検索】が名前の一部で検索できるようになりました！ 名前で検索 男の子 女の子 と一致する で始まる で終わる を含む 検索 よみ方で検索 男の	sound_row	https://baby-calendar.jp/knowledge/common/1609	bc
2023	F	わ行	和花	わか	生まれるまで性別を聞きませんでした。生まれて女の子だとわかり、そこから名前を考え始めました。入院中は毎日パパが病院に通い、作戦会議。退院しても決まらず、やっと７日目で決まりました。上の子のときから「和」を使いたかったことと、上の子と、しりとりにしたかったので、名前の響きから決めました。また、性別がわからなかったこともあり、上の子がおなかに向かって「あかちゃん」と呼んでいたので、その響きにも近い名前です。苗字の画数が多いので、なるべく名前はシンプルな漢字を採用しました。周りを和ませる、花のような人に育ってほしいと思います。（しらこさん）	sound_row	https://baby-calendar.jp/knowledge/common/1600	bc
2023	M	わ行	和玖	わく	"夫とお散歩中しながら、どんな子に育ってほしいか話していたら「わくわくした楽しい人生歩んでほしいよね！」と言われ、「あれ！わくわくの""わく""良くない！？」という会話から生まれた名前です。そこからもっと深く話し合い「人の和の中心になってリーダーシップを持って人生を歩んでほしい」「日本人の和道の精神を持って生きてほしい」「想像性豊かなアイデア湧き出る人になってほしい」という思いを込めました。（きゅうり。さん）"	sound_row	https://baby-calendar.jp/knowledge/common/1610	bc
