year	gender	rank	orth	pron_raw	freq	prev_rank	url	src
2014	M	1	大翔	ひろと、はると	159		https://baby-calendar.jp/knowledge/pregnancy/550	bc
2014	M	2	悠真	ゆうま、はるま	104		https://baby-calendar.jp/knowledge/pregnancy/550	bc
2014	M	3	悠人	ゆうと、はると	93		https://baby-calendar.jp/knowledge/pregnancy/550	bc
2014	M	4	翔太	しょうた	85		https://baby-calendar.jp/knowledge/pregnancy/550	bc
2014	M	5	蓮	れん	84		https://baby-calendar.jp/knowledge/pregnancy/550	bc
2014	M	6	湊	みなと、そう	82		https://baby-calendar.jp/knowledge/pregnancy/550	bc
2014	M	7	颯太	そうた、ふうた	77		https://baby-calendar.jp/knowledge/pregnancy/550	bc
2014	M	8	大和	やまと	75		https://baby-calendar.jp/knowledge/pregnancy/550	bc
2014	M	9	樹	いつき	68		https://baby-calendar.jp/knowledge/pregnancy/550	bc
2014	M	10	朝陽	あさひ	67		https://baby-calendar.jp/knowledge/pregnancy/550	bc
2014	F	1	葵	あおい	166		https://baby-calendar.jp/knowledge/pregnancy/550	bc
2014	F	2	楓	かえで	130		https://baby-calendar.jp/knowledge/pregnancy/550	bc
2014	F	3	結衣	ゆい	108		https://baby-calendar.jp/knowledge/pregnancy/550	bc
2014	F	4	結菜	ゆな、ゆいな、ゆうな	100		https://baby-calendar.jp/knowledge/pregnancy/550	bc
2014	F	5	陽菜	ひな、はるな	94		https://baby-calendar.jp/knowledge/pregnancy/550	bc
2014	F	6	結愛	ゆい、ゆうな、ゆめ	83		https://baby-calendar.jp/knowledge/pregnancy/550	bc
2014	F	7	美月	みつき、みづき	75		https://baby-calendar.jp/knowledge/pregnancy/550	bc
2014	F	8	凛	りん	72		https://baby-calendar.jp/knowledge/pregnancy/550	bc
2014	F	9	凜	りん	70		https://baby-calendar.jp/knowledge/pregnancy/550	bc
2014	F	10	芽生	めい	69		https://baby-calendar.jp/knowledge/pregnancy/550	bc
2013	M	1	悠真	ゆうま、はるま	47		https://baby-calendar.jp/knowledge/pregnancy/656	bc
2013	M	2	湊	みなと、そう	42		https://baby-calendar.jp/knowledge/pregnancy/656	bc
2013	M	3	蓮	れん	35		https://baby-calendar.jp/knowledge/pregnancy/656	bc
2013	M	4	大翔	ひろと、やまと、はると	33		https://baby-calendar.jp/knowledge/pregnancy/656	bc
2013	M	5	陽翔	はると、ひなと	31		https://baby-calendar.jp/knowledge/pregnancy/656	bc
2013	M	6	翔太	しょうた	27		https://baby-calendar.jp/knowledge/pregnancy/656	bc
2013	M	7	悠人	ゆうと、はると	25		https://baby-calendar.jp/knowledge/pregnancy/656	bc
2013	M	7	翼	つばさ	25		https://baby-calendar.jp/knowledge/pregnancy/656	bc
2013	M	9	陸	りく	22		https://baby-calendar.jp/knowledge/pregnancy/656	bc
2013	M	10	颯真	そうま、ふうま	21		https://baby-calendar.jp/knowledge/pregnancy/656	bc
2013	F	1	葵	あおい	54		https://baby-calendar.jp/knowledge/pregnancy/656	bc
2013	F	2	結愛	ゆあ、ゆな、ゆうあ	37		https://baby-calendar.jp/knowledge/pregnancy/656	bc
2013	F	3	結菜	ゆいな、ゆうな、ゆな	33		https://baby-calendar.jp/knowledge/pregnancy/656	bc
2013	F	4	結衣	ゆい	29		https://baby-calendar.jp/knowledge/pregnancy/656	bc
2013	F	4	陽菜	ひな、はるな	29		https://baby-calendar.jp/knowledge/pregnancy/656	bc
2013	F	6	凛	りん	27		https://baby-calendar.jp/knowledge/pregnancy/656	bc
2013	F	7	結月	ゆづき	22		https://baby-calendar.jp/knowledge/pregnancy/656	bc
2013	F	7	凜	りん	22		https://baby-calendar.jp/knowledge/pregnancy/656	bc
2013	F	9	愛梨	あいり	21		https://baby-calendar.jp/knowledge/pregnancy/656	bc
2013	F	9	優花	ゆうか	21		https://baby-calendar.jp/knowledge/pregnancy/656	bc
2012	M	1	湊	みなと	21		https://baby-calendar.jp/knowledge/pregnancy/657	bc
2012	M	2	悠人	ゆうと、はると	21		https://baby-calendar.jp/knowledge/pregnancy/657	bc
2012	M	3	悠真	ゆうま、はるま	20		https://baby-calendar.jp/knowledge/pregnancy/657	bc
2012	M	4	大和	やまと	18		https://baby-calendar.jp/knowledge/pregnancy/657	bc
2012	M	5	龍之介	りゅうのすけ	17		https://baby-calendar.jp/knowledge/pregnancy/657	bc
2012	M	5	樹	いつき、たつき	17		https://baby-calendar.jp/knowledge/pregnancy/657	bc
2012	M	7	大翔	ひろと、はると、だいと	16		https://baby-calendar.jp/knowledge/pregnancy/657	bc
2012	M	8	蓮	れん	14		https://baby-calendar.jp/knowledge/pregnancy/657	bc
2012	M	8	翔太	しょうた	14		https://baby-calendar.jp/knowledge/pregnancy/657	bc
2012	M	10	陽太	ひなた、ようた	13		https://baby-calendar.jp/knowledge/pregnancy/657	bc
2012	F	1	葵	あおい	35		https://baby-calendar.jp/knowledge/pregnancy/657	bc
2012	F	2	結衣	ゆい	21		https://baby-calendar.jp/knowledge/pregnancy/657	bc
2012	F	3	結菜	ゆいな、ゆうな、ゆな	20		https://baby-calendar.jp/knowledge/pregnancy/657	bc
2012	F	3	陽菜	ひな、はるな	20		https://baby-calendar.jp/knowledge/pregnancy/657	bc
2012	F	5	さくら	さくら	17		https://baby-calendar.jp/knowledge/pregnancy/657	bc
2012	F	5	優月	ゆづき	17		https://baby-calendar.jp/knowledge/pregnancy/657	bc
2012	F	7	結愛	ゆあ、ゆいな	16		https://baby-calendar.jp/knowledge/pregnancy/657	bc
2012	F	8	愛莉	あいり	15		https://baby-calendar.jp/knowledge/pregnancy/657	bc
2012	F	8	咲希	さき	15		https://baby-calendar.jp/knowledge/pregnancy/657	bc
2012	F	10	ひなた	ひなた	14		https://baby-calendar.jp/knowledge/pregnancy/657	bc
2011	M	1	大翔	ひろと、はると、たいが	7		https://baby-calendar.jp/knowledge/pregnancy/658	bc
2011	M	2	海翔	かいと	5		https://baby-calendar.jp/knowledge/pregnancy/658	bc
2011	M	2	２位				https://baby-calendar.jp/knowledge/pregnancy/658	bc
2011	M	2					https://baby-calendar.jp/knowledge/pregnancy/658	bc
2011	M	2	２位				https://baby-calendar.jp/knowledge/pregnancy/658	bc
2011	M	2					https://baby-calendar.jp/knowledge/pregnancy/658	bc
2011	M	2	２位				https://baby-calendar.jp/knowledge/pregnancy/658	bc
2011	M	2					https://baby-calendar.jp/knowledge/pregnancy/658	bc
2011	M	2	２位				https://baby-calendar.jp/knowledge/pregnancy/658	bc
2011	M	2					https://baby-calendar.jp/knowledge/pregnancy/658	bc
2011	M	2	２位				https://baby-calendar.jp/knowledge/pregnancy/658	bc
2011	M	2					https://baby-calendar.jp/knowledge/pregnancy/658	bc
2011	M	2	２位				https://baby-calendar.jp/knowledge/pregnancy/658	bc
2011	M	2					https://baby-calendar.jp/knowledge/pregnancy/658	bc
2011	M	9	伊織	いおり	4		https://baby-calendar.jp/knowledge/pregnancy/658	bc
2011	M	9	結人	ゆうと、ゆいと	4		https://baby-calendar.jp/knowledge/pregnancy/658	bc
2011	M	9	朔太郎	さくたろう	4		https://baby-calendar.jp/knowledge/pregnancy/658	bc
2011	M	9	大空	そら、だいあ	4		https://baby-calendar.jp/knowledge/pregnancy/658	bc
2011	M	9	大地	だいち	4		https://baby-calendar.jp/knowledge/pregnancy/658	bc
2011	M	9	陸	りく	4		https://baby-calendar.jp/knowledge/pregnancy/658	bc
2011	M	9	翔太	しょうた	4		https://baby-calendar.jp/knowledge/pregnancy/658	bc
2011	F	1	結愛	ゆあ、ゆめ、ゆうあ	8		https://baby-calendar.jp/knowledge/pregnancy/658	bc
2011	F	2	心愛	ここあ、ここな	7		https://baby-calendar.jp/knowledge/pregnancy/658	bc
2011	F	3	優奈	ゆうな、ゆな	6		https://baby-calendar.jp/knowledge/pregnancy/658	bc
2011	F	4	あかり	あかり	5		https://baby-calendar.jp/knowledge/pregnancy/658	bc
2011	F	4	さくら	さくら	5		https://baby-calendar.jp/knowledge/pregnancy/658	bc
2011	F	4	結菜	ゆいな、ゆな、ゆうな	5		https://baby-calendar.jp/knowledge/pregnancy/658	bc
2011	F	4	彩乃	あやの	5		https://baby-calendar.jp/knowledge/pregnancy/658	bc
2011	F	4	陽菜	ひな、はるな	5		https://baby-calendar.jp/knowledge/pregnancy/658	bc
2011	F	4	凛	りん	5		https://baby-calendar.jp/knowledge/pregnancy/658	bc
2011	F	10	琴音	ことね	4		https://baby-calendar.jp/knowledge/pregnancy/658	bc
2011	F	10	咲希	さき	4		https://baby-calendar.jp/knowledge/pregnancy/658	bc
2011	F	10	心結	みゆう、みゆ	4		https://baby-calendar.jp/knowledge/pregnancy/658	bc
2011	F	10	美羽	みう	4		https://baby-calendar.jp/knowledge/pregnancy/658	bc
2011	F	10	美咲	みさき	4		https://baby-calendar.jp/knowledge/pregnancy/658	bc
2011	F	10	優月	ゆづき	4		https://baby-calendar.jp/knowledge/pregnancy/658	bc
2011	F	10	澪	みお、れい	4		https://baby-calendar.jp/knowledge/pregnancy/658	bc
2010	M	1	蓮	れん	9		https://baby-calendar.jp/knowledge/pregnancy/659	bc
2010	M	2	大雅	たいが	7		https://baby-calendar.jp/knowledge/pregnancy/659	bc
2010	M	3	琉生	るい・りゅうき・りゅうせい	7		https://baby-calendar.jp/knowledge/pregnancy/659	bc
2010	M	4	大和	やまと	6		https://baby-calendar.jp/knowledge/pregnancy/659	bc
2010	M	4	悠真	ゆうま・はるま・ゆうしん	6		https://baby-calendar.jp/knowledge/pregnancy/659	bc
2010	M	4	陽向	ひなた	6		https://baby-calendar.jp/knowledge/pregnancy/659	bc
2010	M	4	遼	りょう・りょうま	6		https://baby-calendar.jp/knowledge/pregnancy/659	bc
2010	M	8	大輝	だいき・ひろき	5		https://baby-calendar.jp/knowledge/pregnancy/659	bc
2010	M	8	悠生	ゆうせい・ゆう	5		https://baby-calendar.jp/knowledge/pregnancy/659	bc
2010	M	8	翔太	しょうた	5		https://baby-calendar.jp/knowledge/pregnancy/659	bc
2010	F	1	結愛	ゆあ・ゆまな・ゆりあ	10		https://baby-calendar.jp/knowledge/pregnancy/659	bc
2010	F	2	咲希	さき	9		https://baby-calendar.jp/knowledge/pregnancy/659	bc
2010	F	2	陽菜	ひな・はるな	9		https://baby-calendar.jp/knowledge/pregnancy/659	bc
2010	F	4	結菜	ゆな・ゆいな・ゆうな	8		https://baby-calendar.jp/knowledge/pregnancy/659	bc
2010	F	5	花音	かのん・かおん	7		https://baby-calendar.jp/knowledge/pregnancy/659	bc
2010	F	6	結衣	ゆい	6		https://baby-calendar.jp/knowledge/pregnancy/659	bc
2010	F	6	心愛	ここあ・こあ・ここな・みのり	6		https://baby-calendar.jp/knowledge/pregnancy/659	bc
2010	F	6	心音	ここね・こと	6		https://baby-calendar.jp/knowledge/pregnancy/659	bc
2010	F	6	心結	みゆ・ここな	6		https://baby-calendar.jp/knowledge/pregnancy/659	bc
2010	F	6	美羽	みう・みわ	6		https://baby-calendar.jp/knowledge/pregnancy/659	bc
2015	M	2	湊	そう、みなと、いちか	25	6 位	https://baby-calendar.jp/special/name/2015	bc
2015	M	3	樹	いつき、たつき	22	9 位	https://baby-calendar.jp/special/name/2015	bc
2015	M	4	蓮	れん	21	5 位	https://baby-calendar.jp/special/name/2015	bc
2015	M	5	陽太	ひなた、はるた	19	107 位	https://baby-calendar.jp/special/name/2015	bc
2015	M	6	朝陽	あさひ、はるき、ともはる	18	10 位	https://baby-calendar.jp/special/name/2015	bc
2015	M	7	颯太	そうた	17	7 位	https://baby-calendar.jp/special/name/2015	bc
2015	M	8	悠真	ゆうま	16	2 位	https://baby-calendar.jp/special/name/2015	bc
2015	M	9	新	あらた	14	19 位	https://baby-calendar.jp/special/name/2015	bc
2015	M	10	諒	りょう	14	22 位	https://baby-calendar.jp/special/name/2015	bc
2015	M	11	悠人	ゆうと、はると、はるひと	13	3 位	https://baby-calendar.jp/special/name/2015	bc
2015	M	12	奏太	そうた、かなた	13	14 位	https://baby-calendar.jp/special/name/2015	bc
2015	M	13	隼人	はやと、たいち	13	155 位	https://baby-calendar.jp/special/name/2015	bc
2015	F	2	さくら	さくら	22	17 位	https://baby-calendar.jp/special/name/2015	bc
2015	F	3	莉子	りこ	22	15 位	https://baby-calendar.jp/special/name/2015	bc
2015	F	4	葵	あおい	20	1 位	https://baby-calendar.jp/special/name/2015	bc
2015	F	5	和奏	わかな	20	49 位	https://baby-calendar.jp/special/name/2015	bc
2015	F	6	咲良	さくら、さら	15	34 位	https://baby-calendar.jp/special/name/2015	bc
2015	F	7	凛	りん	14	8 位	https://baby-calendar.jp/special/name/2015	bc
2015	F	8	杏奈	あんな、あずな	14	13 位	https://baby-calendar.jp/special/name/2015	bc
2015	F	9	陽葵	ひまり、ひなた	14	17 位	https://baby-calendar.jp/special/name/2015	bc
2015	F	10	結菜	ゆな、ゆいな	13	4 位	https://baby-calendar.jp/special/name/2015	bc
2015	F	11	楓	かえで	13	2 位	https://baby-calendar.jp/special/name/2015	bc
2016	M	1	悠真	ゆうま	41	７位	https://baby-calendar.jp/special/name/2016	bc
2016	M	2	蓮	れん	38	３位	https://baby-calendar.jp/special/name/2016	bc
2016	M	3	湊	そう、みなと	35	１位	https://baby-calendar.jp/special/name/2016	bc
2016	M	3	悠人	ゆうと、はると、はるひと	35	10位	https://baby-calendar.jp/special/name/2016	bc
2016	M	3	大和	やまと	35	12位	https://baby-calendar.jp/special/name/2016	bc
2016	M	6	樹	いつき	32	２位	https://baby-calendar.jp/special/name/2016	bc
2016	M	6	朝陽	あさひ、はるき、ともはる	32	５位	https://baby-calendar.jp/special/name/2016	bc
2016	M	8	奏太	そうた、かなた	31	10位	https://baby-calendar.jp/special/name/2016	bc
2016	M	9	陽太	ひなた、ようた、はるた	29	４位	https://baby-calendar.jp/special/name/2016	bc
2016	M	10	大翔	ひろと、やまと	28	55位	https://baby-calendar.jp/special/name/2016	bc
2016	F	1	葵	あおい	48	３位	https://baby-calendar.jp/special/name/2016	bc
2016	F	2	楓	かえで	42	９位	https://baby-calendar.jp/special/name/2016	bc
2016	F	3	杏	あん	37	13位	https://baby-calendar.jp/special/name/2016	bc
2016	F	3	結菜	ゆな、ゆいな	37	９位	https://baby-calendar.jp/special/name/2016	bc
2016	F	5	結衣	ゆい	36	13位	https://baby-calendar.jp/special/name/2016	bc
2016	F	6	咲良	さくら、さら	34	５位	https://baby-calendar.jp/special/name/2016	bc
2016	F	6	莉子	りこ	34	１位	https://baby-calendar.jp/special/name/2016	bc
2016	F	8	咲希	さき	32	16位	https://baby-calendar.jp/special/name/2016	bc
2016	F	9	陽菜	はるな、ひな	30	13位	https://baby-calendar.jp/special/name/2016	bc
2016	F	10	凛	りん	29	６位	https://baby-calendar.jp/special/name/2016	bc
2017	M	1	湊	そう、みなと	175	3位	https://baby-calendar.jp/special/name/2017	bc
2017	M	2	蓮	れん	167	2位	https://baby-calendar.jp/special/name/2017	bc
2017	M	3	大翔	ひろと、やまと	146	10位	https://baby-calendar.jp/special/name/2017	bc
2017	M	4	樹	いつき、たつき	115	6位	https://baby-calendar.jp/special/name/2017	bc
2017	M	5	大和	やまと	98	3位	https://baby-calendar.jp/special/name/2017	bc
2017	M	5	悠真	ゆうま	98	1位	https://baby-calendar.jp/special/name/2017	bc
2017	M	7	奏太	かなた、そうた	93	8位	https://baby-calendar.jp/special/name/2017	bc
2017	M	7	新	あらた	93	13位	https://baby-calendar.jp/special/name/2017	bc
2017	M	9	悠人	はると、ゆうと	87	3位	https://baby-calendar.jp/special/name/2017	bc
2017	M	10	陽翔	はると、ひなと	84	29位	https://baby-calendar.jp/special/name/2017	bc
2017	F	1	楓	かえで	192	2位	https://baby-calendar.jp/special/name/2017	bc
2017	F	2	陽葵	ひな、ひなた、ひまり	179	22位	https://baby-calendar.jp/special/name/2017	bc
2017	F	3	葵	あおい	174	1位	https://baby-calendar.jp/special/name/2017	bc
2017	F	4	結菜	ゆな、ゆいな、ゆうな	125	3位	https://baby-calendar.jp/special/name/2017	bc
2017	F	5	陽菜	はるな、ひな	124	9位	https://baby-calendar.jp/special/name/2017	bc
2017	F	6	美月	みつき、みづき	122	16位	https://baby-calendar.jp/special/name/2017	bc
2017	F	7	凛	りん	119	10位	https://baby-calendar.jp/special/name/2017	bc
2017	F	8	結月	ゆづき	106	42位	https://baby-calendar.jp/special/name/2017	bc
2017	F	9	莉子	りこ	102	6位	https://baby-calendar.jp/special/name/2017	bc
2017	F	10	芽依	めい	99	14位	https://baby-calendar.jp/special/name/2017	bc
2018	M	1	蓮	れん	294	2位	https://baby-calendar.jp/special/name/2018	bc
2018	M	2	大翔	ひろと、やまと	265	3位	https://baby-calendar.jp/special/name/2018	bc
2018	M	3	湊	そう、みなと	240	1位	https://baby-calendar.jp/special/name/2018	bc
2018	M	4	悠真	ゆうま	222	5位	https://baby-calendar.jp/special/name/2018	bc
2018	M	5	陽翔	はると、ひなと	221	10位	https://baby-calendar.jp/special/name/2018	bc
2018	M	6	樹	いつき、たつき	205	4位	https://baby-calendar.jp/special/name/2018	bc
2018	M	7	大和	やまと	188	5位	https://baby-calendar.jp/special/name/2018	bc
2018	M	8	陽太	ひなた、ようた	176	22位	https://baby-calendar.jp/special/name/2018	bc
2018	M	9	陸	りく	152	32位	https://baby-calendar.jp/special/name/2018	bc
2018	M	9	悠人	はると、ゆうと	152	9位	https://baby-calendar.jp/special/name/2018	bc
2018	F	1	葵	あおい	292	3位	https://baby-calendar.jp/special/name/2018	bc
2018	F	2	凛	りん	236	7位	https://baby-calendar.jp/special/name/2018	bc
2018	F	3	結菜	ゆな、ゆいな	220	4位	https://baby-calendar.jp/special/name/2018	bc
2018	F	4	結衣	ゆい	213	30位	https://baby-calendar.jp/special/name/2018	bc
2018	F	5	陽菜	はるな、ひな	203	5位	https://baby-calendar.jp/special/name/2018	bc
2018	F	6	陽葵	ひな、ひなた	199	2位	https://baby-calendar.jp/special/name/2018	bc
2018	F	7	芽依	めい	198	10位	https://baby-calendar.jp/special/name/2018	bc
2018	F	8	莉子	りこ	187	9位	https://baby-calendar.jp/special/name/2018	bc
2018	F	8	結月	ゆづき	187	8位	https://baby-calendar.jp/special/name/2018	bc
2018	F	10	楓	かえで	185	1位	https://baby-calendar.jp/special/name/2018	bc
2019	M	1	蓮	れん	521	1位	https://baby-calendar.jp/special/name/	bc
2019	M	2	湊	そう、みなと	399	3位	https://baby-calendar.jp/special/name/	bc
2019	M	3	陽翔	はると、ひなと	368	5位	https://baby-calendar.jp/special/name/	bc
2019	M	4	樹	いつき	363	6位	https://baby-calendar.jp/special/name/	bc
2019	M	5	律	りつ	333	21位	https://baby-calendar.jp/special/name/	bc
2019	M	6	悠真	はるま、ゆうま	322	4位	https://baby-calendar.jp/special/name/	bc
2019	M	7	大翔	はると、ひろと	316	2位	https://baby-calendar.jp/special/name/	bc
2019	M	8	蒼	あおい、そう	302	15位	https://baby-calendar.jp/special/name/	bc
2019	M	9	大和	やまと	276	7位	https://baby-calendar.jp/special/name/	bc
2019	M	10	結翔	ゆいと、ゆうと	275	18位	https://baby-calendar.jp/special/name/	bc
2019	F	1	陽葵	ひなた、ひまり	451	6位	https://baby-calendar.jp/special/name/	bc
2019	F	2	凛	りん	426	2位	https://baby-calendar.jp/special/name/	bc
2019	F	3	葵	あおい	401	1位	https://baby-calendar.jp/special/name/	bc
2019	F	4	紬	つむぎ	385	16位	https://baby-calendar.jp/special/name/	bc
2019	F	5	結菜	ゆいな、ゆな	373	3位	https://baby-calendar.jp/special/name/	bc
2019	F	6	莉子	りこ	371	8位	https://baby-calendar.jp/special/name/	bc
2019	F	7	結愛	ゆあ、ゆいな	339	13位	https://baby-calendar.jp/special/name/	bc
2019	F	8	芽依	めい	337	7位	https://baby-calendar.jp/special/name/	bc
2019	F	9	結月	ゆづき	328	8位	https://baby-calendar.jp/special/name/	bc
2019	F	10	凜	りん	319	11位	https://baby-calendar.jp/special/name/	bc
2020	M	1	蓮	れん	422	1位	https://baby-calendar.jp/nazuke/nameranking2020	bc
2020	M	2	蒼	あおい、あお	359	8位	https://baby-calendar.jp/nazuke/nameranking2020	bc
2020	M	3	陽翔	はると、ひなと	356	3位	https://baby-calendar.jp/nazuke/nameranking2020	bc
2020	M	4	樹	いつき、たつき	341	4位	https://baby-calendar.jp/nazuke/nameranking2020	bc
2020	M	5	湊	みなと、そう	328	2位	https://baby-calendar.jp/nazuke/nameranking2020	bc
2020	M	6	大翔	ひろと、はると	296	7位	https://baby-calendar.jp/nazuke/nameranking2020	bc
2020	M	7	悠真	ゆうま、はるま	285	6位	https://baby-calendar.jp/nazuke/nameranking2020	bc
2020	M	8	湊斗	みなと	284	14位	https://baby-calendar.jp/nazuke/nameranking2020	bc
2020	M	9	律	りつ	253	5位	https://baby-calendar.jp/nazuke/nameranking2020	bc
2020	M	10	朝陽	あさひ	246	11位	https://baby-calendar.jp/nazuke/nameranking2020	bc
2020	F	1	陽葵	ひまり、ひなた	479	1位	https://baby-calendar.jp/nazuke/nameranking2020	bc
2020	F	2	紬	つむぎ	373	4位	https://baby-calendar.jp/nazuke/nameranking2020	bc
2020	F	3	凛	りん	360	2位	https://baby-calendar.jp/nazuke/nameranking2020	bc
2020	F	4	結月	ゆづき、ゆつき	337	9位	https://baby-calendar.jp/nazuke/nameranking2020	bc
2020	F	6	結菜	ゆいな、ゆな	334	5位	https://baby-calendar.jp/nazuke/nameranking2020	bc
2020	F	7	葵	あおい	331	3位	https://baby-calendar.jp/nazuke/nameranking2020	bc
2020	F	8	莉子	りこ	327	6位	https://baby-calendar.jp/nazuke/nameranking2020	bc
2020	F	9	澪	みお、れい	297	11位	https://baby-calendar.jp/nazuke/nameranking2020	bc
2020	F	10	陽菜	ひな、はるな	295	14位	https://baby-calendar.jp/nazuke/nameranking2020	bc
2020	M	11	陽向	ひなた、ひゅうが	244	20位	https://baby-calendar.jp/nazuke/nameranking2020/name_boys_under10	bc
2020	M	12	悠人	ゆうと、はると	243	13位	https://baby-calendar.jp/nazuke/nameranking2020/name_boys_under10	bc
2020	M	13	結翔	ゆいと、ゆうと	241	10位	https://baby-calendar.jp/nazuke/nameranking2020/name_boys_under10	bc
2020	M	14	颯真	そうま、ふうま	233	16位	https://baby-calendar.jp/nazuke/nameranking2020/name_boys_under10	bc
2020	M	15	陽太	ひなた、ようた	227	15位	https://baby-calendar.jp/nazuke/nameranking2020/name_boys_under10	bc
2020	M	16	新	あらた、しん	221	12位	https://baby-calendar.jp/nazuke/nameranking2020/name_boys_under10	bc
2020	M	17	大和	やまと	218	9位	https://baby-calendar.jp/nazuke/nameranking2020/name_boys_under10	bc
2020	M	18	伊織	いおり	217	21位	https://baby-calendar.jp/nazuke/nameranking2020/name_boys_under10	bc
2020	M	19	碧	あおい、あお	210	35位	https://baby-calendar.jp/nazuke/nameranking2020/name_boys_under10	bc
2020	M	20	蒼大	そうた、あおと	201	28位	https://baby-calendar.jp/nazuke/nameranking2020/name_boys_under10	bc
2020	M	20	暖	だん、はる	201	29位	https://baby-calendar.jp/nazuke/nameranking2020/name_boys_under10	bc
2020	M	22	陽大	ひなた、はると	197	22位	https://baby-calendar.jp/nazuke/nameranking2020/name_boys_under10	bc
2020	M	23	悠斗	ゆうと、はると	192	26位	https://baby-calendar.jp/nazuke/nameranking2020/name_boys_under10	bc
2020	M	24	凪	なぎ、なぎさ	189	93位	https://baby-calendar.jp/nazuke/nameranking2020/name_boys_under10	bc
2020	M	25	陽斗	はると、ひなと	182	17位	https://baby-calendar.jp/nazuke/nameranking2020/name_boys_under10	bc
2020	M	26	陽	はる、ひなた	181	23位	https://baby-calendar.jp/nazuke/nameranking2020/name_boys_under10	bc
2020	M	26	颯	はやて、そう	181	19位	https://baby-calendar.jp/nazuke/nameranking2020/name_boys_under10	bc
2020	M	28	悠	ゆう、はる	176	30位	https://baby-calendar.jp/nazuke/nameranking2020/name_boys_under10	bc
2020	M	28	陸	りく	176	18位	https://baby-calendar.jp/nazuke/nameranking2020/name_boys_under10	bc
2020	M	30	旭	あさひ	172	33位	https://baby-calendar.jp/nazuke/nameranking2020/name_boys_under10	bc
2020	M	31	朔	さく、はじめ	170	34位	https://baby-calendar.jp/nazuke/nameranking2020/name_boys_under10	bc
2020	M	32	奏太	そうた、かなた	158	31位	https://baby-calendar.jp/nazuke/nameranking2020/name_boys_under10	bc
2020	M	32	颯太	そうた、ふうた	158	25位	https://baby-calendar.jp/nazuke/nameranking2020/name_boys_under10	bc
2020	M	34	蒼真	そうま、あおま	157	42位	https://baby-calendar.jp/nazuke/nameranking2020/name_boys_under10	bc
2020	M	35	晴	はる、はれ	153	57位	https://baby-calendar.jp/nazuke/nameranking2020/name_boys_under10	bc
2020	M	36	奏汰	かなた、そうた	150	24位	https://baby-calendar.jp/nazuke/nameranking2020/name_boys_under10	bc
2020	M	37	悠翔	はると、ゆうと	143	32位	https://baby-calendar.jp/nazuke/nameranking2020/name_boys_under10	bc
2020	M	38	結斗	ゆいと、ゆうと	142	39位	https://baby-calendar.jp/nazuke/nameranking2020/name_boys_under10	bc
2020	M	38	楓	かえで	142	51位	https://baby-calendar.jp/nazuke/nameranking2020/name_boys_under10	bc
2020	M	40	海翔	かいと	139	44位	https://baby-calendar.jp/nazuke/nameranking2020/name_boys_under10	bc
2020	M	41	蒼空	そら、あおと	138	53位	https://baby-calendar.jp/nazuke/nameranking2020/name_boys_under10	bc
2020	M	42	陸斗	りくと、りと	136	43位	https://baby-calendar.jp/nazuke/nameranking2020/name_boys_under10	bc
2020	M	43	岳	がく、たける	135	41位	https://baby-calendar.jp/nazuke/nameranking2020/name_boys_under10	bc
2020	M	44	瑛太	えいた	132	37位	https://baby-calendar.jp/nazuke/nameranking2020/name_boys_under10	bc
2020	M	45	翔	しょう、かける	131	26位	https://baby-calendar.jp/nazuke/nameranking2020/name_boys_under10	bc
2020	M	46	海斗	かいと	122	47位	https://baby-calendar.jp/nazuke/nameranking2020/name_boys_under10	bc
2020	M	47	葵	あおい、あお	121	59位	https://baby-calendar.jp/nazuke/nameranking2020/name_boys_under10	bc
2020	M	48	湊翔	みなと	120	70位	https://baby-calendar.jp/nazuke/nameranking2020/name_boys_under10	bc
2020	M	48	律希	りつき	120	64位	https://baby-calendar.jp/nazuke/nameranking2020/name_boys_under10	bc
2020	M	50	大智	だいち、たいち	119	36位	https://baby-calendar.jp/nazuke/nameranking2020/name_boys_under10	bc
2020	M	51	瑛斗	えいと、あきと	118	38位	https://baby-calendar.jp/nazuke/nameranking2020/name_boys_under10	bc
2020	M	52	絢斗	あやと、けんと	117	56位	https://baby-calendar.jp/nazuke/nameranking2020/name_boys_under10	bc
2020	M	53	碧人	あおと、あいと	114	49位	https://baby-calendar.jp/nazuke/nameranking2020/name_boys_under10	bc
2020	M	53	悠生	ゆうせい、はるき	114	51位	https://baby-calendar.jp/nazuke/nameranking2020/name_boys_under10	bc
2020	M	55	颯人	はやと、はると	112	40位	https://baby-calendar.jp/nazuke/nameranking2020/name_boys_under10	bc
2020	M	56	仁	じん	110	55位	https://baby-calendar.jp/nazuke/nameranking2020/name_boys_under10	bc
2020	M	56	柊	しゅう	110	-	https://baby-calendar.jp/nazuke/nameranking2020/name_boys_under10	bc
2020	M	56	怜	れい、れん	110	68位	https://baby-calendar.jp/nazuke/nameranking2020/name_boys_under10	bc
2020	M	59	蒼生	あおい、あお	109	86位	https://baby-calendar.jp/nazuke/nameranking2020/name_boys_under10	bc
2020	M	60	奏多	かなた、そうた	108	61位	https://baby-calendar.jp/nazuke/nameranking2020/name_boys_under10	bc
2020	M	61	蒼士	そうし、あおし	107	76位	https://baby-calendar.jp/nazuke/nameranking2020/name_boys_under10	bc
2020	M	62	太陽	たいよう、ひなた	104	91位	https://baby-calendar.jp/nazuke/nameranking2020/name_boys_under10	bc
2020	M	63	晴翔	はると	103	44位	https://baby-calendar.jp/nazuke/nameranking2020/name_boys_under10	bc
2020	M	63	颯斗	はやと、ふうと	103	57位	https://baby-calendar.jp/nazuke/nameranking2020/name_boys_under10	bc
2020	M	65	櫂	かい	102	68位	https://baby-calendar.jp/nazuke/nameranking2020/name_boys_under10	bc
2020	M	66	一颯	いぶき、いっさ	101	49位	https://baby-calendar.jp/nazuke/nameranking2020/name_boys_under10	bc
2020	M	66	蒼太	そうた	101	73位	https://baby-calendar.jp/nazuke/nameranking2020/name_boys_under10	bc
2020	M	68	煌	こう、ひかる	99	96位	https://baby-calendar.jp/nazuke/nameranking2020/name_boys_under10	bc
2020	M	69	大晴	たいせい	98	90位	https://baby-calendar.jp/nazuke/nameranking2020/name_boys_under10	bc
2020	M	70	壮真	そうま、しょうま	97	86位	https://baby-calendar.jp/nazuke/nameranking2020/name_boys_under10	bc
2020	M	71	湊大	そうた、みなと	95	-	https://baby-calendar.jp/nazuke/nameranking2020/name_boys_under10	bc
2020	M	71	遥斗	はると	95	54位	https://baby-calendar.jp/nazuke/nameranking2020/name_boys_under10	bc
2020	M	71	颯汰	そうた、はやた	95	48位	https://baby-calendar.jp/nazuke/nameranking2020/name_boys_under10	bc
2020	M	74	歩	あゆむ	93	64位	https://baby-calendar.jp/nazuke/nameranking2020/name_boys_under10	bc
2020	M	74	琉生	るい、りゅうせい	93	73位	https://baby-calendar.jp/nazuke/nameranking2020/name_boys_under10	bc
2020	M	76	奏斗	かなと	92	93位	https://baby-calendar.jp/nazuke/nameranking2020/name_boys_under10	bc
2020	M	76	碧斗	あおと、りくと	92	63位	https://baby-calendar.jp/nazuke/nameranking2020/name_boys_under10	bc
2020	M	78	慶	けい	91	75位	https://baby-calendar.jp/nazuke/nameranking2020/name_boys_under10	bc
2020	M	78	健人	けんと	91	66位	https://baby-calendar.jp/nazuke/nameranking2020/name_boys_under10	bc
2020	M	80	空	そら	90	-	https://baby-calendar.jp/nazuke/nameranking2020/name_boys_under10	bc
2020	M	80	奏	かなで、そう	90	98位	https://baby-calendar.jp/nazuke/nameranking2020/name_boys_under10	bc
2020	M	80	大雅	たいが、おおが	90	70位	https://baby-calendar.jp/nazuke/nameranking2020/name_boys_under10	bc
2020	M	83	光希	こうき、みつき	87	-	https://baby-calendar.jp/nazuke/nameranking2020/name_boys_under10	bc
2020	M	83	奏翔	かなと	87	-	https://baby-calendar.jp/nazuke/nameranking2020/name_boys_under10	bc
2020	M	83	湊人	みなと	87	82位	https://baby-calendar.jp/nazuke/nameranking2020/name_boys_under10	bc
2020	M	86	光	ひかる、ひかり	86	79位	https://baby-calendar.jp/nazuke/nameranking2020/name_boys_under10	bc
2020	M	86	涼真	りょうま	86	72位	https://baby-calendar.jp/nazuke/nameranking2020/name_boys_under10	bc
2020	M	88	瑛翔	えいと、あきと	85	-	https://baby-calendar.jp/nazuke/nameranking2020/name_boys_under10	bc
2020	M	89	迅	じん、とき	83	-	https://baby-calendar.jp/nazuke/nameranking2020/name_boys_under10	bc
2020	M	90	悠希	はるき、ゆうき	81	80位	https://baby-calendar.jp/nazuke/nameranking2020/name_boys_under10	bc
2020	M	91	桔平	きっぺい	79	-	https://baby-calendar.jp/nazuke/nameranking2020/name_boys_under10	bc
2020	M	92	湊太	そうた、かなた	78	61位	https://baby-calendar.jp/nazuke/nameranking2020/name_boys_under10	bc
2020	M	93	健	たける、けん	77	-	https://baby-calendar.jp/nazuke/nameranking2020/name_boys_under10	bc
2020	M	93	優	ゆう、すぐる	77	-	https://baby-calendar.jp/nazuke/nameranking2020/name_boys_under10	bc
2020	M	93	凌久	りく	77	-	https://baby-calendar.jp/nazuke/nameranking2020/name_boys_under10	bc
2020	M	96	結人	ゆいと、ゆうと	76	81位	https://baby-calendar.jp/nazuke/nameranking2020/name_boys_under10	bc
2020	M	96	結仁	ゆいと、ゆうと	76	86位	https://baby-calendar.jp/nazuke/nameranking2020/name_boys_under10	bc
2020	M	98	慧	けい、さとし	75	76位	https://baby-calendar.jp/nazuke/nameranking2020/name_boys_under10	bc
2020	M	98	遼	りょう、はる	75	-	https://baby-calendar.jp/nazuke/nameranking2020/name_boys_under10	bc
2020	M	100	翼	つばさ	74	66位	https://baby-calendar.jp/nazuke/nameranking2020/name_boys_under10	bc
2020	M	100	凌空	りく	74	-	https://baby-calendar.jp/nazuke/nameranking2020/name_boys_under10	bc
2020	F	11	結衣	ゆい	287	12位	https://baby-calendar.jp/nazuke/nameranking2020/name_girls_under10	bc
2020	F	12	結愛	ゆあ、ゆめ	268	7位	https://baby-calendar.jp/nazuke/nameranking2020/name_girls_under10	bc
2020	F	13	美月	みつき、みづき	253	13位	https://baby-calendar.jp/nazuke/nameranking2020/name_girls_under10	bc
2020	F	14	咲良	さくら、さら	246	14位	https://baby-calendar.jp/nazuke/nameranking2020/name_girls_under10	bc
2020	F	15	杏	あん、あんず	224	16位	https://baby-calendar.jp/nazuke/nameranking2020/name_girls_under10	bc
2020	F	16	凜	りん	215	10位	https://baby-calendar.jp/nazuke/nameranking2020/name_girls_under10	bc
2020	F	17	詩	うた、らら	207	35位	https://baby-calendar.jp/nazuke/nameranking2020/name_girls_under10	bc
2020	F	18	彩葉	いろは、あやは	206	27位	https://baby-calendar.jp/nazuke/nameranking2020/name_girls_under10	bc
2020	F	19	琴葉	ことは	199	23位	https://baby-calendar.jp/nazuke/nameranking2020/name_girls_under10	bc
2020	F	20	さくら	さくら	198	17位	https://baby-calendar.jp/nazuke/nameranking2020/name_girls_under10	bc
2020	F	21	楓	かえで	187	18位	https://baby-calendar.jp/nazuke/nameranking2020/name_girls_under10	bc
2020	F	22	朱莉	あかり、しゅり	182	21位	https://baby-calendar.jp/nazuke/nameranking2020/name_girls_under10	bc
2020	F	23	杏奈	あんな、ももな	180	19位	https://baby-calendar.jp/nazuke/nameranking2020/name_girls_under10	bc
2020	F	24	柚葉	ゆずは	174	59位	https://baby-calendar.jp/nazuke/nameranking2020/name_girls_under10	bc
2020	F	25	咲茉	えま	172	92位	https://baby-calendar.jp/nazuke/nameranking2020/name_girls_under10	bc
2020	F	26	花音	かのん、はなの	166	48位	https://baby-calendar.jp/nazuke/nameranking2020/name_girls_under10	bc
2020	F	27	花	はな	163	25位	https://baby-calendar.jp/nazuke/nameranking2020/name_girls_under10	bc
2020	F	27	芽生	めい	163	42位	https://baby-calendar.jp/nazuke/nameranking2020/name_girls_under10	bc
2020	F	27	凪	なぎ、なぎさ	163	55位	https://baby-calendar.jp/nazuke/nameranking2020/name_girls_under10	bc
2020	F	30	一花	いちか	162	38位	https://baby-calendar.jp/nazuke/nameranking2020/name_girls_under10	bc
2020	F	30	心陽	こはる、ここは	162	42位	https://baby-calendar.jp/nazuke/nameranking2020/name_girls_under10	bc
2020	F	30	美桜	みお、みおう	162	32位	https://baby-calendar.jp/nazuke/nameranking2020/name_girls_under10	bc
2020	F	33	紬希	つむぎ、ゆの	161	71位	https://baby-calendar.jp/nazuke/nameranking2020/name_girls_under10	bc
2020	F	34	琴音	ことね	160	22位	https://baby-calendar.jp/nazuke/nameranking2020/name_girls_under10	bc
2020	F	35	一華	いちか、いちは	159	39位	https://baby-calendar.jp/nazuke/nameranking2020/name_girls_under10	bc
2020	F	36	心結	みゆ、ここな	156	37位	https://baby-calendar.jp/nazuke/nameranking2020/name_girls_under10	bc
2020	F	37	莉緒	りお	155	52位	https://baby-calendar.jp/nazuke/nameranking2020/name_girls_under10	bc
2020	F	38	ひまり	ひまり	153	26位	https://baby-calendar.jp/nazuke/nameranking2020/name_girls_under10	bc
2020	F	39	柚希	ゆずき、ゆき	152	29位	https://baby-calendar.jp/nazuke/nameranking2020/name_girls_under10	bc
2020	F	40	あかり	あかり	149	20位	https://baby-calendar.jp/nazuke/nameranking2020/name_girls_under10	bc
2020	F	41	ひかり	ひかり	148	30位	https://baby-calendar.jp/nazuke/nameranking2020/name_girls_under10	bc
2020	F	42	心春	こはる、ここは	146	41位	https://baby-calendar.jp/nazuke/nameranking2020/name_girls_under10	bc
2020	F	43	ひなた	ひなた	144	28位	https://baby-calendar.jp/nazuke/nameranking2020/name_girls_under10	bc
2020	F	44	美結	みゆ、みゆう	143	33位	https://baby-calendar.jp/nazuke/nameranking2020/name_girls_under10	bc
2020	F	45	蘭	らん	134	39位	https://baby-calendar.jp/nazuke/nameranking2020/name_girls_under10	bc
2020	F	46	和花	わか、のどか	132	67位	https://baby-calendar.jp/nazuke/nameranking2020/name_girls_under10	bc
2020	F	47	愛莉	あいり、えり	131	30位	https://baby-calendar.jp/nazuke/nameranking2020/name_girls_under10	bc
2020	F	48	莉央	りお	130	24位	https://baby-calendar.jp/nazuke/nameranking2020/name_girls_under10	bc
2020	F	49	鈴	すず、りん	126	50位	https://baby-calendar.jp/nazuke/nameranking2020/name_girls_under10	bc
2020	F	50	紗菜	さな、すずな	125	67位	https://baby-calendar.jp/nazuke/nameranking2020/name_girls_under10	bc
2020	F	50	陽菜乃	ひなの	125	46位	https://baby-calendar.jp/nazuke/nameranking2020/name_girls_under10	bc
2020	F	52	柚月	ゆづき、ゆずき	121	88位	https://baby-calendar.jp/nazuke/nameranking2020/name_girls_under10	bc
2020	F	53	咲希	さき、さつき	120	34位	https://baby-calendar.jp/nazuke/nameranking2020/name_girls_under10	bc
2020	F	54	いろは	いろは	117	90位	https://baby-calendar.jp/nazuke/nameranking2020/name_girls_under10	bc
2020	F	54	莉愛	りあ、りお	117	65位	https://baby-calendar.jp/nazuke/nameranking2020/name_girls_under10	bc
2020	F	56	結	ゆい、ゆう	116	36位	https://baby-calendar.jp/nazuke/nameranking2020/name_girls_under10	bc
2020	F	57	栞奈	かんな	112	76位	https://baby-calendar.jp/nazuke/nameranking2020/name_girls_under10	bc
2020	F	58	すず	すず	110	97位	https://baby-calendar.jp/nazuke/nameranking2020/name_girls_under10	bc
2020	F	59	詩乃	しの、うたの	107	57位	https://baby-calendar.jp/nazuke/nameranking2020/name_girls_under10	bc
2020	F	60	紗良	さら	106	72位	https://baby-calendar.jp/nazuke/nameranking2020/name_girls_under10	bc
2020	F	61	華	はな、はる	104	59位	https://baby-calendar.jp/nazuke/nameranking2020/name_girls_under10	bc
2020	F	62	陽咲	ひなた、ひさき	103	92位	https://baby-calendar.jp/nazuke/nameranking2020/name_girls_under10	bc
2020	F	63	美琴	みこと	102	61位	https://baby-calendar.jp/nazuke/nameranking2020/name_girls_under10	bc
2020	F	63	菫	すみれ	102	78位	https://baby-calendar.jp/nazuke/nameranking2020/name_girls_under10	bc
2020	F	65	雫	しずく	100	83位	https://baby-calendar.jp/nazuke/nameranking2020/name_girls_under10	bc
2020	F	65	玲奈	れな、れいな	100	79位	https://baby-calendar.jp/nazuke/nameranking2020/name_girls_under10	bc
2020	F	67	愛菜	あいな、まな	99	44位	https://baby-calendar.jp/nazuke/nameranking2020/name_girls_under10	bc
2020	F	68	優月	ゆづき、ゆつき	98	96位	https://baby-calendar.jp/nazuke/nameranking2020/name_girls_under10	bc
2020	F	69	結心	ゆい、ゆな	97	72位	https://baby-calendar.jp/nazuke/nameranking2020/name_girls_under10	bc
2020	F	69	紗奈	さな、すずな	97	47位	https://baby-calendar.jp/nazuke/nameranking2020/name_girls_under10	bc
2020	F	71	怜奈	れな、れいな	96	76位	https://baby-calendar.jp/nazuke/nameranking2020/name_girls_under10	bc
2020	F	72	つむぎ	つむぎ	95	61位	https://baby-calendar.jp/nazuke/nameranking2020/name_girls_under10	bc
2020	F	72	菜月	なつき	95	100位	https://baby-calendar.jp/nazuke/nameranking2020/name_girls_under10	bc
2020	F	72	心晴	こはる、みはる	95	58位	https://baby-calendar.jp/nazuke/nameranking2020/name_girls_under10	bc
2020	F	75	すみれ	すみれ	94	50位	https://baby-calendar.jp/nazuke/nameranking2020/name_girls_under10	bc
2020	F	76	百花	ももか	92	-	https://baby-calendar.jp/nazuke/nameranking2020/name_girls_under10	bc
2020	F	77	依茉	えま	91	-	https://baby-calendar.jp/nazuke/nameranking2020/name_girls_under10	bc
2020	F	77	七海	ななみ、ななか	91	75位	https://baby-calendar.jp/nazuke/nameranking2020/name_girls_under10	bc
2020	F	79	桜	さくら	90	56位	https://baby-calendar.jp/nazuke/nameranking2020/name_girls_under10	bc
2020	F	79	碧	あおい、あお	90	63位	https://baby-calendar.jp/nazuke/nameranking2020/name_girls_under10	bc
2020	F	81	栞	しおり	89	-	https://baby-calendar.jp/nazuke/nameranking2020/name_girls_under10	bc
2020	F	82	和奏	わかな	88	79位	https://baby-calendar.jp/nazuke/nameranking2020/name_girls_under10	bc
2020	F	83	ひより	ひより	87	83位	https://baby-calendar.jp/nazuke/nameranking2020/name_girls_under10	bc
2020	F	83	美羽	みう、みわ	87	48位	https://baby-calendar.jp/nazuke/nameranking2020/name_girls_under10	bc
2020	F	85	ほのか	ほのか	84	-	https://baby-calendar.jp/nazuke/nameranking2020/name_girls_under10	bc
2020	F	85	葵衣	あおい	84	-	https://baby-calendar.jp/nazuke/nameranking2020/name_girls_under10	bc
2020	F	85	彩羽	いろは、あやは	84	-	https://baby-calendar.jp/nazuke/nameranking2020/name_girls_under10	bc
2020	F	88	朱里	あかり、しゅり	83	86位	https://baby-calendar.jp/nazuke/nameranking2020/name_girls_under10	bc
2020	F	88	心音	ここね、こと	83	72位	https://baby-calendar.jp/nazuke/nameranking2020/name_girls_under10	bc
2020	F	88	葉月	はづき	83	53位	https://baby-calendar.jp/nazuke/nameranking2020/name_girls_under10	bc
2020	F	91	柚花	ゆずか、ゆずは	82	100位	https://baby-calendar.jp/nazuke/nameranking2020/name_girls_under10	bc
2020	F	92	あおい	あおい	81	-	https://baby-calendar.jp/nazuke/nameranking2020/name_girls_under10	bc
2020	F	92	乙葉	おとは	81	-	https://baby-calendar.jp/nazuke/nameranking2020/name_girls_under10	bc
2020	F	92	日葵	ひまり、ひなた	81	-	https://baby-calendar.jp/nazuke/nameranking2020/name_girls_under10	bc
2020	F	95	風花	ふうか	80	-	https://baby-calendar.jp/nazuke/nameranking2020/name_girls_under10	bc
2020	F	95	穂香	ほのか	80	-	https://baby-calendar.jp/nazuke/nameranking2020/name_girls_under10	bc
2020	F	97	咲花	えみか、はな	79	79位	https://baby-calendar.jp/nazuke/nameranking2020/name_girls_under10	bc
2020	F	97	心咲	みさき、こはる	79	-	https://baby-calendar.jp/nazuke/nameranking2020/name_girls_under10	bc
2020	F	97	乃愛	のあ	79	70位	https://baby-calendar.jp/nazuke/nameranking2020/name_girls_under10	bc
2020	F	100	愛梨	あいり	78	67位	https://baby-calendar.jp/nazuke/nameranking2020/name_girls_under10	bc
2020	F	100	美咲	みさき	78	44位	https://baby-calendar.jp/nazuke/nameranking2020/name_girls_under10	bc
2020	F	100	柚羽	ゆずは、ゆわ	78	-	https://baby-calendar.jp/nazuke/nameranking2020/name_girls_under10	bc
2021	M	1	蓮	れん	301	1位	https://baby-calendar.jp/nazuke/nameranking2021	bc
2021	M	2	陽翔	はると,ひなと,ひなた	287	3位	https://baby-calendar.jp/nazuke/nameranking2021	bc
2021	M	3	湊	みなと,そう	237	5位	https://baby-calendar.jp/nazuke/nameranking2021	bc
2021	M	4	蒼	あおい,あお,そう	227	2位	https://baby-calendar.jp/nazuke/nameranking2021	bc
2021	M	5	朝陽	あさひ,ともはる	221	10位	https://baby-calendar.jp/nazuke/nameranking2021	bc
2021	M	6	樹	いつき,たつき,じゅり	217	4位	https://baby-calendar.jp/nazuke/nameranking2021	bc
2021	M	7	碧	あおい,あお	215	19位	https://baby-calendar.jp/nazuke/nameranking2021	bc
2021	M	8	大翔	ひろと,はると,やまと	199	6位	https://baby-calendar.jp/nazuke/nameranking2021	bc
2021	M	9	悠真	ゆうま,はるま,ゆうしん	187	7位	https://baby-calendar.jp/nazuke/nameranking2021	bc
2021	M	10	結翔	ゆいと,ゆうと,けいと	184	13位	https://baby-calendar.jp/nazuke/nameranking2021	bc
2021	F	1	紬	つむぎ	288	2位	https://baby-calendar.jp/nazuke/nameranking2021	bc
2021	F	2	凛	りん	285	3位	https://baby-calendar.jp/nazuke/nameranking2021	bc
2021	F	3	陽葵	ひまり,ひなた,ひな	281	1位	https://baby-calendar.jp/nazuke/nameranking2021	bc
2021	F	4	葵	あおい,めい,あお	258	7位	https://baby-calendar.jp/nazuke/nameranking2021	bc
2021	F	5	澪	みお,れい,しずく	240	9位	https://baby-calendar.jp/nazuke/nameranking2021	bc
2021	F	6	芽依	めい	232	4位	https://baby-calendar.jp/nazuke/nameranking2021	bc
2021	F	7	結菜	ゆいな,ゆな,ゆうな	227	6位	https://baby-calendar.jp/nazuke/nameranking2021	bc
2021	F	8	結月	ゆづき,ゆづ	225	4位	https://baby-calendar.jp/nazuke/nameranking2021	bc
2021	F	9	陽菜	ひな,はるな,はな	219	10位	https://baby-calendar.jp/nazuke/nameranking2021	bc
2021	F	10	莉子	りこ	205	8位	https://baby-calendar.jp/nazuke/nameranking2021	bc
2021	M	11	颯真	そうま,ふうま,はゆま	182	14位	https://baby-calendar.jp/nazuke/nameranking2021/name_boys_under10	bc
2021	M	12	大和	やまと,だいな,ひろかず	172	17位	https://baby-calendar.jp/nazuke/nameranking2021/name_boys_under10	bc
2021	M	13	伊織	いおり	169	18位	https://baby-calendar.jp/nazuke/nameranking2021/name_boys_under10	bc
2021	M	14	湊斗	みなと,かなと	162	8位	https://baby-calendar.jp/nazuke/nameranking2021/name_boys_under10	bc
2021	M	15	暖	だん,はる,ひなた	160	20位	https://baby-calendar.jp/nazuke/nameranking2021/name_boys_under10	bc
2021	M	16	律	りつ	159	9位	https://baby-calendar.jp/nazuke/nameranking2021/name_boys_under10	bc
2021	M	16	颯	はやて,そう,はやと	159	26位	https://baby-calendar.jp/nazuke/nameranking2021/name_boys_under10	bc
2021	M	18	蒼空	そら,あおい,そうすけ	158	41位	https://baby-calendar.jp/nazuke/nameranking2021/name_boys_under10	bc
2021	M	19	凪	なぎ,なぎさ	156	24位	https://baby-calendar.jp/nazuke/nameranking2021/name_boys_under10	bc
2021	M	20	蒼大	そうた,あおと,あお	153	20位	https://baby-calendar.jp/nazuke/nameranking2021/name_boys_under10	bc
2021	M	21	陽向	ひなた,ひゅうが	152	11位	https://baby-calendar.jp/nazuke/nameranking2021/name_boys_under10	bc
2021	M	22	新	あらた,しん,はじめ	134	16位	https://baby-calendar.jp/nazuke/nameranking2021/name_boys_under10	bc
2021	M	23	蒼真	そうま,あおま	133	34位	https://baby-calendar.jp/nazuke/nameranking2021/name_boys_under10	bc
2021	M	23	陽太	ひなた,ようた,はるた	133	15位	https://baby-calendar.jp/nazuke/nameranking2021/name_boys_under10	bc
2021	M	25	陸	りく	132	28位	https://baby-calendar.jp/nazuke/nameranking2021/name_boys_under10	bc
2021	M	26	悠人	ゆうと,はると,はるひと	130	12位	https://baby-calendar.jp/nazuke/nameranking2021/name_boys_under10	bc
2021	M	27	朔	さく,はじめ	127	31位	https://baby-calendar.jp/nazuke/nameranking2021/name_boys_under10	bc
2021	M	28	悠斗	ゆうと,はると,ひろと	125	23位	https://baby-calendar.jp/nazuke/nameranking2021/name_boys_under10	bc
2021	M	29	碧斗	あおと,りくと,あいと	122	76位	https://baby-calendar.jp/nazuke/nameranking2021/name_boys_under10	bc
2021	M	30	旭	あさひ	120	30位	https://baby-calendar.jp/nazuke/nameranking2021/name_boys_under10	bc
2021	M	30	陽大	ひなた,はると,ようた	120	22位	https://baby-calendar.jp/nazuke/nameranking2021/name_boys_under10	bc
2021	M	32	琉生	るい,りゅうせい,るあ	116	74位	https://baby-calendar.jp/nazuke/nameranking2021/name_boys_under10	bc
2021	M	33	陽	はる,ひなた,よう	115	26位	https://baby-calendar.jp/nazuke/nameranking2021/name_boys_under10	bc
2021	M	33	結斗	ゆいと,ゆうと	115	38位	https://baby-calendar.jp/nazuke/nameranking2021/name_boys_under10	bc
2021	M	35	晴	はる,はれ,せい	113	35位	https://baby-calendar.jp/nazuke/nameranking2021/name_boys_under10	bc
2021	M	36	奏汰	かなた,そうた	112	36位	https://baby-calendar.jp/nazuke/nameranking2021/name_boys_under10	bc
2021	M	37	楓	かえで,ふう	107	38位	https://baby-calendar.jp/nazuke/nameranking2021/name_boys_under10	bc
2021	M	38	陽斗	はると,ひなと,あきと	106	25位	https://baby-calendar.jp/nazuke/nameranking2021/name_boys_under10	bc
2021	M	39	颯人	はやと,ふうと,はると	104	55位	https://baby-calendar.jp/nazuke/nameranking2021/name_boys_under10	bc
2021	M	39	碧人	あおと,あいと	104	53位	https://baby-calendar.jp/nazuke/nameranking2021/name_boys_under10	bc
2021	M	39	陸斗	りくと	104	42位	https://baby-calendar.jp/nazuke/nameranking2021/name_boys_under10	bc
2021	M	42	一颯	いぶき,いっさ,かずと	103	66位	https://baby-calendar.jp/nazuke/nameranking2021/name_boys_under10	bc
2021	M	43	悠	はる,ゆう,はるか	98	28位	https://baby-calendar.jp/nazuke/nameranking2021/name_boys_under10	bc
2021	M	43	悠翔	はると,ゆうと,ゆいと	98	37位	https://baby-calendar.jp/nazuke/nameranking2021/name_boys_under10	bc
2021	M	43	奏太	そうた,かなた	98	32位	https://baby-calendar.jp/nazuke/nameranking2021/name_boys_under10	bc
2021	M	46	海翔	かいと,うみと	97	40位	https://baby-calendar.jp/nazuke/nameranking2021/name_boys_under10	bc
2021	M	47	律希	りつき	94	48位	https://baby-calendar.jp/nazuke/nameranking2021/name_boys_under10	bc
2021	M	48	颯太	そうた,はやた,ふうた	93	32位	https://baby-calendar.jp/nazuke/nameranking2021/name_boys_under10	bc
2021	M	49	遥斗	はると	91	71位	https://baby-calendar.jp/nazuke/nameranking2021/name_boys_under10	bc
2021	M	50	海斗	かいと	89	46位	https://baby-calendar.jp/nazuke/nameranking2021/name_boys_under10	bc
2021	M	51	怜	れい,れん,りょう	88	56位	https://baby-calendar.jp/nazuke/nameranking2021/name_boys_under10	bc
2021	M	51	葵	あおい,あお	88	47位	https://baby-calendar.jp/nazuke/nameranking2021/name_boys_under10	bc
2021	M	53	悠生	ゆうせい,はるき,ゆうき	85	53位	https://baby-calendar.jp/nazuke/nameranking2021/name_boys_under10	bc
2021	M	53	晴翔	はると	85	63位	https://baby-calendar.jp/nazuke/nameranking2021/name_boys_under10	bc
2021	M	53	岳	がく,たける	85	43位	https://baby-calendar.jp/nazuke/nameranking2021/name_boys_under10	bc
2021	M	56	大晴	たいせい	84	69位	https://baby-calendar.jp/nazuke/nameranking2021/name_boys_under10	bc
2021	M	56	壮真	そうま	84	70位	https://baby-calendar.jp/nazuke/nameranking2021/name_boys_under10	bc
2021	M	58	颯汰	そうた,ふうた	82	71位	https://baby-calendar.jp/nazuke/nameranking2021/name_boys_under10	bc
2021	M	59	仁	じん,ひとし	81	56位	https://baby-calendar.jp/nazuke/nameranking2021/name_boys_under10	bc
2021	M	60	絢斗	あやと,けんと	80	52位	https://baby-calendar.jp/nazuke/nameranking2021/name_boys_under10	bc
2021	M	61	瑛太	えいた	78	44位	https://baby-calendar.jp/nazuke/nameranking2021/name_boys_under10	bc
2021	M	61	大智	だいち,たいち	78	50位	https://baby-calendar.jp/nazuke/nameranking2021/name_boys_under10	bc
2021	M	63	蒼生	あおい,あお,あおば	77	59位	https://baby-calendar.jp/nazuke/nameranking2021/name_boys_under10	bc
2021	M	63	翔	しょう,かける	77	45位	https://baby-calendar.jp/nazuke/nameranking2021/name_boys_under10	bc
2021	M	65	太陽	たいよう,ひなた,たお	76	62位	https://baby-calendar.jp/nazuke/nameranking2021/name_boys_under10	bc
2021	M	65	奏多	かなた,そうた	76	60位	https://baby-calendar.jp/nazuke/nameranking2021/name_boys_under10	bc
2021	M	67	慶	けい,きょう	74	78位	https://baby-calendar.jp/nazuke/nameranking2021/name_boys_under10	bc
2021	M	67	伊吹	いぶき	74	138位	https://baby-calendar.jp/nazuke/nameranking2021/name_boys_under10	bc
2021	M	69	櫂	かい,かいと	73	65位	https://baby-calendar.jp/nazuke/nameranking2021/name_boys_under10	bc
2021	M	70	悠希	はるき,ゆうき	72	90位	https://baby-calendar.jp/nazuke/nameranking2021/name_boys_under10	bc
2021	M	70	蒼人	あおと	72	108位	https://baby-calendar.jp/nazuke/nameranking2021/name_boys_under10	bc
2021	M	70	慧	けい,さとる,あきら	72	98位	https://baby-calendar.jp/nazuke/nameranking2021/name_boys_under10	bc
2021	M	73	蒼太	そうた	69	66位	https://baby-calendar.jp/nazuke/nameranking2021/name_boys_under10	bc
2021	M	74	善	ぜん	68	-	https://baby-calendar.jp/nazuke/nameranking2021/name_boys_under10	bc
2021	M	75	光	ひかる,ひかり,こう	67	86位	https://baby-calendar.jp/nazuke/nameranking2021/name_boys_under10	bc
2021	M	75	空	そら,かなた	67	80位	https://baby-calendar.jp/nazuke/nameranking2021/name_boys_under10	bc
2021	M	77	光希	みつき,こうき	66	83位	https://baby-calendar.jp/nazuke/nameranking2021/name_boys_under10	bc
2021	M	78	楓真	ふうま	65	-	https://baby-calendar.jp/nazuke/nameranking2021/name_boys_under10	bc
2021	M	79	歩	あゆむ	63	74位	https://baby-calendar.jp/nazuke/nameranking2021/name_boys_under10	bc
2021	M	80	蒼翔	あおと,そらと	62	-	https://baby-calendar.jp/nazuke/nameranking2021/name_boys_under10	bc
2021	M	80	颯斗	はやと,ふうと,りくと	62	63位	https://baby-calendar.jp/nazuke/nameranking2021/name_boys_under10	bc
2021	M	82	湊翔	みなと	61	48位	https://baby-calendar.jp/nazuke/nameranking2021/name_boys_under10	bc
2021	M	83	凌久	りく	59	93位	https://baby-calendar.jp/nazuke/nameranking2021/name_boys_under10	bc
2021	M	84	大雅	たいが,おおが	58	80位	https://baby-calendar.jp/nazuke/nameranking2021/name_boys_under10	bc
2021	M	85	優	ゆう,すぐる,ゆたか	57	93位	https://baby-calendar.jp/nazuke/nameranking2021/name_boys_under10	bc
2021	M	85	湊太	そうた	57	92位	https://baby-calendar.jp/nazuke/nameranking2021/name_boys_under10	bc
2021	M	85	暁斗	あきと	57	-	https://baby-calendar.jp/nazuke/nameranking2021/name_boys_under10	bc
2021	M	88	廉	れん	55	-	https://baby-calendar.jp/nazuke/nameranking2021/name_boys_under10	bc
2021	M	88	理仁	りひと	55	-	https://baby-calendar.jp/nazuke/nameranking2021/name_boys_under10	bc
2021	M	88	健	たける,けん	55	93位	https://baby-calendar.jp/nazuke/nameranking2021/name_boys_under10	bc
2021	M	91	蒼士	そうし,あおし,あおと	54	61位	https://baby-calendar.jp/nazuke/nameranking2021/name_boys_under10	bc
2021	M	91	結仁	ゆいと,ゆうと	54	96位	https://baby-calendar.jp/nazuke/nameranking2021/name_boys_under10	bc
2021	M	91	迅	じん,しゅん	54	89位	https://baby-calendar.jp/nazuke/nameranking2021/name_boys_under10	bc
2021	M	91	奏斗	かなと	54	76位	https://baby-calendar.jp/nazuke/nameranking2021/name_boys_under10	bc
2021	M	91	佑	たすく,ゆう	54	-	https://baby-calendar.jp/nazuke/nameranking2021/name_boys_under10	bc
2021	M	91	優斗	ゆうと,まさと	54	-	https://baby-calendar.jp/nazuke/nameranking2021/name_boys_under10	bc
2021	M	97	理人	りひと,りと,まさと	53	-	https://baby-calendar.jp/nazuke/nameranking2021/name_boys_under10	bc
2021	M	97	桔平	きっぺい	53	91位	https://baby-calendar.jp/nazuke/nameranking2021/name_boys_under10	bc
2021	M	99	奏翔	かなと	51	83位	https://baby-calendar.jp/nazuke/nameranking2021/name_boys_under10	bc
2021	M	99	健人	けんと	51	78位	https://baby-calendar.jp/nazuke/nameranking2021/name_boys_under10	bc
2021	M	99	柊	しゅう	51	56位	https://baby-calendar.jp/nazuke/nameranking2021/name_boys_under10	bc
2021	F	11	結衣	ゆい	189	11位	https://baby-calendar.jp/nazuke/nameranking2021/name_girls_under10	bc
2021	F	12	結愛	ゆあ,ゆめ,ゆいな	186	12位	https://baby-calendar.jp/nazuke/nameranking2021/name_girls_under10	bc
2021	F	13	彩葉	いろは,あやは,さわ	185	18位	https://baby-calendar.jp/nazuke/nameranking2021/name_girls_under10	bc
2021	F	14	咲良	さくら,さら	174	14位	https://baby-calendar.jp/nazuke/nameranking2021/name_girls_under10	bc
2021	F	15	杏	あん,あんず,こう	166	15位	https://baby-calendar.jp/nazuke/nameranking2021/name_girls_under10	bc
2021	F	16	咲茉	えま	160	25位	https://baby-calendar.jp/nazuke/nameranking2021/name_girls_under10	bc
2021	F	17	琴葉	ことは	155	19位	https://baby-calendar.jp/nazuke/nameranking2021/name_girls_under10	bc
2021	F	17	楓	かえで,ふう	155	21位	https://baby-calendar.jp/nazuke/nameranking2021/name_girls_under10	bc
2021	F	19	美月	みつき,みづき	150	13位	https://baby-calendar.jp/nazuke/nameranking2021/name_girls_under10	bc
2021	F	20	凜	りん,しゅり	141	16位	https://baby-calendar.jp/nazuke/nameranking2021/name_girls_under10	bc
2021	F	21	美桜	みお,みおん,みおう	140	30位	https://baby-calendar.jp/nazuke/nameranking2021/name_girls_under10	bc
2021	F	22	詩	うた	137	17位	https://baby-calendar.jp/nazuke/nameranking2021/name_girls_under10	bc
2021	F	23	心春	こはる,ここは,ことは	134	42位	https://baby-calendar.jp/nazuke/nameranking2021/name_girls_under10	bc
2021	F	24	凪	なぎ,なぎさ	132	27位	https://baby-calendar.jp/nazuke/nameranking2021/name_girls_under10	bc
2021	F	25	さくら	さくら	131	20位	https://baby-calendar.jp/nazuke/nameranking2021/name_girls_under10	bc
2021	F	26	柚葉	ゆずは	122	24位	https://baby-calendar.jp/nazuke/nameranking2021/name_girls_under10	bc
2021	F	27	莉緒	りお	121	37位	https://baby-calendar.jp/nazuke/nameranking2021/name_girls_under10	bc
2021	F	28	心陽	こはる,ここは,みはる	117	30位	https://baby-calendar.jp/nazuke/nameranking2021/name_girls_under10	bc
2021	F	29	莉央	りお	112	48位	https://baby-calendar.jp/nazuke/nameranking2021/name_girls_under10	bc
2021	F	29	芽生	めい	112	27位	https://baby-calendar.jp/nazuke/nameranking2021/name_girls_under10	bc
2021	F	31	心結	みゆ,ここな,みゆう	108	36位	https://baby-calendar.jp/nazuke/nameranking2021/name_girls_under10	bc
2021	F	32	花	はな	107	27位	https://baby-calendar.jp/nazuke/nameranking2021/name_girls_under10	bc
2021	F	33	花音	かのん	106	26位	https://baby-calendar.jp/nazuke/nameranking2021/name_girls_under10	bc
2021	F	34	紬希	つむぎ	104	33位	https://baby-calendar.jp/nazuke/nameranking2021/name_girls_under10	bc
2021	F	34	柚希	ゆずき,ゆの,ゆき	104	39位	https://baby-calendar.jp/nazuke/nameranking2021/name_girls_under10	bc
2021	F	34	朱莉	あかり,しゅり,じゅり	104	22位	https://baby-calendar.jp/nazuke/nameranking2021/name_girls_under10	bc
2021	F	37	蘭	らん	102	45位	https://baby-calendar.jp/nazuke/nameranking2021/name_girls_under10	bc
2021	F	38	杏奈	あんな,ももな	100	23位	https://baby-calendar.jp/nazuke/nameranking2021/name_girls_under10	bc
2021	F	38	美結	みゆ,みゆう	100	44位	https://baby-calendar.jp/nazuke/nameranking2021/name_girls_under10	bc
2021	F	38	琴音	ことね,こと	100	34位	https://baby-calendar.jp/nazuke/nameranking2021/name_girls_under10	bc
2021	F	41	陽菜乃	ひなの	99	50位	https://baby-calendar.jp/nazuke/nameranking2021/name_girls_under10	bc
2021	F	42	一花	いちか	98	30位	https://baby-calendar.jp/nazuke/nameranking2021/name_girls_under10	bc
2021	F	43	一華	いちか,かずは	96	35位	https://baby-calendar.jp/nazuke/nameranking2021/name_girls_under10	bc
2021	F	44	華	はな,はる	94	61位	https://baby-calendar.jp/nazuke/nameranking2021/name_girls_under10	bc
2021	F	45	光莉	ひかり,みつり	92	-	https://baby-calendar.jp/nazuke/nameranking2021/name_girls_under10	bc
2021	F	45	乃愛	のあ	92	97位	https://baby-calendar.jp/nazuke/nameranking2021/name_girls_under10	bc
2021	F	45	ひなた	ひなた	92	43位	https://baby-calendar.jp/nazuke/nameranking2021/name_girls_under10	bc
2021	F	48	碧	あおい,あお,みどり	89	79位	https://baby-calendar.jp/nazuke/nameranking2021/name_girls_under10	bc
2021	F	49	紗奈	さな,すずな	88	69位	https://baby-calendar.jp/nazuke/nameranking2021/name_girls_under10	bc
2021	F	49	鈴	すず,りん,れい	88	49位	https://baby-calendar.jp/nazuke/nameranking2021/name_girls_under10	bc
2021	F	51	詩乃	しの,うたの	86	59位	https://baby-calendar.jp/nazuke/nameranking2021/name_girls_under10	bc
2021	F	51	結	ゆい,ゆう	86	56位	https://baby-calendar.jp/nazuke/nameranking2021/name_girls_under10	bc
2021	F	53	雫	しずく	85	65位	https://baby-calendar.jp/nazuke/nameranking2021/name_girls_under10	bc
2021	F	54	紗菜	さな,すずな	84	50位	https://baby-calendar.jp/nazuke/nameranking2021/name_girls_under10	bc
2021	F	55	翠	すい,みどり	83	-	https://baby-calendar.jp/nazuke/nameranking2021/name_girls_under10	bc
2021	F	55	陽咲	ひなた,ひさき,ひより	83	62位	https://baby-calendar.jp/nazuke/nameranking2021/name_girls_under10	bc
2021	F	55	紗良	さら	83	60位	https://baby-calendar.jp/nazuke/nameranking2021/name_girls_under10	bc
2021	F	58	心晴	こはる,ここは,このは	82	72位	https://baby-calendar.jp/nazuke/nameranking2021/name_girls_under10	bc
2021	F	58	ひかり	ひかり	82	41位	https://baby-calendar.jp/nazuke/nameranking2021/name_girls_under10	bc
2021	F	58	莉愛	りあ,りま,りの	82	54位	https://baby-calendar.jp/nazuke/nameranking2021/name_girls_under10	bc
2021	F	61	あかり	あかり	81	40位	https://baby-calendar.jp/nazuke/nameranking2021/name_girls_under10	bc
2021	F	62	愛莉	あいり	80	47位	https://baby-calendar.jp/nazuke/nameranking2021/name_girls_under10	bc
2021	F	63	明莉	あかり	78	-	https://baby-calendar.jp/nazuke/nameranking2021/name_girls_under10	bc
2021	F	63	美羽	みう,みわ,みはね	78	83位	https://baby-calendar.jp/nazuke/nameranking2021/name_girls_under10	bc
2021	F	63	凪咲	なぎさ	78	-	https://baby-calendar.jp/nazuke/nameranking2021/name_girls_under10	bc
2021	F	66	依茉	えま	76	77位	https://baby-calendar.jp/nazuke/nameranking2021/name_girls_under10	bc
2021	F	67	凪紗	なぎさ	75	-	https://baby-calendar.jp/nazuke/nameranking2021/name_girls_under10	bc
2021	F	67	彩羽	いろは,あやは	75	85位	https://baby-calendar.jp/nazuke/nameranking2021/name_girls_under10	bc
2021	F	69	柚月	ゆづき,ゆずき,ゆづ	73	52位	https://baby-calendar.jp/nazuke/nameranking2021/name_girls_under10	bc
2021	F	70	菜月	なつき	71	72位	https://baby-calendar.jp/nazuke/nameranking2021/name_girls_under10	bc
2021	F	71	風花	ふうか	70	95位	https://baby-calendar.jp/nazuke/nameranking2021/name_girls_under10	bc
2021	F	71	咲希	さき,えま	70	53位	https://baby-calendar.jp/nazuke/nameranking2021/name_girls_under10	bc
2021	F	73	桜	さくら,おと	69	79位	https://baby-calendar.jp/nazuke/nameranking2021/name_girls_under10	bc
2021	F	74	玲奈	れな,れいな	68	65位	https://baby-calendar.jp/nazuke/nameranking2021/name_girls_under10	bc
2021	F	74	七海	ななみ	68	77位	https://baby-calendar.jp/nazuke/nameranking2021/name_girls_under10	bc
2021	F	74	和花	わか,のどか,ののか	68	46位	https://baby-calendar.jp/nazuke/nameranking2021/name_girls_under10	bc
2021	F	77	ひまり	ひまり	67	38位	https://baby-calendar.jp/nazuke/nameranking2021/name_girls_under10	bc
2021	F	78	すず	すず	66	58位	https://baby-calendar.jp/nazuke/nameranking2021/name_girls_under10	bc
2021	F	78	菫	すみれ	66	63位	https://baby-calendar.jp/nazuke/nameranking2021/name_girls_under10	bc
2021	F	80	葵衣	あおい,きい	65	85位	https://baby-calendar.jp/nazuke/nameranking2021/name_girls_under10	bc
2021	F	80	愛茉	えま	65	-	https://baby-calendar.jp/nazuke/nameranking2021/name_girls_under10	bc
2021	F	80	心音	ここね,ことね,みお	65	88位	https://baby-calendar.jp/nazuke/nameranking2021/name_girls_under10	bc
2021	F	83	柚乃	ゆの,ゆずの	63	-	https://baby-calendar.jp/nazuke/nameranking2021/name_girls_under10	bc
2021	F	84	愛菜	まな,あいな,えな	62	67位	https://baby-calendar.jp/nazuke/nameranking2021/name_girls_under10	bc
2021	F	84	朱里	あかり,しゅり,じゅり	62	88位	https://baby-calendar.jp/nazuke/nameranking2021/name_girls_under10	bc
2021	F	86	結葵	ゆあ,ゆき,ゆづき	61	-	https://baby-calendar.jp/nazuke/nameranking2021/name_girls_under10	bc
2021	F	86	百花	ももか,もか	61	76位	https://baby-calendar.jp/nazuke/nameranking2021/name_girls_under10	bc
2021	F	86	結心	ゆい,ゆな,ゆの	61	69位	https://baby-calendar.jp/nazuke/nameranking2021/name_girls_under10	bc
2021	F	86	柚羽	ゆずは,ゆわ	61	100位	https://baby-calendar.jp/nazuke/nameranking2021/name_girls_under10	bc
2021	F	90	莉帆	りほ	59	-	https://baby-calendar.jp/nazuke/nameranking2021/name_girls_under10	bc
2021	F	91	渚	なぎさ	58	-	https://baby-calendar.jp/nazuke/nameranking2021/name_girls_under10	bc
2021	F	91	いろは	いろは	58	54位	https://baby-calendar.jp/nazuke/nameranking2021/name_girls_under10	bc
2021	F	93	希帆	きほ	56	-	https://baby-calendar.jp/nazuke/nameranking2021/name_girls_under10	bc
2021	F	93	つむぎ	つむぎ	56	72位	https://baby-calendar.jp/nazuke/nameranking2021/name_girls_under10	bc
2021	F	95	心美	ここみ,ここ,ことみ	55	-	https://baby-calendar.jp/nazuke/nameranking2021/name_girls_under10	bc
2021	F	95	唯	ゆい	55	-	https://baby-calendar.jp/nazuke/nameranking2021/name_girls_under10	bc
2021	F	95	咲	さき,えみ,さく	55	-	https://baby-calendar.jp/nazuke/nameranking2021/name_girls_under10	bc
2021	F	98	梨乃	りの	54	-	https://baby-calendar.jp/nazuke/nameranking2021/name_girls_under10	bc
2021	F	98	咲那	さな,えな,えみな	54	-	https://baby-calendar.jp/nazuke/nameranking2021/name_girls_under10	bc
2021	F	98	すみれ	すみれ	54	75位	https://baby-calendar.jp/nazuke/nameranking2021/name_girls_under10	bc
2022	M	1	碧	あお、あおい	273	7位	https://baby-calendar.jp/nazuke/nameranking2022	bc
2022	M	2	陽翔	はると、ひなと、ひなた	268	2位	https://baby-calendar.jp/nazuke/nameranking2022	bc
2022	M	3	蓮	れん	245	1位	https://baby-calendar.jp/nazuke/nameranking2022	bc
2022	M	4	蒼	あおい、あお、そう	237	4位	https://baby-calendar.jp/nazuke/nameranking2022	bc
2022	M	5	朝陽	あさひ	206	5位	https://baby-calendar.jp/nazuke/nameranking2022	bc
2022	M	6	蒼空	そら、あお、あおと	198	18位	https://baby-calendar.jp/nazuke/nameranking2022	bc
2022	M	7	湊	みなと、そう	196	3位	https://baby-calendar.jp/nazuke/nameranking2022	bc
2022	M	8	悠真	ゆうま、はるま、ゆうしん	195	9位	https://baby-calendar.jp/nazuke/nameranking2022	bc
2022	M	9	結翔	ゆいと、ゆうと、けいと	187	10位	https://baby-calendar.jp/nazuke/nameranking2022	bc
2022	M	10	陽向	ひなた、ひゅうが	180	21位	https://baby-calendar.jp/nazuke/nameranking2022	bc
2022	F	1	陽葵	ひまり、ひなた、ひな	317	3位	https://baby-calendar.jp/nazuke/nameranking2022	bc
2022	F	2	凛	りん	292	2位	https://baby-calendar.jp/nazuke/nameranking2022	bc
2022	F	3	芽依	めい	212	6位	https://baby-calendar.jp/nazuke/nameranking2022	bc
2022	F	3	葵	あおい、あお	212	4位	https://baby-calendar.jp/nazuke/nameranking2022	bc
2022	F	5	詩	うた	209	22位	https://baby-calendar.jp/nazuke/nameranking2022	bc
2022	F	6	結菜	ゆいな、ゆな、ゆうな	207	7位	https://baby-calendar.jp/nazuke/nameranking2022	bc
2022	F	7	莉子	りこ	203	10位	https://baby-calendar.jp/nazuke/nameranking2022	bc
2022	F	8	紬	つむぎ	191	1位	https://baby-calendar.jp/nazuke/nameranking2022	bc
2022	F	9	陽菜	ひな、はるな、ひなた	186	9位	https://baby-calendar.jp/nazuke/nameranking2022	bc
2022	F	10	澪	みお、れい、しずく	180	5位	https://baby-calendar.jp/nazuke/nameranking2022	bc
2022	M	11	伊織	いおり	177	13位	https://baby-calendar.jp/nazuke/nameranking2022/name_boys_under10	bc
2022	M	12	大和	やまと	175	12位	https://baby-calendar.jp/nazuke/nameranking2022/name_boys_under10	bc
2022	M	13	凪	なぎ、なぎさ	172	19位	https://baby-calendar.jp/nazuke/nameranking2022/name_boys_under10	bc
2022	M	14	颯真	そうま、ふうま	171	11位	https://baby-calendar.jp/nazuke/nameranking2022/name_boys_under10	bc
2022	M	15	律	りつ	167	16位	https://baby-calendar.jp/nazuke/nameranking2022/name_boys_under10	bc
2022	M	15	樹	いつき、たつき	167	6位	https://baby-calendar.jp/nazuke/nameranking2022/name_boys_under10	bc
2022	M	17	大翔	ひろと、たいが、やまと	151	8位	https://baby-calendar.jp/nazuke/nameranking2022/name_boys_under10	bc
2022	M	18	陽大	ひなた、はると、ようた	143	30位	https://baby-calendar.jp/nazuke/nameranking2022/name_boys_under10	bc
2022	M	18	湊斗	みなと	143	14位	https://baby-calendar.jp/nazuke/nameranking2022/name_boys_under10	bc
2022	M	20	暖	だん、はる、ひなた	137	15位	https://baby-calendar.jp/nazuke/nameranking2022/name_boys_under10	bc
2022	M	21	陽太	ひなた、ようた、はるた	136	23位	https://baby-calendar.jp/nazuke/nameranking2022/name_boys_under10	bc
2022	M	22	颯	はやて、そう、はやと	135	16位	https://baby-calendar.jp/nazuke/nameranking2022/name_boys_under10	bc
2022	M	23	朔	さく、はじめ	133	27位	https://baby-calendar.jp/nazuke/nameranking2022/name_boys_under10	bc
2022	M	24	陽斗	はると、ひなと、あきと	128	38位	https://baby-calendar.jp/nazuke/nameranking2022/name_boys_under10	bc
2022	M	25	琉生	るい、りゅうせい、るき	127	32位	https://baby-calendar.jp/nazuke/nameranking2022/name_boys_under10	bc
2022	M	25	陽	はる、ひなた、よう	127	33位	https://baby-calendar.jp/nazuke/nameranking2022/name_boys_under10	bc
2022	M	27	悠	ゆう、はる、はるか	126	43位	https://baby-calendar.jp/nazuke/nameranking2022/name_boys_under10	bc
2022	M	28	悠人	ゆうと、はると、ひさと	125	26位	https://baby-calendar.jp/nazuke/nameranking2022/name_boys_under10	bc
2022	M	29	晴	はる、はれ、せい	115	35位	https://baby-calendar.jp/nazuke/nameranking2022/name_boys_under10	bc
2022	M	30	陸	りく	114	25位	https://baby-calendar.jp/nazuke/nameranking2022/name_boys_under10	bc
2022	M	30	蒼大	そうた、あおと、あお	114	20位	https://baby-calendar.jp/nazuke/nameranking2022/name_boys_under10	bc
2022	M	32	蒼真	そうま、あおま	106	23位	https://baby-calendar.jp/nazuke/nameranking2022/name_boys_under10	bc
2022	M	33	新	あらた、しん	103	22位	https://baby-calendar.jp/nazuke/nameranking2022/name_boys_under10	bc
2022	M	34	碧斗	あおと、りくと	100	29位	https://baby-calendar.jp/nazuke/nameranking2022/name_boys_under10	bc
2022	M	35	悠翔	はると、ゆうと、ゆうが	99	43位	https://baby-calendar.jp/nazuke/nameranking2022/name_boys_under10	bc
2022	M	36	柊	しゅう、ひいらぎ	98	99位	https://baby-calendar.jp/nazuke/nameranking2022/name_boys_under10	bc
2022	M	36	碧人	あおと	98	39位	https://baby-calendar.jp/nazuke/nameranking2022/name_boys_under10	bc
2022	M	38	大雅	たいが	96	84位	https://baby-calendar.jp/nazuke/nameranking2022/name_boys_under10	bc
2022	M	38	旭	あさひ、しゅう	96	30位	https://baby-calendar.jp/nazuke/nameranking2022/name_boys_under10	bc
2022	M	40	葵	あおい、あお	95	51位	https://baby-calendar.jp/nazuke/nameranking2022/name_boys_under10	bc
2022	M	41	颯太	そうた、はやた、ふうた	92	48位	https://baby-calendar.jp/nazuke/nameranking2022/name_boys_under10	bc
2022	M	41	湊翔	みなと	92	82位	https://baby-calendar.jp/nazuke/nameranking2022/name_boys_under10	bc
2022	M	43	結斗	ゆいと、ゆうと	89	33位	https://baby-calendar.jp/nazuke/nameranking2022/name_boys_under10	bc
2022	M	44	悠斗	ゆうと、はると、ひさと	88	28位	https://baby-calendar.jp/nazuke/nameranking2022/name_boys_under10	bc
2022	M	45	楓	かえで	87	37位	https://baby-calendar.jp/nazuke/nameranking2022/name_boys_under10	bc
2022	M	46	海翔	かいと、ひろと	86	46位	https://baby-calendar.jp/nazuke/nameranking2022/name_boys_under10	bc
2022	M	47	大晴	たいせい	84	56位	https://baby-calendar.jp/nazuke/nameranking2022/name_boys_under10	bc
2022	M	48	律希	りつき	83	47位	https://baby-calendar.jp/nazuke/nameranking2022/name_boys_under10	bc
2022	M	48	空	そら	83	75位	https://baby-calendar.jp/nazuke/nameranking2022/name_boys_under10	bc
2022	M	50	怜	れい、れん	82	51位	https://baby-calendar.jp/nazuke/nameranking2022/name_boys_under10	bc
2022	M	50	奏翔	かなと	82	99位	https://baby-calendar.jp/nazuke/nameranking2022/name_boys_under10	bc
2022	M	52	奏汰	かなた、そうた	81	36位	https://baby-calendar.jp/nazuke/nameranking2022/name_boys_under10	bc
2022	M	53	悠生	ゆうせい、はるき、ゆうき	80	53位	https://baby-calendar.jp/nazuke/nameranking2022/name_boys_under10	bc
2022	M	54	晴翔	はると	79	53位	https://baby-calendar.jp/nazuke/nameranking2022/name_boys_under10	bc
2022	M	55	奏多	かなた、そうた	78	65位	https://baby-calendar.jp/nazuke/nameranking2022/name_boys_under10	bc
2022	M	56	奏太	そうた、かなた	77	43位	https://baby-calendar.jp/nazuke/nameranking2022/name_boys_under10	bc
2022	M	56	岳	がく、たける	77	53位	https://baby-calendar.jp/nazuke/nameranking2022/name_boys_under10	bc
2022	M	58	凌久	りく	76	83位	https://baby-calendar.jp/nazuke/nameranking2022/name_boys_under10	bc
2022	M	59	仁	じん、ひとし	75	59位	https://baby-calendar.jp/nazuke/nameranking2022/name_boys_under10	bc
2022	M	59	海斗	かいと	75	50位	https://baby-calendar.jp/nazuke/nameranking2022/name_boys_under10	bc
2022	M	61	蒼生	あおい、あお、あおば	74	63位	https://baby-calendar.jp/nazuke/nameranking2022/name_boys_under10	bc
2022	M	62	一颯	いぶき、いっさ、いちは	71	42位	https://baby-calendar.jp/nazuke/nameranking2022/name_boys_under10	bc
2022	M	63	絢斗	あやと、けんと、はると	70	60位	https://baby-calendar.jp/nazuke/nameranking2022/name_boys_under10	bc
2022	M	64	颯人	はやと、はると	69	39位	https://baby-calendar.jp/nazuke/nameranking2022/name_boys_under10	bc
2022	M	64	陸斗	りくと、りと	69	39位	https://baby-calendar.jp/nazuke/nameranking2022/name_boys_under10	bc
2022	M	66	翔	しょう、かける	68	63位	https://baby-calendar.jp/nazuke/nameranking2022/name_boys_under10	bc
2022	M	67	楓真	ふうま	67	78位	https://baby-calendar.jp/nazuke/nameranking2022/name_boys_under10	bc
2022	M	67	大智	だいち、たいち	67	61位	https://baby-calendar.jp/nazuke/nameranking2022/name_boys_under10	bc
2022	M	67	結仁	ゆいと、ゆうと、ゆうじん	67	91位	https://baby-calendar.jp/nazuke/nameranking2022/name_boys_under10	bc
2022	M	70	千颯	ちはや	65	-	https://baby-calendar.jp/nazuke/nameranking2022/name_boys_under10	bc
2022	M	71	遥斗	はると	64	49位	https://baby-calendar.jp/nazuke/nameranking2022/name_boys_under10	bc
2022	M	71	湊大	みなと、そうた、そうだい	64	-	https://baby-calendar.jp/nazuke/nameranking2022/name_boys_under10	bc
2022	M	73	怜央	れお	63	-	https://baby-calendar.jp/nazuke/nameranking2022/name_boys_under10	bc
2022	M	73	理人	りひと、りと、あやと	63	97位	https://baby-calendar.jp/nazuke/nameranking2022/name_boys_under10	bc
2022	M	73	大河	たいが	63	-	https://baby-calendar.jp/nazuke/nameranking2022/name_boys_under10	bc
2022	M	73	壮真	そうま	63	56位	https://baby-calendar.jp/nazuke/nameranking2022/name_boys_under10	bc
2022	M	77	蒼翔	あおと、そら	61	80位	https://baby-calendar.jp/nazuke/nameranking2022/name_boys_under10	bc
2022	M	78	琥太郎	こたろう	60	-	https://baby-calendar.jp/nazuke/nameranking2022/name_boys_under10	bc
2022	M	78	善	ぜん、せん	60	74位	https://baby-calendar.jp/nazuke/nameranking2022/name_boys_under10	bc
2022	M	80	迅	じん、しゅん、しん	59	91位	https://baby-calendar.jp/nazuke/nameranking2022/name_boys_under10	bc
2022	M	81	櫂	かい、かいと	58	69位	https://baby-calendar.jp/nazuke/nameranking2022/name_boys_under10	bc
2022	M	81	太陽	たいよう、ひなた	58	65位	https://baby-calendar.jp/nazuke/nameranking2022/name_boys_under10	bc
2022	M	81	朔久	さく	58	-	https://baby-calendar.jp/nazuke/nameranking2022/name_boys_under10	bc
2022	M	84	想	そう、そら	57	-	https://baby-calendar.jp/nazuke/nameranking2022/name_boys_under10	bc
2022	M	85	颯汰	そうた、ふうた、はやた	56	58位	https://baby-calendar.jp/nazuke/nameranking2022/name_boys_under10	bc
2022	M	86	悠希	はるき、ゆうき	55	70位	https://baby-calendar.jp/nazuke/nameranking2022/name_boys_under10	bc
2022	M	86	湊音	みなと	55	-	https://baby-calendar.jp/nazuke/nameranking2022/name_boys_under10	bc
2022	M	88	颯斗	はやと、りくと	54	80位	https://baby-calendar.jp/nazuke/nameranking2022/name_boys_under10	bc
2022	M	88	蒼太	そうた	54	73位	https://baby-calendar.jp/nazuke/nameranking2022/name_boys_under10	bc
2022	M	88	千隼	ちはや	54	-	https://baby-calendar.jp/nazuke/nameranking2022/name_boys_under10	bc
2022	M	88	晴琉	はる	54	-	https://baby-calendar.jp/nazuke/nameranking2022/name_boys_under10	bc
2022	M	92	凌空	りく、りょうあ	53	-	https://baby-calendar.jp/nazuke/nameranking2022/name_boys_under10	bc
2022	M	93	陽葵	はるき、ひなた	52	-	https://baby-calendar.jp/nazuke/nameranking2022/name_boys_under10	bc
2022	M	93	蒼士	そうし、あおと、あおし	52	91位	https://baby-calendar.jp/nazuke/nameranking2022/name_boys_under10	bc
2022	M	93	結人	ゆいと、ゆうと	52	-	https://baby-calendar.jp/nazuke/nameranking2022/name_boys_under10	bc
2022	M	96	悠陽	ゆうひ、はるひ	51	-	https://baby-calendar.jp/nazuke/nameranking2022/name_boys_under10	bc
2022	M	96	歩	あゆむ	51	79位	https://baby-calendar.jp/nazuke/nameranking2022/name_boys_under10	bc
2022	M	96	光希	みつき、こうき	51	77位	https://baby-calendar.jp/nazuke/nameranking2022/name_boys_under10	bc
2022	M	99	琉翔	るいと、るか、りゅうと	50	-	https://baby-calendar.jp/nazuke/nameranking2022/name_boys_under10	bc
2022	M	99	理玖	りく	50	-	https://baby-calendar.jp/nazuke/nameranking2022/name_boys_under10	bc
2022	M	99	奏斗	かなと	50	91位	https://baby-calendar.jp/nazuke/nameranking2022/name_boys_under10	bc
2022	F	11	結月	ゆづき、ゆつき、むつき	178	8位	https://baby-calendar.jp/nazuke/nameranking2022/name_girls_under10	bc
2022	F	12	咲茉	えま	173	16位	https://baby-calendar.jp/nazuke/nameranking2022/name_girls_under10	bc
2022	F	13	結愛	ゆあ、ゆな、ゆめ	156	12位	https://baby-calendar.jp/nazuke/nameranking2022/name_girls_under10	bc
2022	F	14	琴葉	ことは	154	17位	https://baby-calendar.jp/nazuke/nameranking2022/name_girls_under10	bc
2022	F	15	結衣	ゆい	146	11位	https://baby-calendar.jp/nazuke/nameranking2022/name_girls_under10	bc
2022	F	16	彩葉	いろは、あやは	144	13位	https://baby-calendar.jp/nazuke/nameranking2022/name_girls_under10	bc
2022	F	17	楓	かえで、ふう	137	17位	https://baby-calendar.jp/nazuke/nameranking2022/name_girls_under10	bc
2022	F	18	凜	りん	132	20位	https://baby-calendar.jp/nazuke/nameranking2022/name_girls_under10	bc
2022	F	19	翠	すい、みどり	131	55位	https://baby-calendar.jp/nazuke/nameranking2022/name_girls_under10	bc
2022	F	20	柚葉	ゆずは	128	26位	https://baby-calendar.jp/nazuke/nameranking2022/name_girls_under10	bc
2022	F	20	咲良	さくら、さら	128	14位	https://baby-calendar.jp/nazuke/nameranking2022/name_girls_under10	bc
2022	F	22	莉緒	りお	124	27位	https://baby-calendar.jp/nazuke/nameranking2022/name_girls_under10	bc
2022	F	23	凪	なぎ、なぎさ	122	24位	https://baby-calendar.jp/nazuke/nameranking2022/name_girls_under10	bc
2022	F	24	杏	あん、あんず	121	15位	https://baby-calendar.jp/nazuke/nameranking2022/name_girls_under10	bc
2022	F	25	美月	みつき、みづき	117	19位	https://baby-calendar.jp/nazuke/nameranking2022/name_girls_under10	bc
2022	F	25	心春	こはる、ここは、ことは	117	23位	https://baby-calendar.jp/nazuke/nameranking2022/name_girls_under10	bc
2022	F	27	美桜	みお、みおう	113	21位	https://baby-calendar.jp/nazuke/nameranking2022/name_girls_under10	bc
2022	F	28	心陽	こはる、みお、ここは	108	28位	https://baby-calendar.jp/nazuke/nameranking2022/name_girls_under10	bc
2022	F	28	一華	いちか、ひな、いちは	108	43位	https://baby-calendar.jp/nazuke/nameranking2022/name_girls_under10	bc
2022	F	28	杏奈	あんな	108	38位	https://baby-calendar.jp/nazuke/nameranking2022/name_girls_under10	bc
2022	F	28	ひなた	ひなた	108	45位	https://baby-calendar.jp/nazuke/nameranking2022/name_girls_under10	bc
2022	F	32	依茉	えま	107	66位	https://baby-calendar.jp/nazuke/nameranking2022/name_girls_under10	bc
2022	F	33	紬希	つむぎ、つき	105	34位	https://baby-calendar.jp/nazuke/nameranking2022/name_girls_under10	bc
2022	F	33	光莉	ひかり、みつり	105	45位	https://baby-calendar.jp/nazuke/nameranking2022/name_girls_under10	bc
2022	F	35	芽生	めい、めばえ	104	29位	https://baby-calendar.jp/nazuke/nameranking2022/name_girls_under10	bc
2022	F	36	紗奈	さな、すずな	102	49位	https://baby-calendar.jp/nazuke/nameranking2022/name_girls_under10	bc
2022	F	36	さくら	さくら	102	25位	https://baby-calendar.jp/nazuke/nameranking2022/name_girls_under10	bc
2022	F	38	莉央	りお	101	29位	https://baby-calendar.jp/nazuke/nameranking2022/name_girls_under10	bc
2022	F	39	蘭	らん	100	37位	https://baby-calendar.jp/nazuke/nameranking2022/name_girls_under10	bc
2022	F	39	心結	みゆ、ここな、みゆう	100	31位	https://baby-calendar.jp/nazuke/nameranking2022/name_girls_under10	bc
2022	F	41	朱莉	あかり、しゅり、じゅり	98	34位	https://baby-calendar.jp/nazuke/nameranking2022/name_girls_under10	bc
2022	F	42	陽咲	ひなた、ひさき、ひさ	97	55位	https://baby-calendar.jp/nazuke/nameranking2022/name_girls_under10	bc
2022	F	43	愛茉	えま	95	80位	https://baby-calendar.jp/nazuke/nameranking2022/name_girls_under10	bc
2022	F	44	柚希	ゆずき、ゆき、ゆの	94	34位	https://baby-calendar.jp/nazuke/nameranking2022/name_girls_under10	bc
2022	F	45	凪咲	なぎさ	92	63位	https://baby-calendar.jp/nazuke/nameranking2022/name_girls_under10	bc
2022	F	46	美結	みゆ、みゆう	89	38位	https://baby-calendar.jp/nazuke/nameranking2022/name_girls_under10	bc
2022	F	47	凪紗	なぎさ	88	67位	https://baby-calendar.jp/nazuke/nameranking2022/name_girls_under10	bc
2022	F	48	花音	かのん、はの	87	33位	https://baby-calendar.jp/nazuke/nameranking2022/name_girls_under10	bc
2022	F	49	莉愛	りあ、まりあ、りお	86	58位	https://baby-calendar.jp/nazuke/nameranking2022/name_girls_under10	bc
2022	F	49	紗菜	さな、すずな	86	54位	https://baby-calendar.jp/nazuke/nameranking2022/name_girls_under10	bc
2022	F	49	琴音	ことね、こと	86	38位	https://baby-calendar.jp/nazuke/nameranking2022/name_girls_under10	bc
2022	F	49	花	はな	86	32位	https://baby-calendar.jp/nazuke/nameranking2022/name_girls_under10	bc
2022	F	53	雫	しずく	84	53位	https://baby-calendar.jp/nazuke/nameranking2022/name_girls_under10	bc
2022	F	54	一花	いちか	82	42位	https://baby-calendar.jp/nazuke/nameranking2022/name_girls_under10	bc
2022	F	55	乃愛	のあ	81	45位	https://baby-calendar.jp/nazuke/nameranking2022/name_girls_under10	bc
2022	F	55	心晴	こはる、ここは、みはる	81	58位	https://baby-calendar.jp/nazuke/nameranking2022/name_girls_under10	bc
2022	F	57	陽菜乃	ひなの	80	41位	https://baby-calendar.jp/nazuke/nameranking2022/name_girls_under10	bc
2022	F	58	風花	ふうか	79	71位	https://baby-calendar.jp/nazuke/nameranking2022/name_girls_under10	bc
2022	F	59	詩乃	しの、うたの、ことの	78	51位	https://baby-calendar.jp/nazuke/nameranking2022/name_girls_under10	bc
2022	F	59	ひかり	ひかり	78	58位	https://baby-calendar.jp/nazuke/nameranking2022/name_girls_under10	bc
2022	F	61	愛莉	あいり	75	62位	https://baby-calendar.jp/nazuke/nameranking2022/name_girls_under10	bc
2022	F	62	碧	あおい、あお	74	48位	https://baby-calendar.jp/nazuke/nameranking2022/name_girls_under10	bc
2022	F	62	咲那	さな、えな、えみな	74	98位	https://baby-calendar.jp/nazuke/nameranking2022/name_girls_under10	bc
2022	F	64	鈴	すず、りん、れい	72	49位	https://baby-calendar.jp/nazuke/nameranking2022/name_girls_under10	bc
2022	F	65	百花	ももか、もか	71	86位	https://baby-calendar.jp/nazuke/nameranking2022/name_girls_under10	bc
2022	F	66	すず	すず	70	78位	https://baby-calendar.jp/nazuke/nameranking2022/name_girls_under10	bc
2022	F	67	ひまり	ひまり	69	77位	https://baby-calendar.jp/nazuke/nameranking2022/name_girls_under10	bc
2022	F	68	菜月	なつき	67	70位	https://baby-calendar.jp/nazuke/nameranking2022/name_girls_under10	bc
2022	F	69	玲奈	れな、れいな	66	74位	https://baby-calendar.jp/nazuke/nameranking2022/name_girls_under10	bc
2022	F	69	和花	わか、のどか、ほのか	66	74位	https://baby-calendar.jp/nazuke/nameranking2022/name_girls_under10	bc
2022	F	69	結	ゆい、ゆう	66	51位	https://baby-calendar.jp/nazuke/nameranking2022/name_girls_under10	bc
2022	F	72	愛菜	まな、あいな、えな	65	84位	https://baby-calendar.jp/nazuke/nameranking2022/name_girls_under10	bc
2022	F	73	茉白	ましろ	64	-	https://baby-calendar.jp/nazuke/nameranking2022/name_girls_under10	bc
2022	F	73	優月	ゆづき、うる、ゆづ	64	-	https://baby-calendar.jp/nazuke/nameranking2022/name_girls_under10	bc
2022	F	73	結葵	ゆあ、ゆき、むぎ	64	86位	https://baby-calendar.jp/nazuke/nameranking2022/name_girls_under10	bc
2022	F	76	六花	りっか、りつか、ろっか	61	-	https://baby-calendar.jp/nazuke/nameranking2022/name_girls_under10	bc
2022	F	76	柚乃	ゆの、ゆずの	61	83位	https://baby-calendar.jp/nazuke/nameranking2022/name_girls_under10	bc
2022	F	76	結心	ゆな、ゆい、ゆの	61	86位	https://baby-calendar.jp/nazuke/nameranking2022/name_girls_under10	bc
2022	F	79	七海	ななみ、なみ	59	74位	https://baby-calendar.jp/nazuke/nameranking2022/name_girls_under10	bc
2022	F	80	千晴	ちはる、ちせ	58	-	https://baby-calendar.jp/nazuke/nameranking2022/name_girls_under10	bc
2022	F	81	紗良	さら	57	55位	https://baby-calendar.jp/nazuke/nameranking2022/name_girls_under10	bc
2022	F	81	詩葉	うたは、ことは、おとは	57	-	https://baby-calendar.jp/nazuke/nameranking2022/name_girls_under10	bc
2022	F	81	渚	なぎさ	57	91位	https://baby-calendar.jp/nazuke/nameranking2022/name_girls_under10	bc
2022	F	81	桜	さくら	57	73位	https://baby-calendar.jp/nazuke/nameranking2022/name_girls_under10	bc
2022	F	81	彩羽	いろは、あやは	57	67位	https://baby-calendar.jp/nazuke/nameranking2022/name_girls_under10	bc
2022	F	81	葵衣	あおい、きい	57	80位	https://baby-calendar.jp/nazuke/nameranking2022/name_girls_under10	bc
2022	F	81	あかり	あかり	57	61位	https://baby-calendar.jp/nazuke/nameranking2022/name_girls_under10	bc
2022	F	88	栞奈	かんな	56	-	https://baby-calendar.jp/nazuke/nameranking2022/name_girls_under10	bc
2022	F	88	紬葵	つむぎ	56	-	https://baby-calendar.jp/nazuke/nameranking2022/name_girls_under10	bc
2022	F	88	咲来	さら、さくら、さく	56	-	https://baby-calendar.jp/nazuke/nameranking2022/name_girls_under10	bc
2022	F	91	怜奈	れいな、れな	55	-	https://baby-calendar.jp/nazuke/nameranking2022/name_girls_under10	bc
2022	F	91	柚羽	ゆずは	55	86位	https://baby-calendar.jp/nazuke/nameranking2022/name_girls_under10	bc
2022	F	91	陽向	ひなた、ひな	55	-	https://baby-calendar.jp/nazuke/nameranking2022/name_girls_under10	bc
2022	F	91	明莉	あかり	55	63位	https://baby-calendar.jp/nazuke/nameranking2022/name_girls_under10	bc
2022	F	91	美羽	みう、うるは、みわ	55	63位	https://baby-calendar.jp/nazuke/nameranking2022/name_girls_under10	bc
2022	F	91	絃葉	いとは	55	-	https://baby-calendar.jp/nazuke/nameranking2022/name_girls_under10	bc
2022	F	91	永茉	えま	55	-	https://baby-calendar.jp/nazuke/nameranking2022/name_girls_under10	bc
2022	F	98	柚月	ゆづき、ゆずき	53	69位	https://baby-calendar.jp/nazuke/nameranking2022/name_girls_under10	bc
2022	F	98	楓華	ふうか	53	-	https://baby-calendar.jp/nazuke/nameranking2022/name_girls_under10	bc
2022	F	98	咲希	さき、さつき、えま	53	71位	https://baby-calendar.jp/nazuke/nameranking2022/name_girls_under10	bc
2022	F	98	音羽	おとは	53	-	https://baby-calendar.jp/nazuke/nameranking2022/name_girls_under10	bc
2023	M	1	蓮	れん	236	3位	https://baby-calendar.jp/nazuke/nameranking2023	bc
2023	M	2	陽翔	はると、ひなと、ひなた	234	2位	https://baby-calendar.jp/nazuke/nameranking2023	bc
2023	M	3	碧	あお、あおい、みどり	220	1位	https://baby-calendar.jp/nazuke/nameranking2023	bc
2023	M	4	湊	みなと、そう	198	7位	https://baby-calendar.jp/nazuke/nameranking2023	bc
2023	M	4	結翔	ゆいと、ゆうと、けいと	182	9位	https://baby-calendar.jp/nazuke/nameranking2023	bc
2023	M	6	蒼	あおい、あお、そう、そら	180	4位	https://baby-calendar.jp/nazuke/nameranking2023	bc
2023	M	7	湊斗	みなと	168	18位	https://baby-calendar.jp/nazuke/nameranking2023	bc
2023	M	8	凪	なぎ、なぎさ	167	13位	https://baby-calendar.jp/nazuke/nameranking2023	bc
2023	M	9	律	りつ	159	15位	https://baby-calendar.jp/nazuke/nameranking2023	bc
2023	M	10	朝陽	あさひ	156	5位	https://baby-calendar.jp/nazuke/nameranking2023	bc
2023	F	1	陽葵	ひまり、ひなた、ひな	227	1位	https://baby-calendar.jp/nazuke/nameranking2023	bc
2023	F	2	凛	りん	223	2位	https://baby-calendar.jp/nazuke/nameranking2023	bc
2023	F	3	翠	すい、みどり	185	19位	https://baby-calendar.jp/nazuke/nameranking2023	bc
2023	F	4	紬	つむぎ	181	8位	https://baby-calendar.jp/nazuke/nameranking2023	bc
2023	F	5	芽依	めい	163	3位	https://baby-calendar.jp/nazuke/nameranking2023	bc
2023	F	6	結愛	ゆあ、ゆな、ゆいな	154	13位	https://baby-calendar.jp/nazuke/nameranking2023	bc
2023	F	7	結菜	ゆいな、ゆな、ゆうな	152	6位	https://baby-calendar.jp/nazuke/nameranking2023	bc
2023	F	8	琴葉	ことは	142	14位	https://baby-calendar.jp/nazuke/nameranking2023	bc
2023	F	9	莉子	りこ	139	7位	https://baby-calendar.jp/nazuke/nameranking2023	bc
2023	F	10	陽菜	ひな、はるな、ひなの	136	9位	https://baby-calendar.jp/nazuke/nameranking2023	bc
2023	M	11	暖	だん、はる、ひなた	149	20位	https://baby-calendar.jp/nazuke/nameranking2023/name_boys_under10	bc
2023	M	12	蒼空	そら、あお、そうあ	146	6位	https://baby-calendar.jp/nazuke/nameranking2023/name_boys_under10	bc
2023	M	13	陽向	ひなた、ひゅうが	142	10位	https://baby-calendar.jp/nazuke/nameranking2023/name_boys_under10	bc
2023	M	14	樹	いつき、たつき、じゅり	140	15位	https://baby-calendar.jp/nazuke/nameranking2023/name_boys_under10	bc
2023	M	15	颯真	そうま、ふうま	134	14位	https://baby-calendar.jp/nazuke/nameranking2023/name_boys_under10	bc
2023	M	16	大翔	ひろと、やまと、はると	133	17位	https://baby-calendar.jp/nazuke/nameranking2023/name_boys_under10	bc
2023	M	17	颯	そう、はやて、はやと	124	22位	https://baby-calendar.jp/nazuke/nameranking2023/name_boys_under10	bc
2023	M	17	大和	やまと、たお	124	12位	https://baby-calendar.jp/nazuke/nameranking2023/name_boys_under10	bc
2023	M	19	悠真	ゆうま、はるま、ゆうしん	123	8位	https://baby-calendar.jp/nazuke/nameranking2023/name_boys_under10	bc
2023	M	20	伊織	いおり	117	11位	https://baby-calendar.jp/nazuke/nameranking2023/name_boys_under10	bc
2023	M	21	旭	あさひ	111	38位	https://baby-calendar.jp/nazuke/nameranking2023/name_boys_under10	bc
2023	M	22	碧斗	あおと、りくと、あいと	109	34位	https://baby-calendar.jp/nazuke/nameranking2023/name_boys_under10	bc
2023	M	22	朔	さく、はじめ	109	23位	https://baby-calendar.jp/nazuke/nameranking2023/name_boys_under10	bc
2023	M	24	琉生	るい、りゅうせい、るき	104	25位	https://baby-calendar.jp/nazuke/nameranking2023/name_boys_under10	bc
2023	M	25	陽	はる、よう、ひなた	99	25位	https://baby-calendar.jp/nazuke/nameranking2023/name_boys_under10	bc
2023	M	26	律希	りつき	94	48位	https://baby-calendar.jp/nazuke/nameranking2023/name_boys_under10	bc
2023	M	27	陽大	ひなた、はると	93	18位	https://baby-calendar.jp/nazuke/nameranking2023/name_boys_under10	bc
2023	M	27	蒼大	そうた、あお、あおと	93	30位	https://baby-calendar.jp/nazuke/nameranking2023/name_boys_under10	bc
2023	M	29	新	あらた、しん	92	33位	https://baby-calendar.jp/nazuke/nameranking2023/name_boys_under10	bc
2023	M	30	結斗	ゆいと、ゆうと	90	43位	https://baby-calendar.jp/nazuke/nameranking2023/name_boys_under10	bc
2023	M	31	悠人	ゆうと、はると	89	28位	https://baby-calendar.jp/nazuke/nameranking2023/name_boys_under10	bc
2023	M	32	陽斗	はると、ひなと、ひろと	86	24位	https://baby-calendar.jp/nazuke/nameranking2023/name_boys_under10	bc
2023	M	33	陸	りく	85	30位	https://baby-calendar.jp/nazuke/nameranking2023/name_boys_under10	bc
2023	M	33	想	そう	85	84位	https://baby-calendar.jp/nazuke/nameranking2023/name_boys_under10	bc
2023	M	35	陽太	ひなた、ようた、はるた	81	21位	https://baby-calendar.jp/nazuke/nameranking2023/name_boys_under10	bc
2023	M	35	悠	ゆう、はる、はるか	81	27位	https://baby-calendar.jp/nazuke/nameranking2023/name_boys_under10	bc
2023	M	35	海翔	かいと	81	46位	https://baby-calendar.jp/nazuke/nameranking2023/name_boys_under10	bc
2023	M	38	大晴	たいせい	80	47位	https://baby-calendar.jp/nazuke/nameranking2023/name_boys_under10	bc
2023	M	39	悠翔	ゆうと、はると、はるか	78	35位	https://baby-calendar.jp/nazuke/nameranking2023/name_boys_under10	bc
2023	M	40	颯太	そうた、はやた	77	41位	https://baby-calendar.jp/nazuke/nameranking2023/name_boys_under10	bc
2023	M	40	碧人	あおと、あいと	77	36位	https://baby-calendar.jp/nazuke/nameranking2023/name_boys_under10	bc
2023	M	40	楓真	ふうま	77	67位	https://baby-calendar.jp/nazuke/nameranking2023/name_boys_under10	bc
2023	M	43	奏汰	かなた、そうた	74	52位	https://baby-calendar.jp/nazuke/nameranking2023/name_boys_under10	bc
2023	M	44	蒼真	そうま、あおま	73	32位	https://baby-calendar.jp/nazuke/nameranking2023/name_boys_under10	bc
2023	M	45	楓	かえで	72	45位	https://baby-calendar.jp/nazuke/nameranking2023/name_boys_under10	bc
2023	M	45	湊翔	みなと	72	41位	https://baby-calendar.jp/nazuke/nameranking2023/name_boys_under10	bc
2023	M	47	柊	しゅう、ひいらぎ	71	36位	https://baby-calendar.jp/nazuke/nameranking2023/name_boys_under10	bc
2023	M	47	晴	はる、せい	71	29位	https://baby-calendar.jp/nazuke/nameranking2023/name_boys_under10	bc
2023	M	49	壮真	そうま	70	73位	https://baby-calendar.jp/nazuke/nameranking2023/name_boys_under10	bc
2023	M	50	蒼生	あおい、あお、そう	65	61位	https://baby-calendar.jp/nazuke/nameranking2023/name_boys_under10	bc
2023	M	50	晴翔	はると	65	54位	https://baby-calendar.jp/nazuke/nameranking2023/name_boys_under10	bc
2023	M	52	仁	じん	64	59位	https://baby-calendar.jp/nazuke/nameranking2023/name_boys_under10	bc
2023	M	53	怜	れい、れん	63	50位	https://baby-calendar.jp/nazuke/nameranking2023/name_boys_under10	bc
2023	M	54	悠斗	ゆうと、はると	61	44位	https://baby-calendar.jp/nazuke/nameranking2023/name_boys_under10	bc
2023	M	54	湊音	みなと	61	86位	https://baby-calendar.jp/nazuke/nameranking2023/name_boys_under10	bc
2023	M	54	一颯	いぶき、いっさ、ちはや	61	62位	https://baby-calendar.jp/nazuke/nameranking2023/name_boys_under10	bc
2023	M	57	凌久	りく	60	58位	https://baby-calendar.jp/nazuke/nameranking2023/name_boys_under10	bc
2023	M	58	陸斗	りくと	57	64位	https://baby-calendar.jp/nazuke/nameranking2023/name_boys_under10	bc
2023	M	58	悠陽	ゆうひ、はるひ	57	96位	https://baby-calendar.jp/nazuke/nameranking2023/name_boys_under10	bc
2023	M	58	蒼太	そうた	57	88位	https://baby-calendar.jp/nazuke/nameranking2023/name_boys_under10	bc
2023	M	61	翔	しょう、かける	56	66位	https://baby-calendar.jp/nazuke/nameranking2023/name_boys_under10	bc
2023	M	61	蒼翔	あおと	56	77位	https://baby-calendar.jp/nazuke/nameranking2023/name_boys_under10	bc
2023	M	61	奏太	そうた、かなた	56	56位	https://baby-calendar.jp/nazuke/nameranking2023/name_boys_under10	bc
2023	M	61	奏翔	かなと	56	50位	https://baby-calendar.jp/nazuke/nameranking2023/name_boys_under10	bc
2023	M	65	千隼	ちはや	55	88位	https://baby-calendar.jp/nazuke/nameranking2023/name_boys_under10	bc
2023	M	66	陽奏	ひなた	54	148位	https://baby-calendar.jp/nazuke/nameranking2023/name_boys_under10	bc
2023	M	66	理玖	りく	54	99位	https://baby-calendar.jp/nazuke/nameranking2023/name_boys_under10	bc
2023	M	66	悠生	はるき、ゆうせい、ゆうき	54	53位	https://baby-calendar.jp/nazuke/nameranking2023/name_boys_under10	bc
2023	M	66	奏多	かなた、そうた	54	55位	https://baby-calendar.jp/nazuke/nameranking2023/name_boys_under10	bc
2023	M	66	海斗	かいと	54	59位	https://baby-calendar.jp/nazuke/nameranking2023/name_boys_under10	bc
2023	M	71	空	そら	53	48位	https://baby-calendar.jp/nazuke/nameranking2023/name_boys_under10	bc
2023	M	71	岳	がく、たける	53	56位	https://baby-calendar.jp/nazuke/nameranking2023/name_boys_under10	bc
2023	M	73	颯汰	そうた、ふうた	52	85位	https://baby-calendar.jp/nazuke/nameranking2023/name_boys_under10	bc
2023	M	73	千颯	ちはや	52	70位	https://baby-calendar.jp/nazuke/nameranking2023/name_boys_under10	bc
2023	M	73	絢斗	あやと、けんと	52	63位	https://baby-calendar.jp/nazuke/nameranking2023/name_boys_under10	bc
2023	M	76	葵	あおい、あお	50	40位	https://baby-calendar.jp/nazuke/nameranking2023/name_boys_under10	bc
2023	M	76	伊吹	いぶき	50	102位	https://baby-calendar.jp/nazuke/nameranking2023/name_boys_under10	bc
2023	M	78	遥斗	はると	49	71位	https://baby-calendar.jp/nazuke/nameranking2023/name_boys_under10	bc
2023	M	78	善	ぜん	49	78位	https://baby-calendar.jp/nazuke/nameranking2023/name_boys_under10	bc
2023	M	80	琉翔	るいと、るか、りゅうと	48	99位	https://baby-calendar.jp/nazuke/nameranking2023/name_boys_under10	bc
2023	M	81	櫂	かい、かいと	47	81位	https://baby-calendar.jp/nazuke/nameranking2023/name_boys_under10	bc
2023	M	81	歩	あゆむ	47	96位	https://baby-calendar.jp/nazuke/nameranking2023/name_boys_under10	bc
2023	M	81	悠月	ゆづき	47	161位	https://baby-calendar.jp/nazuke/nameranking2023/name_boys_under10	bc
2023	M	81	大雅	たいが	47	38位	https://baby-calendar.jp/nazuke/nameranking2023/name_boys_under10	bc
2023	M	81	慧	けい、さとる	47	153位	https://baby-calendar.jp/nazuke/nameranking2023/name_boys_under10	bc
2023	M	86	颯人	はやと	46	64位	https://baby-calendar.jp/nazuke/nameranking2023/name_boys_under10	bc
2023	M	86	颯斗	はやと、りくと、ふうと	46	88位	https://baby-calendar.jp/nazuke/nameranking2023/name_boys_under10	bc
2023	M	86	然	ぜん	46	265位	https://baby-calendar.jp/nazuke/nameranking2023/name_boys_under10	bc
2023	M	89	凌空	りく	45	92位	https://baby-calendar.jp/nazuke/nameranking2023/name_boys_under10	bc
2023	M	89	理仁	りひと、りと	45	106位	https://baby-calendar.jp/nazuke/nameranking2023/name_boys_under10	bc
2023	M	89	蒼士	そうし、あおと、あおし	45	93位	https://baby-calendar.jp/nazuke/nameranking2023/name_boys_under10	bc
2023	M	89	蒼人	あおと	45	134位	https://baby-calendar.jp/nazuke/nameranking2023/name_boys_under10	bc
2023	M	93	優	ゆう	44	142位	https://baby-calendar.jp/nazuke/nameranking2023/name_boys_under10	bc
2023	M	93	綾人	あやと、りょうと	44	137位	https://baby-calendar.jp/nazuke/nameranking2023/name_boys_under10	bc
2023	M	93	瑛太	えいた	44	122位	https://baby-calendar.jp/nazuke/nameranking2023/name_boys_under10	bc
2023	M	96	昴	すばる	43	137位	https://baby-calendar.jp/nazuke/nameranking2023/name_boys_under10	bc
2023	M	96	凛	りん	43	189位	https://baby-calendar.jp/nazuke/nameranking2023/name_boys_under10	bc
2023	M	96	煌	こう、あきら、ひかる	43	122位	https://baby-calendar.jp/nazuke/nameranking2023/name_boys_under10	bc
2023	M	96	怜央	れお	43	73位	https://baby-calendar.jp/nazuke/nameranking2023/name_boys_under10	bc
2023	M	96	薫	かおる	43	179位	https://baby-calendar.jp/nazuke/nameranking2023/name_boys_under10	bc
2023	M	101	太陽	たいよう、たお、ひろや	42	81位	https://baby-calendar.jp/nazuke/nameranking2023/name_boys_under10	bc
2023	M	101	奏	かなで、そう、かなた	42	109位	https://baby-calendar.jp/nazuke/nameranking2023/name_boys_under10	bc
2023	F	11	結月	ゆづき	134	11位	https://baby-calendar.jp/nazuke/nameranking2023/name_girls_under10	bc
2023	F	11	葵	あおい、あお	134	3位	https://baby-calendar.jp/nazuke/nameranking2023/name_girls_under10	bc
2023	F	13	詩	うた	127	5位	https://baby-calendar.jp/nazuke/nameranking2023/name_girls_under10	bc
2023	F	14	咲茉	えま	124	12位	https://baby-calendar.jp/nazuke/nameranking2023/name_girls_under10	bc
2023	F	15	紬希	つむぎ、つき	117	33位	https://baby-calendar.jp/nazuke/nameranking2023/name_girls_under10	bc
2023	F	15	結衣	ゆい	117	15位	https://baby-calendar.jp/nazuke/nameranking2023/name_girls_under10	bc
2023	F	17	澪	みお、れい	116	10位	https://baby-calendar.jp/nazuke/nameranking2023/name_girls_under10	bc
2023	F	18	咲良	さくら、さら	112	20位	https://baby-calendar.jp/nazuke/nameranking2023/name_girls_under10	bc
2023	F	19	杏	あん、あんず	111	24位	https://baby-calendar.jp/nazuke/nameranking2023/name_girls_under10	bc
2023	F	20	彩葉	いろは、あやは	106	16位	https://baby-calendar.jp/nazuke/nameranking2023/name_girls_under10	bc
2023	F	21	心陽	こはる、ここは、みお	104	28位	https://baby-calendar.jp/nazuke/nameranking2023/name_girls_under10	bc
2023	F	22	楓	かえで、ふう	103	17位	https://baby-calendar.jp/nazuke/nameranking2023/name_girls_under10	bc
2023	F	23	凜	りん	101	18位	https://baby-calendar.jp/nazuke/nameranking2023/name_girls_under10	bc
2023	F	24	凪	なぎ、なぎさ	100	23位	https://baby-calendar.jp/nazuke/nameranking2023/name_girls_under10	bc
2023	F	25	柚葉	ゆずは	99	20位	https://baby-calendar.jp/nazuke/nameranking2023/name_girls_under10	bc
2023	F	26	莉緒	りお	98	22位	https://baby-calendar.jp/nazuke/nameranking2023/name_girls_under10	bc
2023	F	26	凪咲	なぎさ	98	45位	https://baby-calendar.jp/nazuke/nameranking2023/name_girls_under10	bc
2023	F	28	美月	みつき、みづき	92	25位	https://baby-calendar.jp/nazuke/nameranking2023/name_girls_under10	bc
2023	F	29	美桜	みお	91	27位	https://baby-calendar.jp/nazuke/nameranking2023/name_girls_under10	bc
2023	F	30	一華	いちか、ひな、いちは	90	28位	https://baby-calendar.jp/nazuke/nameranking2023/name_girls_under10	bc
2023	F	31	紬葵	つむぎ	88	88位	https://baby-calendar.jp/nazuke/nameranking2023/name_girls_under10	bc
2023	F	31	心結	みゆ、ここな、みゆう	88	39位	https://baby-calendar.jp/nazuke/nameranking2023/name_girls_under10	bc
2023	F	31	心春	こはる、みはる、ここは	88	25位	https://baby-calendar.jp/nazuke/nameranking2023/name_girls_under10	bc
2023	F	34	風花	ふうか	82	58位	https://baby-calendar.jp/nazuke/nameranking2023/name_girls_under10	bc
2023	F	35	愛茉	えま	81	43位	https://baby-calendar.jp/nazuke/nameranking2023/name_girls_under10	bc
2023	F	35	依茉	えま	81	32位	https://baby-calendar.jp/nazuke/nameranking2023/name_girls_under10	bc
2023	F	37	紗奈	さな、すずな	80	36位	https://baby-calendar.jp/nazuke/nameranking2023/name_girls_under10	bc
2023	F	38	莉央	りお	78	38位	https://baby-calendar.jp/nazuke/nameranking2023/name_girls_under10	bc
2023	F	39	茉白	ましろ	77	73位	https://baby-calendar.jp/nazuke/nameranking2023/name_girls_under10	bc
2023	F	39	柚乃	ゆの、ゆずの	77	76位	https://baby-calendar.jp/nazuke/nameranking2023/name_girls_under10	bc
2023	F	39	蘭	らん	77	39位	https://baby-calendar.jp/nazuke/nameranking2023/name_girls_under10	bc
2023	F	42	紗菜	さな、すずな	76	49位	https://baby-calendar.jp/nazuke/nameranking2023/name_girls_under10	bc
2023	F	43	鈴	すず、りん、れい	74	64位	https://baby-calendar.jp/nazuke/nameranking2023/name_girls_under10	bc
2023	F	44	柚希	ゆずき、ゆの、ゆき	73	44位	https://baby-calendar.jp/nazuke/nameranking2023/name_girls_under10	bc
2023	F	44	乃愛	のあ	73	55位	https://baby-calendar.jp/nazuke/nameranking2023/name_girls_under10	bc
2023	F	46	結	ゆい、ゆう、むすび	72	69位	https://baby-calendar.jp/nazuke/nameranking2023/name_girls_under10	bc
2023	F	47	凪紗	なぎさ	71	47位	https://baby-calendar.jp/nazuke/nameranking2023/name_girls_under10	bc
2023	F	48	朱莉	あかり、しゅり、じゅり	70	41位	https://baby-calendar.jp/nazuke/nameranking2023/name_girls_under10	bc
2023	F	49	莉愛	りあ、りお、りいな	69	49位	https://baby-calendar.jp/nazuke/nameranking2023/name_girls_under10	bc
2023	F	49	陽咲	ひなた、ひさき、やえ	69	42位	https://baby-calendar.jp/nazuke/nameranking2023/name_girls_under10	bc
2023	F	51	美結	みゆ、みゆう	67	46位	https://baby-calendar.jp/nazuke/nameranking2023/name_girls_under10	bc
2023	F	51	琴音	ことね	67	49位	https://baby-calendar.jp/nazuke/nameranking2023/name_girls_under10	bc
2023	F	51	さくら	さくら	67	36位	https://baby-calendar.jp/nazuke/nameranking2023/name_girls_under10	bc
2023	F	51	杏奈	あんな	67	28位	https://baby-calendar.jp/nazuke/nameranking2023/name_girls_under10	bc
2023	F	55	心晴	こはる、みはる、ここは	66	55位	https://baby-calendar.jp/nazuke/nameranking2023/name_girls_under10	bc
2023	F	56	柚月	ゆづき、ゆずき	65	98位	https://baby-calendar.jp/nazuke/nameranking2023/name_girls_under10	bc
2023	F	57	陽菜乃	ひなの	64	57位	https://baby-calendar.jp/nazuke/nameranking2023/name_girls_under10	bc
2023	F	57	雫	しずく	64	53位	https://baby-calendar.jp/nazuke/nameranking2023/name_girls_under10	bc
2023	F	57	桜	さくら	64	81位	https://baby-calendar.jp/nazuke/nameranking2023/name_girls_under10	bc
2023	F	57	芽生	めい	64	35位	https://baby-calendar.jp/nazuke/nameranking2023/name_girls_under10	bc
2023	F	61	光莉	ひかり	63	33位	https://baby-calendar.jp/nazuke/nameranking2023/name_girls_under10	bc
2023	F	62	菫	すみれ	62	102位	https://baby-calendar.jp/nazuke/nameranking2023/name_girls_under10	bc
2023	F	63	絃葉	いとは	59	91位	https://baby-calendar.jp/nazuke/nameranking2023/name_girls_under10	bc
2023	F	64	明莉	あかり	58	91位	https://baby-calendar.jp/nazuke/nameranking2023/name_girls_under10	bc
2023	F	65	咲那	さな、えな、さきな	56	62位	https://baby-calendar.jp/nazuke/nameranking2023/name_girls_under10	bc
2023	F	65	花音	かのん	56	48位	https://baby-calendar.jp/nazuke/nameranking2023/name_girls_under10	bc
2023	F	65	ひなた	ひなた	56	28位	https://baby-calendar.jp/nazuke/nameranking2023/name_girls_under10	bc
2023	F	68	詩乃	しの、うたの、ゆきの	54	59位	https://baby-calendar.jp/nazuke/nameranking2023/name_girls_under10	bc
2023	F	69	一花	いちか	53	54位	https://baby-calendar.jp/nazuke/nameranking2023/name_girls_under10	bc
2023	F	70	凛音	りお、りおん、りのん	52	132位	https://baby-calendar.jp/nazuke/nameranking2023/name_girls_under10	bc
2023	F	70	柚羽	ゆずは、ゆわ	52	91位	https://baby-calendar.jp/nazuke/nameranking2023/name_girls_under10	bc
2023	F	72	花	はな	51	49位	https://baby-calendar.jp/nazuke/nameranking2023/name_girls_under10	bc
2023	F	72	あかり	あかり	51	81位	https://baby-calendar.jp/nazuke/nameranking2023/name_girls_under10	bc
2023	F	74	百花	ももか、もか	50	65位	https://baby-calendar.jp/nazuke/nameranking2023/name_girls_under10	bc
2023	F	74	結心	ゆな、ゆい、ゆの	50	76位	https://baby-calendar.jp/nazuke/nameranking2023/name_girls_under10	bc
2023	F	76	茉莉	まつり、まり	49	110位	https://baby-calendar.jp/nazuke/nameranking2023/name_girls_under10	bc
2023	F	76	六花	りっか、りつか	49	76位	https://baby-calendar.jp/nazuke/nameranking2023/name_girls_under10	bc
2023	F	78	彩羽	いろは、さわ	48	81位	https://baby-calendar.jp/nazuke/nameranking2023/name_girls_under10	bc
2023	F	78	音羽	おとは	48	98位	https://baby-calendar.jp/nazuke/nameranking2023/name_girls_under10	bc
2023	F	80	碧	あお、あおい、みどり	47	62位	https://baby-calendar.jp/nazuke/nameranking2023/name_girls_under10	bc
2023	F	80	美琴	みこと	47	123位	https://baby-calendar.jp/nazuke/nameranking2023/name_girls_under10	bc
2023	F	80	楓花	ふうか	47	104位	https://baby-calendar.jp/nazuke/nameranking2023/name_girls_under10	bc
2023	F	80	永茉	えま	47	91位	https://baby-calendar.jp/nazuke/nameranking2023/name_girls_under10	bc
2023	F	80	葵衣	あおい、きい	47	81位	https://baby-calendar.jp/nazuke/nameranking2023/name_girls_under10	bc
2023	F	80	愛菜	まな、あいな、えな	47	72位	https://baby-calendar.jp/nazuke/nameranking2023/name_girls_under10	bc
2023	F	80	すず	すず	47	66位	https://baby-calendar.jp/nazuke/nameranking2023/name_girls_under10	bc
2023	F	87	咲凪	さな、えな	46	297位	https://baby-calendar.jp/nazuke/nameranking2023/name_girls_under10	bc
2023	F	87	彩心	あこ、いろは、あみ	46	160位	https://baby-calendar.jp/nazuke/nameranking2023/name_girls_under10	bc
2023	F	87	葉月	はづき	46	107位	https://baby-calendar.jp/nazuke/nameranking2023/name_girls_under10	bc
2023	F	87	いろは	いろは	46	132位	https://baby-calendar.jp/nazuke/nameranking2023/name_girls_under10	bc
2023	F	91	玲奈	れな、れいな	45	69位	https://baby-calendar.jp/nazuke/nameranking2023/name_girls_under10	bc
2023	F	91	日葵	ひまり、ひなた、ひより	45	114位	https://baby-calendar.jp/nazuke/nameranking2023/name_girls_under10	bc
2023	F	93	陽	はる、ひなた、よう	44	120位	https://baby-calendar.jp/nazuke/nameranking2023/name_girls_under10	bc
2023	F	93	陽彩	ひいろ	44	132位	https://baby-calendar.jp/nazuke/nameranking2023/name_girls_under10	bc
2023	F	93	涼葉	すずは	44	224位	https://baby-calendar.jp/nazuke/nameranking2023/name_girls_under10	bc
2023	F	93	美緒	みお	44	143位	https://baby-calendar.jp/nazuke/nameranking2023/name_girls_under10	bc
2023	F	93	紗良	さら	44	81位	https://baby-calendar.jp/nazuke/nameranking2023/name_girls_under10	bc
2023	F	93	つむぎ	つむぎ	44	153位	https://baby-calendar.jp/nazuke/nameranking2023/name_girls_under10	bc
2023	F	99	和花	のどか、わか	43	69位	https://baby-calendar.jp/nazuke/nameranking2023/name_girls_under10	bc
2023	F	99	瑠花	るか	43	104位	https://baby-calendar.jp/nazuke/nameranking2023/name_girls_under10	bc
2023	F	99	望愛	のあ、みあ、ののあ	43	153位	https://baby-calendar.jp/nazuke/nameranking2023/name_girls_under10	bc
2023	F	99	結葵	ゆあ、ゆき、ゆい	43	73位	https://baby-calendar.jp/nazuke/nameranking2023/name_girls_under10	bc
2023	F	99	依采	いと	43	224位	https://baby-calendar.jp/nazuke/nameranking2023/name_girls_under10	bc
2024	M	1	蓮	れん	201	1位	https://baby-calendar.jp/smilenews/detail/71825	bc
2024	M	2	碧	あお,あおい,みどり	191	3位	https://baby-calendar.jp/smilenews/detail/71825	bc
2024	M	3	凪	なぎ,なぎさ	190	8位	https://baby-calendar.jp/smilenews/detail/71825	bc
2024	M	4	陽翔	はると,ひなと,あきと	173	2位	https://baby-calendar.jp/smilenews/detail/71825	bc
2024	M	5	湊	みなと,そう	171	4位	https://baby-calendar.jp/smilenews/detail/71825	bc
2024	M	6	蒼空	そら,そあ,あおい	169	12位	https://baby-calendar.jp/smilenews/detail/71825	bc
2024	M	7	朝陽	あさひ	153	10位	https://baby-calendar.jp/smilenews/detail/71825	bc
2024	M	8	湊斗	みなと	152	7位	https://baby-calendar.jp/smilenews/detail/71825	bc
2024	M	9	暖	だん,はる,ひなた	150	11位	https://baby-calendar.jp/smilenews/detail/71825	bc
2024	M	10	颯真	そうま,ふうま	148	15位	https://baby-calendar.jp/smilenews/detail/71825	bc
2024	F	1	凛	りん	217	2位	https://baby-calendar.jp/smilenews/detail/71825	bc
2024	F	2	陽葵	ひまり,ひなた,ひより	214	1位	https://baby-calendar.jp/smilenews/detail/71825	bc
2024	F	3	翠	すい,みどり	200	3位	https://baby-calendar.jp/smilenews/detail/71825	bc
2024	F	4	紬	つむぎ	177	4位	https://baby-calendar.jp/smilenews/detail/71825	bc
2024	F	5	葵	あおい,あお	158	11位	https://baby-calendar.jp/smilenews/detail/71825	bc
2024	F	6	芽依	めい	140	5位	https://baby-calendar.jp/smilenews/detail/71825	bc
2024	F	7	結菜	ゆいな,ゆな,ゆうな	139	7位	https://baby-calendar.jp/smilenews/detail/71825	bc
2024	F	8	結愛	ゆあ,ゆうあ,ゆな	132	6位	https://baby-calendar.jp/smilenews/detail/71825	bc
2024	F	9	澪	みお,れい	131	17位	https://baby-calendar.jp/smilenews/detail/71825	bc
2024	F	10	結月	ゆづき,ゆつき,ゆづ	129	11位	https://baby-calendar.jp/smilenews/detail/71825	bc
2024	M	11	陽向	ひなた,ひゅうが	139	13位	https://baby-calendar.jp/smilenews/detail/71967	bc
2024	M	12	律	りつ	138	9位	https://baby-calendar.jp/smilenews/detail/71967	bc
2024	M	13	悠真	ゆうま,はるま,ゆうしん	132	19位	https://baby-calendar.jp/smilenews/detail/71967	bc
2024	M	14	結翔	ゆいと,ゆうと,ゆと	131	5位	https://baby-calendar.jp/smilenews/detail/71967	bc
2024	M	15	蒼	あおい,あお,そう	130	6位	https://baby-calendar.jp/smilenews/detail/71967	bc
2024	M	16	琉生	るい,りゅうせい,るき	124	24位	https://baby-calendar.jp/smilenews/detail/71967	bc
2024	M	17	颯	そう,はやて,はやと	122	17位	https://baby-calendar.jp/smilenews/detail/71967	bc
2024	M	18	大翔	ひろと,やまと,はると	114	16位	https://baby-calendar.jp/smilenews/detail/71967	bc
2024	M	19	大和	やまと	106	17位	https://baby-calendar.jp/smilenews/detail/71967	bc
2024	M	20	伊織	いおり	104	20位	https://baby-calendar.jp/smilenews/detail/71967	bc
2024	M	21	樹	いつき,たつき,じゅり	98	14位	https://baby-calendar.jp/smilenews/detail/71967	bc
2024	M	22	晴	はる,はれ,せい	96	47位	https://baby-calendar.jp/smilenews/detail/71967	bc
2024	M	23	颯太	そうた,ふうた	93	40位	https://baby-calendar.jp/smilenews/detail/71967	bc
2024	M	23	陽	はる,ひなた,よう	93	25位	https://baby-calendar.jp/smilenews/detail/71967	bc
2024	M	23	陽大	ひなた,はると,ようた	93	27位	https://baby-calendar.jp/smilenews/detail/71967	bc
2024	M	26	旭	あさひ,あきら,あさ	89	21位	https://baby-calendar.jp/smilenews/detail/71967	bc
2024	M	27	朔	さく,はじめ	86	22位	https://baby-calendar.jp/smilenews/detail/71967	bc
2024	M	28	湊翔	みなと	84	45位	https://baby-calendar.jp/smilenews/detail/71967	bc
2024	M	29	楓真	ふうま	83	40位	https://baby-calendar.jp/smilenews/detail/71967	bc
2024	M	30	律希	りつき	77	26位	https://baby-calendar.jp/smilenews/detail/71967	bc
2024	M	31	蒼真	そうま,あおま	76	44位	https://baby-calendar.jp/smilenews/detail/71967	bc
2024	M	32	藍	らん,あい,あおい	74	273位	https://baby-calendar.jp/smilenews/detail/71967	bc
2024	M	32	碧斗	あおと	74	22位	https://baby-calendar.jp/smilenews/detail/71967	bc
2024	M	32	想	そう	74	33位	https://baby-calendar.jp/smilenews/detail/71967	bc
2024	M	35	蒼大	そうた,あおと,そうだい	72	27位	https://baby-calendar.jp/smilenews/detail/71967	bc
2024	M	35	千颯	ちはや	72	73位	https://baby-calendar.jp/smilenews/detail/71967	bc
2024	M	37	陽斗	はると,ひなと,ひろと	70	32位	https://baby-calendar.jp/smilenews/detail/71967	bc
2024	M	38	翠	すい,あきら,あき	69	116位	https://baby-calendar.jp/smilenews/detail/71967	bc
2024	M	39	新	あらた,しん	67	29位	https://baby-calendar.jp/smilenews/detail/71967	bc
2024	M	40	海翔	かいと,みと	66	35位	https://baby-calendar.jp/smilenews/detail/71967	bc
2024	M	41	陽太	ひなた,ようた,はるた	65	35位	https://baby-calendar.jp/smilenews/detail/71967	bc
2024	M	41	奏翔	かなと	65	61位	https://baby-calendar.jp/smilenews/detail/71967	bc
2024	M	41	葵	あおい,あお	65	76位	https://baby-calendar.jp/smilenews/detail/71967	bc
2024	M	41	一颯	いぶき,ちはや,いっさ	65	54位	https://baby-calendar.jp/smilenews/detail/71967	bc
2024	M	45	仁	じん	64	52位	https://baby-calendar.jp/smilenews/detail/71967	bc
2024	M	46	悠	ゆう,はる,はるか	62	35位	https://baby-calendar.jp/smilenews/detail/71967	bc
2024	M	47	櫂	かい	61	81位	https://baby-calendar.jp/smilenews/detail/71967	bc
2024	M	47	悠人	ゆうと,はると	61	31位	https://baby-calendar.jp/smilenews/detail/71967	bc
2024	M	49	楓	かえで,ふう	60	45位	https://baby-calendar.jp/smilenews/detail/71967	bc
2024	M	50	奏汰	かなた,そうた	58	43位	https://baby-calendar.jp/smilenews/detail/71967	bc
2024	M	51	理玖	りく	57	66位	https://baby-calendar.jp/smilenews/detail/71967	bc
2024	M	51	岳	がく	57	71位	https://baby-calendar.jp/smilenews/detail/71967	bc
2024	M	53	柊	しゅう	56	47位	https://baby-calendar.jp/smilenews/detail/71967	bc
2024	M	53	空	そら	56	71位	https://baby-calendar.jp/smilenews/detail/71967	bc
2024	M	55	碧人	あおと,あいと	55	40位	https://baby-calendar.jp/smilenews/detail/71967	bc
2024	M	55	悠翔	はると,ゆうと,はるか	55	39位	https://baby-calendar.jp/smilenews/detail/71967	bc
2024	M	57	理仁	りひと	54	89位	https://baby-calendar.jp/smilenews/detail/71967	bc
2024	M	57	悠斗	ゆうと,はると,ひろと	54	54位	https://baby-calendar.jp/smilenews/detail/71967	bc
2024	M	57	大晴	たいせい	54	38位	https://baby-calendar.jp/smilenews/detail/71967	bc
2024	M	60	颯汰	そうた	53	73位	https://baby-calendar.jp/smilenews/detail/71967	bc
2024	M	61	凌空	りく	52	89位	https://baby-calendar.jp/smilenews/detail/71967	bc
2024	M	61	湊音	みなと	52	54位	https://baby-calendar.jp/smilenews/detail/71967	bc
2024	M	61	結斗	ゆいと,ゆうと	52	30位	https://baby-calendar.jp/smilenews/detail/71967	bc
2024	M	61	海斗	かいと	52	66位	https://baby-calendar.jp/smilenews/detail/71967	bc
2024	M	65	翔	しょう,かける	51	61位	https://baby-calendar.jp/smilenews/detail/71967	bc
2024	M	65	千隼	ちはや	51	65位	https://baby-calendar.jp/smilenews/detail/71967	bc
2024	M	67	奏	かなで,そう,かなた	50	101位	https://baby-calendar.jp/smilenews/detail/71967	bc
2024	M	68	悠生	ゆうせい,はるき,ゆうき	49	66位	https://baby-calendar.jp/smilenews/detail/71967	bc
2024	M	68	蒼生	あおい,あお	49	50位	https://baby-calendar.jp/smilenews/detail/71967	bc
2024	M	68	太陽	たいよう,たお,ひなた	49	101位	https://baby-calendar.jp/smilenews/detail/71967	bc
2024	M	71	颯斗	はやと,りくと,ふうと	48	86位	https://baby-calendar.jp/smilenews/detail/71967	bc
2024	M	71	陽奏	ひなた	48	66位	https://baby-calendar.jp/smilenews/detail/71967	bc
2024	M	71	蒼翔	あおと	48	61位	https://baby-calendar.jp/smilenews/detail/71967	bc
2024	M	71	奏斗	かなと	48	140位	https://baby-calendar.jp/smilenews/detail/71967	bc
2024	M	71	叶翔	かなと,とわ,とあ	48	112位	https://baby-calendar.jp/smilenews/detail/71967	bc
2024	M	71	伊吹	いぶき	48	76位	https://baby-calendar.jp/smilenews/detail/71967	bc
2024	M	77	燈	あかり,ともる,ともり	47	242位	https://baby-calendar.jp/smilenews/detail/71967	bc
2024	M	78	奏太	かなた,そうた	45	61位	https://baby-calendar.jp/smilenews/detail/71967	bc
2024	M	79	凌久	りく	44	57位	https://baby-calendar.jp/smilenews/detail/71967	bc
2024	M	80	琉翔	るいと,るか,りゅうと	43	80位	https://baby-calendar.jp/smilenews/detail/71967	bc
2024	M	80	悠陽	ゆうひ,はるひ	43	58位	https://baby-calendar.jp/smilenews/detail/71967	bc
2024	M	82	凛	りん	42	96位	https://baby-calendar.jp/smilenews/detail/71967	bc
2024	M	82	悠月	ゆづき	42	81位	https://baby-calendar.jp/smilenews/detail/71967	bc
2024	M	84	怜央	れお	41	96位	https://baby-calendar.jp/smilenews/detail/71967	bc
2024	M	84	晴琉	はる	41	188位	https://baby-calendar.jp/smilenews/detail/71967	bc
2024	M	84	朔久	さく	41	107位	https://baby-calendar.jp/smilenews/detail/71967	bc
2024	M	87	颯人	はやと	40	86位	https://baby-calendar.jp/smilenews/detail/71967	bc
2024	M	87	怜	れい,れん,とき	40	53位	https://baby-calendar.jp/smilenews/detail/71967	bc
2024	M	87	陸	りく	40	33位	https://baby-calendar.jp/smilenews/detail/71967	bc
2024	M	87	陽葵	はるき,ひなた	40	124位	https://baby-calendar.jp/smilenews/detail/71967	bc
2024	M	87	奏多	かなた,そうた	40	66位	https://baby-calendar.jp/smilenews/detail/71967	bc
2024	M	87	晴翔	はると	40	50位	https://baby-calendar.jp/smilenews/detail/71967	bc
2024	M	93	渚	なぎさ	39	124位	https://baby-calendar.jp/smilenews/detail/71967	bc
2024	M	93	絢斗	あやと,けんと	39	73位	https://baby-calendar.jp/smilenews/detail/71967	bc
2024	M	95	遥斗	はると	38	78位	https://baby-calendar.jp/smilenews/detail/71967	bc
2024	M	95	陸斗	りくと	38	58位	https://baby-calendar.jp/smilenews/detail/71967	bc
2024	M	95	湊大	そうた,みなと,そうだい	38	103位	https://baby-calendar.jp/smilenews/detail/71967	bc
2024	M	95	壮真	そうま	38	49位	https://baby-calendar.jp/smilenews/detail/71967	bc
2024	M	95	薫	かおる	38	96位	https://baby-calendar.jp/smilenews/detail/71967	bc
2024	M	100	梛	なぎ	37	155位	https://baby-calendar.jp/smilenews/detail/71967	bc
2024	M	100	涼真	りょうま	37	179位	https://baby-calendar.jp/smilenews/detail/71967	bc
2024	M	100	理人	りひと,りと	37	107位	https://baby-calendar.jp/smilenews/detail/71967	bc
2024	M	100	絃	いと,げん	37	144位	https://baby-calendar.jp/smilenews/detail/71967	bc
2024	F	11	陽菜	ひな,はるな	125	10位	https://baby-calendar.jp/smilenews/detail/71969	bc
2024	F	12	琴葉	ことは	120	8位	https://baby-calendar.jp/smilenews/detail/71969	bc
2024	F	13	凪	なぎ,なぎさ	118	24位	https://baby-calendar.jp/smilenews/detail/71969	bc
2024	F	14	莉子	りこ	113	9位	https://baby-calendar.jp/smilenews/detail/71969	bc
2024	F	14	杏	あん,あんず,きょう	113	19位	https://baby-calendar.jp/smilenews/detail/71969	bc
2024	F	16	凪咲	なぎさ	109	26位	https://baby-calendar.jp/smilenews/detail/71969	bc
2024	F	17	彩葉	いろは,あやは	106	20位	https://baby-calendar.jp/smilenews/detail/71969	bc
2024	F	18	心陽	こはる,ここは,みはる	98	21位	https://baby-calendar.jp/smilenews/detail/71969	bc
2024	F	19	乃愛	のあ,のえ	95	44位	https://baby-calendar.jp/smilenews/detail/71969	bc
2024	F	19	咲良	さくら,さら	95	18位	https://baby-calendar.jp/smilenews/detail/71969	bc
2024	F	19	芽生	めい	95	57位	https://baby-calendar.jp/smilenews/detail/71969	bc
2024	F	22	美桜	みお	94	29位	https://baby-calendar.jp/smilenews/detail/71969	bc
2024	F	23	咲茉	えま	93	14位	https://baby-calendar.jp/smilenews/detail/71969	bc
2024	F	24	紬希	つむぎ,つき	92	15位	https://baby-calendar.jp/smilenews/detail/71969	bc
2024	F	24	詩	うた	92	13位	https://baby-calendar.jp/smilenews/detail/71969	bc
2024	F	26	茉白	ましろ	90	39位	https://baby-calendar.jp/smilenews/detail/71969	bc
2024	F	27	柚葉	ゆずは	86	25位	https://baby-calendar.jp/smilenews/detail/71969	bc
2024	F	27	紗奈	さな,すずな	86	37位	https://baby-calendar.jp/smilenews/detail/71969	bc
2024	F	29	楓	かえで,ふう	85	22位	https://baby-calendar.jp/smilenews/detail/71969	bc
2024	F	30	紗菜	さな,すずな	83	42位	https://baby-calendar.jp/smilenews/detail/71969	bc
2024	F	31	心春	こはる	82	31位	https://baby-calendar.jp/smilenews/detail/71969	bc
2024	F	32	凪紗	なぎさ	81	47位	https://baby-calendar.jp/smilenews/detail/71969	bc
2024	F	32	愛茉	えま	81	35位	https://baby-calendar.jp/smilenews/detail/71969	bc
2024	F	34	結衣	ゆい	80	15位	https://baby-calendar.jp/smilenews/detail/71969	bc
2024	F	35	柚乃	ゆの,ゆずの	76	39位	https://baby-calendar.jp/smilenews/detail/71969	bc
2024	F	36	絃葉	いとは	75	63位	https://baby-calendar.jp/smilenews/detail/71969	bc
2024	F	37	陽菜乃	ひなの	73	57位	https://baby-calendar.jp/smilenews/detail/71969	bc
2024	F	38	光莉	ひかり,みつり	71	61位	https://baby-calendar.jp/smilenews/detail/71969	bc
2024	F	39	心晴	こはる,ここは,みはる	70	55位	https://baby-calendar.jp/smilenews/detail/71969	bc
2024	F	39	一華	いちか,ひな	70	30位	https://baby-calendar.jp/smilenews/detail/71969	bc
2024	F	41	琴音	ことね,こと	69	51位	https://baby-calendar.jp/smilenews/detail/71969	bc
2024	F	42	紬葵	つむぎ,つき	68	31位	https://baby-calendar.jp/smilenews/detail/71969	bc
2024	F	42	結	ゆい,ゆう	68	46位	https://baby-calendar.jp/smilenews/detail/71969	bc
2024	F	44	風花	ふうか	67	34位	https://baby-calendar.jp/smilenews/detail/71969	bc
2024	F	44	美月	みつき,みづき	67	28位	https://baby-calendar.jp/smilenews/detail/71969	bc
2024	F	46	莉緒	りお,りおん	66	26位	https://baby-calendar.jp/smilenews/detail/71969	bc
2024	F	47	六花	りっか,りつか	65	76位	https://baby-calendar.jp/smilenews/detail/71969	bc
2024	F	48	蘭	らん	64	39位	https://baby-calendar.jp/smilenews/detail/71969	bc
2024	F	48	陽咲	ひなた,ひさき,ひより	64	49位	https://baby-calendar.jp/smilenews/detail/71969	bc
2024	F	50	百花	ももか,もか	63	74位	https://baby-calendar.jp/smilenews/detail/71969	bc
2024	F	51	咲那	さな,えな,えみな	62	65位	https://baby-calendar.jp/smilenews/detail/71969	bc
2024	F	52	花音	かのん	61	65位	https://baby-calendar.jp/smilenews/detail/71969	bc
2024	F	53	さくら	さくら	58	51位	https://baby-calendar.jp/smilenews/detail/71969	bc
2024	F	54	鈴	すず,りん,れい	57	43位	https://baby-calendar.jp/smilenews/detail/71969	bc
2024	F	54	紗良	さら	57	93位	https://baby-calendar.jp/smilenews/detail/71969	bc
2024	F	54	結葵	ゆあ,ゆき,ゆづき	57	99位	https://baby-calendar.jp/smilenews/detail/71969	bc
2024	F	57	凜	りん	56	23位	https://baby-calendar.jp/smilenews/detail/71969	bc
2024	F	57	莉愛	りあ,りな,りま	56	49位	https://baby-calendar.jp/smilenews/detail/71969	bc
2024	F	59	柚希	ゆずき,ゆづき,ゆき	55	44位	https://baby-calendar.jp/smilenews/detail/71969	bc
2024	F	59	依茉	えま	55	35位	https://baby-calendar.jp/smilenews/detail/71969	bc
2024	F	61	彩羽	いろは	54	78位	https://baby-calendar.jp/smilenews/detail/71969	bc
2024	F	61	音羽	おとは,とわ,おと	54	78位	https://baby-calendar.jp/smilenews/detail/71969	bc
2024	F	61	ひなた	ひなた	54	65位	https://baby-calendar.jp/smilenews/detail/71969	bc
2024	F	64	朱莉	あかり,しゅり	53	48位	https://baby-calendar.jp/smilenews/detail/71969	bc
2024	F	64	咲奈	さな,えな,えみな	53	109位	https://baby-calendar.jp/smilenews/detail/71969	bc
2024	F	66	菫	すみれ	52	62位	https://baby-calendar.jp/smilenews/detail/71969	bc
2024	F	66	心結	みゆ,ここな,みゆう	52	31位	https://baby-calendar.jp/smilenews/detail/71969	bc
2024	F	66	花	はな	52	72位	https://baby-calendar.jp/smilenews/detail/71969	bc
2024	F	69	柚月	ゆづき,ゆずき,ゆづ	51	56位	https://baby-calendar.jp/smilenews/detail/71969	bc
2024	F	70	茉莉	まつり,まり	50	76位	https://baby-calendar.jp/smilenews/detail/71969	bc
2024	F	70	愛菜	まな,あいな,えな	50	80位	https://baby-calendar.jp/smilenews/detail/71969	bc
2024	F	72	杏奈	あんな	49	51位	https://baby-calendar.jp/smilenews/detail/71969	bc
2024	F	73	天音	あまね,そら	48	141位	https://baby-calendar.jp/smilenews/detail/71969	bc
2024	F	73	咲凪	さな,えな,えみな	48	87位	https://baby-calendar.jp/smilenews/detail/71969	bc
2024	F	73	桜	さくら	48	57位	https://baby-calendar.jp/smilenews/detail/71969	bc
2024	F	73	すず	すず	48	80位	https://baby-calendar.jp/smilenews/detail/71969	bc
2024	F	77	悠乃	ゆの,はるの	47	145位	https://baby-calendar.jp/smilenews/detail/71969	bc
2024	F	77	美結	みゆ,みゆう	47	51位	https://baby-calendar.jp/smilenews/detail/71969	bc
2024	F	77	心音	ここね,みお,みおん	47	112位	https://baby-calendar.jp/smilenews/detail/71969	bc
2024	F	77	絃	いと	47	126位	https://baby-calendar.jp/smilenews/detail/71969	bc
2024	F	81	陽彩	ひいろ	45	93位	https://baby-calendar.jp/smilenews/detail/71969	bc
2024	F	81	詩葉	うたは,ことは	45	104位	https://baby-calendar.jp/smilenews/detail/71969	bc
2024	F	81	詩乃	しの,うたの,ことの	45	68位	https://baby-calendar.jp/smilenews/detail/71969	bc
2024	F	81	永茉	えま	45	80位	https://baby-calendar.jp/smilenews/detail/71969	bc
2024	F	85	楓華	ふうか	44	104位	https://baby-calendar.jp/smilenews/detail/71969	bc
2024	F	85	虹心	にこ,ここ	44	206位	https://baby-calendar.jp/smilenews/detail/71969	bc
2024	F	85	結彩	ゆあ,ゆい,ゆうあ	44	112位	https://baby-calendar.jp/smilenews/detail/71969	bc
2024	F	88	莉瑚	りこ	43	121位	https://baby-calendar.jp/smilenews/detail/71969	bc
2024	F	88	藍	らん,あい	43	194位	https://baby-calendar.jp/smilenews/detail/71969	bc
2024	F	88	椿	つばき	43	162位	https://baby-calendar.jp/smilenews/detail/71969	bc
2024	F	91	碧	あおい,あお	42	80位	https://baby-calendar.jp/smilenews/detail/71969	bc
2024	F	91	望愛	のあ,みあ	42	99位	https://baby-calendar.jp/smilenews/detail/71969	bc
2024	F	91	凪沙	なぎさ	42	155位	https://baby-calendar.jp/smilenews/detail/71969	bc
2024	F	91	晴	はる,はれ	42	135位	https://baby-calendar.jp/smilenews/detail/71969	bc
2024	F	91	愛莉	あいり	42	194位	https://baby-calendar.jp/smilenews/detail/71969	bc
2024	F	96	涼葉	すずは	41	93位	https://baby-calendar.jp/smilenews/detail/71969	bc
2024	F	96	瑠花	るか	41	99位	https://baby-calendar.jp/smilenews/detail/71969	bc
2024	F	96	陽凪	ひな,ひなぎ	41	304位	https://baby-calendar.jp/smilenews/detail/71969	bc
2024	F	96	優月	ゆづき	41	155位	https://baby-calendar.jp/smilenews/detail/71969	bc
2024	F	96	結音	ゆのん,ゆの,ゆいね	41	232位	https://baby-calendar.jp/smilenews/detail/71969	bc
2024	F	96	一花	いちか	41	69位	https://baby-calendar.jp/smilenews/detail/71969	bc
2024	F	96	ひかり	ひかり	41	104位	https://baby-calendar.jp/smilenews/detail/71969	bc
2024	F	103	莉央	りお	40	38位	https://baby-calendar.jp/smilenews/detail/71969	bc
2024	F	103	柚羽	ゆずは	40	70位	https://baby-calendar.jp/smilenews/detail/71969	bc
2024	F	103	明莉	あかり	40	64位	https://baby-calendar.jp/smilenews/detail/71969	bc
2024	F	103	千晴	ちはる,ちせ	40	168位	https://baby-calendar.jp/smilenews/detail/71969	bc
2024	F	103	結心	ゆな,ゆい,ゆの	40	74位	https://baby-calendar.jp/smilenews/detail/71969	bc
2025	M	1	碧	あお,あおい	188	2位	https://baby-calendar.jp/smilenews/detail/100184	bc
2025	M	2	陽翔	はると,ひなと	183	4位	https://baby-calendar.jp/smilenews/detail/100184	bc
2025	M	2	湊	みなと,そう	183	5位	https://baby-calendar.jp/smilenews/detail/100184	bc
2025	M	4	蓮	れん	177	1位	https://baby-calendar.jp/smilenews/detail/100184	bc
2025	M	5	結翔	ゆいと,ゆうと	170	14位	https://baby-calendar.jp/smilenews/detail/100184	bc
2025	M	6	蒼空	そら,あお	168	6位	https://baby-calendar.jp/smilenews/detail/100184	bc
2025	M	7	朝陽	あさひ	164	7位	https://baby-calendar.jp/smilenews/detail/100184	bc
2025	M	8	陽向	ひなた,ひゅうが	157	11位	https://baby-calendar.jp/smilenews/detail/100184	bc
2025	M	9	凪	なぎ,なぎさ	155	3位	https://baby-calendar.jp/smilenews/detail/100184	bc
2025	M	10	颯真	そうま,ふうま	147	10位	https://baby-calendar.jp/smilenews/detail/100184	bc
2025	F	1	陽葵	ひまり,ひなた	239	2位	https://baby-calendar.jp/smilenews/detail/100184	bc
2025	F	2	翠	すい,みどり	203	3位	https://baby-calendar.jp/smilenews/detail/100184	bc
2025	F	3	凛	りん	183	1位	https://baby-calendar.jp/smilenews/detail/100184	bc
2025	F	4	結月	ゆづき,ゆつき	151	10位	https://baby-calendar.jp/smilenews/detail/100184	bc
2025	F	5	琴葉	ことは	144	12位	https://baby-calendar.jp/smilenews/detail/100184	bc
2025	F	6	芽依	めい	141	6位	https://baby-calendar.jp/smilenews/detail/100184	bc
2025	F	6	葵	あおい,あお	141	5位	https://baby-calendar.jp/smilenews/detail/100184	bc
2025	F	8	結愛	ゆあ,ゆめ	140	8位	https://baby-calendar.jp/smilenews/detail/100184	bc
2025	F	9	心陽	こはる,ここは	138	18位	https://baby-calendar.jp/smilenews/detail/100184	bc
2025	F	10	茉白	ましろ	136	26位	https://baby-calendar.jp/smilenews/detail/100184	bc
2025	M	11	朔	さく,はじめ	146	27位	https://baby-calendar.jp/smilenews/detail/101245	bc
2025	M	12	律	りつ,おと	144	12位	https://baby-calendar.jp/smilenews/detail/101245	bc
2025	M	13	湊斗	みなと	137	8位	https://baby-calendar.jp/smilenews/detail/101245	bc
2025	M	14	颯	そう,はやて	135	17位	https://baby-calendar.jp/smilenews/detail/101245	bc
2025	M	15	琉生	るい,りゅうせい	134	16位	https://baby-calendar.jp/smilenews/detail/101245	bc
2025	M	16	樹	いつき,たつき	124	21位	https://baby-calendar.jp/smilenews/detail/101245	bc
2025	M	17	晴	はる,はれ	123	22位	https://baby-calendar.jp/smilenews/detail/101245	bc
2025	M	18	暖	だん,はる	122	9位	https://baby-calendar.jp/smilenews/detail/101245	bc
2025	M	19	悠真	ゆうま,はるま	121	13位	https://baby-calendar.jp/smilenews/detail/101245	bc
2025	M	20	大和	やまと	117	19位	https://baby-calendar.jp/smilenews/detail/101245	bc
2025	M	21	陽	はる,ひなた	113	23位	https://baby-calendar.jp/smilenews/detail/101245	bc
2025	M	22	伊織	いおり	104	20位	https://baby-calendar.jp/smilenews/detail/101245	bc
2025	M	23	大翔	ひろと,やまと	102	18位	https://baby-calendar.jp/smilenews/detail/101245	bc
2025	M	24	蒼	あお,あおい	99	15位	https://baby-calendar.jp/smilenews/detail/101245	bc
2025	M	25	陽大	ひなた,はるた	98	23位	https://baby-calendar.jp/smilenews/detail/101245	bc
2025	M	26	碧斗	あおと	93	32位	https://baby-calendar.jp/smilenews/detail/101245	bc
2025	M	27	楓真	ふうま	88	29位	https://baby-calendar.jp/smilenews/detail/101245	bc
2025	M	28	千隼	ちはや	83	65位	https://baby-calendar.jp/smilenews/detail/101245	bc
2025	M	29	藍	らん,あい	82	32位	https://baby-calendar.jp/smilenews/detail/101245	bc
2025	M	30	翠	すい,あきら	81	38位	https://baby-calendar.jp/smilenews/detail/101245	bc
2025	M	30	一颯	いぶき,いっさ	81	41位	https://baby-calendar.jp/smilenews/detail/101245	bc
2025	M	30	旭	あさひ,あきら	81	26位	https://baby-calendar.jp/smilenews/detail/101245	bc
2025	M	33	大晴	たいせい	80	57位	https://baby-calendar.jp/smilenews/detail/101245	bc
2025	M	34	湊翔	みなと	79	28位	https://baby-calendar.jp/smilenews/detail/101245	bc
2025	M	34	蒼真	そうま	79	31位	https://baby-calendar.jp/smilenews/detail/101245	bc
2025	M	36	蒼大	そうた,あおと	77	35位	https://baby-calendar.jp/smilenews/detail/101245	bc
2025	M	36	仁	じん	77	45位	https://baby-calendar.jp/smilenews/detail/101245	bc
2025	M	38	陽斗	はると,ひなと	74	37位	https://baby-calendar.jp/smilenews/detail/101245	bc
2025	M	39	颯太	そうた,ふうた	71	23位	https://baby-calendar.jp/smilenews/detail/101245	bc
2025	M	40	陽太	ひなた,ようた	68	41位	https://baby-calendar.jp/smilenews/detail/101245	bc
2025	M	40	悠陽	ゆうひ,はるひ	68	80位	https://baby-calendar.jp/smilenews/detail/101245	bc
2025	M	40	新	あらた,しん	68	39位	https://baby-calendar.jp/smilenews/detail/101245	bc
2025	M	43	律希	りつき	67	30位	https://baby-calendar.jp/smilenews/detail/101245	bc
2025	M	43	柊	しゅう	67	53位	https://baby-calendar.jp/smilenews/detail/101245	bc
2025	M	43	蒼生	あおい,あお	67	68位	https://baby-calendar.jp/smilenews/detail/101245	bc
2025	M	43	結斗	ゆいと,ゆうと	67	61位	https://baby-calendar.jp/smilenews/detail/101245	bc
2025	M	47	千颯	ちはや	65	35位	https://baby-calendar.jp/smilenews/detail/101245	bc
2025	M	48	理仁	りひと,りと	64	57位	https://baby-calendar.jp/smilenews/detail/101245	bc
2025	M	48	碧人	あおと	64	55位	https://baby-calendar.jp/smilenews/detail/101245	bc
2025	M	50	想	そう,そあ	63	32位	https://baby-calendar.jp/smilenews/detail/101245	bc
2025	M	50	海翔	かいと,うみと	63	40位	https://baby-calendar.jp/smilenews/detail/101245	bc
2025	M	52	晴翔	はると,はれと	62	87位	https://baby-calendar.jp/smilenews/detail/101245	bc
2025	M	53	悠	ゆう,はる	60	46位	https://baby-calendar.jp/smilenews/detail/101245	bc
2025	M	53	湊音	みなと	60	61位	https://baby-calendar.jp/smilenews/detail/101245	bc
2025	M	53	善	ぜん	60	104位	https://baby-calendar.jp/smilenews/detail/101245	bc
2025	M	53	奏多	かなた,そうた	60	87位	https://baby-calendar.jp/smilenews/detail/101245	bc
2025	M	57	琉翔	るいと,るか	59	80位	https://baby-calendar.jp/smilenews/detail/101245	bc
2025	M	57	理玖	りく	59	51位	https://baby-calendar.jp/smilenews/detail/101245	bc
2025	M	57	陽奏	ひなた	59	71位	https://baby-calendar.jp/smilenews/detail/101245	bc
2025	M	57	岳	がく	59	51位	https://baby-calendar.jp/smilenews/detail/101245	bc
2025	M	61	櫂	かい,かいと	58	47位	https://baby-calendar.jp/smilenews/detail/101245	bc
2025	M	62	陸	りく	57	87位	https://baby-calendar.jp/smilenews/detail/101245	bc
2025	M	62	遥斗	はると	57	95位	https://baby-calendar.jp/smilenews/detail/101245	bc
2025	M	64	奏汰	かなた,そうた	56	50位	https://baby-calendar.jp/smilenews/detail/101245	bc
2025	M	65	楓	かえで,かえて	55	49位	https://baby-calendar.jp/smilenews/detail/101245	bc
2025	M	66	然	ぜん	54	168位	https://baby-calendar.jp/smilenews/detail/101245	bc
2025	M	66	葵	あおい,あお	54	41位	https://baby-calendar.jp/smilenews/detail/101245	bc
2025	M	68	奏翔	かなと	53	41位	https://baby-calendar.jp/smilenews/detail/101245	bc
2025	M	68	朔久	さく	53	84位	https://baby-calendar.jp/smilenews/detail/101245	bc
2025	M	70	颯汰	そうた,ふうた	52	60位	https://baby-calendar.jp/smilenews/detail/101245	bc
2025	M	71	悠人	ゆうと,はると	51	47位	https://baby-calendar.jp/smilenews/detail/101245	bc
2025	M	71	伊吹	いぶき	51	71位	https://baby-calendar.jp/smilenews/detail/101245	bc
2025	M	73	太陽	たいよう	50	68位	https://baby-calendar.jp/smilenews/detail/101245	bc
2025	M	74	翔	かける,しょう	49	65位	https://baby-calendar.jp/smilenews/detail/101245	bc
2025	M	74	悠生	ゆうせい,はるき	49	68位	https://baby-calendar.jp/smilenews/detail/101245	bc
2025	M	74	奏斗	かなと	49	71位	https://baby-calendar.jp/smilenews/detail/101245	bc
2025	M	74	奏太	かなた,そうた	49	78位	https://baby-calendar.jp/smilenews/detail/101245	bc
2025	M	78	昴	すばる	48	109位	https://baby-calendar.jp/smilenews/detail/101245	bc
2025	M	78	凛	りん	48	82位	https://baby-calendar.jp/smilenews/detail/101245	bc
2025	M	78	奏	かなで,そう	48	67位	https://baby-calendar.jp/smilenews/detail/101245	bc
2025	M	78	響	ひびき,きょう	48	126位	https://baby-calendar.jp/smilenews/detail/101245	bc
2025	M	82	湊大	そうた,みなと	47	95位	https://baby-calendar.jp/smilenews/detail/101245	bc
2025	M	82	蒼翔	あおと	47	71位	https://baby-calendar.jp/smilenews/detail/101245	bc
2025	M	82	叶翔	かなと,とわ	47	71位	https://baby-calendar.jp/smilenews/detail/101245	bc
2025	M	82	絢斗	あやと,けんと	47	93位	https://baby-calendar.jp/smilenews/detail/101245	bc
2025	M	86	慧	けい,あきら	46	109位	https://baby-calendar.jp/smilenews/detail/101245	bc
2025	M	87	颯斗	はやと,りくと	45	71位	https://baby-calendar.jp/smilenews/detail/101245	bc
2025	M	87	結仁	ゆいと,ゆうと	45	109位	https://baby-calendar.jp/smilenews/detail/101245	bc
2025	M	89	颯人	はやと	44	87位	https://baby-calendar.jp/smilenews/detail/101245	bc
2025	M	89	凌久	りく	44	79位	https://baby-calendar.jp/smilenews/detail/101245	bc
2025	M	89	陸斗	りくと	44	95位	https://baby-calendar.jp/smilenews/detail/101245	bc
2025	M	89	悠斗	ゆうと,はると	44	57位	https://baby-calendar.jp/smilenews/detail/101245	bc
2025	M	89	晴琉	はる	44	84位	https://baby-calendar.jp/smilenews/detail/101245	bc
2025	M	94	琥珀	こはく	42	132位	https://baby-calendar.jp/smilenews/detail/101245	bc
2025	M	94	凌空	りく	42	61位	https://baby-calendar.jp/smilenews/detail/101245	bc
2025	M	94	理人	りひと,りと	42	100位	https://baby-calendar.jp/smilenews/detail/101245	bc
2025	M	94	悠月	ゆづき	42	82位	https://baby-calendar.jp/smilenews/detail/101245	bc
2025	M	94	蒼葉	あおば	42	184位	https://baby-calendar.jp/smilenews/detail/101245	bc
2025	M	94	海斗	かいと	42	61位	https://baby-calendar.jp/smilenews/detail/101245	bc
2025	M	100	悠翔	はると,ゆうと	41	55位	https://baby-calendar.jp/smilenews/detail/101245	bc
2025	M	100	千紘	ちひろ	41	123位	https://baby-calendar.jp/smilenews/detail/101245	bc
2025	F	11	紬	つむぎ,ゆう	131	4位	https://baby-calendar.jp/smilenews/detail/101365	bc
2025	F	11	結菜	ゆいな,ゆな	131	7位	https://baby-calendar.jp/smilenews/detail/101365	bc
2025	F	13	澪	みお,れい	125	9位	https://baby-calendar.jp/smilenews/detail/101365	bc
2025	F	14	陽菜	ひな,はるな	124	11位	https://baby-calendar.jp/smilenews/detail/101365	bc
2025	F	14	紬希	つむぎ,つき	124	24位	https://baby-calendar.jp/smilenews/detail/101365	bc
2025	F	16	彩葉	いろは,あやは	122	17位	https://baby-calendar.jp/smilenews/detail/101365	bc
2025	F	17	柚葉	ゆずは	121	27位	https://baby-calendar.jp/smilenews/detail/101365	bc
2025	F	17	杏	あん,あんず	121	14位	https://baby-calendar.jp/smilenews/detail/101365	bc
2025	F	19	咲茉	えま	112	23位	https://baby-calendar.jp/smilenews/detail/101365	bc
2025	F	20	美桜	みお	109	22位	https://baby-calendar.jp/smilenews/detail/101365	bc
2025	F	21	莉子	りこ	105	14位	https://baby-calendar.jp/smilenews/detail/101365	bc
2025	F	22	凪咲	なぎさ	96	16位	https://baby-calendar.jp/smilenews/detail/101365	bc
2025	F	22	紬葵	つむぎ,つき	96	42位	https://baby-calendar.jp/smilenews/detail/101365	bc
2025	F	22	愛茉	えま	96	32位	https://baby-calendar.jp/smilenews/detail/101365	bc
2025	F	25	詩	うた	90	24位	https://baby-calendar.jp/smilenews/detail/101365	bc
2025	F	26	結衣	ゆい	89	34位	https://baby-calendar.jp/smilenews/detail/101365	bc
2025	F	27	紗菜	さな,すずな	88	30位	https://baby-calendar.jp/smilenews/detail/101365	bc
2025	F	28	凪	なぎ,なぎさ	87	13位	https://baby-calendar.jp/smilenews/detail/101365	bc
2025	F	29	紗奈	さな,すずな	85	27位	https://baby-calendar.jp/smilenews/detail/101365	bc
2025	F	30	絃葉	いとは	82	36位	https://baby-calendar.jp/smilenews/detail/101365	bc
2025	F	31	乃愛	のあ,のえ	81	19位	https://baby-calendar.jp/smilenews/detail/101365	bc
2025	F	32	琴音	ことね,こと	80	41位	https://baby-calendar.jp/smilenews/detail/101365	bc
2025	F	33	凪紗	なぎさ	79	32位	https://baby-calendar.jp/smilenews/detail/101365	bc
2025	F	33	結	ゆい,ゆう	79	42位	https://baby-calendar.jp/smilenews/detail/101365	bc
2025	F	35	美月	みつき,みづき	77	44位	https://baby-calendar.jp/smilenews/detail/101365	bc
2025	F	35	心春	こはる	77	31位	https://baby-calendar.jp/smilenews/detail/101365	bc
2025	F	35	雫	しずく	77	108位	https://baby-calendar.jp/smilenews/detail/101365	bc
2025	F	35	一華	いちか	77	39位	https://baby-calendar.jp/smilenews/detail/101365	bc
2025	F	39	凜	りん	76	57位	https://baby-calendar.jp/smilenews/detail/101365	bc
2025	F	40	蘭	らん	75	48位	https://baby-calendar.jp/smilenews/detail/101365	bc
2025	F	40	咲良	さくら,さら	75	19位	https://baby-calendar.jp/smilenews/detail/101365	bc
2025	F	42	柚乃	ゆの,ゆずの	73	35位	https://baby-calendar.jp/smilenews/detail/101365	bc
2025	F	42	柚希	ゆずき,ゆの	73	59位	https://baby-calendar.jp/smilenews/detail/101365	bc
2025	F	44	心結	みゆ,ここな	71	66位	https://baby-calendar.jp/smilenews/detail/101365	bc
2025	F	45	芽生	めい	69	19位	https://baby-calendar.jp/smilenews/detail/101365	bc
2025	F	46	陽菜乃	ひなの	68	37位	https://baby-calendar.jp/smilenews/detail/101365	bc
2025	F	46	咲那	さな,えな	68	51位	https://baby-calendar.jp/smilenews/detail/101365	bc
2025	F	48	莉緒	りお	67	46位	https://baby-calendar.jp/smilenews/detail/101365	bc
2025	F	48	楓	かえで,ふう	67	29位	https://baby-calendar.jp/smilenews/detail/101365	bc
2025	F	50	莉愛	りあ,りま	65	57位	https://baby-calendar.jp/smilenews/detail/101365	bc
2025	F	50	心晴	こはる,ここは	65	39位	https://baby-calendar.jp/smilenews/detail/101365	bc
2025	F	52	六花	りっか	64	47位	https://baby-calendar.jp/smilenews/detail/101365	bc
2025	F	52	依茉	えま,いまり	64	59位	https://baby-calendar.jp/smilenews/detail/101365	bc
2025	F	54	朱莉	あかり,しゅり	63	64位	https://baby-calendar.jp/smilenews/detail/101365	bc
2025	F	54	桜都	おと	63	112位	https://baby-calendar.jp/smilenews/detail/101365	bc
2025	F	56	瑠花	るか,るな	60	96位	https://baby-calendar.jp/smilenews/detail/101365	bc
2025	F	56	桜	さくら	60	73位	https://baby-calendar.jp/smilenews/detail/101365	bc
2025	F	56	彩羽	いろは,さわ	60	61位	https://baby-calendar.jp/smilenews/detail/101365	bc
2025	F	59	花音	かのん,はなね	59	52位	https://baby-calendar.jp/smilenews/detail/101365	bc
2025	F	60	茉莉	まつり,まり	58	70位	https://baby-calendar.jp/smilenews/detail/101365	bc
2025	F	60	光莉	ひかり	58	38位	https://baby-calendar.jp/smilenews/detail/101365	bc
2025	F	60	花	はな	58	66位	https://baby-calendar.jp/smilenews/detail/101365	bc
2025	F	63	風花	ふうか	57	44位	https://baby-calendar.jp/smilenews/detail/101365	bc
2025	F	63	杏奈	あんな	57	72位	https://baby-calendar.jp/smilenews/detail/101365	bc
2025	F	63	ひまり	ひまり	57	108位	https://baby-calendar.jp/smilenews/detail/101365	bc
2025	F	66	詩葉	うたは,ことは	56	81位	https://baby-calendar.jp/smilenews/detail/101365	bc
2025	F	66	結葵	ゆあ,ゆき	56	54位	https://baby-calendar.jp/smilenews/detail/101365	bc
2025	F	68	涼葉	すずは	55	96位	https://baby-calendar.jp/smilenews/detail/101365	bc
2025	F	68	さくら	さくら	55	53位	https://baby-calendar.jp/smilenews/detail/101365	bc
2025	F	70	陽咲	ひなた,ひさき	53	48位	https://baby-calendar.jp/smilenews/detail/101365	bc
2025	F	70	いろは	いろは	53	196位	https://baby-calendar.jp/smilenews/detail/101365	bc
2025	F	72	紗良	さら	52	54位	https://baby-calendar.jp/smilenews/detail/101365	bc
2025	F	73	藍	らん,あい	51	88位	https://baby-calendar.jp/smilenews/detail/101365	bc
2025	F	73	陽彩	ひいろ,ひな	51	81位	https://baby-calendar.jp/smilenews/detail/101365	bc
2025	F	73	虹心	にこ,ここ	51	85位	https://baby-calendar.jp/smilenews/detail/101365	bc
2025	F	73	凪沙	なぎさ,なずな	51	91位	https://baby-calendar.jp/smilenews/detail/101365	bc
2025	F	77	鈴	すず,りん	50	54位	https://baby-calendar.jp/smilenews/detail/101365	bc
2025	F	77	心音	ここね,みお	50	77位	https://baby-calendar.jp/smilenews/detail/101365	bc
2025	F	77	咲奈	さな,えな	50	64位	https://baby-calendar.jp/smilenews/detail/101365	bc
2025	F	77	結葉	ゆいは,ゆづは	50	167位	https://baby-calendar.jp/smilenews/detail/101365	bc
2025	F	77	音羽	おとは	50	61位	https://baby-calendar.jp/smilenews/detail/101365	bc
2025	F	82	心都	こと,みと	49	127位	https://baby-calendar.jp/smilenews/detail/101365	bc
2025	F	83	実桜	みお	48	150位	https://baby-calendar.jp/smilenews/detail/101365	bc
2025	F	83	永茉	えま	48	81位	https://baby-calendar.jp/smilenews/detail/101365	bc
2025	F	83	すず	すず	48	73位	https://baby-calendar.jp/smilenews/detail/101365	bc
2025	F	86	柚月	ゆづき,ゆずき	47	69位	https://baby-calendar.jp/smilenews/detail/101365	bc
2025	F	86	碧	あお,あおい	47	91位	https://baby-calendar.jp/smilenews/detail/101365	bc
2025	F	86	晴	はる,はれ	47	91位	https://baby-calendar.jp/smilenews/detail/101365	bc
2025	F	86	咲舞	えま	47	117位	https://baby-calendar.jp/smilenews/detail/101365	bc
2025	F	90	柚羽	ゆずは	46	103位	https://baby-calendar.jp/smilenews/detail/101365	bc
2025	F	90	望愛	のあ,みあ	46	91位	https://baby-calendar.jp/smilenews/detail/101365	bc
2025	F	90	美琴	みこと	46	108位	https://baby-calendar.jp/smilenews/detail/101365	bc
2025	F	90	天音	あまね	46	73位	https://baby-calendar.jp/smilenews/detail/101365	bc
2025	F	94	莉央	りお	45	103位	https://baby-calendar.jp/smilenews/detail/101365	bc
2025	F	94	詩乃	しの,うたの	45	81位	https://baby-calendar.jp/smilenews/detail/101365	bc
2025	F	96	日和	ひより	44	177位	https://baby-calendar.jp/smilenews/detail/101365	bc
2025	F	96	渚	なぎさ	44	117位	https://baby-calendar.jp/smilenews/detail/101365	bc
2025	F	98	菫	すみれ	43	66位	https://baby-calendar.jp/smilenews/detail/101365	bc
2025	F	98	陽愛	ひより,ひな	43	139位	https://baby-calendar.jp/smilenews/detail/101365	bc
2025	F	98	明莉	あかり,めいり	43	103位	https://baby-calendar.jp/smilenews/detail/101365	bc
2025	F	98	百花	ももか,もか	43	50位	https://baby-calendar.jp/smilenews/detail/101365	bc
2025	F	98	ひかり	ひかり	43	96位	https://baby-calendar.jp/smilenews/detail/101365	bc
2025	F	98	ひなた	ひなた	43	61位	https://baby-calendar.jp/smilenews/detail/101365	bc
