year	gender	sound_row	orth	pron	episode	archive_ts	archive_url	src
2017	M		碧仁	あいと	私たちが大学生のときに碧仁は誕生しました。 家族や友人、多くの人に支えられ今があります。 何よりも私たちの支えになったのは碧仁でした。 碧仁が私たちの子どもとして生まれてきてくれるということが、私たちの笑顔の源であり幸せそのものでした。 そして、自分と周りの人を大切にし、どんなことにも挑戦してほしいと想い込めて、碧仁と名づけました。 碧仁には、多くの人と触れ合い幸せをたくさん感じながら生きていってほしいと思います。	20191122072834	https://web.archive.org/web/20191122072834/https://baby-calendar.jp/knowledge/common/1030	bc
2017	M		蒼桜	あお	4月生まれだから桜は絶対つけたくて 生まれたときも晴天で桜も咲いていたから蒼桜という漢字にしました！	20191122072834	https://web.archive.org/web/20191122072834/https://baby-calendar.jp/knowledge/common/1030	bc
2017	M		蒼	あおい	妊娠中から考えていたのですが、男の子と分かっていたので安易な考え方かもしれませんが、男の子ならよっぽど一生同じ名字となると思うので、名字と相性のいい画数の漢字をひたすらネットで検索していました！ひらがなという選択肢は最初から夫婦の間にはなぜかなかったです（笑）。そして最終的に2つまでに決めていたのですが出産日の1週間ぐらい前に旦那に迷惑メールが入ったのですが、その名前がもう一つの候補の名前だったみたいでどうしてもそれが忘れられずにイヤだってことであっさり決まりました（笑）。 ただ、後付けみたいになってしまうかもしれないですが生まれてきた息子はもう一つの候補でなくこちらの名前だっ！って夫婦2人でなったのもあります。そしていきものがかりのブルーバードという歌も連想させているのですが、蒼い空のように広々と大きく育っていってほしい！という思いも込めています。息子はどうやらいきものがかりの歌が好きらしく、泣き止まないときにかけるとピタッと泣き止んで、今では息子のテーマソングだね〜名前ぴったりだったね〜と夫婦で笑いながら話してます。	20191122072834	https://web.archive.org/web/20191122072834/https://baby-calendar.jp/knowledge/common/1030	bc
2017	M		葵叶	あおい	男の子の名前が全然浮かんでこないなか、朝目覚めるか目覚めないかの夢の中で「あおい」って急に思い浮かんだ。 急いで名づけ検索したら、この名前と漢字がこの世のものと思えないくらい、いい名前！と出てきたので決めました。	20191122072834	https://web.archive.org/web/20191122072834/https://baby-calendar.jp/knowledge/common/1030	bc
2017	M		碧	あおい	私が名前フェチなので、そうとう念入りに出産ぎりぎりまで考えました。上の子も下の子ももし迷子になったとき、大声で叫びたい名前にしました。2人とも男の子ですが、中性的な名前になってしまいました。その上、俳優の福士蒼汰君がうちの息子2人と同じ名前でドラマに出ていました。「恋仲」では下の子と同じ名前に、「愛してたって秘密はある」では上の子と同じ名前に。偶然ですが……。私自身はとくにファンではないのですが、びっくりです。	20191122072834	https://web.archive.org/web/20191122072834/https://baby-calendar.jp/knowledge/common/1030	bc
2017	M		碧	あおい	きれいで澄み切った心を持つ子に育ってほしい。	20191122072834	https://web.archive.org/web/20191122072834/https://baby-calendar.jp/knowledge/common/1030	bc
2017	M		葵道	あおい	パパの名前の母音とママの名前の母音が同じなので、子どもにも同じ母音の名前を付けたくて、話し合い、漢字も性別がしっかり区別できるよう、ほぼママの意見をゴリ押しして付いた名前です。	20191122072834	https://web.archive.org/web/20191122072834/https://baby-calendar.jp/knowledge/common/1030	bc
2017	M		葵	あおい	夫が付けたんですが、夫婦ともどもひまわりが好きで、夏にはひまわり畑によく遊びに行きました。 私たちが大好きなひまわりを漢字にすると「向日葵」。この文字の中から「葵」とゆう漢字を取りました。 太陽に向かって伸びる向日葵のように葵もすくすく太陽に向かって成長し、明るい未来を築いてほしいという意味を込めて「葵」という名前にしました。 お互い向日葵が好き、子どもが生まれたのも丁度真夏で、私たちの子どもにはぴったりの名前やねと言いながら2人で決めました。 葵は私たちだけの向日葵です。	20191122072834	https://web.archive.org/web/20191122072834/https://baby-calendar.jp/knowledge/common/1030	bc
2017	M		蒼音	あおと	夏生まれなので夏をイメージ。 大きな心と大きな夢を持つ子に、感情豊かな子に育ってほしい。	20191122072834	https://web.archive.org/web/20191122072834/https://baby-calendar.jp/knowledge/common/1030	bc
2017	M		葵翔	あおと	空に関係した名前が良く、葵はひまわりの意味もある事から8月生まれでひまわりのように空に向かってすくすくの成長し、大きくなってほしい。また空からみんなを見守り自由に飛べるようになってほしいという意味でつけました。	20191122072834	https://web.archive.org/web/20191122072834/https://baby-calendar.jp/knowledge/common/1030	bc
2017	M		蒼斗	あおと	雲外蒼天。困難を乗り越えて努力をすれば、いい青空が望める。いい人生を掴みとれますように。	20191122072834	https://web.archive.org/web/20191122072834/https://baby-calendar.jp/knowledge/common/1030	bc
2017	M		碧音	あおと	私も旦那もお互いの趣味や好きなものが一緒だったのがきっかけで、付き合って結婚しました。 名前を決めるときにまず、お互いが好きな音楽に関する漢字と、私も旦那も青色が好きなことで、あおとにすることにしたんですけど、青に音は合わない感じがして、碧という漢字に惹かれて意味を調べたらみどりとも読むらしくて、しかも、そのみどりは青に近いエメラルドグリーンの意味だとわかりすごくきれいな漢字だなぁと思って碧にしました！ 碧に好きな音楽の音で碧音。 きれいな心でたくましく、いろんなこれからの世界を生きてほしい、そんな願いを込めてつけました！	20191122072834	https://web.archive.org/web/20191122072834/https://baby-calendar.jp/knowledge/common/1030	bc
2017	M		燈	あかり	人生の階段を燈台の灯りのようにまわりの人たちを導きながら登っていってほしいという願いを込めました。 暖かい灯火（燈）で周りの人たちを包める、人との絆を大事にできる子になってくれたらと思います。	20191122072834	https://web.archive.org/web/20191122072834/https://baby-calendar.jp/knowledge/common/1030	bc
2017	M		晃斗	あきと	晃の字は日という字と光という字で成り立っています。日も、光も当たると暖かくて！明るい！元気になる！なので、そこから【明るくて暖かくて周りの人たちを元気にしてあげることができる人になってほしい】とつけました。斗の字は北斗七星、宇宙というイメージで膨大・広いというところから【無限大の可能性をもち、心の広い人になってほしい】という意味で名前を考えました！	20191122072834	https://web.archive.org/web/20191122072834/https://baby-calendar.jp/knowledge/common/1030	bc
2017	M		晄士	あきと	何個か候補をあげていて、それぞれ漢字の画数を調べていたら「名字に合う漢字」というので出ていたのでそのままその漢字を使い決まりました。 そのときに主人がすごく賛成したのを不思議に思っていたら、のちに主人の好きなアニメに出てくる名前だと知りました	20191122072834	https://web.archive.org/web/20191122072834/https://baby-calendar.jp/knowledge/common/1030	bc
2017	M		あきと	あきと	最初は｢虹郎｣とつけたかった私ですが、母に猛反対され……。おなかにいるとき呼んでいた名前が｢あきと｣でした。最初は｢あきと｣とはつけるつもりではなかったんですが、急に帝王切開になり、混乱しているなか手術がはじまりあっという間に泣き声が聞こえてふと、そのとき「あきと」と名づけようと思いました。	20191122072834	https://web.archive.org/web/20191122072834/https://baby-calendar.jp/knowledge/common/1030	bc
2017	M		聡人	あきと	『聡』を分解すると「耳」「公」「心」。 自分の心にしか耳を傾ける『恥』ではなく、公の心に耳を傾けられる、つまり人の話や自分の心に耳を傾けつつ、しっかりと自分で意思決定できる人生を歩んでほしい、という願いを込めて名前をつけました。	20191122072834	https://web.archive.org/web/20191122072834/https://baby-calendar.jp/knowledge/common/1030	bc
2017	M		彰人	あきと	旦那と私は同じ職場の違う部署でリーダーを務めていました。 子どもにはリーダーを務めれるくらい率先できて、人前でも堂々としていれるように、と願いを込めて名づけました。	20191122072834	https://web.archive.org/web/20191122072834/https://baby-calendar.jp/knowledge/common/1030	bc
2017	M		晄仁	あきひと	いくつか候補がありその中のひとつを見た義母が「あっくん」とあだ名をつけました（笑）！ まだ決定ではなかったのですが、あっくんと呼べる名前にしようということで「あきひと」。 漢字はお互いに一文字ずつ決めました。「晄」は晃の異字体で個性が光るようにという思いを込めて、「仁」は思いやりのある人に育ち周りの人に恵まれますように、と思いをこめました。	20191122072834	https://web.archive.org/web/20191122072834/https://baby-calendar.jp/knowledge/common/1030	bc
2017	M		一陽	あさひ	お姉ちゃんが2014年の十五夜の満月に妊娠が分かり、この子が女の子なら夜に輝く美しい月にしようと考えてて、女の子だったので美月にしました。 なので男の子が授かったら昼間に照らしてくれる大きな太陽から一文字もらい、もう一文字は主人が尊敬する曾祖父から「一」と言う一文字をもらい、いちばんに昇る太陽ということで「一陽（あさひ）」と読むことにしました。 主人は啓太なので一陽と並べて書くと男二人セットで太陽になり、主人はすごくよろこんでいます。	20191122072834	https://web.archive.org/web/20191122072834/https://baby-calendar.jp/knowledge/common/1030	bc
2017	M		朝陽	あさひ	第２子の妊娠。 上の子は11日も早く生まれたので今回も予定日より早く生まれると思っていました。 予定日から4週間前の健診でそろそろくるかもね！と言われてそわそわしていました。が、なにもなく予定日に（笑）。3300を越えていたのと、パパにもお休みをとってもらっていたので私はすごくあせってました。次の日、朝4時に目が覚めてまだなにも予兆がないことにがっかりして気分転換に朝の散歩に行くことにしました。玄関を明けるとぱーっと明るい朝陽に包まれました。あ、今日この子に会える！と思いました。お昼に陣痛がきて6時間後、3440グラムの大きな息子。朝陽くんは無事生まれました。	20191122072834	https://web.archive.org/web/20191122072834/https://baby-calendar.jp/knowledge/common/1030	bc
2017	M		旭陽	あさひ	わが家の3人目で初めての男の子が生まれました。上2人もママの字を入れているので3人目もママの字を入れたいというパパの希望でを陽使い旭陽あさひと名づけました。 あさひのようにあたたかくおだやかに、みんなに必要とされる人になってほしいと名づけました。	20191122072834	https://web.archive.org/web/20191122072834/https://baby-calendar.jp/knowledge/common/1030	bc
2017	M		旭	あさひ	女の子がほしくて、女の子の名前ばかり考えていましたが、どうやら男の子っぽいねと言われ名前が全然思い浮かびませんでした。夫の仕事の事情で引っ越しすることになり、不安でこの先どうなるのだろうと心が沈んでいましたが、引っ越し当日の朝、ベランダに出ると家が丘の上だったこともあり、下から出てくる光輝いたあさひを見て、心が清々しくなんとも言えない感動のようなものが込み上げてきました。これだーっと思い、あさひっていうのはどうだろうと夫に相談。 漢字も悩みましたが、夫が一文字の名前ということと漢字の由来を調べ、自分だけでなく周りの人たちにも光りを照らし、明るく元気な子という由来も夫婦の理想にピッタリだったので旭と名づけました。	20191122072834	https://web.archive.org/web/20191122072834/https://baby-calendar.jp/knowledge/common/1030	bc
2017	M		朝陽	あさひ	赤ちゃんができたら、男の子ならパパの名前の一部を、女の子ならママの名前の一部をつけたいねと話していました。男の子だったのでパパの「まさひろ」の文字のどこかをもらうところまでは決めていたのですが、予定よりも早く出産日が来てしまい、出産当日まで最終決定はしていないままでした。1日がかりの長いお産で、ママの意識が遠のきそうなとき、赤ちゃんが自分の力でうまくおりてきてくれて協力して産み出すことができました。お産のときの赤ちゃんのエネルギーが忘れられず、朝日のような強いエネルギーを持った子なので、こんなふうに、これからつらいことがあっても、必ず昇ってくる朝日のように、たくましく輝いてほしいという願いから「あさひ」にしようと決めました。	20191122072834	https://web.archive.org/web/20191122072834/https://baby-calendar.jp/knowledge/common/1030	bc
2017	M		天飛	あまと	第3子の男の子です。長女が瑞月（みづき）、長男が洸星（こうせい）と、それぞれ、『月』と『星』が入っており、天体にまつわるように名づけしました。 そして、今回の『天飛』は、お姉ちゃん、お兄ちゃんのまとめ役、この子が生まれて兄弟がさらに一丸となって、なかよくまとまるように、星と月両方を兼ね揃えている天体の『天』をつけました。 『飛』は広くどこまでも続いてる大空を自由に飛ぶように、何ごとにも縛られず、のびのびと、育ってほしいという思いを込めて『飛』を付けました。そして、全知全能の天空神、ゼウスのような偉大な存在になってほしいという思いも込めてます。	20191122072834	https://web.archive.org/web/20191122072834/https://baby-calendar.jp/knowledge/common/1030	bc
2017	M		彪輝	あやき	彪は鮮やかなトラの模様、しま模様の曲線、鮮やかに目立つ様などの意味があり、輝は旦那の一文字いただきました！ ひとつのものにとらわれず、何ごとにもはっきりと強く輝ける子に育ってほしいという意味です！ 今の世の中とてもたくさんの道、考え、物などがあり、どれも間違いではなく、どれが正しいか分からないことが多い中で、しっかり自分を持った子になってほしいとつけました！	20191122072834	https://web.archive.org/web/20191122072834/https://baby-calendar.jp/knowledge/common/1030	bc
2017	M		絢斗	あやと	素を以て絢と為す」ということわざの意味。「常に自分を磨く」「誠実でいつもきれいな心をもつ」という意味にすごく惹かれ、絢斗（あやと）と名づけました。	20191122072834	https://web.archive.org/web/20191122072834/https://baby-calendar.jp/knowledge/common/1030	bc
2017	M		彩人	あやと	候補を3つまでに絞ったのですがなかなか決まらず、入院中仕事帰りに病院に来てくれたパパと一緒に候補の名前をそれぞれ呼んでみていちばん反応してくれた名前にしました。 それは私が妊娠中にいちばん気に入っていた名前。 彩り豊かな人生、そして周りの人たちにもその彩りを添えられる人になってほしい、という願いが込めてあります。 みんなに愛される明るい子に育ってくれますように。	20191122072834	https://web.archive.org/web/20191122072834/https://baby-calendar.jp/knowledge/common/1030	bc
2017	M		歩輝	あゆき	性別が男の子とわかったときから夫婦で名前を考えはじめた。名前には漢字に想いを込めたくて漢字の意味調べから始まったが、なかなか決まらず、予定日間近まで悩み続けた。息子はおなかの中でよく動くのか何度も逆子になっては頭位に戻りを繰り返した。予定日1週間前にも逆子になってしまい、入院して頭位に戻した。心配ごとは尽きなかったが、夫も「よく動く脚力のある子だね」と言い、その足でしっかりと人生を歩んでほしいと話したとき、「歩む」という字が浮かんだ。また、自分も輝くが、周りも輝かせることのできる人になってほしいという想いを込めて、「輝」という字で歩輝とした。	20191122072834	https://web.archive.org/web/20191122072834/https://baby-calendar.jp/knowledge/common/1030	bc
2017	M		亜羅秀	あらし	父：秀平、母：亜緒衣。2人の名前から一文字ずつとり亜羅秀。2 人の子どもであり、子どもにとって夫婦のどちらかが欠けることないように、家族3人ずっと繋がっていられるように、という思いでつけました。 次に子どもができたら同じように2人の名前一文字ずつとる予定です。	20191122072834	https://web.archive.org/web/20191122072834/https://baby-calendar.jp/knowledge/common/1030	bc
2017	M		新大	あらた	わが家の名字はめずらしく、これに見合う名前は難しい。なら、古風を感じる名前にして、新たな一面で大きく飛躍してほしいと願って名づけました。生まれてくると、つむじが２つ！こりゃ大物になると周りから言われています。	20191122072834	https://web.archive.org/web/20191122072834/https://baby-calendar.jp/knowledge/common/1030	bc
2017	M		新	あらた	新しいことに挑戦する向上心のある子になってほしい。新しい出会い（人や物）を大切にできる子になってほしい、という想いを込めました。主人と私、ともに新がいいねと意気投合し、すぐに名前が決まりました。私自身、新が生まれてから、公民館に足を運んだり、お会いする方となかよくなったりと、積極的になったように思います。この子の影響かなぁなんて思ってます。	20191122072834	https://web.archive.org/web/20191122072834/https://baby-calendar.jp/knowledge/common/1030	bc
2017	M		伊織	いおり	そろそろ子どもがほしいねとなったとき、主人とどんな名前がいいかという話になりました。 それぞれ候補を挙げますが、お互い納得いかず却下の連続。しかもなぜか女の子の名前しか考えてなかった。もういいか～と話が終わりそうになったとき、ふと主人が「いおりは？」と。私もすっと胸に落ちるような落ち着く感じがして、それいいね！！となり、女の子でも男の子でもこの名前にしようとなりました。主人に「何でいおりなの？もしかして私の名前から一文字取ってくれたの？」とちょっとうれしい気分で問うと「俺が好きなゲームのキャラの名前」。主人はゲーム＆漫画オタクです。	20191122072834	https://web.archive.org/web/20191122072834/https://baby-calendar.jp/knowledge/common/1030	bc
2017	M		伊織	いおり	名前のいい案が浮かばずだった妊娠8カ月ごろのある日。父の還暦祝いで実家でみんなで食事していました。 その日、兄夫婦がお土産で“おいなりさん”を買ってきました。 そこで旦那が冗談でひと言。「いなりは？？」と名前の提案。 私は「名字に寺がつくんだから稲荷にしたら、寺なのか神社なのかあべこべな名前になっちゃうじゃん！」と返事し、みんなで笑っていました。 その後。“いなり”って響きがかわいくて、なぜかあとをひき……。さらに漢字を変えてみたら伊成、なかなかカッコいいぞ。漢字変えれば神社っぽくないし。とじわじわ思いはじめてしまって、なぜか夫婦で愛着が沸いてきてしまいました。 しかし、画数を調べたところどんな漢字に置き換えても名字との相性最悪で凶がつくばかり。せっかくはじめて愛着が沸いた名前だったのに……とまた振り出しに戻ってしまいました。 そんな名前問題で煮えきらずヤキモキしていたある日、私の母が“伊織”はどう？と提案。 響きも似ているし、画数も名字と相性バッチリ！さらに気に入ったのは漢字一つひとつの意味。 「伊」は人を調和させるという意味が。「織」は織物のように横糸と縦糸が重なり合う=人と支え合う。というイメージ。 こんな子に育ってほしい、というイメージにぴったりの意味を持っていたのでした。 そんなこんなで家族全員一致で“伊織”に無事決定。 名前の発端が“おいなりさん”はちょっと笑ってしまいますが、私たちにとってはほっこり思い出深いエピソードです。 ただ、子どもが小学生くらいになって名前の由来を発表することがあったら……漢字の意味のほうを言ってもらおうかな	20191122072834	https://web.archive.org/web/20191122072834/https://baby-calendar.jp/knowledge/common/1030	bc
2017	M		郁斗	いくと	私が中学生のころ、友だちと将来子どもに付けたい名前を考えようとなり、必死に考えた結果思いついた名前が「郁斗」で、それをずっと頭の片隅に置いていて。いざわが子の名前を考えるとなったときにいちばん最初にやはり「郁斗」と付けたいと思い、夫に相談したところすごく気に入ってくれて決まりました。	20191122072834	https://web.archive.org/web/20191122072834/https://baby-calendar.jp/knowledge/common/1030	bc
2017	M		郁人	いくと	呼び名が先に決まったのですが、名前の漢字の意味は、思いやりのあるやさしい男の子になってもらいたかったので、「いく」という漢字を探していたら「郁」という漢字の意味に「あたたかい」と書かれていたのと、また才色兼備とも書かれていたので「郁」に決めました。また、「と」もいろいろと調べてたのですが、郁の意味からあたたかい人になってもらいたいと願い「人」に決めました。	20191122072834	https://web.archive.org/web/20191122072834/https://baby-calendar.jp/knowledge/common/1030	bc
2017	M		郁登	いくと	新緑の緑が風に揺れる風景が好きで、その生命力に満ちたイメージを名前にできたら、と漠然と思っていました。そのイメージと音の響き（いくと）、姓名判断を合わせて考え、漢字は「郁郁青青（植物が立派に育っていて、いい香りを放っている様子）」から「郁」を、自分の足で着実に歩んでほしいという願いから「登」を選びました。	20191122072834	https://web.archive.org/web/20191122072834/https://baby-calendar.jp/knowledge/common/1030	bc
2017	M		伊佐	いさ	夫の名前が伊助（いすけ）、私の名前が早苗（さなえ）おなかに赤ちゃんが来た時から夫婦の頭文字をとって「いさ」と呼んでいました。5カ月過ぎて性別が分かり、男の子だと判明！いざ名前を考えようとしても、「いさ」以上の名前が思い浮かばず……。このまま「いさ」にしよう！ということになりました。漢字ですが父親の「伊」と祖父 佐平から漢字をもらい、完全に跡取り！という名前です。鹿児島に伊佐と言う場所があり、とても歴史の深い街だそうです。また「いさ」は韓国語では引っ越しという意味で、世界を股にかけて生き生きと人生を送ってほしい、という気持ちも込めています。たくさんの偶然が重なって決まった名前で、彼のこれからの人生も素敵な偶然がたくさんあるように願っています。	20191122072834	https://web.archive.org/web/20191122072834/https://baby-calendar.jp/knowledge/common/1030	bc
2017	M		一叶	いちか	一叶と名づけてくれたのは主人です。 最初は（いちか）の呼び名はよく女の子で聞いていたので、男の子で（いちか）はピンと来ませんでした。しかし主人の「ひとつ夢を持ち、叶えられる人になってほしい」との想いを聞いて素敵だなと思いました。 まだ先になると思いますが、いつか子どもから「なんで一叶と付けたの？」と聞かれる日を楽しみにしています。	20191122072834	https://web.archive.org/web/20191122072834/https://baby-calendar.jp/knowledge/common/1030	bc
2017	M		一桔	いちきち	旦那さまのおじいちゃんが楽しみにしていた、ひ孫がついにおなかの中にやってきました！胎児ネームが『イチキチ』。単純に、唯一な宝物、いちばんな宝物、そして1番目（はじめての子）、最初は軽くひらめいて、ふざけてそう呼んでいました。おなかの子が男の子とわかり、この世界に生まれたとき、ワタシも主人も1日生まれ！何でもいちばんがスキ！大好きな花、桔梗の花のように、暖かく芯を持った子に育ってほしい！芯をもったかっこいいおじいのような。 もしかして、胎児ネームからそのままいくとは思っていませんでしたが、大好きなおじいも気に入ってくれてると思います。今は亡きおじいの聞いたことある名前イチキチはすくすく育っています。天国から守ってくれますように……。	20191122072834	https://web.archive.org/web/20191122072834/https://baby-calendar.jp/knowledge/common/1030	bc
2017	M		市翔	いちと	お空に居る『イチゴ』くんと、主人の『ケンイチ』からもらいました。	20191122072834	https://web.archive.org/web/20191122072834/https://baby-calendar.jp/knowledge/common/1030	bc
2017	M		樹生	いつき	パパの名前の一文字をつけたいと強い希望があったので、樹を使った名前で画数がいいものを色々なアプリから探して決めました。一文字でいつきと読めますが名字との関係から樹生となりました。	20191122072834	https://web.archive.org/web/20191122072834/https://baby-calendar.jp/knowledge/common/1030	bc
2017	M		樹	いつき	目には見えないけれど、体と心に深い根を張り、どんな雨風にも負けず、力強くまっすぐ成長してほしい。 これからさまざまな人やものに出会い、彩の葉をつけて一度きりの人生を楽しく生きてほしい。 あなたのそばにはいつも笑顔と光があるから……。	20191122072834	https://web.archive.org/web/20191122072834/https://baby-calendar.jp/knowledge/common/1030	bc
2017	M		一颯	いっさ	名前を呼んだときの響き、総画数などたくさんのことを考えてこの名前を付けようと思っていました。でも生まれて赤ちゃんの顔を見たら変わるかもしれないと思っていました。 昼ごろから陣痛が始まり、日をまたぎ夜中の3時に元気に生まれてくれました。 日付を見ると13日。いちとさんでいっさ。語呂合わせですが、名前に運命を感じました。生まれてすぐに名前を呼びました。	20191122072834	https://web.archive.org/web/20191122072834/https://baby-calendar.jp/knowledge/common/1030	bc
2017	M		壱仁	いっしん	壱という漢字の意味が 「１．もっぱら（あるひとつのことに集中するさま）例：壱意専心、」「２．ひとつ（同意語：一）」「３．ひとたび、一度」「４．みな、すべて（例：壱是）」「５．等しい、同じ」「６．合う、二つ以上のものが近寄って、一つになる、一致する」「７．集まる」 仁と言う漢字の意味が「１．いつくしみ、親しみ」「２． 思いやり、情け」「３． めぐみ育てる」「４．人の心、心の本体」「５．徳を備えた人」という意味があり、中身のきれいな思いやりある子で、みんなが自然と集まる。そんな子に育ってほしいという意味を込めてつけました！	20191122072834	https://web.archive.org/web/20191122072834/https://baby-calendar.jp/knowledge/common/1030	bc
2017	M		一平	いっぺい	第一子が女の子なのですが、生まれるまで女の子だと確定の性別は聞かされておらず、名前は男の子女の子の両方を考えていました。 結果女の子でしたので、男の子の名前はそのまま考えただけとなりました。今回、第二子が男の子と分かったとき、名前を考えるにあたって1人目のときに考えたのがやはりいちばんで、それ以上のものは考え付かないだろうと夫婦で意見が一致。その名前が一平です。「一」の字は主人の父親からもらいました。「平」は一と合わせた響も大切にしながら、平和な中で公平に、平等にすることを大切にしてほしいという思いも込めています。結果的に平成の最後の年になるかもしれないので、その意味でもいい名前になったなあと思っています。	20191122072834	https://web.archive.org/web/20191122072834/https://baby-calendar.jp/knowledge/common/1030	bc
2017	M		伊吹	いぶき	活気あり、世を治められるような男の子になってほしい」という願いを込めて伊吹と名づけました。 初めてこの名前に出会ったのは名づけ本です。 名字に合う名前の中ではひときわカッコいい印象があり、一目惚れをしました（笑）。また、私たち夫婦は婚前旅行に伊勢、新婚旅行にイタリア（伊）に行っていたため、ご縁のある漢字だなという想いがあります。 伊吹には好きなことに熱中してのびのびと生きてほしい、将来は周りにいい影響を与えられる人間になってほしいと願っています。	20191122072834	https://web.archive.org/web/20191122072834/https://baby-calendar.jp/knowledge/common/1030	bc
2017	M		惺渚	せな	名前は響きから決めましたが、漢字を考えるのにとても悩みました。 私と夫の初めてのデートが、何もない田舎町の田んぼのど真ん中へ星を見に行ったことでした。 私たち夫婦にとって、大切な日やうまくいかないときなど、何かあるたびに車で1時間かけて何度も向かった思い出の場所です。 そこで「星」という字が入った「惺」に、夏生まれということで、「渚」を合わせて「惺渚（せな）」という漢字を選びました。 「惺」は星のように心がきれいに澄んでいることという意味があるのも素敵だと思い選んだ理由のひとつです。	20191122072834	https://web.archive.org/web/20191122072834/https://baby-calendar.jp/knowledge/common/1030	bc
2017	M		右京	うきょう	京という文字の意味に惹かれ字画のいい名前をサイトで入力して調べたところ、あまりにも名字との相性悪くて字画を諦めるべきか悩みました。 提出できる日があまりないので悩むくらいならと名づけました。	20191122072834	https://web.archive.org/web/20191122072834/https://baby-calendar.jp/knowledge/common/1030	bc
2017	M		英司	えいじ	主人が、主人の名前の一文字「英」（ひで）を息子の一文字目にどうしてもつけたいとのことで、一文字目は「英」に。 私の父も「英」（ひで）が一文字目に付くのもあり、読みは「えい」がいいと譲りませんでした。「英」（えい）を使う名前で、画数がいいものを調べ、優秀でありながら協調性があり、ひとから信頼される人という意味をもつ「英司」と名づけました。	20191122072834	https://web.archive.org/web/20191122072834/https://baby-calendar.jp/knowledge/common/1030	bc
2017	M		栄太	えいた	今回生まれたこの子の前に2人の赤ちゃんがおなかにやってきてくれました。ですが、残念ながら2人とも途中でお空に還ってしまいました。また妊娠がわかり、不安でしたが、無事に安定期に入り、男の子だと分かるとその命が太く栄えてくれるようにと、栄太と名づけました。2人の分まで元気に育ってほしいです！	20191122072834	https://web.archive.org/web/20191122072834/https://baby-calendar.jp/knowledge/common/1030	bc
2017	M		瑛太	えいた	上の子が琉真と言い、年子の男の子の兄弟なので名前に少しだけ共通点がほしいと思いました。親の名前の一字を取り、上の子は琉真と付けたので真という字を共通にしようと思っていましたが、王辺の漢字も探していたところ瑛という字に巡り会いました。意味も響きも気に入り主人といろいろほかに候補も出していましたが、出産間近にこの名前に決めました。俳優さんと同じですが、その方も素敵な方なので同じでもいいかなと思いました。	20191122072834	https://web.archive.org/web/20191122072834/https://baby-calendar.jp/knowledge/common/1030	bc
2017	M		英人	えいと	長い人生の中で、ひいでたものを見つけて輝いてほしい。	20191122072834	https://web.archive.org/web/20191122072834/https://baby-calendar.jp/knowledge/common/1030	bc
2017	M		笑瑠	えいる	熊本地震で被災した益城町に生まれました。 復興元年に生まれてきてくれたので、周りの人達みんなにエールを送れるような子に、そして毎日が笑顔で過ごせるように……という思いを込めて命名しました。	20191122072834	https://web.archive.org/web/20191122072834/https://baby-calendar.jp/knowledge/common/1030	bc
2017	M		縁司	えにし	人とのご縁を大切にして、ひとの中心となり、司っていってほしいと思い、つけました。	20191122072834	https://web.archive.org/web/20191122072834/https://baby-calendar.jp/knowledge/common/1030	bc
2017	M		皇翔	おうが	"【皇翔（おうが）】なんていかにも由来が込められてそうな名前ですが、実は……ありません（笑）。女の子だとばかり思っていた7カ月の健診で「立派なのついてるね」と言われ、唖然！！ すぐさま名前の考え直しをしましたが、なかなかしっくりくる名前に出逢えずにいました。 というのも私たち夫婦は子どもに関する仕事をしていて、お互い提案するたび「その名前は職場にいるから却下」の連続でした。 ある日また相談をしていたところ「""おうが""って響きがいいね」とやっと話が進み、画数を調べに調べて《皇翔》をまずはひとつ候補に挙げました。その話を聞いた実母がすぐさまお不動尊に行き、姓名判断していただいたところ「すごくいい名前です」と言われて、【命名 皇翔】とまで書いていただいて来てしまったんです。夫は姓名判断の結果を聞いてますます気に入り、半ば強引に決めてしまったんです。 義母は渋々でしばらく「おうじ（王子）」なんてはぐらかして呼んでいましたが、友だちに「すごくいい名前ね」とほめられてから、今では鼻高々みたいでいちばん気に入ってるんです（笑）。「子どもが大きくなって由来聞かれたら？」と夫に聞いてみたら「皇族のように翔（はばたく）ように」とよくわからないことを言っていたので、「響きがよくて画数もよかったから」と正直に伝えます（笑）。名前負けせず素直で思いやりのある活発な男の子に育ってほしいです。"	20191122072834	https://web.archive.org/web/20191122072834/https://baby-calendar.jp/knowledge/common/1030	bc
2017	M		皇琥	おうが	けだかく偉大で琥珀のように……。ママがシングルマザーでまだ19歳と若いママだから、ママと同じようにココロの弱い子になってほしくないから、立派な人になり、強い子に育って琥珀のようにキラキラした人生を送ってほしいっていうを込めて名づけしました。	20191122072834	https://web.archive.org/web/20191122072834/https://baby-calendar.jp/knowledge/common/1030	bc
2017	M		應誠	おうせい	應は答え、誠は誠実。何ごとにも誠実に、ひとつひとつ自分で答えを見つけていけるように、という意味を込めて。	20191122072834	https://web.archive.org/web/20191122072834/https://baby-calendar.jp/knowledge/common/1030	bc
2017	M		煌太	おうた	初の男の子で、おうちゃんと呼びたくて候補に出たけど、その時点でパパからオーケーされず。そして生まれる直前にパパの頭に自分色で輝かしい人生を歩んでほしいとの願い、男の子らしい元気なイメージを持った太で、煌太を思いつき、読みは「おうた」に決まりました。前に私の希望する呼び方と同じだったから、私もうれしくて、意味もしっかりしていて、大満足の名前に感謝です。	20191122072834	https://web.archive.org/web/20191122072834/https://baby-calendar.jp/knowledge/common/1030	bc
2017	M		煌太	おうた	私がおうちゃんと呼びたくて、初めに候補に挙げてたけどオーケーが出ずで、いろいろ考えながらも出産に近付いていました。 そして、生まれる直前にパパが早朝、すごくいい意味の名前が思いついたよ！と声高らかに言いました。どんな子になってほしいか考えてたら、この名前どお？と紙に書いた名前を見せてくれました！見た瞬間、あっ！この名前！すごくいい！とビビビッっときました。出会いだけでなく、ステキな名前に出会ったときもそう思うんですね。初め、私が呼びたいと言っていた、おうちゃん！願いをしっかり込めた名前にしたくてパパがずっと考え、舞い降りてきた名前！ 自分のカラーで輝ける人生にしてほしい！として煌めく！そして、元気に男の子らしく丈夫に育ってほしい！として太い！煌太（おうた） うん、すごくいい！と。 そして、生まれてきてくれてすぐ、おうちゃん、おうた君って呼び、今でもずっと呼ぶたびにステキな名前付けてもらったねって思います。	20191122072834	https://web.archive.org/web/20191122072834/https://baby-calendar.jp/knowledge/common/1030	bc
2017	M		央理	おうり	ミュージカルが大好きな私たち夫婦の第一子。男の子とわかったときから胎児名がライオンキングから『シンバ』でした。 将来、某劇団の子役シンバとしてデビューしてほしいのでシンバの様にみんなの中央でリーダー的な存在になれるよう、『央理』と名づけました！	20191122072834	https://web.archive.org/web/20191122072834/https://baby-calendar.jp/knowledge/common/1030	bc
2017	M		鳳人	おうり	鳳」という字は、「鳳凰」という縁起のいい鳥の名から。また、幸福な状態を表し、成功するという意味合いもあるそうです。男の子なので雄どりを意味する「鳳」を選びました。自分の決めたことを成し遂げる強い子になってほしい、しかし、最終的には人を第一に考え、人を大切にできる子に……という願いを込めて、鳳人と名づけました。	20191122072834	https://web.archive.org/web/20191122072834/https://baby-calendar.jp/knowledge/common/1030	bc
2017	M		央歩	おと	旦那さんと付き合うキッカケにもなり、今では2人の好きなアーティストにもなった、「BUMP OF CHICKEN」のボーカルの名前の一字、｢央｣を使いたくて考えた名前。 そして、おなかにこの子がいるようになってから、ホントによくたくさん歩いていたので、その｢歩｣という漢字を合わせました。 それで読み方は｢おと｣。 おなかにいてから音楽はもちろん、いい音も悪い音もたくさん聞いて育ったので｢央歩（おと）｣という名前を付けました。 そのおかげ（？）か、生まれてからも騒音や爆音の中でもぐっすり寝ている子になりました。	20191122072834	https://web.archive.org/web/20191122072834/https://baby-calendar.jp/knowledge/common/1030	bc
2017	M		凰斗	おと	おと＝music」（音楽関連に勤める夫婦で音楽好き）はもちろん。 鳳凰という平和な世にのみ姿を現わす鳥と、この子を授かったタイ王国の名花が鳳凰木という夏をイメージする素敵な木だったのでそこから［凰］を取りました。 そして、［斗］は宇宙も意味しているので、世界どころか宇宙まで羽ばたいてほしい願いを込めてプレゼントしました。 （あお&おとママ さん） 赤ちゃんの名づけエピソード大賞はこちら 2017年赤ちゃんの名づけエピソード大賞 ＞ 2016年赤ちゃんの名づけエピソード大賞 ＞ 2015年赤ちゃんの名づけエピソード大賞 ＞ 赤ちゃんの名前ランキングはこちら 2017年赤ちゃんの名前ランキングTOP ＞ 2016年赤ちゃんの名前ランキングTOP ＞ 2015年赤ちゃんの名前ランキングTOP ＞ 2014年赤ちゃんの名前ランキングTOP ＞ 2013年赤ちゃんの名前ランキングTOP ＞ 2012年赤ちゃんの名前ランキングTOP ＞ 2011年赤ちゃんの名前ランキングTOP ＞ 2010年赤ちゃんの名前ランキングTOP ＞ おすすめサービスはこちら おすすめ内祝い ＞ 2017/12/08 この記事にいいね！しよう いいね！ 2 0 クリップ 現在ログインしていません。 ログインしますか？ シェアする ツイートする LINEする 戻る 出産予定日 or 赤ちゃん の誕生日を設定しよう！ あなたの今の状態にぴったりの情報だけを厳選してお届けします。 出産予定日 赤ちゃんの誕生日 設定する 設定を変更する 妊娠 週と 日 今日の知っておきたい 今日のＱ&Ａ 設定を変更する お誕生日から 日 歳 カ月と 日 今日の知っておきたい 今日のＱ&Ａ 離乳食 はちみつ 豆腐 赤ちゃんの名前ランキング 妊娠力診断 ほうれん草 母乳 つわり うどん 人見知り 納豆 義母 PICK UP 産後のママをケアしてくれる！ 産後ケア施設検索 先輩ママの口コミ掲載！ 産婦人科検索 ぴったりの病院が見つかる！ 婦人科検索 赤ちゃんとの毎日が楽しくなる かわいいベビー肌着 photo studio guide フォトスタジオガイド ママの口コミ満載 お泊まり宿 はじめての方へ 赤ちゃんの笑顔でいっぱいの毎日を。『ベビーカレンダー』は、赤ちゃんが毎日を笑顔で過ごせるような情報をお届けする、妊娠・出産・育	20191122072834	https://web.archive.org/web/20191122072834/https://baby-calendar.jp/knowledge/common/1030	bc
2017	M		櫂	かい	船のオール（櫂）のように力強く自分の力で漕いで人生を進んでいってほしいという思いでつけました。姉が帆がつくので海関連というのも揃えました。	20191112125937	https://web.archive.org/web/20191112125937/https://baby-calendar.jp/knowledge/common/1031	bc
2017	M		快成	かいせい	快という漢字は快適、快晴、快走など気持ちの良い清々しい意味があります。 周りの人が見てて快い、そんな人に成ってほしいという気持ちを込めてつけました。	20191112125937	https://web.archive.org/web/20191112125937/https://baby-calendar.jp/knowledge/common/1031	bc
2017	M		櫂聖	かいせい	１歳半違いの兄の名前が航聖。航聖は荒波でも強く渡っていける…どんな困難にも負けず突き進んでいける人、そして皆から愛され人になって欲しいと名付けました。 航聖の航は船という意味もあり、航聖にかけて、船にオールが必要不可欠なように航聖にとって櫂聖も、櫂聖にとって航聖も必要不可欠な存在であること、兄弟仲良くなって欲しい。また前進するというイメージを持つ感じなので、自らの道を切り開いていける人、皆から愛され人になって欲しいという思いを込めて櫂聖と名付けました。	20191112125937	https://web.archive.org/web/20191112125937/https://baby-calendar.jp/knowledge/common/1031	bc
2017	M		佳聖	かいせい	旦那も私も同じ漢字の佳をつかった名前なので子供にもつけたいと思い佳聖にしました。10月に第二子を出産予定で女の子だったら沢山名前の候補があったのですが立派なものがみえたので考え中です。旦那の弟も佳をつかった名前なのでなかなかピンとくる名前を考えられずちょっと焦ってます。	20191112125937	https://web.archive.org/web/20191112125937/https://baby-calendar.jp/knowledge/common/1031	bc
2017	M		快成	かいせい	生まれる前にあれこれ考えましたが、実際には、赤ちゃんが生まれてから夫が名付けの本を見て、字画や響きから決めました。人に対して、快い爽やかな人に成るように、という願いを込めて。	20191112125937	https://web.archive.org/web/20191112125937/https://baby-calendar.jp/knowledge/common/1031	bc
2017	M		夏絃	かいと	夏のように周りに元気を与える明るい活発な子になってほしい。絃（げん）のように、芯のある子になってほしい。また、絃（げん）楽器は、触れる人によって、奏でる音が変わってくる。そんな対応力、柔軟性のある子になってほしい。	20191112125937	https://web.archive.org/web/20191112125937/https://baby-calendar.jp/knowledge/common/1031	bc
2017	M		櫂人	かいと	男の子なので、自分で漕いでバランス良く真っ直ぐ進んで欲しいという思いを込めました。 名字の字画が少なく、かっこいい漢字を使いたかったのとママの希望でボートのオールという意味の『櫂』という漢字をつけました。櫂は常用漢字ですが、両親ともに子どもが生まれてから人生初めて書いた漢字です。ちょっと珍しいので、他とかぶらないかなと思います。	20191112125937	https://web.archive.org/web/20191112125937/https://baby-calendar.jp/knowledge/common/1031	bc
2017	M		海斗	かいと	夫婦で海が大好きなので海と言う字は入れたくて最初は海星（かいせい）に決めていました。生まれて3日後海星でヒトデと読むからいじめられると言われ変更。海のように広い心と周りの人を守れる強さを持ってほしいと願い付けました。	20191112125937	https://web.archive.org/web/20191112125937/https://baby-calendar.jp/knowledge/common/1031	bc
2017	M		海斗	かいと	海のように広く穏やかな心とみんなを守れる強さを持ち周囲から好かれる子になりますように…。	20191112125937	https://web.archive.org/web/20191112125937/https://baby-calendar.jp/knowledge/common/1031	bc
2017	M		快浬	かいり	３歳のお姉ちゃんが赤ちゃんがお腹にいる時から「かいりくん」と声をかけていて、「保育園でもかいりくんだよー」っと先生方に説明しており、自然に読みは決まりました。お友達にかいりくんはいないので今でも不思議です。漢字は、元気いっぱいで海のように広い心、たくましい男の子に育ちますようにと、夫婦で考えました。家族で名づけました。	20191112125937	https://web.archive.org/web/20191112125937/https://baby-calendar.jp/knowledge/common/1031	bc
2017	M		海李	かいり	海のように広く大きな心をもち 李の花言葉：忠実に物事に取り組める子になってほしいことから名付けました	20191112125937	https://web.archive.org/web/20191112125937/https://baby-calendar.jp/knowledge/common/1031	bc
2017	M		楓	かえで	旦那が付き合っていたときから男の子ならこの名前と決めていました。旦那の名前は大地、私は樹里という名前でみんな自然豊かな木々の名前で大地に包まれ、樹木があり、それを風のようにのびのびと駆け巡るという意味合いも込めて。ちなみに楓はメープルの木で、偶然にもメープルシロップが大好きな私にとっては密かに気に入っています。	20191112125937	https://web.archive.org/web/20191112125937/https://baby-calendar.jp/knowledge/common/1031	bc
2017	M		岳	がく	次男として誕生！上の子は「陸（りく」という名で、周りからは次は「空」でしょ！！と言われまくり…逆に空は微妙な気持ちに。。 上の子同様、誰でも読めて、草木などの自然に関する名前がいいね、というのはあって…あとは旦那に丸投げ（笑） ネットで検索してもなかなかしっくり来ず、やっと候補になったのが岳。 岳が生まれたとき旦那は立会してくれ、赤ちゃんみた瞬間に「ごう」という名がヒラメいたらしい。でも何か違う… 実は妊娠当初、二卵性の双子だったのだけど、一人は育つことなく空に還ってしまっていた。 きっとそのお空に還った子が「ごう」だったのかな、と思います。 ごうくんの分まで元気にスクスク育ってね、岳くん という想いです。（りくとがくの母ちゃん さん）	20191112125937	https://web.archive.org/web/20191112125937/https://baby-calendar.jp/knowledge/common/1031	bc
2017	M		和貴	かずたか	子供の父親とは、事情があって一緒になれなくなり、未婚の母になりました。父親の名前の一部である「かず」を入れたかったのと、「和」という字には、物事が丸くおさまるという意味があったので、全てのことが丸くおさまりますようにと願いを込めて、つけました。	20191112125937	https://web.archive.org/web/20191112125937/https://baby-calendar.jp/knowledge/common/1031	bc
2017	M		和翔	かずと	生まれた日は広島や長崎の原爆の日や、終戦の日に近く誰もが平和を願ってやまない時期です。平和について改めて見直す気持ちになり、平和な世を和やかに生き、翔け上がってほしいと願いを込めて名付けました。	20191112125937	https://web.archive.org/web/20191112125937/https://baby-calendar.jp/knowledge/common/1031	bc
2017	M		一人	かずと	私たち二人の我が子 この世で一人。	20191112125937	https://web.archive.org/web/20191112125937/https://baby-calendar.jp/knowledge/common/1031	bc
2017	M		和永	かずと	パパママの父親がたまたま和という字が付くのでパパママのお父さん（おじいちゃん）から和をもらい、永遠に平和、和合、和みを育んでいける優しい子になるようにつけました。	20191112125937	https://web.archive.org/web/20191112125937/https://baby-calendar.jp/knowledge/common/1031	bc
2017	M		和弘	かずひろ	名字との字画の相性が良かった。周りの人たちを和ませる人になってほしい。和がひろがって、沢山の人たちと繋がって、可能性を広げてほしい。という思いを込めて。	20191112125937	https://web.archive.org/web/20191112125937/https://baby-calendar.jp/knowledge/common/1031	bc
2017	M		奏汰	かなた	奏汰は私の二人目の子供です。 上の子は21歳で出産し、旦那のDVに耐えきれず半年でスピード離婚。 離婚してからはたくさん大変なこともありましたが、今の旦那と出逢いこの人は娘にもすごく良くしてくれるし 、私の事も大事にしてくれるとてもいい人に出逢えました。 出会ってすぐ子供が出来て、けど、私の実の叔父が白血病で闘病中でした。 3月24日の日に叔父が亡くなりました。 私のお腹の子供もその日に流産してしまい、病院の先生にはまだ若いから大丈夫と言われましたがとても悲しく辛かったです。 それから3ヶ月後また妊娠していることが分かり、とても嬉しかったのと反面、まただめだったらどうしようと何をするにも神経質になったのをおぼえています。 そんなわたしとはうらはらに元気に大きく成長してくれた我が子でした。 4月4日の午前2時頃からお腹がチクチクし始めて、２時半には病院に向かう車の中だったのですが、もう痛みがピークで、、、病院につく前にぽんっと頭が出てきました。笑笑 病院の駐車場についた時には産声が。 車の中で生まれたけれど黄疸が強かったのみで、その後は何も無かったです。 名前は旦那が考えてくれてくれた奏汰です。 音楽って聞けば楽しくなったりしますよね？ 奏汰にはみんなの心に安らぎや楽しさを与えて欲しくてこの名前にしました。 たくさん奏でることが出来たら嬉しいです。	20191112125937	https://web.archive.org/web/20191112125937/https://baby-calendar.jp/knowledge/common/1031	bc
2017	M		遥大	かなた	結婚して3年経った夏に、治療の末、欲しかった子どもを授かりました。男の子だとわかったとき、父親のような大らかで、優しく、身体の丈夫な子に育ってほしいと思い、父親の名前の一部『大』を付けたいと思いました。また、広い世界での活躍と、たくさんの人から愛される人になって欲しかったので、『大きさ』『広さ』を意味する漢字をと考え、『遥』も付けたいと思いました。読み方を『かなた』にしたのは、母音が始まりの『a』にしたかったからです。スタート、始まりは、これから先の子どものたくさんの可能性の出発であってほしいです。	20191112125937	https://web.archive.org/web/20191112125937/https://baby-calendar.jp/knowledge/common/1031	bc
2017	M		奏汰	かなた	奏でる」という漢字を使って、芸術的にも達者になって欲しいと想いを込めて付けました。男の子なので、一生背負う姓名としてパパと一緒に考えるのに苦労し何ヶ月も悩みました。	20191112125937	https://web.archive.org/web/20191112125937/https://baby-calendar.jp/knowledge/common/1031	bc
2017	M		奏多	かなた	私（母親）が音楽が好きで、お腹に居る時からいろんな音楽を一緒に聞いていました。 胎動を感じるようになってから、音楽を聴かせるとリズムをとっているように感じました。 音楽のように、人を和ませたりhappyな気分にさせるような人になってほしいと思い名づけました。 今では私の影響なのか、オルゴールや一般的な寝かしつけ音楽なんかよりも、ロックをかけてあげるほうが、泣き止んだり眠りにつくことが多い奏多くんでした。指しゃぶりもなぜか人差し指と小指を立ててロックのポーズで指しゃぶりしています（^^） お気に入りソングは、one ok rockの完全感覚dreamerです。手足、頭をブンブン振りながらご機嫌になります。	20191112125937	https://web.archive.org/web/20191112125937/https://baby-calendar.jp/knowledge/common/1031	bc
2017	M		奏多	かなた	"多くを奏でる、と書いて奏多。 夫と候補を出し合った際、意味や苗字とのバランスも良く、お互いが好きな漢字である""奏""という字を使いたいという事になりました。 そこで画数も考慮し、夫の名前から一文字取ってこの名前にしました。 たくさんの成功を収められますように。 協調性があり、周りの人たちの助けを得られる子になりますように。 呼びやすく、バランスも良く、画数も多くないので気に入っています。"	20191112125937	https://web.archive.org/web/20191112125937/https://baby-calendar.jp/knowledge/common/1031	bc
2017	M		奏太	かなた	奏という字には、穏やかに周りの人を癒したりすることができる子に育つように… 太という字には、健康でおおらかに育って欲しいという願いを込めて名付けました！	20191112125937	https://web.archive.org/web/20191112125937/https://baby-calendar.jp/knowledge/common/1031	bc
2017	M		奏那	かなた	約３日間にわたる出産。みんなが待ちに待った誕生！生まれた時の喜びは言葉にはできないくらいの喜びでした。これからの人生どんな苦なことがあっても成し遂げ、誰にでも優しくみんなを和ませる存在になってほしいという願いを込めて奏那と名付けました。	20191112125937	https://web.archive.org/web/20191112125937/https://baby-calendar.jp/knowledge/common/1031	bc
2017	M		叶都	かなと	まず家族が、特に4歳の娘は歌を口遊むほど西野カナちゃんが好きで、LIVEチケットが取れてから妊娠がわかり勝手に御縁を感じて、家族が好きな西野カナちゃんから「かな」をいただいて、パパの名前の一文字「と」をもらって「かなと」という名前にしたいと思いました！ そして漢字は、約２年前に稽留流産を経験して、それからやっと私達夫婦を選んでくれた赤ちゃんが私達の願いを叶える為にやってきたのだと思って、周りの人達の願いを叶えていくように「叶」、古都奈良に住んでる事もあり「都」を使おうと思って「叶都」にしました！	20191112125937	https://web.archive.org/web/20191112125937/https://baby-calendar.jp/knowledge/common/1031	bc
2017	M		恭士郎	きょうしろう	慎み深く、謙虚に生き、将来大切な人が出来た時には男らしく守ってあげてほしい。そんな願いを込めてこの名前に決めました。	20191112125937	https://web.archive.org/web/20191112125937/https://baby-calendar.jp/knowledge/common/1031	bc
2017	M		恭太郎	きょうたろう	旦那になるはずだった彼氏を入籍前に不慮の事故で亡くし、途方に暮れる中の妊娠発覚。元々卵巣膿腫があり生理不順や腰痛持ちでもあった為、生理の遅れや体調不良も精神的なものからだろうと思っていましたがあまりに長引くので産婦人科へ。尿検査の結果の陰性でした。 エコーで初めて見るお腹の中の小さな命と診察室中に響く元気な心音に思わず涙が出ました。 大好きな人との間に授かった命、普通は喜びと幸福感でいっぱいになるのでしょうが、私の場合は複雑な心境。 初めての妊娠に出産。そして一人で産んで育てていく不安。私にそんなことができるのか、しっかり一人の人間に向き合って幸せにできるのか。色々な思いがあり悩みに悩み、私は私を選んでやって来てくれた命を産んで、育てていく結論に至りました。 それからの妊娠期間は産休ギリギリまで働こうと満員電車で通勤。その合間に出産準備をしながら名前の候補を考えてました。妊娠28週目で切迫早産になり2ヶ月入院。日数を重ねるごとに両腕の血管がボロボロになり、腫れて痣だらけ。後半は針の差し替えばかり。それでも何とか36週の退院まで迎え、その後は微弱陣痛に悩まされる日々。そろそろ開き直って笑えなくなってきた頃ついに本陣痛が！痛みに声を出さずに耐え抜き、38週でようやく元気な男の子が生まれました。 名前には「恭」の字の人に対し礼儀正しく謹み、敬意を持つという意味の通り人を敬い良い所を見つけ、誰に対しても平等に優しく接せるように。信念を持って物事に挑戦し、自分でよく考え、正しいと思うことを行い、道を切り開いていけるようにという意味を込めました。 我が子は先天性の心疾患を持って生まれ手術することになりましたが、病気とは思えないくらい元気でよく笑い、好奇心旺盛に育ってくれてます。 手術後は胸に傷が残り生涯残るそうですが、個性として受け止め、一緒に乗り越えていくつもりです。 まだまだ頼りないママだけど、この先色々なことを一緒に乗り越えて、嬉しいことも悲しいことも分け合っていこうね。 生まれてきてくれてありがとう。 ママにしてくれてありがとう。 愛してます。	20191112125937	https://web.archive.org/web/20191112125937/https://baby-calendar.jp/knowledge/common/1031	bc
2017	M		欣也	きんや	同居家族のイニシャルが男はk、女はmで揃っていたため、男の子が生まれてイニシャルをkにしたいと思っていました。お父さんは「け」、お兄ちゃんは「こ」から始まるため、それ以外の「か」「き」「く」にしようかな、と思いつく名前を挙げていました。「き」から始まる名前…と考えてたときに、お姉ちゃんが「きんちゃん」がいい！と一言。その一言で決まりました。画数で「欣也」にしましたが、「欣二」がよかった、と後々お姉ちゃんに言われました。	20191112125937	https://web.archive.org/web/20191112125937/https://baby-calendar.jp/knowledge/common/1031	bc
2017	M		空斗	くうと	4人兄妹の我が家に、5人目を授かりました。高2長男、高1長女、中2次女、2歳三女と、年の差兄妹です。上3人は、前の旦那さんとの子供、今の旦那さんが、3人の思春期の子供達と共に、再婚してくれました。そして、4番目を授かり6人家族になれました。血は繋がってないけど、4番目が生まれたおかげで、さらに家族になれたと実感しました。そして、5人目がお腹に授かったとき、いろいろな不安もありましたが、家族が増える喜びをみんなであじわいました。次こそは、男の子がいいねと。そして、性別が男の子だとわかり、みんな大喜び。しかし、前置胎盤と診断され、帝王切開が確定し、管理入院が必要になり、4月26日に入院。確実に出血が多く最悪母体が危ないですと。子供5人をおいて死ねない。予定日は6月21日でしたが、帝王切開が6月5日に決まり、長い入院生活が始まりました。入院手続きをして、旦那さんが帰るとき、頑張ってね！って伝えると、お前もな！と言われ、母がいない、父と子供達4人の生活が始まりました。高校生は、お弁当だし、ご飯も作らなきゃいけない、掃除も洗濯もしなければ！でも、学校と仕事もある。想像しただけで、入院することへの申し訳なさでいっぱいでした。20歳以下の面会が、出来なかったため、一階の広場での面会のみ。入院初日から、寂しさと不安と子供達の心配などで、夜は眠れず涙も止まりませんでした。妊娠糖尿病と診断され、食事制限も始まり、管理食になり、差し入れも禁止！！毎日自分で指に針を刺し、血統の測定。さらに、辛い入院生活が始まりました。そんな時、お腹を蹴る元気な息子。不安で涙だらけの毎日の、唯一の嬉しさ。元気でいてくれてる証拠。いつも、お腹をさすって、頑張ろうね！！と、声をかけていました。4番目も2歳のお誕生日も一緒に過ごせず、上の子達3人の運動会にもいけず、子供達の大事なイベントなのにと、また涙。でも、手術まで出血もなく、赤ちゃんも順調に成長してくれました。そして生まれた男の子、4番目にもつけた、空！という字を使い、春の空に輝く星、北斗七星！７つの星、家族7人になり、7人で光り輝き、夜空の星のようにキラキラと笑顔でいれますように。今回の出産で、家族の大切さ、協力して、大変な時期を乗り越えられました。空に輝く北斗七星から、斗！を選び、空斗と名付けました。	20191112125937	https://web.archive.org/web/20191112125937/https://baby-calendar.jp/knowledge/common/1031	bc
2017	M		慶	けい	生まれるまでは、まったく異なる名前「佳悟」「昇真」の2つが候補でした。名付け本やサイトなで画数などを見てそれぞれ候補にあげ、夫婦2人とも気に入ったもの...という決め方でした。しかし、生まれてからどちらかに決めよう！と思うと、どちらも決め手にかける。結局、好きな音、響き、漢字を互いにあげてみる！そこから見直しました。夫があげていた「慶」の字、夫婦の名前の漢字にも「心」が入ってる！という共通点を見つけてからはこれしかない！という気持ちになり、名字とのバランスで1文字で「慶」にすることにしました。決まってからはぴったり！としか思えなくて、今は、最初に候補にしてたからーと焦って決めなくてよかったと思っています。	20191112125937	https://web.archive.org/web/20191112125937/https://baby-calendar.jp/knowledge/common/1031	bc
2017	M		啓一	けいいち	旦那さんのお祖父ちゃんが啓一郎でお父さんが啓司からの初男孫だから啓一にしました	20191112125937	https://web.archive.org/web/20191112125937/https://baby-calendar.jp/knowledge/common/1031	bc
2017	M		慶心	けいしん	孫に会えず亡くなってしまった祖父祖母の字、「大慶（たいけい）」から「慶」をもらいました。この子が生きているだけで喜ばしいという意味も込めています。そして相手の気持ちを思いやるような優しい心を大切にしてほしいと「心」をつけ、「慶心」と名付けました。	20191112125937	https://web.archive.org/web/20191112125937/https://baby-calendar.jp/knowledge/common/1031	bc
2017	M		恵介	けいすけ	赤ちゃんの性別が男の子だとわかって、だんなさんと名前を考え始めました。 まずどんな子に育ってほしいかを出し合いました。 聡明な子、おおらかな子、真面目な子、視野が広い子、、、 候補はいくつかでるものの、「これ！」という名前に出会えず、妊娠期が過ぎていきました。 妊娠期が進むにつれて、胎動を感じるようになり、より赤ちゃんを身近に愛おしく思うようになりました。また、出血等のトラブルも経験しました。 そんな中で２人が赤ちゃんの名前に託す想いはシンプルなものになっていきました。 人は一人では生きていけない、どんな時もお互いさまの気持ちを忘れずに、周りの人たちと「恵み合い、助け（介け）合い」ながら、歩んでいってほしいという想いを込めて、「恵介」と名付けました。 今では、たくましく成長するかわいいけいちゃんが私たち家族の恵みであり、助けになっています。	20191112125937	https://web.archive.org/web/20191112125937/https://baby-calendar.jp/knowledge/common/1031	bc
2017	M		慶太	けいた	終戦記念日生まれの男の子。日本が負けた日でもあるけれど、戦争という命を奪う戦いがおわり、これ以上大切な人たちが死なずに済むとわかった日。そんな日に生まれたわが子を見て、「慶」という喜ばしいお祝いの子だと思いました。そして私たち夫婦にできた最初の子。夫婦二人に幸せを運んできてくれた子。この幸せがいつまでも末永く、「太く」続いてくれるようにと、「慶太」という名前を付けました。	20191112125937	https://web.archive.org/web/20191112125937/https://baby-calendar.jp/knowledge/common/1031	bc
2017	M		啓汰	けいた	ひろく、皆に愛され、優しい子になりますように。	20191112125937	https://web.archive.org/web/20191112125937/https://baby-calendar.jp/knowledge/common/1031	bc
2017	M		啓汰	けいた	ひろく、皆に愛されるようにと。 ひろくたくさんの世の中を経験できるように。	20191112125937	https://web.archive.org/web/20191112125937/https://baby-calendar.jp/knowledge/common/1031	bc
2017	M		謙	けん	思いやりがあってみんなに愛されるように、ジェントルでセクシーな男性になりますように。	20191112125937	https://web.archive.org/web/20191112125937/https://baby-calendar.jp/knowledge/common/1031	bc
2017	M		源	げん	私たち2人が生まれ育った自然いっぱいのこの地は、清流が有名です。「源」というのは「みなもと」と読み、語源は「水（み）のもと」。まさにこの清流のもとです。 全ての物事の始まりという意味の「源」。 息子が生まれた同時期に、夫婦の経営する店がオープンしたので、いろんな意味で私たちの人生の始まりとなりました。 そしてなにより私たちのパワーの源です♡	20191112125937	https://web.archive.org/web/20191112125937/https://baby-calendar.jp/knowledge/common/1031	bc
2017	M		元希	げんき	入籍してからずっと男の子なら｢力｣とつけたいと主人が言っていました。何事にも｢力｣が必要だから！と。私も苗字との流れも悪くないし、理由がちゃんとしてるからいい名前、と思っていました。 ですが、妊娠期中盤にふと、思いたって携帯の姓名判断をしてみました。そこで出た結果は、苗字が凶…に続いて組み合わせでも凶。 えー！と思い他のサイトのもやってみたら、同じく凶や大凶までもが…結果三種類のサイトで凶が出てしまい、内向的、挙句には犯罪傾向にあるなどが出る始末…。 育て方などでならないとは思いますが、将来自分で遊びなどで調べた時にこの結果だったら、どう思うかと考えやめました。 名前どうしよう…と悩み、始めは名前の字画などで｢舷｣もいいと思いましたが、同じ、げん 呼びで｢元希｣という漢字にして、とにかく元気に生まれてほしい、元気に育ってほしい、希望を持って生きてほしい、という想いを込めるためにこちらにしました。	20191112125937	https://web.archive.org/web/20191112125937/https://baby-calendar.jp/knowledge/common/1031	bc
2017	M		健吾	けんご	陣痛が始まり、その度に脈が少なくなっており、最後には緊急帝王切開で生まれて来ました。健康で生まれて来てくれてありがとう。命の尊さを生まれる前から、私達に教えてくれました。健吾という名前は、健康ですくすくと成長して欲しいという願いをこめ、つけました。当たり前の事かも知れませんが、やはり健康が一番だと再確認しました。	20191112125937	https://web.archive.org/web/20191112125937/https://baby-calendar.jp/knowledge/common/1031	bc
2017	M		健心	けんしん	パパの名前から｢健｣の字をとって、パパの良いところを引き継ぎつつ、｢健やかな心｣で、まっすぐに優しい子に育ってほしい、という思いを込めました。	20191112125937	https://web.archive.org/web/20191112125937/https://baby-calendar.jp/knowledge/common/1031	bc
2017	M		光冴	こうが	妊娠して割とすぐに名付けbookをオーダーして暇さえあれば睨めっこしてました。出来れば周りに同じ名前の子がいないようにしたい…姓名判断としても申し分ない名前にしたい……絞込みは早かったのですが、これと決断するのに本当に悩みました。2人とも優柔不断で（笑）。生まれてもなお決めきれず、両親達からは「名前は？」と聞かれ焦る日々。2人して毎日ググって……。ある日夫が「この名前みさって読めるんやって！」と。そしてイニシャルは夫と一緒。これだ！と思いました。そんなこんなでやっと決定。名前は光のように明るく、知性感性豊かに育ってほしいと言う意味です。	20191112125937	https://web.archive.org/web/20191112125937/https://baby-calendar.jp/knowledge/common/1031	bc
2017	M		幸河	こうが	パパは大河（たいが）といいます。パパが小学生のときに学校で2分の1成人式が行われ、そこでみんなで自分の生まれたときのこと、自分の名前の由来や将来子どもができたらどんな名前にしたいかを考えたらしいです。そのとき、自分の子どもには自分の名前から一文字とって『幸河』にしたいなと思ったらしいのです。幸せがながれてきますように、訪れますように、と思ったそうです。素敵だなと思って、妊娠中、性別が男のコだと分かったときから幸河にしようねと2人で決めていました。おっきくなったら幸河に話してあげたいです。あなたの名前はパパが10歳のときに考えた名前なのよって。	20191112125937	https://web.archive.org/web/20191112125937/https://baby-calendar.jp/knowledge/common/1031	bc
2017	M		煌琥	こうが	美しい輝きを放ち魅力的な 輝く未来へ真っ直ぐ向かっていける人に	20191112125937	https://web.archive.org/web/20191112125937/https://baby-calendar.jp/knowledge/common/1031	bc
2017	M		光雅	こうが	生まれる前日まで晴天だったのですが、翌日からお天気は下り坂の予報。 私が破水したのが午前3時半で、里帰りだったので旦那さんに連絡し、急遽高速道路でこちらに向かってくれました。 その途中、正面が空一面の所で雲に覆われていた空の雲が一瞬はけ、光が差し込んできたそうです。とても綺麗だったと言っていました。 その光景を忘れたくない、この子とは切り離せないその思い出を大事にしたい、ということで美しく光る様を名前にしました。	20191112125937	https://web.archive.org/web/20191112125937/https://baby-calendar.jp/knowledge/common/1031	bc
2017	M		幸希	こうき	いい響きと、幸せに希望ある人生を送ってほしいという願いを込めました。	20191112125937	https://web.archive.org/web/20191112125937/https://baby-calendar.jp/knowledge/common/1031	bc
2017	M		康樹	こうき	健康の康なのでいつまで健康でいつも明るく、樹は木のように根っこがしっかりとして男のこなのでどっしりといつまでもかまえてほしいという意味でつけました。	20191112125937	https://web.archive.org/web/20191112125937/https://baby-calendar.jp/knowledge/common/1031	bc
2017	M		晃季	こうき	妊娠20wで男の子と判明！その日から毎日たくさん考えました。その結果、周りと被らないようにと『晃季』に決まりました。『晃』には『四方を明るく照らす』、『季』は四季から『どんな季節の時も』という意味で『どんな時も四方を明るく照らし、自分の進む道を真っ直ぐ歩んで欲しい。そして困っている人がいたらその人のことも明るく照らす優しい人になって欲しい』そんな願いがあります。そしてもう１つ。『晃』は『日光』、『季』の『禾』は『稲』、『子』には『子供』もあるそうなので、『日光をいっぱい浴びて、たくさんの稲穂をつけるように実りある人生になりますように』そう願いを込めました。さらにもう１つ。ママの名前は『温子』なのですが、『晃』には『温』と同じ『日』の字、『季』には『子』の字を被らせて、少しママとの繋がりを作りました♥でもこれはパパにも内緒なんですけどね♥笑	20191112125937	https://web.archive.org/web/20191112125937/https://baby-calendar.jp/knowledge/common/1031	bc
2017	M		弘葵	こうき	毎年春夏秋冬各シーズン旅行へ行くほど、京都が大好き。そんなこともあり、結婚式は世界遺産の下鴨神社で挙げました。 子どもには結婚式を挙げた下鴨神社ゆかりの漢字を使いたいと考えました。下鴨神社は、葵祭で有名なため、「葵」を使うこと。 妊娠7か月の健診でも、産婦人科医から「性別は判らない」と言われていたため、女の子だと思い込み、名前を検討。葵美、葵菜、葵沙などなど。 しかし、8か月健診で男の子と判り、慌てる旦那と私。調べると「葵」は「き」とも読むことが分かり、これなら男の子にも使えるとほっと一安心し、「◯葵」とすることに。 妊娠中に読んだ新渡戸稲造の武士道に感銘を受け、年長者を敬う意味のある「孝」を使い、「孝葵」とすることにし、両家両親からも賛同を得る。 そんな中、出産前週に観たNHKの「ブラタモリ」で取り上げられた弘法大師のエピソードに感化され、どうしても「弘」を使いたくなる私。「弘」には広い心に育って欲しいという願いも込めて、結局「弘葵」とすることにしました。 ちなみに名前を区役所に届けてから知りましたが、司馬遼太郎さんが描いた弘法大師は、かなり荒れた性格のようです。息子が通う保育園の先生方から「弘葵くん、やんちゃに育ちそうですよね」と言われ、今は「名は体を表す」という言葉を改めて噛みしめる毎日を送っています。	20191112125937	https://web.archive.org/web/20191112125937/https://baby-calendar.jp/knowledge/common/1031	bc
2017	M		凰輝	こうき	昔から、男の子が生まれたらこの名前にしようと思っていました。漢字の意味は、凰→酉年生まれなので一万円札にも書かれている鳳凰からとりました。みんなにもわかるし、一万円札以上の物はないので。輝→輝くダイヤのようにみんなに感動や関心を持たれる人になってほしいからです。	20191112125937	https://web.archive.org/web/20191112125937/https://baby-calendar.jp/knowledge/common/1031	bc
2017	M		航輝	こうき	これから人生を歩んでいく赤ちゃん、世界情勢は決して平和や安泰ではなく日本の未来も課題が多いものかもしれません。人生の海を力強く航海していってほしい、悩みや迷いが生じたときに、輝く方向へいつも笑顔で光り輝く未来へ向かって航海していってほしい。という思いから航輝と名付けました	20191112125937	https://web.archive.org/web/20191112125937/https://baby-calendar.jp/knowledge/common/1031	bc
2017	M		煌希	こうき	親族が多いので、愛称含めて被らない事。子供や家族の友人にも被らない事。 人気の名前では無い事。（学校に上がって周りと被らない事） 当て字ではなく、普通に読める事。 結果、使いたい漢字が色々有ったのに全て使えず。 なので、上の子と同じく「希」が付く名前で、上記を満たす名前を考えました。	20191112125937	https://web.archive.org/web/20191112125937/https://baby-calendar.jp/knowledge/common/1031	bc
2017	M		剛生	ごうき	私自身が弱虫なんで 子供にもは強い子に なってほしいから 強く生きてほしいの 願いをこめました（^_^） いつか私を守ってほしいな♪	20191112125937	https://web.archive.org/web/20191112125937/https://baby-calendar.jp/knowledge/common/1031	bc
2017	M		公士朗	こうしろう	"明るく、優しい子に育ってほしいという願いを込めて""朗""という字を使おうというところからまず決めました。また、姓名判断は私たち夫婦があまり気にしないにしても、本人が後々それについて気に病む事になってほしくないのもあり、大吉で字画がとてもいい名前をつけようと考えました。 更に、最近ではキラキラネームで悩む子達もいる為、我が子には分かり易く読めて、字画が良く、親しみやすく、それでいてかっこいい名前がいいと思っていました。 そこから旦那と一緒に""朗""を主軸にし、画数や語感等合う字をあれやこれやと考え、公士朗という名前にしました。 ""士""は立派な男子という意味があり、なおかつ""こうしろう""という名前の響きが古風ながらもかっこよさを感じ、夫婦ともに気に入った名前を付ける事ができました。"	20191112125937	https://web.archive.org/web/20191112125937/https://baby-calendar.jp/knowledge/common/1031	bc
2017	M		康佑	こうすけ	"なんといっても健康に育ってくれることが一番。 との想いで""康""という漢字を付けたかったのです 。 また、他人にも手を差し伸べ、助けてあげられる優しい子になって欲しいとの想いを込めて""佑""という漢字を選びました ！会う人、会う人 優しいお顔の子だねって言ってもらえます ！きっとこれからもスクスクと元気よく、誰にでも優しい子になってくれると思います ♪（kouchanmama さん）"	20191112125937	https://web.archive.org/web/20191112125937/https://baby-calendar.jp/knowledge/common/1031	bc
2017	M		航世	こうせい	長男が海世なのでなんか共通の意味がある名前をつけたかった。 二人で航海。 世界を買い又にかけて、兄弟助け合って世の中を、航海していって欲しい。	20191112125937	https://web.archive.org/web/20191112125937/https://baby-calendar.jp/knowledge/common/1031	bc
2017	M		浩汰	こうた	"いわゆる""でき婚""だった私と主人は結婚当初、私の家族になかなか受け入れてもらえませんでした。 そのせいか、両家の関係はあまり良いものではありませんでした。 その良好ではない関係を、良くしてもらいたいと、主人とわたしは思っていました。 そこで、長男の名前は主人の父から一字いただいて名付けました。 その良くなかった関係は長男が生まれたことで、少しずつではありますが変わっていきました。 そして、浩汰を妊娠していることが分かったときに両家の関係はさらに良くなり、 ""孫達が大きくなったら毎年みんなで何か思い出になることができればいいですね"" と話すほどまでになりました。この関係は、小さな兄弟が築き上げてくれたものでした。 実は長男の名前を決める時に、もしも二人目も男の子だったら今度は、私の父から一字いただこうと、ずーっと決めていました。3家の繋がりが無くならないようにとの願いをこめて… 漢字の意味とは関係がないのですが、""家族どうしの繋がり""を大切にしたい、ずっと仲良くいてほしいと願いを込めて、""浩汰""と名付けました。"	20191112125937	https://web.archive.org/web/20191112125937/https://baby-calendar.jp/knowledge/common/1031	bc
2017	M		倖大	こうた	思いがけないような大きな大きな幸せがたくさん溢れる子になりますようにという願いを込めました。『幸』ではなく『倖』にしたのは、自分だけでなく人も幸せにできるような素敵な男の子になってほしいと思ったからです。この子も、周りの人もみんな幸せでいてくれたらとても嬉しいです。また、妊娠後期で私が切迫早産で入院しなければならなくなりました。結局正産期に入る前に生まれてしまいましたが、これから成長していく中で小さく生まれたのが信じられないくらい大きく育ってほしいと思い、『大』という字を使いました。	20191112125937	https://web.archive.org/web/20191112125937/https://baby-calendar.jp/knowledge/common/1031	bc
2017	M		航太	こうた	お腹にいるときに胎動が激しかったのでポコタと夫婦で呼んでました。名前を決めるときポコタに近い名前が呼びやすいと話し合い、ポコウタ→こうたにしました。 漢字は航太。夏に生まれの爽やかな男の子に育って欲しいと思い航太と名付けました！	20191112125937	https://web.archive.org/web/20191112125937/https://baby-calendar.jp/knowledge/common/1031	bc
2017	M		広大	こうだい	早生まれだから大きくなるように。	20191112125937	https://web.archive.org/web/20191112125937/https://baby-calendar.jp/knowledge/common/1031	bc
2017	M		凰之助	こうのすけ	妊娠が分かってから、直ぐに頭によぎった漢字が「太凰」でした。とりあえず、胎児ネームは「たいちゃん」と呼んでました。 出産予定日一週間前に、もう、名前決めなと夫婦家族会議を三度開催。酉年だし、鳥を表す「凰」をベースにし、旦那さんが古き良い名前がいいとのことで凰之助と名付けました。 二人の意見が尊重された形になりました。 鳳凰のように人に幸せをもたらし、また、人を助ける人になってほしいのが、私の想いです。	20191112125937	https://web.archive.org/web/20191112125937/https://baby-calendar.jp/knowledge/common/1031	bc
2017	M		虎太郎	こたろう	主人と私、一致していたのは古風な名前にしようということから名付け会議は始まりました。私の名前がひらがななので、世間一般でお決まりのお互いの漢字を１つずつとりましたというのができなかったんですよね。本当のところ、憧れましたが断念！そして悩んだ末に何冊かの命名に関する図書を購入して字画を学び、導きだしたのが『虎太郎』でした。まず、『太郎』という日本男児で一番代表格ともいえる名前。そして、転勤族で幼い頃から転校を繰り返しことになるだろう我が子に何処にいっても強く、勇ましくあって欲しいと思い『虎』をつけました。実のところ、生まれたとき予定日までしっかりお腹にいたのに2500gと小さかったので『小太郎』という意味と掛け合わせての『こたろう』です。小を虎にすることで大きく強く、と願ってつけましたが６ヶ月で８キロ近くなり、名前の通りの貫禄ある子に育ちました。	20191112125937	https://web.archive.org/web/20191112125937/https://baby-calendar.jp/knowledge/common/1031	bc
2017	M		琥陽	こはる	画数で探していたんだが、いい並びが思いつかず… 強い子になって欲しいので虎ではなく王の付いた琥に上の子が月がついてるので月と太陽の様に…と思い陽で琥陽。 女の子みたいなひびきが漢字とは真逆な印象だけどw この並びの画数も良かったので決定♪（ゆん さん） 赤ちゃんの名づけエピソード大賞はこちら 2017年赤ちゃんの名づけエピソード大賞 ＞ 2016年赤ちゃんの名づけエピソード大賞 ＞ 2015年赤ちゃんの名づけエピソード大賞 ＞ 赤ちゃんの名前ランキングはこちら 2017年赤ちゃんの名前ランキングTOP ＞ 2016年赤ちゃんの名前ランキングTOP ＞ 2015年赤ちゃんの名前ランキングTOP ＞ 2014年赤ちゃんの名前ランキングTOP ＞ 2013年赤ちゃんの名前ランキングTOP ＞ 2012年赤ちゃんの名前ランキングTOP ＞ 2011年赤ちゃんの名前ランキングTOP ＞ 2010年赤ちゃんの名前ランキングTOP ＞ おすすめサービスはこちら おすすめ内祝い ＞ 2017/12/08 この記事にいいね！しよう いいね！ 0 0 クリップ 現在ログインしていません。 ログインしますか？ シェアする ツイートする LINEする 戻る 出産予定日 or 赤ちゃん の誕生日を設定しよう！ あなたの今の状態にぴったりの情報だけを厳選してお届けします。 出産予定日 赤ちゃんの誕生日 設定する 設定を変更する 妊娠 週と 日 今日の知っておきたい 今日のＱ&Ａ 設定を変更する お誕生日から 日 歳 カ月と 日 今日の知っておきたい 今日のＱ&Ａ 離乳食 はちみつ 豆腐 赤ちゃんの名前ランキング 妊娠力診断 ほうれん草 母乳 つわり うどん 人見知り 納豆 義母 PICK UP 産後のママをケアしてくれる！ 産後ケア施設検索 先輩ママの口コミ掲載！ 産婦人科検索 ぴったりの病院が見つかる！ 婦人科検索 赤ちゃんとの毎日が楽しくなる かわいいベビー肌着 photo studio guide フォトスタジオガイド ママの口コミ満載 お泊まり宿 はじめての方へ 赤ちゃんの笑顔でいっぱいの毎日を。『ベビーカレンダー』は、赤ちゃんが毎日を笑顔で過ごせるような情報をお届けする、妊娠・出産・育児の情報サイトです。日めくりカレンダーを毎日めくるように、『ベビーカレンダー』を、ぜひ毎日ご活用く	20191112125937	https://web.archive.org/web/20191112125937/https://baby-calendar.jp/knowledge/common/1031	bc
2017	M		大雅	たいが	男の子なので名字と併せて字画がいいものにしたいと考えました。大きく、雅やか・上品・正しく・優美な人になってほしいという意味を込めました。たいがという名前の響きも男の子っぽくてかっこいいし、キラキラしすぎず、いいなと思っています。	20191118165054	https://web.archive.org/web/20191118165054/https://baby-calendar.jp/knowledge/common/1033	bc
2017	M		大希	だいき	この子は第3子ですが第1子のお姉ちゃんが18トリソミーという障害を持って生まれ2歳11カ月で亡くなりました。お姉ちゃんは私たち夫婦の希望の子として希（のぞみ）という名前だったので、お姉ちゃんより大きく育つように、また色々なシーンでお姉ちゃんの名前を書き続けることができるように大希だいきと名づけました。	20191118165054	https://web.archive.org/web/20191118165054/https://baby-calendar.jp/knowledge/common/1033	bc
2017	M		泰山	たいざん	子どもができる前から、男の子なら『創志(そうし)』にしようと夫婦で話していました。妊娠してから、男の子だとわかったときも、その名前にするつもりでいました。が、突然、主人が「ぼくたちの子どもに創志ってシュッとした名前は果たして似合うんだろうか？!」と言い出しました。私はキョトンとしてしまい、「何をいってるんだろう……産まれたら真剣に話を聞こう(笑)」くらいに流していました。主人は四字熟語から名前の候補を選んでいたようで、いくつか相談されましたが、イマイチピント来るものがなく。迷っているうちに出産の日を迎えました。産まれてきたわが子を見て、主人と顔を合わせ。「創志……じゃないな……」と呟きました。そしていくつかの候補の中から、「その道で大家として仰ぎ尊ばれる人。学問芸術などある分野の権威、第一人者のこと」という意味の、【泰山北斗】という熟語を選びました。たくさんの才能がなくてもいい。ひとつのことを一生懸命できる人になってほしい。私たちの願いです。	20191118165054	https://web.archive.org/web/20191118165054/https://baby-calendar.jp/knowledge/common/1033	bc
2017	M		汰樹	たいじゅ	"最初はたんに頭に浮かんだ""たいじゅ""の響きがいいかもって以前から思っていただけだったのですが、自分が樹齢の長い大きな大木を見るのが好きで、その2つがつなることに気づいて大木のようにどしっとしっかり根をはって大きくやさしい人間に育ってほしくて""たいじゅ""に決めました。"	20191118165054	https://web.archive.org/web/20191118165054/https://baby-calendar.jp/knowledge/common/1033	bc
2017	M		泰介	たいすけ	ずっと夫が自分の名前の一字をつけたいと言っていました。昔はそれが当たり前でしたが今では親の一字はあまりよくないと耳にします。そのため読み方は同じで漢字を違う字にということでこの名前になりました。平穏無事に人生を歩み人と人との間を取り持つ子になりますように。	20191118165054	https://web.archive.org/web/20191118165054/https://baby-calendar.jp/knowledge/common/1033	bc
2017	M		大晴	たいせい	予定日頃、名前を生命診断アプリ等を使い何候補もあがるなか、夫と私希望が別れました。夫は大晴、私は大士・光紀でした。なかなか、エコーで顔が見れなかったこともあり、産まれたらピンと来るだろうと呑気に構えてました。予定日を1０日も超過し、3500gの男の子の顔は、おにぎり頭の朝青龍顔の男の子…すぐに大晴に決まりました…その後、乳児姓感染症で、NICUに入ったりとありましたが、それも明日で退院です。今では、元気に明るく活発な子になってほしい気持ちで大晴の名を気に入っています。	20191118165054	https://web.archive.org/web/20191118165054/https://baby-calendar.jp/knowledge/common/1033	bc
2017	M		大晟	たいせい	赤ちゃんがなかなか授からず、努力、苦労の日々…。あきらめかけた頃、やっとやっとの赤ちゃんが！！大願成就！！この大願成就の「大」「成」から字画、漢字の意味を調整して「大晟」に。何事にも、あきらめなければ願いは叶う！！という考え方ができる前向きな子になってほしいと願いを込めました。	20191118165054	https://web.archive.org/web/20191118165054/https://baby-calendar.jp/knowledge/common/1033	bc
2017	M		大知	たいち	エコーで男の子とわかって、上のお姉ちゃん（愛称ななちゃん）に赤ちゃんのお名前どうしようか？と聞いたところ「いちくん！」と即答。その後何度か聞いてみても、必ず「いちくん」と答えるので、これは名前に入れたいね！と夫婦で話し合いました。いくつか候補がありましたが、たくさんのことを経験し知識を大いに増やしてほしいと、【大知】と命名。姉弟で仲良くしてもらいたいです！	20191118165054	https://web.archive.org/web/20191118165054/https://baby-calendar.jp/knowledge/common/1033	bc
2017	M		太陽	たいよう	結婚して7年目になりますが、結婚式の翌日に夫婦で観た海猿(大ファンでした)の映画の中に、主人公の息子＝タイヨウくんが登場し、それ以降、私たちのタイヨウくんの誕生を祈り待ち続けていました。なかなか妊娠できないので、県外まで不妊治療に通い、やっと女の子を授かりました。第二子も希望し、今度は更に苦労しましたが、体外授精でやっと主人待望の男の子を授かりました。男の子とわかったときから、名前はタイヨウと決まりました。皆を平等に照らす“太陽”、明るく心あたたかな人にと、また創価家族である私たちの仏法は、“太陽の仏法”とも言え、信心根本に幸福を築き、師匠池田大作先生のような人になってほしいと願い、“太陽”と名づけました。新婚のときに願いを込めて、太筆で、主人が太を、私が陽を書いた和紙を、大切にとっておいてありました。太陽くん誕生後、“太”のテンの部分に、太陽くんに寝転んでもらって、命名の和紙と太陽くんのコラボ写真ができました！こんな風に写真が撮れる日が来るなんて、思ってもいなかったことに、今大感謝しております。	20191118165054	https://web.archive.org/web/20191118165054/https://baby-calendar.jp/knowledge/common/1033	bc
2017	M		敬海	たかうみ	旦那が海沿い出身で、名前に海をつけたかった。それと、海のように広い心で、人から敬われる人になってほしいという意味を込めて。（☆さん）	20191118165054	https://web.archive.org/web/20191118165054/https://baby-calendar.jp/knowledge/common/1033	bc
2017	M		尚	たかし	2日前まで違う名前でした。妊娠判明前に、一番上のお姉ちゃん(当時3歳)が謎の友だちの話をしだして、ちょうど通っていた保育園を変わる時期と重なっていたので情緒が不安なのかと思いました。新しい保育園でその子を聞いてもいないし、クラスを聞いてもわからないといいました。でもその後すぐ妊娠がわかりました。そのときは結び付かなかったのですが、性別がわかる前に謎の友だちは「男の子」と言い出したので、もしやと思うと赤ちゃんは男の子でした。それからもたまに謎の友だちの話をしていましたが、予定日の月に入った頃からまた話を頻発にしだして、そろそろだなとわかりました。でもそれは胎児ネームとして新しくつけようということになり、うちは一文字でいい意味の名前にしました。ちなみにうちは神道で偶然上のお姉ちゃんたちも尚も神様に関係した文字が入っていました。	20191118165054	https://web.archive.org/web/20191118165054/https://baby-calendar.jp/knowledge/common/1033	bc
2017	M		鷹正	たかまさ	私の祖父の名前と、旦那さんの父親の名前の一字が同じだったので、2人からもらう字をまず名前には入れたいと思い、旦那さんと相談していました。いくつか名前の候補をあげて、そのなかで【高く広く見渡せる目を持ち、目的に向かって一直線に進んでほしい。】という思いを込めて、この名前をつけました。	20191118165054	https://web.archive.org/web/20191118165054/https://baby-calendar.jp/knowledge/common/1033	bc
2017	M		鷹也	たかや	次男の名前です。上の子が【翔】なので、関連付けたくて、はばたく鳥の名前にしました。ちなみに干支にも掛けています(長男未年・羊編、次男酉年)初夢で一富士二鷹三茄子と言うようにおめでたいですし、脳ある鷹は何とやらとも言いますし。社会に出てはばたいていけるかしこく強い人になってほしくてこの名前をつけました。画数が多くて本人は大変かもしれませんが、読み間違えはなく覚えてもらえると思います。	20191118165054	https://web.archive.org/web/20191118165054/https://baby-calendar.jp/knowledge/common/1033	bc
2017	M		匠翔	たくと	私たち夫婦が付き合うきっかけになったのが音楽でした。音楽にちなんだ名前、そして音楽好きになってほしいので指揮棒の『タクト』に決めました。漢字は画数の関係もありましたが、何か夢中になれることを見つけ極めてほしいので【匠】、のびのびと大きくはばたいたほしいので【翔】という漢字を選びました。	20191118165054	https://web.archive.org/web/20191118165054/https://baby-calendar.jp/knowledge/common/1033	bc
2017	M		逞人	たくと	予定日よりも早く産まれましたが、小さいのに周りをしっかりと見ていて、あまり動じない様子がなんともたくましく感じました。長男の健人（けんと）にそっくりな顔をしていたので、響きや形が似ている字を選び、逞人（たくと）と名づけました。心身ともに健康でたくましく、次男であっても自分の意志を貫き通せる心の強さを持ってほしい、そしてtakt（指揮棒）のように皆んなを引っ張り皆んなから支持される魅力あふれる人になってほしい、という願いを込めています。（けんちゃんたくちゃんママさん）	20191118165054	https://web.archive.org/web/20191118165054/https://baby-calendar.jp/knowledge/common/1033	bc
2017	M		奏翔	たくと	主人がつけました。指揮者が持つ指揮棒のタクトからきており、オーケストラの指揮者のようにみんなをまとめられる人になってほしいという願いが込められています。ですので、漢字も奏でるという字を使いました。	20191118165054	https://web.archive.org/web/20191118165054/https://baby-calendar.jp/knowledge/common/1033	bc
2017	M		拓音	たくと	夫婦2人が知り合ったのが、インディーズのバンドのライヴでした。それをきっかけに音楽の話で親しくなり結婚したので、音楽に関係する名前にしたかったんです。夫はピアノと指揮もできるので、指揮棒の意味も込めてダブルミーニングにしました。	20191118165054	https://web.archive.org/web/20191118165054/https://baby-calendar.jp/knowledge/common/1033	bc
2017	M		拓正	たくま	パパの名前正樹で、パパ家は正がみんなつけいているので拓正にしました！息子にたくまさって怒ったときに言うのな長いので、たくまで切りました！ホントはまさとで決まってたのですが、画数占いしたらダメだったので。残念でした。	20191118165054	https://web.archive.org/web/20191118165054/https://baby-calendar.jp/knowledge/common/1033	bc
2017	M		匠	たくみ	何事も匠のように技を身に付けてほしい。（匠さん）	20191118165054	https://web.archive.org/web/20191118165054/https://baby-calendar.jp/knowledge/common/1033	bc
2017	M		櫂己	たくみ	櫂」は舟のオール、「己」は自分自身。自分の人生、自分で決めて、自由に漕いでいってほしい、という思いを込めてつけました。私たち親は、斜め後ろを泳ぎそれを陰から支える存在でありたいと思っています。	20191118165054	https://web.archive.org/web/20191118165054/https://baby-calendar.jp/knowledge/common/1033	bc
2017	M		匠海	たくみ	結婚してから9年間ずっと不妊治療をしてて本当は、流産した子がいます。名前は妊娠して男の子だとわかってから考えだしましたが不思議な縁があり、流産した日の1年後に宝物である匠海が産まれました。何かしら運命というものを感じました。流産という辛い思いをしなかったら匠海に会えてないと思うと感慨深いです。名前ははるとと言う名をつけたかったけど旦那ははるとは匠海のお兄ちゃんであったであろうわが子の名前だから別の名前にすると言い字画とかで冊子やネットを見てました。武将の名前も候補にしてましたが字画を参考にして却下となり、結局匠海は漢字は違うけど旦那が好きなマンガの主人公の名前でもありますがそれは、子どもには言わないそうです。(笑)また、キムタクの拓でもめましたがいろんなことを挑戦する中でも一生懸命取り組んでほしい。そのなかでも貫く芯の強さとおおらかで広い心を持った子に育ってほしいとの願いも込めて匠を使い匠海と決めました。	20191118165054	https://web.archive.org/web/20191118165054/https://baby-calendar.jp/knowledge/common/1033	bc
2017	M		匠海	たくみ	パパの名前が「た」から始まる名前。ママの名前が「くみ」。2人の名前を合わせて「たくみ」と、小学生のお姉ちゃんが言い出したので、たくみに決めました。なかなか字画のいい漢字が見つからず漢字選びは難航したけれど、パパの仕事が海にまつわる仕事なのでパパの強い希望で「海」を入れることになりました。家族みんなでつけた名前です。出産前は知らなかった北村匠海くんですが、最近テレビでもよく見かけるようになり嬉しいです。当初私は「海」の字が余分で読みにくいんじゃないかと心配していましたが、匠海＝たくみの読み方がメジャーになってくれそうで期待しています。	20191118165054	https://web.archive.org/web/20191118165054/https://baby-calendar.jp/knowledge/common/1033	bc
2017	M		卓弥	たくや	名づけの本で主人が決めました。性別がギリギリまでわからなかったので、女の子の名前も決めてましたが、周りから不評で女の子の名前だけがギリギリまで決まらなかったんですが、最後の健診で男の子とわかり女の子の名前が決まらない理由にしてました。	20191118165054	https://web.archive.org/web/20191118165054/https://baby-calendar.jp/knowledge/common/1033	bc
2017	M		拓矢	たくや	この子は三兄弟の三男になります。「3本の矢」の教えにあるように、三兄弟助け合いながら生きていってほしいと思い、「矢」を名前に入れました。そして、「拓」はこの子は生まれるとき、へその緒が首と体に巻きついた状態でした。その状態ではなかなか降りて来られないそうですが、この子は胎盤を剥がして出てきました。そのときにこの子の「切り拓く力」に感動して「拓」を名前に入れました。	20191118165054	https://web.archive.org/web/20191118165054/https://baby-calendar.jp/knowledge/common/1033	bc
2017	M		尊	たける	男の子が生まれたら、 尊 にしたいと結婚した当初から言っていた旦那様第2子が待望の男の子だったので、迷わず 尊 と名づけるつもりでしたが、画数的には、あんまりよくなくて、違う名前も検討しましたが、やっぱりずっとつけたいと思ってた名前の方がいいよね！と2人で話し合い 尊 に決定ー！漢字も人を尊敬する子どもに育ってほしいから、尊敬の尊の字を使いたいと旦那様が決めました！名前通りの子どもに育ってね！	20191118165054	https://web.archive.org/web/20191118165054/https://baby-calendar.jp/knowledge/common/1033	bc
2017	M		樹希	たつき	私の先天性の心疾患のために、35週での帝王切開で、未熟児で生まれてきた息子。なので、大木のように大きくなりますように、という願いと、希望に満ちあふれた人生になりますようにという想いを込めて名づけました。	20191118165054	https://web.archive.org/web/20191118165054/https://baby-calendar.jp/knowledge/common/1033	bc
2017	M		樹生	たつき	主人の名前が正樹なのですが、主人は親に『樹木のようにまっすぐ正しい人に育ってほしい』との想いを込めてつけられたと聞きました。とっても素敵で、主人は本当にそのような人なので、男の子ができたら主人の名前から『樹』をとって、『樹木のようにりっぱに生きてほしい』という願いを込めて名づけました。	20191118165054	https://web.archive.org/web/20191118165054/https://baby-calendar.jp/knowledge/common/1033	bc
2017	M		弾	だん	予定日は1月30日でしたが、予定日より11日早く1月19日に元気に生まれてきてくれた息子。お誕生日になった1月19日は能始めの日で、【謡初】【舞初】【弾初】として、めでたく重要な1日だそうです 。そんな日を選んで生まれてきてくれたことに意味があると思ったので、そのなかから私たちが好きな《音楽》にちなんだ漢字を使い、心弾む毎日を送ってほしいと願いを込めて【弾】だんと命名しました。	20191118165054	https://web.archive.org/web/20191118165054/https://baby-calendar.jp/knowledge/common/1033	bc
2017	M		千惺	ちせい	始めはちせ、と読みたかったのですが…女の子っぽいからちせいにしました。千を悟るという意味でつけました。産まれてみたら、のんびりした男の子です。	20191118165054	https://web.archive.org/web/20191118165054/https://baby-calendar.jp/knowledge/common/1033	bc
2017	M		恒明	つねあき	妻が2人目を妊娠。男の子を授かってくれました。「男女どちらでもいい」と思っていましたが、自分と同じ男の子とわかったときには、やっぱり嬉しかったのを覚えています。名づけにあたり、妻からは「男の名前はわからないから好きにつけていいよ」と言う言葉が。長女のときは最後まで妻と悩んだ経緯があったので、意外な一言でした（今思えば、喜んでいた私を見た妻が譲ってくれたのだと思います）落語の「寿限無」と言う話を幼い頃に聞いたときには何をアホな、と笑っていました。ところがいざ自分が親の立場になってみて、とあるドラマで「子どもにいい名前をつけてあげたい一心の、必死な親の名づけの話だ」と紹介されたのをみて、笑うどころか親の気持ちがよくわかり、そのシーンでは何度見ても涙が出てきてしまいます。どんな思いで名づけをしたいのか。息子にどんな人になってほしいのか。どんな人生を歩んでほしいのか。妻から任され、改めて考えたときに浮かんだのは、古臭いかもしれませんが、私自身の名づけの背景でした。私の名前は、父の名前の一文字と、こう育ってほしいと願う一文字を組み合わせてた名前だと聞いており、そうつけてもらった名前が本当に気に入っていることから、同じようにつけてあげたいと強く思いました。大昔から遠い未来まで、いつ、どこで、誰が空を見上げても同じようにあり続け、そして自分の力で輝き、周囲をあたたかく明るく照らす、恒星のような人であってほしい。どんどん世の中は変わっていくけど、昔からずっと伝えられてきた大切なことを間違えず、忘れてはいけないことを忘れないでいてほしい。どんなときでも誰が相手でも平等に接することができて、自分らしさを忘れずに前向きに明るく生きてほしい。そんな願いを込めて選んだ一字と、父からもらった自分の一文字を合わせ「恒明」と名づけました。恒明。お父さんなりに一生懸命考えた名前です。お父さんと同じように、名前が大好きになってくれると嬉しいな。二十歳になって一緒にお酒を飲みにいける日を、今からずっと楽しみにしてるよ。お姉ちゃんと仲良く、元気で健やかに育ってね。（Alcyone8128さん）	20191118165054	https://web.archive.org/web/20191118165054/https://baby-calendar.jp/knowledge/common/1033	bc
2017	M		翼希	つばき	長男(9歳)が自分の名前(葉月)と同じ「は・つ・き」でできる名前を考えました。漢字も考えてくれ「希望の翼」という名前になりました。始めは「輝く翼」で「翼輝」がいいとか言っていましたが、画数があまりよくなかったので、違う漢字を考えてくれるように頼んだら、漢和辞典を見たり国語の教科書を確認しながら考えてくれました。今では、みんなに「つばちゃん」と呼ばれています♪	20191118165054	https://web.archive.org/web/20191118165054/https://baby-calendar.jp/knowledge/common/1033	bc
2017	M		翼	つばさ	4人目、3男ということで上の子どもたちはふた文字のふわっとした名前でそろえていましたがサッカー愛しすぎているパパは自分ら世代のキャプテン翼から文字っての翼。サッカーで世界にはばたいてほしい願いを込めて。そのおかげか、まだ首もすわってないのに寝返りに寝返り戻りに同時進行の運動神経に期待できる4人でいちばんのたくましと愛想のいい素敵さを見せてくれています。	20191118165054	https://web.archive.org/web/20191118165054/https://baby-calendar.jp/knowledge/common/1033	bc
2017	M		紬功	つむぐ	ずっと望んでいた赤ちゃんを30代最後の歳に授かり、40歳で出産。まだおなかにいる頃、おなかをパンチしたり、キックしたりとよく動く赤ちゃんだったので「つんつん」とニックネームをつけて話しかけていました。いよいよ生まれる日が近づいてきて、本格的に名前を考えはじめたのですが「つんつん」というニックネームがとても気に入っていたので、産まれてからも「つんつん」と呼べるような名前をつけたいな。と、思いながら名づけ辞典や本とにらめっこしていました。いくつか候補があったのですが、主人が人と人の絆や縁を紬ぐような人になってほしいと言う意味を込めて考えてくれた「紬功」と言う名前をつけました。	20191118165054	https://web.archive.org/web/20191118165054/https://baby-calendar.jp/knowledge/common/1033	bc
2017	M		天太	てんた	みんなに愛され親しまれるような音の名前にしたく、「◯ん」という音で考えてました！漢字に関しては、天のように大きく広い心を持って、生きていけるようにとの想いを込めました。	20191118165054	https://web.archive.org/web/20191118165054/https://baby-calendar.jp/knowledge/common/1033	bc
2017	M		叶歩	とあ	私は未婚のシングルマザーです。まず『叶う』という字を入れたいのは最初に決めましたが、名前の響きや何文字にするかもなかなか思い浮かばず…それなら私の願いを込めた名前の意味から考えて『地に足をつけいて歩き、夢を叶える子になってほしい！』とこの名前に決めました。	20191118165054	https://web.archive.org/web/20191118165054/https://baby-calendar.jp/knowledge/common/1033	bc
2017	M		叶逢	とあ	私と旦那は夢が叶わなかったので、叶ってほしいと思い 叶 と言う漢字を使い、いい人たちに出会えるように 逢 と言う漢字を使って とあ と読みにしました。産まれたときに顔を見てもやはり似合う名前だと思い付けました。	20191118165054	https://web.archive.org/web/20191118165054/https://baby-calendar.jp/knowledge/common/1033	bc
2017	M		統偉	とうい	子どもの名前はパパにつけてほしくて考えてもらいました。2人で名づけの本を読んだりネットで調べたりしたけど、なかなか決まらず。出産予定日の1カ月前になってそろそろ決めないとね！と話していたところでまさかの破水。入院中に病院のベッドの上で、パパとLINEで相談しました。パパはいくつか候補を見つけていたみたいで、それを聞いて私がいいなぁと思ったものを選択。『統偉』と始めに聞いたときは、あまりピンとこないし字画が多いなーと思ってたんです。ですが、名字と名前の画数で姓名判断をしたら最高の運勢！これだ！って感じでした。統偉の字は統が統べる(つなぐ、ひとつにまとめる)偉が大きくりっぱという意味で、人と人をつなぐ大きな人になってほしいという願いを込めました。今は、家族をつなぐ大きな存在です。	20191118165054	https://web.archive.org/web/20191118165054/https://baby-calendar.jp/knowledge/common/1033	bc
2017	M		桃吾	とうご	春の5月生まれだから桃の花のように、みんなから愛されるように桃の花のように、みんなを癒やす存在になるように三兄弟で兄2人も季節的な漢字を入れたので同じようにしたかった	20191118165054	https://web.archive.org/web/20191118165054/https://baby-calendar.jp/knowledge/common/1033	bc
2017	M		桃吾	とうご	名前の本を参考にし、木編の漢字か、カ行の名前をつけると「周囲から愛される子に育つ」とあり、周りから愛される子に育ってほしいと思いまず候補としてあげました。父が山梨出身、母が愛媛出身ということで、名産である桃か蜜柑の漢字をつけたいなと思うようになり、最終的に「桃」に決めました。男の子だということは知っていたので、男の子だと漢字を見ただけでわかってもらえる、一発で読める名前、自分のことも大切にできる子に育ってほしいと願い「吾」をつけ、「桃吾」と名づけました。	20191118165054	https://web.archive.org/web/20191118165054/https://baby-calendar.jp/knowledge/common/1033	bc
2017	M		桐吾	とうご	お兄ちゃんが圭吾、壮吾というので、吾という字で揃えたかったのですが、しっくりくる漢字がなく悩んでいました。桐の木のようにまっすぐ素直に育ってほしいとの願いから、おじいちゃんが桐吾と名づけました。	20191118165054	https://web.archive.org/web/20191118165054/https://baby-calendar.jp/knowledge/common/1033	bc
2017	M		桐吾	とうご	妊娠５カ月頃の健診で、性別がわかりました。それから、夫婦揃って男の子にぴったりの名前をと本を読んだり、インターネットを使ったりして調べ、考えていました。予定日が7月だったので、夏生まれの子に合う漢字、そして旦那の希望で古風な名前をと考えました。そこで、昔の呼び方で7月は桐月と呼ばれていると知りました。桐の木はまっすぐ上へと伸び、気品のある木ということも知り、そんな素敵な子になってほしいと、この名前をつけました。すくすく、まっすぐ育ってほしいです。	20191118165054	https://web.archive.org/web/20191118165054/https://baby-calendar.jp/knowledge/common/1033	bc
2017	M		橙次	とうじ	お兄ちゃんは、パパの名前からとって決めたので今回はママの名前からとりました名前の音にひかれ、橙は子孫繁栄ということで決めました	20191118165054	https://web.archive.org/web/20191118165054/https://baby-calendar.jp/knowledge/common/1033	bc
2017	M		統太	とうた	三人目ということで、全然名前を考えていなかった私と旦那さん。切迫早産のため自宅安静となり、急いでベビー用品の準備や洋服やタオル探し。34週で陣痛が始まってしまい、止まらずそのまま出産。病室で1年生の長男と年中の長女に赤ちゃんは男の子だったと説明したら、長女は「女の子だったら名前考えたかった～」といい。長男は「男の子だからぼく考えてみたよ～」と。「自分が○太だから、太がつけく名前がいいから～」と。私と旦那さんが、「じゃあ、こうたは？かんたは？けいたは？」と色々言うがクラスにいたり、学童にいたりと却下され、いないのは「とうた」 ！私と旦那さんも知り合いにもいなかったため決定しました。そこから私と旦那さんで漢字を調べて病室で決まりました。家族や親戚の中でも一番小さい年下の赤ちゃん。久しぶりの赤ちゃんでみんなメロメロ。みんなをまとめてくれてありがとうという気持ちと、これからもみんなをまとめてくれる存在でいてほしいという願いを込めて、「統太」となりました。	20191118165054	https://web.archive.org/web/20191118165054/https://baby-calendar.jp/knowledge/common/1033	bc
2017	M		桃眞	とうま	4つ上のお姉ちゃんの名前が梨花(りんか)で、「梨」という字が入っているので、弟くんにも果物の漢字を入れたいと思い、私の大好きな果物が梨と桃で時期的にもぴったりだったので桃と3年前に亡くなった母から眞という字をもらい桃眞と名づけました。	20191118165054	https://web.archive.org/web/20191118165054/https://baby-calendar.jp/knowledge/common/1033	bc
2017	M		東磨	とうま	何個か候補があってその中で決めたもの。名字との画数を合わすために日の出の意味で縁起のいい東と、己を磨くという意味で磨を選びました。	20191118165054	https://web.archive.org/web/20191118165054/https://baby-calendar.jp/knowledge/common/1033	bc
2017	M		永季	とき	日本の四季のように彩り豊かな人生になってほしい。周りをやさしく包み込み、いつまでも純真無垢でいてほしい。という想いでつけました。	20191118165054	https://web.archive.org/web/20191118165054/https://baby-calendar.jp/knowledge/common/1033	bc
2017	M		旬	とき	春夏秋冬、1年を通して旬な食べ物があるけど、いくつになっても、みずみずしい気持ちであふれた子でいてほしい。読み方を(とき)にしたのは、念願の子どもであり一瞬一瞬のトキを大切にしてほしいとの願いと、酉年年だったため。	20191118165054	https://web.archive.org/web/20191118165054/https://baby-calendar.jp/knowledge/common/1033	bc
2017	M		智成	としなり	今年の5月に第二子を出産しました。旦那の実家は、代々神社に命名してもらっています。旦那の兄弟も旦那も、もちろん上の子も神社で命名。生まれた月、時間、性別などをもとに名前を占ってもらうので、出産するとすぐに旦那とお義母さんが神社へ向かいます。ただし、上の子のときは私たち夫婦が候補として考えていた名前はまったく採用されず、神社から旦那が持ち帰った名前を聞いてびっくりしました。「2人での話し合いに、まったく出てこなかった名前…。 しかも字が難しくてとても読めない！」そんな経験を踏まえて臨んだ第二子。どうせ考えた名前が採用されることはないだろうし、だったらそもそも名前は考えない！名前を考えなくていいなら性別もわからなくて大丈夫！ということで、今回は性別を聞かず、産まれてからのお楽しみということにしました。上の子が女の子なので周囲の期待は当然、男の子。でもね、私は密かに女の子だと確信を持っていました。それは、エコーで上の子で見覚えのある“おまた”が見えた気がしたのです。そして、出産時間3時間という超安産だったわが子はなんと【男の子】だったのです！今でもおむつを替えるたび「君は男の子だったんだねー」としみじみする私。でも周囲の話を聞くとママ以外はみんな、男の子だと思っていたそうです。ちなみに上の子は【 倫弥ーひとみ 】下の子は【 智成ーとしなり 】私の友人の間では2人ともかっこいいと好評です。	20191118165054	https://web.archive.org/web/20191118165054/https://baby-calendar.jp/knowledge/common/1033	bc
2017	M		虎信也	としや	私たち夫婦の出会いは甲子園。阪神タイガースファンで出会いました。私たちを繫げてくれた「虎」をまずつけたかった。そして、二文字目の「信」は旦那様のおじいさんの代から使われているので旦那様がどうしてもそれを受け継いでいきたいとのことでした。姪っ子しかいない中の唯一の男の子だったので。	20191118165054	https://web.archive.org/web/20191118165054/https://baby-calendar.jp/knowledge/common/1033	bc
2017	M		智貴	ともき	夫の字をつけたいとのことで決めました。私は希の字が好きですが、名前をつけることで夫がパパになった自覚だとか責任感を持つようになってくれれば‥とも考えました。あと、あまり被らないようにといわれました。	20191118165054	https://web.archive.org/web/20191118165054/https://baby-calendar.jp/knowledge/common/1033	bc
2017	M		智仁	ともひと	候補が2つあって、なかなか決められなかった息子の名前。長時間の分娩と出血で私もボロボロになり、生まれたあとも決められないまま。息子は新生児感染症で保育器に入ってしまい、入院中ずっと不安で寂しくて、1日に何度も新生児室に通っていました。呼ぶ名前はまだないけれど、「おはよう」「元気になって出ておいで」と話しかけると、泣きやんだり、顔や手を動かしたりと、ママの声がわかっている様子。私の指をきゅっと握ってくれた手が「ぼくもがんばるから、ママもゆっくり休んで元気になってね」と言ってくれているように感じました。自然と「ともひと」という名前が口をつけいて出ました。候補のひとつで、かしこさと思いやりを持った子になるようにと考えた名前です。今のままでも十分かしこくてやさしい子だと思いました。夫に話すと、夫もまた、それがいいと思っていたそうです。出産のとき、嘔吐を繰り返してしまい体力的にも厳しく、このままなら促進剤をという話が出ていましたが、その途端に急に子宮口が大きく開いてきて、そこからがスムーズ。「ママの分もがんばって、自分でしっかり出てこられて、えらい。」だから「智仁」にしようと決めました。ママの声がわかるのも、お産が急に進むのも、普通のこと・よくあることかもしれません。でも私たちにはそれがすごく素晴らしく思えたのです。退院して、やっとこの手に抱いて、はじめて名前を呼んだときの息子の心地良さそうな顔は忘れられません。	20191118165054	https://web.archive.org/web/20191118165054/https://baby-calendar.jp/knowledge/common/1033	bc
2017	M		虎之介	とらのすけ	私の子は妊娠中からずっとほかの人より小さい小さい言われてました！男の子だったので強そうな名前をつけたく、強くたくましく、でも人にもやさしく人を助ける用な子になってほしくて虎之介と言う名前をつけました！まだ生まれて1カ月たっていないけど順調に大きくなってくれてます。	20191118165054	https://web.archive.org/web/20191118165054/https://baby-calendar.jp/knowledge/common/1033	bc
2017	M		永遠	とわ	付き合っていたときから、子どもが生まれたらこの名前をつける！と言っていた旦那。そんな彼とは9年付き合い結婚し、ハネムーンBay。産まれてくるまで性別は聞かなかったが、男の子が生まれ、昔から旦那が決めていた名前をつけました。（にこにこっちさん） 赤ちゃんの名づけエピソード大賞はこちら 2017年赤ちゃんの名づけエピソード大賞 ＞ 2016年赤ちゃんの名づけエピソード大賞 ＞ 2015年赤ちゃんの名づけエピソード大賞 ＞ 赤ちゃんの名前ランキングはこちら 2017年赤ちゃんの名前ランキングTOP ＞ 2016年赤ちゃんの名前ランキングTOP ＞ 2015年赤ちゃんの名前ランキングTOP ＞ 2014年赤ちゃんの名前ランキングTOP ＞ 2013年赤ちゃんの名前ランキングTOP ＞ 2012年赤ちゃんの名前ランキングTOP ＞ 2011年赤ちゃんの名前ランキングTOP ＞ 2010年赤ちゃんの名前ランキングTOP ＞ おすすめサービスはこちら おすすめ内祝い ＞ 2017/12/08 この記事にいいね！しよう いいね！ 1 0 クリップ 現在ログインしていません。 ログインしますか？ シェアする ツイートする LINEする 戻る 出産予定日 or 赤ちゃん の誕生日を設定しよう！ あなたの今の状態にぴったりの情報だけを厳選してお届けします。 出産予定日 赤ちゃんの誕生日 設定する 設定を変更する 妊娠 週と 日 今日の知っておきたい 今日のＱ&Ａ 設定を変更する お誕生日から 日 歳 カ月と 日 今日の知っておきたい 今日のＱ&Ａ 離乳食 はちみつ 豆腐 赤ちゃんの名前ランキング 妊娠力診断 ほうれん草 母乳 つわり うどん 人見知り 納豆 義母 PICK UP 産後のママをケアしてくれる！ 産後ケア施設検索 先輩ママの口コミ掲載！ 産婦人科検索 ぴったりの病院が見つかる！ 婦人科検索 赤ちゃんとの毎日が楽しくなる かわいいベビー肌着 photo studio guide フォトスタジオガイド ママの口コミ満載 お泊まり宿 はじめての方へ 赤ちゃんの笑顔でいっぱいの毎日を。『ベビーカレンダー』は、赤ちゃんが毎日を笑顔で過ごせるような情報をお届けする、妊娠・出産・育児の情報サイトです。日めくりカレンダーを毎日めくるように、『ベビーカレンダー』を、ぜひ毎日ご活用ください。	20191118165054	https://web.archive.org/web/20191118165054/https://baby-calendar.jp/knowledge/common/1033	bc
2017	M		直朋	なお	兄姉が漢字2文字、読み2文字だったので同じように考えました。お友だちと一緒にならないように…画数も考慮しつつ…なんて思っていたら全然いい名前がなくって。3人目、いちばん悩みました。何事にも真っ直ぐ真摯に向き合ってほしい、そして素敵なお友だちに恵まれますように、という思いを込めて直朋です。	20190918011527	https://web.archive.org/web/20190918011527/https://baby-calendar.jp/knowledge/common/1034	bc
2017	M		尚央	なお	自分を律して周りに優しく接することができる人に育ってほしく尚央と名付けました。この字は二つに折っても左右対称になり、誰に対しても隔たりのない人にもなってほしいと思います。	20190918011527	https://web.archive.org/web/20190918011527/https://baby-calendar.jp/knowledge/common/1034	bc
2017	M		直志	なおし	妊娠中、性別がわかったその日から夫婦でいろいろ調べたり、どんな漢字が使いたいか・どんな響きの名前がいいかなどお互いの考えを話し合いました。しかし、考える期間が長かったこともあってかなかなか一つには絞ることができず、いくつか候補をあげておいてあとは赤ちゃんの顔を見てから決めよう、ということにしました。そして臨月に。38週の健診を受け、まだまだ生まれないねと言われていたにもかかわらず、翌日の夜から腹痛、明朝に自宅で破水。そこから、27時間かけての出産でした。急な出産だったため、長く考えてきたわりに候補も絞りきれず、産後の病室で考えようとしたところ、主人の母から主人の名前は神社で決めてもらったので神社に行ったほうがいいのではないかと言われ、夫婦でお互いに候補を2個ずつあげ、神社で見てもらうことにしました。結果、私が初期から考えていた名前がよい、とのお墨付きをもらうことができ、『直志』という名前になりました。素直・実直・正直・真っ直ぐで、志高くあってほしいという意味を込めました。産後4日経ってからこの名前に決まったため、その4日間は赤ちゃんに名前を呼びかけることができませんでした。今は3ヶ月になり毎日名前を呼びかけていて、この名前にしてよかったなと感じますが、生まれてすぐから名前を呼びかけてあげたかったな、とも思います。	20190918011527	https://web.archive.org/web/20190918011527/https://baby-calendar.jp/knowledge/common/1034	bc
2017	M		夏輝	なき	夏生まれで、旦那の漢字の輝をつけました。	20190918011527	https://web.archive.org/web/20190918011527/https://baby-calendar.jp/knowledge/common/1034	bc
2017	M		渚	なぎさ	旦那の名前が「陸」なので、同じように1文字で、自然に関係する名前がいいと思っていました。最終的には旦那が案を出してくれたのですが、波打ち際のように、みんなが集まる楽しく明るい子になってほしい。自然と周りに人が集まるような子になってほしいと願いを込めて「渚」と名付けました。	20190918011527	https://web.archive.org/web/20190918011527/https://baby-calendar.jp/knowledge/common/1034	bc
2017	M		凪叶	なぎと	凪は、波が穏やかになるという意味で、何かあっても穏やかに解決出来るようにと、安らぎを与える存在であってほしいと思う想いと、夢は諦めなければ叶うだから諦めることなくいろんなことに挑戦してほしいという想いでつけました。	20190918011527	https://web.archive.org/web/20190918011527/https://baby-calendar.jp/knowledge/common/1034	bc
2017	M		那津	なつ	我が家の名付けはいたってシンプル！夏生まれなので「なつ」！	20190918011527	https://web.archive.org/web/20190918011527/https://baby-calendar.jp/knowledge/common/1034	bc
2017	M		夏隼	なつと	待望の男の子！日本の春夏秋冬、季節感を名前に入れたくて、７月産まれ『夏』でいろいろ候補を考えました！！旦那さんとは面白いくらいに意見が合わず、名付けの話をするたびにケンカばかりしていましたが……『なつと』でピッタリ意見が合いました！隼は飛行スピードがとても速く、自分よりも大きな獲物を狙う勇敢な鳥だそう。元気に走り回る男の子をイメージして『夏隼』に♡	20190918011527	https://web.archive.org/web/20190918011527/https://baby-calendar.jp/knowledge/common/1034	bc
2017	M		夏隼	なつと	名前に季節を入れたくて、7月生まれなので【夏】を入れた名前を考えていました！旦那さんとの意見が見事に合わず、名付けの話をするたびにケンカをしていました。なぜか読みは【なつと】で意見が一致！！【隼】は鳥の中で1番の飛行スピード、自分よりも大きい獲物を捕まえる、とても強い動物だと知り、強い人になってほしいなと想いを込めて……上にお姉ちゃんがいますが、4月産まれなので【はる】と名付けました！！3人目は秋か冬を狙いたいですね……	20190918011527	https://web.archive.org/web/20190918011527/https://baby-calendar.jp/knowledge/common/1034	bc
2017	M		夏凪斗	ななと	初めは予定日が7月9日で、七夕が近いので「星」という字を入れたかったので「夏七星」(ななせ)と名付ける予定でした。でもなんと2週間も早い6月26日に生まれて来て、七夕のイメージとは程遠いので名前をつけ直すことにしたのですが、月末で育児金の届け出の提出に間に合わせるためにかなりバタバタと名前を考え直しました。笑 胎児ネームの「ななくん」や、画数を考慮したり……。名前に入れた「凪」という字には「穏やか」という意味があるそうなのですが、産まれた時のイメージにピッタリだったので、この字を入れてよかったと思っています。いろいろありましたが、今ではこの名前をとても気に入っています。	20190918011527	https://web.archive.org/web/20190918011527/https://baby-calendar.jp/knowledge/common/1034	bc
2017	M		波音	なみと	お兄ちゃんが虎太朗で、～太朗と名前をつけたく、いろいろ悩み、いくつか候補をあげていました、産まれてきて顔を見てから決めようと主人と話し合っていました。私の入院の二日前に主人と虎太朗が魚釣りに行きました。行く車の中で、虎太朗は、私達がいくつか候補をあげていること知らず、主人に「もう、いい加減に決めないと明後日には産まれるよ」と、言ってきて、「ナミトはどう？」と、言って、「僕達は皆海が大好きだし、波の音いいよね～」その時、主人も波の音が大好きで、夜の海岸の波の音が大好きだなと思ったそうです私に、電話をしてきて、ナミトで、名字に合う漢字を探してといい、波の音でナミトにしました。私達が何日も考えて考えて、候補をあげていたのは、何だったんでしょう。虎太朗の一言で、素晴らしい名前をつけてあげることができました。	20190918011527	https://web.archive.org/web/20190918011527/https://baby-calendar.jp/knowledge/common/1034	bc
2017	M		成琉大	なると	旦那がアニメのナルトが大好きで、ナルトのように友だち思いの優しい子になってほしいとこの名前にしました。漢字の最後の「大」を「と」と読ませることにしたのは、旦那の名前が「大輔」で末広がりの大の字をもらいました！	20190918011527	https://web.archive.org/web/20190918011527/https://baby-calendar.jp/knowledge/common/1034	bc
2017	M		登琉	のぼる	妊娠してるかな？と薄々思っていた時にいきなり上の子が赤ちゃんが欲しいと言いました。それで妊娠を確信して病院に行ったら妊娠していました。おなかが大きくなってきた時に上の子に赤ちゃんの名前なに？と聞くと「ぼーるくん」と教えてくれました。実際に産まれてきたら、3315gのやや大きいベビーでお顔がまん丸だったことと、夫婦ともに野球好きで(上の子も野球に関する名前)主人が野球に関する名前を調べたところ、一説で正岡子規が野原でやるボール遊びを野ボール、野球と言ったというところから、「のぼる」と名付けました。（どあこさん） 赤ちゃんの名づけエピソード大賞はこちら 2017年赤ちゃんの名づけエピソード大賞 ＞ 2016年赤ちゃんの名づけエピソード大賞 ＞ 2015年赤ちゃんの名づけエピソード大賞 ＞ 赤ちゃんの名前ランキングはこちら 2017年赤ちゃんの名前ランキングTOP ＞ 2016年赤ちゃんの名前ランキングTOP ＞ 2015年赤ちゃんの名前ランキングTOP ＞ 2014年赤ちゃんの名前ランキングTOP ＞ 2013年赤ちゃんの名前ランキングTOP ＞ 2012年赤ちゃんの名前ランキングTOP ＞ 2011年赤ちゃんの名前ランキングTOP ＞ 2010年赤ちゃんの名前ランキングTOP ＞ おすすめサービスはこちら おすすめ内祝い ＞ 2017/12/08 この記事にいいね！しよう いいね！ 0 0 クリップ 現在ログインしていません。 ログインしますか？ シェアする ツイートする LINEする 戻る 出産予定日 or 赤ちゃん の誕生日を設定しよう！ あなたの今の状態にぴったりの情報だけを厳選してお届けします。 出産予定日 赤ちゃんの誕生日 設定する 設定を変更する 妊娠 週と 日 今日の知っておきたい 今日のＱ&Ａ 設定を変更する お誕生日から 日 歳 カ月と 日 今日の知っておきたい 今日のＱ&Ａ 離乳食 はちみつ 豆腐 赤ちゃんの名前ランキング 妊娠力診断 ほうれん草 母乳 つわり うどん 人見知り 納豆 義母 PICK UP 産後のママをケアしてくれる！ 産後ケア施設検索 先輩ママの口コミ掲載！ 産婦人科検索 ぴったりの病院が見つかる！ 婦人科検索 赤ちゃんとの毎日が楽しくなる かわいいベビー肌着 photo studio guide フォトスタジオガイド ママの口	20190918011527	https://web.archive.org/web/20190918011527/https://baby-calendar.jp/knowledge/common/1034	bc
2017	M		羽澄	はすみ	結婚して10年、ずっと子宝に恵まれず不妊治療をおこなっていました。もう諦めかけていたころ、心機一転、仕事も休職し、病院も転院して治療を続けていました。そんなとき、旦那の出張中の夜に裏玄関を開けたところ、バタバタバタっと鳥が家の中に入ってきたんです。未だに何の鳥だったのか謎ですが、とにかくそのときは追い出すのに必死でした。そんなことを治療仲間に話していたら「それってきっとコウノトリだよ」なんて言ってもらえて、そしたら本当に妊娠陽性判定が出たんです！ それで、この子には鳥関連で『羽』を付けようってなりました。また酉年だったり、世界に羽ばたくという思いも込めて。あとは響きも重視して羽澄（はすみ）に。澄んだきれいな心を持ってほしい想いも込めて名づけました。	20190919023224	https://web.archive.org/web/20190919023224/https://baby-calendar.jp/knowledge/common/1035	bc
2017	M		馳	はせる	生まれる前から、産むのは私なので、名前を考えるのは主人と決めていました。しかし、一点だけ私のお願いが……。それは、私が妊娠9カ月でも乗馬をしてしまうくらい、馬大好きなので、名前のどこかに「馬」の字を入れてほしいということでした。一般的に考えられるのは、〇馬という名前かと思うのですが、ありきたりな名前は嫌だと一生懸命探してくれたみたいです。その結果、「馳(はせる)」という名前に決定しました。意味もちゃんと考えられており、この漢字は、「世界に名を馳せる」という使い方がされるように、いろいろなところで活躍できる人間になってほしい。そして、「故郷に想いを馳せる」という使い方がされるように、将来どこで生活をしていても、故郷や家族を大切に思う気持ちを忘れない人間になってほしい。さらに、「御馳走」という字にも含まれているように、人をもてなす、何か他人のためになるような、助けられるような行動のとる人間になってほしい。そんな3つの意味が込められています。一般的にめずらしい名前かと思いますし、素敵な名前を考えてくれた主人に感謝しているのと、息子が名前に込められた意味通りの素敵な人間に育ってくれるよう、子育てを頑張っていきたいです！	20190919023224	https://web.archive.org/web/20190919023224/https://baby-calendar.jp/knowledge/common/1035	bc
2017	M		颯翔	はやと	颯爽と翔びたつようにどんな困難にも負けずに立ち向かっていってほしい。	20190919023224	https://web.archive.org/web/20190919023224/https://baby-calendar.jp/knowledge/common/1035	bc
2017	M		悠	はる	マイペースで自分を持った子になったほしかったので。読み方を『ゆう』にしなかったのは母親の私よ名前がゆいなのでよくわからなくなりそうだったし、春生まれだったので。	20190919023224	https://web.archive.org/web/20190919023224/https://baby-calendar.jp/knowledge/common/1035	bc
2017	M		晴大	はる	名前の響きがやさしい、言いやすい名前で、みよじが他の人と同じになりやすいので流行りの◯◯斗や◯◯馬などはかっこいいけど避けて考えた。るい、あさひなども候補にあったが漢字の字画の運勢も見ていちばん晴大（はる）がよかったのと、最終的には生まれてきてはるっぽい顔だったのでこの名前にしました。	20190919023224	https://web.archive.org/web/20190919023224/https://baby-calendar.jp/knowledge/common/1035	bc
2017	M		暖	はる	男の子と判明してから、ちょうど木村拓哉さん主演の「プライド」というドラマが再放送していて、主人公の名前が「ハル」でした。役柄とかっこよさに惹かれた旦那が、名前は「はる」がいいと決めました！響きから決めましたが漢字も意味のあるものにしたいと私が調べ悩みに悩みました。人間はやさしいのがいちばんと思っていた私は、思いやりがイメージの名前にしたいと前々から考えていたので、出会った人がぽわっとあたたかい気持ちになるようなやさしい子に育つように願いを込めて「暖」に決めました！おなかの中にいるときからはるくんと呼び掛けて、誕生の瞬間を待ちわびていました。抱いた瞬間の感動は忘れられません。今はもう８カ月になり、「はるくん」と呼ぶと振り向くくらい成長しています！	20190919023224	https://web.archive.org/web/20190919023224/https://baby-calendar.jp/knowledge/common/1035	bc
2017	M		遥大	はる	春生まれだから胎児ネームを「ハルりん」にしていましたが…いざ名前を考えるときに主人が「ハル」から離れられなくなってしまいました！（笑）今の時代だしもともと男女どちらでもいい名前にするつもりだったので(女の子になりたい男の子になりたいと言われてもいいように)結果オーライでしたが胎児ネームも大事だと思いました！	20190919023224	https://web.archive.org/web/20190919023224/https://baby-calendar.jp/knowledge/common/1035	bc
2017	M		春樹	はるき	春生まれなので、春の気候のようにあたたかくほっこりやさしい性格になってほしい。そして春に芽生えた芽が大樹になるように、この子も簡単に倒されない強さ、たくましさを兼ね備えて成長し、誰からも愛される人になってほしい。そう思って「春樹」と決めました。春樹が生まれた瞬間、本当に春が来たようにあたたかく幸せな気持ちになり、私もこれから親としてこの子と一緒に頑張って成長していくぞ！と誓いました。さらに特別な名前になったと感じます。	20190919023224	https://web.archive.org/web/20190919023224/https://baby-calendar.jp/knowledge/common/1035	bc
2017	M		晴生	はるき	陣痛中に窓から見えた空がきれいに晴れていたことや、晴れた空のように広い心で生きてほしいからです。	20190919023224	https://web.archive.org/web/20190919023224/https://baby-calendar.jp/knowledge/common/1035	bc
2017	M		春貴	はるき	"単純な夫が、3月に生まれるから春を入れよう！ハルって音も呼びやすいし！！ハルって呼びたい！とドヤ顔で…君の頭の中が春だよ。とツッコミながら違う名前を考えたのですがしっくりこなくて、結局夫の一文字を受け継ぎ＂春貴""と命名。私の親からは春の貴公子と言われています。笑"	20190919023224	https://web.archive.org/web/20190919023224/https://baby-calendar.jp/knowledge/common/1035	bc
2017	M		春樹	はるき	出産予定日が3月中旬ということで、広島在住なので、すぐに桜をイメージして「春の樹」といえば桜かなぁ？桜って見る人たちをやさしい気持ちや穏やかな幸せな気持ちにさせてくれる、みんなを笑顔で幸せな気持ちにさせてくれると私は感じるので、私たちの子にもやさしくまわりの方々を笑顔にしてくれる、そんなやさしい子に成長してほしいなという願いを込めました。	20190919023224	https://web.archive.org/web/20190919023224/https://baby-calendar.jp/knowledge/common/1035	bc
2017	M		遥貴	はるき	"名前はまず響きから考えてつけたいと思っていました。男の子だとわかったとき、まず呼びやすい名前にしようと思っていたら…夫が「はる」っていうのが入るのはどうかな？と。""夫から意見を言うの、めずらしいっ！""と私はびっくりして第1候補に。名字とのバランスを考え、『はるき』を私が提案し決まりました。パパの一声がなかったら、この名前じゃなかったかもなと思うと、この子は遥貴という運命だったのかなと思います。"	20190919023224	https://web.archive.org/web/20190919023224/https://baby-calendar.jp/knowledge/common/1035	bc
2017	M		春汰	はるた	パパがけいた、ママがはるななので、2人の名前を取ってつけました。春生まれなことと、名前から感じ取れるあたたかな雰囲気がとても気に入っています。	20190919023224	https://web.archive.org/web/20190919023224/https://baby-calendar.jp/knowledge/common/1035	bc
2017	M		晴汰	はるた	夫が明るい子になってほしいので「晴」という字は必ず入れたいと言っていて、その後の字がお互い譲れずに予定日の3日前に長男を出産しました。出産した直後、私のところに看護婦さんが長男を置いてくださり、少ししたら、長男の体重などを測るため、連れていかれました。再び、長男を連れてきてくださったときには腕に「晴汰」と書かれていて、夫が「看護婦さんにお名前決まっていますか？って聞かれたから思わず、はい！って言っちゃった言っちゃった」と言い、すでに名前が決まっていました。晴汰になんでこの名前にしたかと聞かれたら、明るい子でお父さんみたいな、まっすぐでやさしを持った子になってほしいから。「太」だけど親と同じ漢字を入れるのはよくないからさんずいをつけてその名前にしたんだよと伝えます！(夫の名前は良太です)	20190919023224	https://web.archive.org/web/20190919023224/https://baby-calendar.jp/knowledge/common/1035	bc
2017	M		春汰	はるた	春生まれで、春のようにポカポカしたあたたかい子に、花や緑や生き物がみちあふれるそんな季節のように。あふれんばかりのあたたかで、やさしい子に。元気いっぱいな子になるようにつけました。	20190919023224	https://web.archive.org/web/20190919023224/https://baby-calendar.jp/knowledge/common/1035	bc
2017	M		陽人	はると	生まれる前から4月が予定日ということであたたかい名前をと陽人(はると)と陽太(ようた)で迷っていました。生まれてきてからもなかなか決められず、パパと相談して3歳の長女に委ねてみることに。娘は迷うことなく「陽人くん！」。その後何度聞いても変わることがなかったので娘にも親しんで呼んでもらえるならと「陽人」と命名しました！もっと大きくなったら2人にも話してあげたいエピソードです♥	20190919023224	https://web.archive.org/web/20190919023224/https://baby-calendar.jp/knowledge/common/1035	bc
2017	M		遥斗	はると	今回、3人目の出産でした。上のお兄ちゃんたちと共通の斗をつけるのは確実でした。読み方は「はると」がいいかなぁーと主人と考えながら画数等を調べていたら、上のお兄ちゃんたちの漢字が悠斗・大斗なのですがどちらとも「はると」と呼べるではないですか！もう、これは3人目の名前は「はると」で決定的となりました！漢字は画数でいいものを選びました。	20190919023224	https://web.archive.org/web/20190919023224/https://baby-calendar.jp/knowledge/common/1035	bc
2017	M		遙人	はると	遙か彼方まで可能性が広がる人生になりますように、と想いを込めて「遙人」と決めました。	20190919023224	https://web.archive.org/web/20190919023224/https://baby-calendar.jp/knowledge/common/1035	bc
2017	M		翔	はると	お兄ちゃんが2歳差で名前が一文字で「翼」つばさです！どこまでも挫けずに羽ばたいてほしいという思いです。この度は2人目も男の子だったので同じく漢字一文字、ひらがな3文字の名前を考えておりました。お兄ちゃんと同じように人生に挫けずに、誰よりも空高く羽ばたいてほしくて「翔」はるとにしました！	20190919023224	https://web.archive.org/web/20190919023224/https://baby-calendar.jp/knowledge/common/1035	bc
2017	M		温大	はると	なかなか子宮口が開かず130時間という難産で心も体も疲れ果てているとき、いちばん苦しく大変な思いをしたベビちゃんは、とても穏やかな雰囲気で泣き声も柔らかい感じだったので、やさしく心のあたたかい子に育ってほしいという想いと、春生まれをかけて温大（はると）と名づけました。	20190919023224	https://web.archive.org/web/20190919023224/https://baby-calendar.jp/knowledge/common/1035	bc
2017	M		暖陽	はると	妊娠が発覚してからまだ性別もわかってない時点で男の子が生まれたらはると、女の子が生まれたらひなたってつけたいなと思っていました。でも漢字はまだ決まってなくて、図書館で赤ちゃんの名前の本を借りたり、ケータイで赤ちゃんの名前画数を調べて男の子なら春陽と書いてはると、女の子なら暖と書いてひなたと妊娠3カ月の時点で決めてました。妊娠7カ月のときに性別が男の子だとわかり、春陽で決定だなと思っていたのですが、夏生まれなのに春って漢字だとしっくりこなくない？と旦那さんや親と話してるときになって春以外の漢字でいい漢字がないかまた調べなおし、もともと女の子につける予定だった暖という漢字を入れて暖陽という名前で決定しました。暖陽の毎日が太陽のようにあたたかく明るく輝きますように。という願いを込めて暖陽です。	20190919023224	https://web.archive.org/web/20190919023224/https://baby-calendar.jp/knowledge/common/1035	bc
2017	M		陽登	はると	冬生まれベビーなので、あたたかい名前にしたいと、太陽の陽を名前に入れたくて、夫婦それぞれ1つずつ候補を出していました。生まれてきてお顔を見て、旦那さんが考えた陽登に決めました。太陽のように明るく元気で誰にでも笑顔でやさしく、自分の力で上へ登って行けるようにと、この名前にしました。	20190919023224	https://web.archive.org/web/20190919023224/https://baby-calendar.jp/knowledge/common/1035	bc
2017	M		大斗	はると	画数や読み方などがたくさんあり過ぎて自分たちではいい名前が思い付かないので主人と共に神様にお祈りして決めました。聖霊様は私たちにいつも一斗缶のような聖霊を注いでくださっているのに、私たちが聖霊様はこのような聖霊を注いでくださるだろうと一升瓶のような器で受け取っているから問題だ。という啓示の文章を読み、一升瓶のような聖霊の大きい感動を一斗缶のような大きい器で受けられるようにという願いを込めて大斗という名前をつけました。	20190919023224	https://web.archive.org/web/20190919023224/https://baby-calendar.jp/knowledge/common/1035	bc
2017	M		悠人	はると	"人気な響きのお名前で悩みましたが画数と縦割れの名字なので、重すぎないどしっと感がほしく決めました！また妊娠期間中、ママがまったくイライラすることがなくまったりゆったり過ごしていたので""悠""の字がぴったりだなと感じました！由来は、おおらかな心を持ち、悠々とした人生を歩めますように。そして生後1カ月頃にわかったのですが、父と母が榛名山にある伊香保神社で私たち夫婦のことをお願いしてくれており、漢字は違いますが響きの""はる""が一緒だなーっとと父が呟いていました！ ただの偶然ですが少し縁を感じました！"	20190919023224	https://web.archive.org/web/20190919023224/https://baby-calendar.jp/knowledge/common/1035	bc
2017	M		悠陽	はるひ	私たち家族は主人から母音がかさたなと繫がってます。なのでこの子は『は』が最初につけく名前を考えました。やさしく穏やかにまわりをパッと明るく照らす子に育ってほしいと思いこの漢字にしました。	20190919023224	https://web.archive.org/web/20190919023224/https://baby-calendar.jp/knowledge/common/1035	bc
2017	M		晴陽	はるひ	晴れ」の日の「太陽」のようにすべての人を明るくあたたかく照らしてくれるような子に育ってほしい。	20190919023224	https://web.archive.org/web/20190919023224/https://baby-calendar.jp/knowledge/common/1035	bc
2017	M		悠陽	はるひ	明るく元気に自分らしさを大切に、おおらかにのびのびと成長してほしいとゆう願いを込めて！！陽はお兄ちゃん(旭陽あさひ)と合わせました！	20190919023224	https://web.archive.org/web/20190919023224/https://baby-calendar.jp/knowledge/common/1035	bc
2017	M		陽光	はるひ	3人目で初の男の子でした。妊娠中のトラブルがまぁ多く（笑）4月末から5月の初めに出産予定でした。少し早く生まれてまだ桜も咲いていました。太陽のように燦々と光り輝くように陽光と名づけしました。桜の名前で陽光桜っていう桜もあるみたいで、あとで知ってびっくりしました。	20190919023224	https://web.archive.org/web/20190919023224/https://baby-calendar.jp/knowledge/common/1035	bc
2017	M		陽真	はるま	私の太陽となり、またあたたかくみんなに愛されるように陽の字を。真面目でまっすぐな子になるようにと真の字を使い、陽真としました。太陽は生きていく上で不可欠ですからね。	20190919023224	https://web.archive.org/web/20190919023224/https://baby-calendar.jp/knowledge/common/1035	bc
2017	M		榛真	はるま	私は、息子が春生まれだったので、春らしい柔らかい感じの名前がいいな、と思い、“はると”とつけようと思っていました。主人もやさしい印象がよく、〇〇まが良かったみたいで、“ゆうま”とつけたかったようでした。相談した結果、2人の意見を合わせて、“はるま”になりました。漢字は、主人が他の人が選ばないような、かつ画数がいい、漢字がいいとのことで、“榛真”とつけました。	20190919023224	https://web.archive.org/web/20190919023224/https://baby-calendar.jp/knowledge/common/1035	bc
2017	M		晴幸	はるゆき	いろいろなことが重なって夫婦共々いちばん辛い時期に私たちの元に来てくれ、心が晴れて幸せになれたこと。また今度この子の身近な人たちすべての気持ちを晴らして幸せにしてくれるそんな子になってほしいと名づけました。	20190919023224	https://web.archive.org/web/20190919023224/https://baby-calendar.jp/knowledge/common/1035	bc
2017	M		光	ひかる	今年4月にガンで若くして亡くなられた義理のお母様が妊娠中に、考えてくださりました。私の主人も、義弟も一文字で『る』でおわる名前なので、それにちなんで『ひかる』はどうかな？と提案してくださり、いい名前、いい響きー！とすぐに家族一同大賛成でした！意味としては、みんなの希望を光で照らす存在でありますようにとみんなの思いが込められています！	20190919023224	https://web.archive.org/web/20190919023224/https://baby-calendar.jp/knowledge/common/1035	bc
2017	M		彦太	ひこた	おなかにいる子どもがおそらく男の子だろうと言われた日からおなかに向かって話しかけるときの名前を「赤ちゃん」から「彦さん」に、なんとなく変えた私。彦さんにした理由は、ただ旦那の名前が「和彦」で、旦那の下の字をとって「彦さん」とおなかに話しかけていました。愛着が湧いてきたので、名前にも彦の字を使い今時風ではなく古風な名前にしたかった私は、彦太郎、彦ノスケと候補をあげましたが、義理母が、あまりいい顔をせず。彦ノスケ、彦太と最終的に2つ残し生まれてきてくれた我が子の顔を見て旦那が彦太に決定!彦の字には一緒にいて安心する男の子、才能ある男などいい意味がたくさんあったので、画数もみました。	20190919023224	https://web.archive.org/web/20190919023224/https://baby-calendar.jp/knowledge/common/1035	bc
2017	M		陽汰	ひなた	夏生まれの子だから、夏っぽいような名前で、男の子だから画数も考えてつけました。陽は太陽をイメージして、あたたかな心を持った子になってほしくて。汰は男の子って感じになるように、さんずいは画数的に。あと、酉年生まれなので、読み的にヒナと酉を関連付けてみました。	20190919023224	https://web.archive.org/web/20190919023224/https://baby-calendar.jp/knowledge/common/1035	bc
2017	M		陽向	ひなた	太陽のように、まわりの人にあたたかく接してほしい。また、生まれた日がとてもいい天気だったから。	20190919023224	https://web.archive.org/web/20190919023224/https://baby-calendar.jp/knowledge/common/1035	bc
2017	M		暖汰	ひなた	まわりに対して太陽のようにあたたかく誰に対してもやさしく、常に柔らかいポカポカな気持ちを持って、しっかりいい悪いを取捨選択でき芯は強くたくましく育ってほしい	20190919023224	https://web.archive.org/web/20190919023224/https://baby-calendar.jp/knowledge/common/1035	bc
2017	M		陽大	ひなた	太陽のようにまわりの人を明るく照らしてくれるような大きな樹木のような立派な人になりますように	20190919023224	https://web.archive.org/web/20190919023224/https://baby-calendar.jp/knowledge/common/1035	bc
2017	M		夕翔	ひなと	名前を決めようと話していたある日、同じ日の夕方、別々の場所できれいな夕焼けを写メで撮影していた。これはもしかして！と思い、夕焼けが好きな私と朝焼けが好きな旦那さん、そしてお兄ちゃんの名前から一文字とって夕翔に決めました。	20190919023224	https://web.archive.org/web/20190919023224/https://baby-calendar.jp/knowledge/common/1035	bc
2017	M		拓晃	ひろあき	主人が中国に単身赴任のため、なかなか日本に帰ってこられず少し寂しい思いをさせてしまいます。それでもたくましく育ってほしいという願いから、拓晃とつけました。晃という漢字は、兄である和晃から兄弟仲よく育ってほしいという願いを込めて同じ漢字をつけました。	20190919023224	https://web.archive.org/web/20190919023224/https://baby-calendar.jp/knowledge/common/1035	bc
2017	M		陽輝	ひろき	夏生まれなので夏が連想できる文字を使いたかった。本当は○○太郎とつけたかったが考えるすきもなく却下された……。一度、他の名前にしたが親近にまったく同名がいたのでやむなく却下……。旦那は読み間違えられない名前にしたかったみたいだけど、私は昔から読み間違えられる人が羨ましかったのもあり、あえてパッと見ての読みではない名前にしました。	20190919023224	https://web.archive.org/web/20190919023224/https://baby-calendar.jp/knowledge/common/1035	bc
2017	M		大翔	ひろと	お兄ちゃんを悠翔と名づけたので、名前を見ただけで兄弟ってわかるような名前を考え、『翔』を使いたいと思っていて、それなら意味も大きく成長し、羽ばたきますように‥と同じにしようということで、『翔大【しょうた】』と『大翔【ひろと】』と悩みましたが、大翔に決めました。3人目ともなるとなかなか迷いましたが、呼びやすいし、大翔に決めてよかったなぁと思っています。	20190919023224	https://web.archive.org/web/20190919023224/https://baby-calendar.jp/knowledge/common/1035	bc
2017	M		蒼翔	ひろと	生まれた日が蒼く晴れた日だった。翔の字を使いたかったから	20190919023224	https://web.archive.org/web/20190919023224/https://baby-calendar.jp/knowledge/common/1035	bc
2017	M		蒼翔	ひろと	生まれた日が蒼く晴れた日だった！	20190919023224	https://web.archive.org/web/20190919023224/https://baby-calendar.jp/knowledge/common/1035	bc
2017	M		大翔	ひろと	兄弟で同じ漢字を使用したくて（上の子の名前→椋大）『大』がつけく名前を考えました。あと男の子なので、画数も気にしました。名づけの本を読んでも大翔は人気の名前みたいだったので保育所で被るかも…と心配ですが『翔』も好きな漢字だったので、とても気に入っています。	20190919023224	https://web.archive.org/web/20190919023224/https://baby-calendar.jp/knowledge/common/1035	bc
2017	M		完仁	ひろと	パパママが「ひ」から始まる名前なので子どもも同じにしたいという想いがありました！「ひ」から始まる名前の候補をいろいろあげていき、パパに好きなのを選んでもらっていろいろな想いを込めながら漢字を考えていきました。しかし、画数などもうまくいかず、旦那が生まれたときに名前を見てもらった神社に見てもらうことになりました！結局考えたものはよくなくて、ひろとがいいと伝えるとひろとで漢字を考えてくださいました。四択ほどあげっていたんですが、信頼される明るい子にっていう「完仁」にしました。スポーツ選手にも向いているらしく、私も旦那も卓球をしていて、息子にもやってほしい、強くさせたいと想いもあったのでこの名前を選びました。かっこいい名前をつけてあげられたと思っています！	20190919023224	https://web.archive.org/web/20190919023224/https://baby-calendar.jp/knowledge/common/1035	bc
2017	M		寛也	ひろや	まず、呼びやすい音の響きで幾つか候補をあげて、兄弟や親戚、友人と似ていないもので、候補を絞りました。そして、字画や漢字の意味を調べて、心にゆとりがあり、広く大きな器の人になってほしいとう願いを込めて「寛也」と名づけました。	20190919023224	https://web.archive.org/web/20190919023224/https://baby-calendar.jp/knowledge/common/1035	bc
2017	M		弘康	ひろやす	心が広く、健康に育ちますように。	20190919023224	https://web.archive.org/web/20190919023224/https://baby-calendar.jp/knowledge/common/1035	bc
2017	M		楓人	ふうと	5月生まれなので爽やかな名前にしようと考えました。私が、新緑の楓からあふれる木漏れ日がとても好きで、爽やかで木漏れ日のようなやさしい光で明るく人生を送ってもらいたいと思い、楓人と名づけました。	20190919023224	https://web.archive.org/web/20190919023224/https://baby-calendar.jp/knowledge/common/1035	bc
2017	M		楓都	ふうと	2人で、どんな子に育ってほしいか話したときに、友達や人に恵まれ、この子のまわりにはいつもあたたかい人の輪ができてほしいという想い、好きな響き、画数から選び抜き、楓のような温か、人が集まるところという意味を持つ都を合わせて、楓都という候補をあげていました。想いは強いものの、なかなか決定打を打たずにぎりぎりまで悩み、最終決定は生まれてからと決めていました。10日早く生まれてきてくれましたが、元気いっぱいでした。しかし、感動と幸せ気分に浸っていられたのもつかの間。数時間後に様子が急変し、緊急搬送。搬送先の病院で完全大血管転位症という心疾患であることが判明し、命を繫ぎ止めるための手術を受け、1週間後に長時間に及ぶ大手術の末、一命をとりとめました。その後はこの子の生命力と病院のスタッフさんの懸命な処置、家族や友人の支えによって驚くほどの回復をみせてくれました。こんなことがあったからこそ、この先心疾患に負けずに強く、楓のようなあたたかで人の輪が広がり、そのあたたかに、都に人が集まるようにたくさんの人や友達が集まってほしい、当初からの想いがより一層一致したこの名前に決めました。	20190919023224	https://web.archive.org/web/20190919023224/https://baby-calendar.jp/knowledge/common/1035	bc
2017	M		文人	ふみと	7月は文月の生まれであること。文という字と、人という字は、共に小学校1年生で習う基本中の基本的な字なので、覚えやすく書きやすいこと。文に親しむ人になってほしいこと。武人よりも文人になってほしいこと。文明と文化に貢献できる人になってほしいこと。	20190919023224	https://web.archive.org/web/20190919023224/https://baby-calendar.jp/knowledge/common/1035	bc
2017	M		文弥	ふみや	地元の農協で知り合った私たち。待望の第1子、旦那に「何かつけたい漢字」をたずねると、屋号であり先祖が使っていた「文」を使いたいとのこと。文には、文化や教養だけでなく、感性や模様の意味もあることを知り、美術系だった私は納得。私は露地農家でしたが、嫁ぎ先は田んぼに囲まれた土地。この土地で、人にやさしく人を大切に、自分の可能性に自信を持って成長してほしいと願い、豊かさやおおらかさの意味がある弥生の弥を使い「文弥」と命名しました。母親の私は「典子」で、典は竹の机に書物が乗った形をしています。私もまだ人として成長し続けていきたい。未熟者ながら母親をやらせてもらっています。文弥もたくさんの価値観に出会い、たくさんの学びを重ねていってほしい。たくさん挑戦して、私の人生にたくさんの文弥の姿が重なって、いつか親の背を越えていけ！一人の人間と思い子どもと向き合い、成長の支えになれればよいなと考えてます。	20190919023224	https://web.archive.org/web/20190919023224/https://baby-calendar.jp/knowledge/common/1035	bc
2017	M		楓和	ふわ	長女の名前が萌心(もこ)なのでもこもこ、ふわふわ！ふわもこになるように名づけました★柔らかい、やさしい笑顔でまわりの雰囲気まで変えられる子になってほしいと思っています！！（ふわもこママさん） 赤ちゃんの名づけエピソード大賞はこちら 2017年赤ちゃんの名づけエピソード大賞 ＞ 2016年赤ちゃんの名づけエピソード大賞 ＞ 2015年赤ちゃんの名づけエピソード大賞 ＞ 赤ちゃんの名前ランキングはこちら 2017年赤ちゃんの名前ランキングTOP ＞ 2016年赤ちゃんの名前ランキングTOP ＞ 2015年赤ちゃんの名前ランキングTOP ＞ 2014年赤ちゃんの名前ランキングTOP ＞ 2013年赤ちゃんの名前ランキングTOP ＞ 2012年赤ちゃんの名前ランキングTOP ＞ 2011年赤ちゃんの名前ランキングTOP ＞ 2010年赤ちゃんの名前ランキングTOP ＞ おすすめサービスはこちら おすすめ内祝い ＞ 2017/12/08 この記事にいいね！しよう いいね！ 2 0 クリップ 現在ログインしていません。 ログインしますか？ シェアする ツイートする LINEする 戻る 出産予定日 or 赤ちゃん の誕生日を設定しよう！ あなたの今の状態にぴったりの情報だけを厳選してお届けします。 出産予定日 赤ちゃんの誕生日 設定する 設定を変更する 妊娠 週と 日 今日の知っておきたい 今日のＱ&Ａ 設定を変更する お誕生日から 日 歳 カ月と 日 今日の知っておきたい 今日のＱ&Ａ 離乳食 はちみつ 豆腐 赤ちゃんの名前ランキング 妊娠力診断 ほうれん草 母乳 つわり うどん 人見知り 納豆 義母 PICK UP 産後のママをケアしてくれる！ 産後ケア施設検索 先輩ママの口コミ掲載！ 産婦人科検索 ぴったりの病院が見つかる！ 婦人科検索 赤ちゃんとの毎日が楽しくなる かわいいベビー肌着 photo studio guide フォトスタジオガイド ママの口コミ満載 お泊まり宿 はじめての方へ 赤ちゃんの笑顔でいっぱいの毎日を。『ベビーカレンダー』は、赤ちゃんが毎日を笑顔で過ごせるような情報をお届けする、妊娠・出産・育児の情報サイトです。日めくりカレンダーを毎日めくるように、『ベビーカレンダー』を、ぜひ毎日ご活用ください。 ログイン / 新規登録 ベビーカレンダー監修者はこち	20190919023224	https://web.archive.org/web/20190919023224/https://baby-calendar.jp/knowledge/common/1035	bc
2017	M		槙杜	まきと	常緑樹で生け垣などに使われる「槙」の木のように、人を癒やし暮らしを守る「杜」のように。派手さはなくてもしっかり根を張り、大切な人やものを守る優しい人になれるようにと名づけました。「槙」のときはおじいちゃんの「鎮」(旧字体)の字から偏を変えたものでもあります。少しでもおじいちゃんたちとのつなを感じてもらいたくて。ちなみに上の長女もおばあちゃんから「子」の字をもらっています。	20190918203724	https://web.archive.org/web/20190918203724/https://baby-calendar.jp/knowledge/common/1036	bc
2017	M		誠	まこと	赤ちゃんが「男の子」と聞いたパパは名前は「まこと」がいい。と直感したそうです。我が家はパパもママも2人のお姉ちゃんも漢字一文字、「誠」「真」「信」・・・いろいろ候補があった中でママは誠意、真心を持った人、人に対して正直であってほしい、と願いを込め「誠」の漢字を選びました。	20190918203724	https://web.archive.org/web/20190918203724/https://baby-calendar.jp/knowledge/common/1036	bc
2017	M		真琴	まこと	"私の名前には「真」、夫には「慎」の文字が入っているので「2人の血を継ぐから""真""の字を入れたいね」となり、""真""の字が入ってる名前をそれぞれ考えて出てきた名前が""まこと""でした。そのときはまだ性別がわからないころだったけれど生まれてくるのが楽しみで楽しみで。「男女どちらが生まれてきても""まこと""にしよう」と響きは男の子っぽく、漢字は女の子でも通用する""真琴""になりました。今でもとても愛着があり、パパもママもこの名前をつけてよかったと思っています。"	20190918203724	https://web.archive.org/web/20190918203724/https://baby-calendar.jp/knowledge/common/1036	bc
2017	M		雅基	まさき	今年生まれた次男の出産当日まで「みずき」と「まさき」の２つの名前候補があがってました。名前を考え始めた時から「みずき」がいいなぁと思っていました。でも、分娩台で顔を見て抱っこした時、みずきじゃなくて「まさき」だ！と出産に立ち会った旦那の直感で決まりました。	20190918203724	https://web.archive.org/web/20190918203724/https://baby-calendar.jp/knowledge/common/1036	bc
2017	M		匡翔	まさと	主人が字画と「翔」の漢字をつけることにこだわっていて、私は独身時代から男の子だったら漢字に「王」が入った漢字をつけたいと思っていました。いざ、妊娠すると男の子で「王」の入った漢字探しと、それに「翔」をつけて変じゃないか、字画はおかしくないか、といろいろ考えた挙げ句「匡翔」になりました。字画と漢字の意味もよく、男の子らしいかっこいい名前をプレゼントできたかなと思っています。	20190918203724	https://web.archive.org/web/20190918203724/https://baby-calendar.jp/knowledge/common/1036	bc
2017	M		真大	まさひろ	まっすぐに大きく育ってほしい。そんな思いを込めました。そして3歳上のお兄ちゃんの名前「直大（なおひろ）」もまっすぐに大きく。2人に同じ願いを込めてつけた名前です。	20190918203724	https://web.archive.org/web/20190918203724/https://baby-calendar.jp/knowledge/common/1036	bc
2017	M		将宗	まさむね	出産してからもなかなか名前が決まらず…。2日過ぎたぐらいから母乳を飲まなくなってしまいました。旦那と何で母乳飲まなくなったのかな？って話をしていましたそれでもわからず…。3日目に名前決め出して ようやく名前が決まりよし！マサムネだっ！マサムネ！マサムネ！って呼びながら おっぱい飲もうねー！っておっぱいあがたらたくさん飲んでくれて感動…。名前がなかったから気に入らなかったのかな？ごめんね将宗。意味は将軍みたいに先陣をきって動いてほしいなと	20190918203724	https://web.archive.org/web/20190918203724/https://baby-calendar.jp/knowledge/common/1036	bc
2017	M		昌也	まさや	父親と父方祖父の名前の「也」をつけた名前にしました。名前の話し合いの際に「まさやなんてどうかな？」と夫に話すと、義母がまさやという名前になる夢を見たと言っていたと聞きびっくり！さっそく字画を調べ、夫と同じ字画の名前に決めました。	20190918203724	https://web.archive.org/web/20190918203724/https://baby-calendar.jp/knowledge/common/1036	bc
2017	M		政良	まさよし	パパが市議会議員をしています。パパで三代目の代々の政治家の家です。息子もこの道を志してくれるかは、わかりませんが、パパは日々、市を良くしたいとゆう熱意を持って一生懸命に市のために活動しています。クリーンでいい政治活動を心掛けているので、息子の名前にパパの思いを込めました。	20190918203724	https://web.archive.org/web/20190918203724/https://baby-calendar.jp/knowledge/common/1036	bc
2017	M		真慶	まさよし	妊娠5カ月から名字と相性がいいものを男の子と女の子で必死で探しました。どうしても［なかごころ］の漢字をつけたいのと男の子なら4文字にしたいのとで探すのに苦労しましたが何とか見つけ出し響きと意味合いでこの名前にしました。真は誠実でまっすぐに育ってほしいという意味と左右対称の感じは縁起がいと聞いていたのでそれも含めてこの字をあてがい、慶は希望のなかごころの漢字なのと意味合いは慶びのある人生を送ってほしいと言う願いと私たちにとっては最初の子でどちらの親にとっても初孫なので慶びを与えてくれたっという意味合いも含めてつけました。字画も完璧で響きも素敵でやっぱりビビッときた部分もあったのでつけてよかったです。名字と合わせると武将っぽくなり強くたくましい印象を与えるところも気に入っています。勉強なんかできなくてもいつも優しく誠実で人のことを思いやれる子に育ってもらえたら嬉しいです。スクスク健康で大きくなってね、マー君。	20190918203724	https://web.archive.org/web/20190918203724/https://baby-calendar.jp/knowledge/common/1036	bc
2017	M		暢嘉志	まさよし	名づけは、とてもこだわり、時間をかけました。「生まれてきてくれてありがとう」と「大好きだよ」という心からの感謝と愛を込め、息子への最初のプレゼントのような気持ちで考えました。姓名判断について調べ、画数、漢字の成り立ちや意味、音の響き一つ一つに想いを込めました！ まず、画数は調べれば調べるほど姓名判断が奥深いことを感じ、素人では難しいと判断したので、プロの方に姓に最も合う画数の配列を決めていただきました。名前すべてを決めてもらうのではなく画数だけにこだわったのも私たち親の気持ちを名にたくさん込めたいと思ったからです。 与えられた画数で、名に使用できる漢字は一つ一つすべて調べました。漢字の成り立ちと意味、漢字同志のつなや響きも考慮し「暢」「嘉」「志」という並びに決めました。「暢」という漢字は、太陽が地上にのびやかにあがる象形を表しているそうです。広がりが増す、発展させる、順調に進むという意味に加え、くつろぐという意味があります。人生を楽しむ余裕を持って、のびやかに自分自身を高めていける子に。それを周りに還元できる子に。「嘉」は、めでたい、幸せという意味の通り、あなたの存在自体が私たちにとってこの上なく幸せでめでたいという気持ちを込めて選びました。それをいつも心に自信として持っていてほしい。また、その成り立ちの中に打楽器の象形を含むそうで、姉に「音」という字を使ったので音楽つなになると思いました。そして、「志」を持って自分の人生に深みも持たせ、世界に貢献できる子に。また、思いやりの心という意味もあり、周囲の人を大切にできる子に。 そして、響きにも一工夫しました！「まさ」は母方の祖父、「よし」は父方の祖父の響きをもらいました。父母を超えて祖父や祖母、そのまたご先祖様とのつなを感じ、感謝し、自分もまた命をつないでいってほしいという気持ちを込めました。 父母はあなたが大好きで、幸せで楽しい人生を送ってほしいという思いを姓名判断という形でこだわりました！	20190918203724	https://web.archive.org/web/20190918203724/https://baby-calendar.jp/knowledge/common/1036	bc
2017	M		摩星	ましゅう	将来みんなに愛される人になる様、世界の人が呼びやすい名前(音)として名づけた。漢字は名字との総格で決めた。意味として「摩」は「なでさする」という意味から人に手を差し伸べ、思いやれる人になってほしい。「星(シュウ)」は星のように輝かしい人生を送れるようにと。	20190918203724	https://web.archive.org/web/20190918203724/https://baby-calendar.jp/knowledge/common/1036	bc
2017	M		愛大	まなと	生まれるまで女の子と思っていて違う名前を考えてましたが、生まれた瞬間元気な男の子ですと言われびっくり！そして予定日より1カ月早く生まれたので、我が子を抱く間も無くNICUに行ってしまいました。そのあと名前どーしよってなって携帯でいろいろ調べて、小さく生まれてきたのでみんなからの愛で大きく育ちますようにという意味を込めて愛大にしました！	20190918203724	https://web.archive.org/web/20190918203724/https://baby-calendar.jp/knowledge/common/1036	bc
2017	M		愛翔	まなと	たくさんの人から愛されて、自分も人を愛する子になってほしい。そして自由に飛び回るように、のびのびと成長してほしいという願いを込めて名づけました。	20190918203724	https://web.archive.org/web/20190918203724/https://baby-calendar.jp/knowledge/common/1036	bc
2017	M		茉晴	まはる	主人がフィリピンと日本のハーフです。 子どもを身ごもる前から子どもの名前には自分のルーツがしっかりわかるよう、フィリピンの要素を取り入れたいなと考えていたので、向こうの国花であるジャスミン（和名を茉莉花といいます）から茉の一文字と、日本では「おめでたい」意味を持つ晴。響きはタガログ語（フィリピンの言葉）で愛しい人という意味を持つ「マハル」としました。義母さんは少し気恥ずかしさがあるようでしたが、今ではうれしそうに息子の名前を呼び、かわいがってくれています。	20190918203724	https://web.archive.org/web/20190918203724/https://baby-calendar.jp/knowledge/common/1036	bc
2017	M		真優	まひろ	真には、真心や真実などの言葉があって、噓偽りのなく心優しくて思いやりのある子になってほしいという思いを込めて名づけました。上の子2人の名前が、2字で、2文字目が『優』なので、そろえたくて『真優』に決めました。	20190918203724	https://web.archive.org/web/20190918203724/https://baby-calendar.jp/knowledge/common/1036	bc
2017	M		衛	まもる	大事な人を'守る'強くて優しくて健康な子に育ちますように、とゆう願いを込めてパパが名づけてくれました。スポーツも守備のポジションを経験し、子どものころ敵からみんなを守るヒーローに憧れたパパの優しさが詰まった名前です。	20190918203724	https://web.archive.org/web/20190918203724/https://baby-calendar.jp/knowledge/common/1036	bc
2017	M		護	まもる	これから成長していく中で自分の大切なもの『家族、恋人、友達…』たくさん増えてくると思います。そういった人を守るようにという意味でつけました。	20190918203724	https://web.archive.org/web/20190918203724/https://baby-calendar.jp/knowledge/common/1036	bc
2017	M		真哉	まや	妊娠前から男の子を授かったら真哉(まや)とつけると決めていました。私が以前、リハビリに通っていた時の担当の先生が伸哉(しんや)先生で、その先生は患者と医者の架け橋になれる仕事に誇りを持っていると仰っていて、すごく尊敬してる先生です。なので、そんな先生のように人と人をつなる人になってほしいと思い先生の名前から一字もらい自分の道をまっすぐに進める人になってほしいという思いから真哉という名前にしました。	20190918203724	https://web.archive.org/web/20190918203724/https://baby-calendar.jp/knowledge/common/1036	bc
2017	M		満開咲	みかさ	一度きりの人生。花のように常に全力で優雅に楽しめるように願いを込めて	20190918203724	https://web.archive.org/web/20190918203724/https://baby-calendar.jp/knowledge/common/1036	bc
2017	M		帝月	みかづき	天下五剣一美しい名刀の三日月宗近から名前をもらいました。性別が男の子だったので、漢字を変更し帝月にしました。パパが日本刀や歴史好きだったので、出会えた名前です。	20190918203724	https://web.archive.org/web/20190918203724/https://baby-calendar.jp/knowledge/common/1036	bc
2017	M		瑞季	みずき	主人が、当時高校野球で活躍されていた現北海道日本ハムファイターズの堀瑞樹選手にあやかってつけました。将来は野球選手にさせたいそうで、今から右手投げが左手投げかを悩んでいます。漢字は、3月生まれなので「瑞々しい季節」にしました。	20190918203724	https://web.archive.org/web/20190918203724/https://baby-calendar.jp/knowledge/common/1036	bc
2017	M		迪	みち	私たち夫婦は、2016年6月に結婚し、8月にアメリカ、ミシガン州へ引っ越し、9月に妊娠が発覚しました。妊娠～出産をミシガン州で過ごしたため、Michiganに敬意を込めミチと決めました。名づけにおいて、できれば漢字一文字であること、画数、漢字の意味、また欧米でも発音してもらえることを念頭に考慮しました。漢字がなかなか決まらずにいたところ、迪は人名漢字であること、また中国ではアルファベットのDを表すことを知りました。Dといえば、ミシガン州の都市デトロイトを表すこともあり、珍しい漢字ではありますが、私たちにとってはとても愛着のある名前になりました。	20190918203724	https://web.archive.org/web/20190918203724/https://baby-calendar.jp/knowledge/common/1036	bc
2017	M		理仁	みちと	上の子と14歳も違う10年ぶりの出産。とくに小６の娘が大喜びでした。毎回の健診にも付いてきて、育児本での予習も欠かしません。そんな娘のために名前は娘に一任することになりました。娘は名づけ時点と漢和辞典とにらめっこしながら、ホワイトボードに大量の名前を書いて熟考。しかし考え過ぎたのか結局絞りきれず、何か月もホワイトボードに残されている名前の中からパパが「うーん。これ」と言ってあっさり決めてしまいました。	20190918203724	https://web.archive.org/web/20190918203724/https://baby-calendar.jp/knowledge/common/1036	bc
2017	M		充輝	みつき	私は漠然と、結婚して、子どもを作って、自分の家族のようになるのが夢でした。しかし、妊娠がわかってから、とっても嬉しいはずなのに、本当におなかにいるのか全然信じることができなかったんです。自覚するために、旦那の提案でニックネームをつけることにしました。みっくんです。ずっと呼び続けていると、それが頭から離れなくなり、「み」のつけく名前にしようとたくさん考えました。考えていくなかで、私は今まで、自ら「したい」と思うものがなく、なんとなく周りに言われるがまま、拒否することもなく過ごしてきました。高校卒業後の目標もなく、適当に資格をとり、就職し、とりあえず言われたことはしようという気持ちで過ごしてきました。たまたま主人も同じような人生を歩んでいました。子どもには、たくさん、泣いて笑って怒って悲しんで、どんなことでもいいから「したいこと」を見つけて、充実した生活を送ってほしいな、輝いた生活を送ってほしいな、との思いで、「充輝」と名づけました。自分自身が幸せだと思わないと、人の役に立ったり、人に幸せを与えられる存在にはなれないと思うんです。私自身もそう思うようにしています。	20190918203724	https://web.archive.org/web/20190918203724/https://baby-calendar.jp/knowledge/common/1036	bc
2017	M		三稀	みつき	長女が「一乃」（いちの）、長男が「奏二郎」（そうじろう）、そして3人目の次男には、三のつけく名前、と言う縛りにしてしまったので、画数も考慮し、類い稀なる才能を持った子になってほしいという願いを込めて、「三稀」（みつき）にしました。	20190918203724	https://web.archive.org/web/20190918203724/https://baby-calendar.jp/knowledge/common/1036	bc
2017	M		弥來	みつき	上の子(女の子)は、パパの漢字を一字入れました。2人目妊活中、もし次が男の子ならママの漢字を入れたいと、パパが提案してくれていました。2人目、予想通り男の子だったので、ママの漢字を一字入れ名づけ。周りには、パパとママの漢字が入ってて、仲良し家族だね☆と羨ましがられます。家族みんながつなってるようで幸せいっぱいです☆	20190918203724	https://web.archive.org/web/20190918203724/https://baby-calendar.jp/knowledge/common/1036	bc
2017	M		湊	みなと	臨月に入っても、これといって思い浮かばなかった2人目の名前。夏らしいのがいいということで、ようやく候補にあがった「湊」という名前。しかし、3歳の娘が突然「ゆうとくんがいい」と言い出して、じゃあお顔を見てから決めようということに。予定日を過ぎ、誘発分娩のため入院する朝のこと。とくに娘には入院することは言ってなかったけど、「やっぱ、みなとくんがいい。だってゆうとくんは、保育園のお友達にいるもん。」と。ずっとゆうと押しだったのに、理由もちゃんとしていて驚きました。産まれるまで決まらなかった名前ですが、その日が雨だったこと(さんずいなので)、娘の意見を取り入れ、「湊」に決まりました。漢字の意味から、周りの人が笑顔で集まれるような存在になってほしい。そんな明るく思いやりのある子になるようにという願いを込めて。	20190918203724	https://web.archive.org/web/20190918203724/https://baby-calendar.jp/knowledge/common/1036	bc
2017	M		湊	みなと	初めは、一文字でしっかりした名前がいいな、周りとあまり被らない名前がいいなと思いながら、名前の画数の本を見たりしていましたが、健診に行き性別がわかり、旦那さんと帰りの車で、色んな候補をだしあい、すごく綺麗な青空を見て思い浮かんだのが【湊】でした。旦那さんがもともとバンドをしてたこともあり、演奏の【奏】が入っているのにも気に入り、妊娠7カ月ころには、名前がほぼ確定していました。いろいろ調べていると、湊とゆう名前には、海の港を連想でき、【たくさんの人が集まる場所】とゆう意味もあると。すごく、いいなと思い、この名前にしました。湊には、たくさんの人が集まり、湊があたたかく迎えてあげられるような、優しい子になってほしいなと思っています。	20190918203724	https://web.archive.org/web/20190918203724/https://baby-calendar.jp/knowledge/common/1036	bc
2017	M		湊翔	みなと	湊のように人やものが集まる中心となり、広く社交的になれる人になってほしい。	20190918203724	https://web.archive.org/web/20190918203724/https://baby-calendar.jp/knowledge/common/1036	bc
2017	M		湊斗	みなと	第一子を授かり、妊婦健診の度に「逆子です」と言われ続け、結局最初から最後まで逆子ちゃん……。あまりにもずっと逆さまで、おなかの下の方を元気いっぱい蹴る赤ちゃんに出てきた時歩き出しちゃうんじゃないか？！笑、と思うと不安でいっぱいだった予定帝王切開も逆に腹をくくることができました。夫と逆子体操をした日々、逆子教室での出会いや、ママ友、祖父母など自然と赤ちゃんを通して、輪が広がり絆を深めることができました。そんな中、長い間揉めていた名前決めで夫が力強く『湊斗』がいい！『みなとのように多くの人が集まれるような温かい心の持ち主で、人の中心にいられるようなリーダーシップを持った子になってほしい』からと言われて、人と人とのつな、絆を大切にするような愛のある名前で素敵だなと素直に思えました。そして今、湊斗との生活の中で私もいろいろな出会いを通して成長させてもらってます。	20190918203724	https://web.archive.org/web/20190918203724/https://baby-calendar.jp/knowledge/common/1036	bc
2017	M		海陽	みはる	夏生まれになるので海という漢字を使って名づけを考えていた。名字との画数で、海と相性のいいものを見ていたら、海陽というのがあった。あと、妊娠中に夢で子どもをみーくんと呼んでいたのを見たのを思い出し、みはるにしようと決めた。	20190918203724	https://web.archive.org/web/20190918203724/https://baby-calendar.jp/knowledge/common/1036	bc
2017	M		盟	めい	5月生まれだったのでMAY(5月)にちなんで読みをメイとしました。漢字は盟は誓うという意味があり、私たち夫婦があなたを大切にそして幸せにすることを誓うという意味と、約束を守る子に育ってほしいという思いからこの名前をつけました。	20190918203724	https://web.archive.org/web/20190918203724/https://baby-calendar.jp/knowledge/common/1036	bc
2017	M		巡琉	めぐる	たくさんの人といい縁が巡り、宝石(琉璃)のように輝く人になってほしいから。また、ママが[ま]・パパが[も]・お姉ちゃんが[み]ではじまる名前で巡琉が[め]・そして、次生まれてくる子に[む]からはじまる名前をつけて全員が同じイニシャルでま行つなになり、家族が仲良く１つになれるように巡琉とつけました。	20190918203724	https://web.archive.org/web/20190918203724/https://baby-calendar.jp/knowledge/common/1036	bc
2017	M		萌斗	もあと	夫が○斗、妻が萌○という名前の漢字だったので一文字ずつとって萌斗にしました。萌斗の上に2歳のお兄ちゃんがいるのですがその子は凜斗で2人とも斗をつけたかったのでよかったです（萌斗ママさん） 赤ちゃんの名づけエピソード大賞はこちら 2017年赤ちゃんの名づけエピソード大賞 ＞ 2016年赤ちゃんの名づけエピソード大賞 ＞ 2015年赤ちゃんの名づけエピソード大賞 ＞ 赤ちゃんの名前ランキングはこちら 2017年赤ちゃんの名前ランキングTOP ＞ 2016年赤ちゃんの名前ランキングTOP ＞ 2015年赤ちゃんの名前ランキングTOP ＞ 2014年赤ちゃんの名前ランキングTOP ＞ 2013年赤ちゃんの名前ランキングTOP ＞ 2012年赤ちゃんの名前ランキングTOP ＞ 2011年赤ちゃんの名前ランキングTOP ＞ 2010年赤ちゃんの名前ランキングTOP ＞ おすすめサービスはこちら おすすめ内祝い ＞ 2017/12/08 この記事にいいね！しよう いいね！ 2 0 クリップ 現在ログインしていません。 ログインしますか？ シェアする ツイートする LINEする 戻る 出産予定日 or 赤ちゃん の誕生日を設定しよう！ あなたの今の状態にぴったりの情報だけを厳選してお届けします。 出産予定日 赤ちゃんの誕生日 設定する 設定を変更する 妊娠 週と 日 今日の知っておきたい 今日のＱ&Ａ 設定を変更する お誕生日から 日 歳 カ月と 日 今日の知っておきたい 今日のＱ&Ａ 離乳食 はちみつ 豆腐 赤ちゃんの名前ランキング 妊娠力診断 ほうれん草 母乳 つわり うどん 人見知り 納豆 義母 PICK UP 産後のママをケアしてくれる！ 産後ケア施設検索 先輩ママの口コミ掲載！ 産婦人科検索 ぴったりの病院が見つかる！ 婦人科検索 赤ちゃんとの毎日が楽しくなる かわいいベビー肌着 photo studio guide フォトスタジオガイド ママの口コミ満載 お泊まり宿 はじめての方へ 赤ちゃんの笑顔でいっぱいの毎日を。『ベビーカレンダー』は、赤ちゃんが毎日を笑顔で過ごせるような情報をお届けする、妊娠・出産・育児の情報サイトです。日めくりカレンダーを毎日めくるように、『ベビーカレンダー』を、ぜひ毎日ご活用ください。 ログイン / 新規登録 ベビーカレンダー監修者はこちら	20190918203724	https://web.archive.org/web/20190918203724/https://baby-calendar.jp/knowledge/common/1036	bc
2017	M		來輝	らいき	三文字目の平仮名は『き』をつけようと考えていました。将来どの職場についてもキラキラ輝くような人生を送ってほしいと思い來輝という漢字にしました。来輝にしようかと思ったのですが、名字との画数の数にもこだわり來輝にしました。少し珍しい名前に決めました。	20190919023421	https://web.archive.org/web/20190919023421/https://baby-calendar.jp/knowledge/common/1038	bc
2017	M		徠騎	らいき	子どもが生まれる前に男の子はパパが考え、女の子だったら私が考え、そこから2人で決めることに。今回三度目の出産でしたが、まさかの3人とも男。旦那からたぶん最後の名づけになるだろうから、3人目はママがつけてあげて！と言われました。長男 龍騎、次男 蒼騎と騎はそろえていたので、◯騎にしよう！とは思っていました。パパ龍一と長男のイニシャルはR、私と次男はS。よし！次はRになるようにと決め、ラ行で考えることに。すぐにらいきと思い浮かび、旦那に伝えると即OK。騎士のように強くカッコよく、人、仕事が来る、寄ってくる。兄弟繫がっている、家族がいつまでも繫がっているという願いを込めて徠騎と名づけました。	20190919023421	https://web.archive.org/web/20190919023421/https://baby-calendar.jp/knowledge/common/1038	bc
2017	M		蘭緒	らお	上品に優雅にたくましく健康に育つように	20190919023421	https://web.archive.org/web/20190919023421/https://baby-calendar.jp/knowledge/common/1038	bc
2017	M		虎皇斗	らおと	虎のようにカッコよく、天皇のようにすばらしく、北斗のようにカッコよく。	20190919023421	https://web.archive.org/web/20190919023421/https://baby-calendar.jp/knowledge/common/1038	bc
2017	M		楽煌	らきや	何ごとも楽しくキラキラと煌めいた人生を送ってほしいという想いを込めて。ラッキー！って感じで、いいことありそう！	20190919023421	https://web.archive.org/web/20190919023421/https://baby-calendar.jp/knowledge/common/1038	bc
2017	M		藍	らん	4人兄弟の末っ子三男なので、藍の意味にある落ち着きのある子になるように、親を超える子になるようにと願いを込めて。	20190919023421	https://web.archive.org/web/20190919023421/https://baby-calendar.jp/knowledge/common/1038	bc
2017	M		蘭麻	らんま	旦那と2人でいろんな名前の候補をだしあっていいなと思う名前の画数を調べるとどれもいまいち･･･上の子の名前に色が入ってるので色に関する名前を考えてみるもそれもいまいち･･･名前がなかなか決まらない中性別がほぼほぼ男の子に確定！上の子が男の子だったので2人目は女の子がいいなって思っていた私に旦那が｢らんま2分の1というマンガの主人公は男なんだけど水に濡れると女になるんだよー！本当にそうだったら面白いのにね！｣と言ってくれその流れで『らんま』いいじゃん！となり、その日かららんまー！とおなかに話しかけ続け、生まれて実際赤ちゃんの顔をみてから幸せに生きてほしい『蘭』とたくましく生きてほしい『麻』と願いを込めて漢字を決めました。	20190919023421	https://web.archive.org/web/20190919023421/https://baby-calendar.jp/knowledge/common/1038	bc
2017	M		璃愛斗	りあと	璃という字が青い宝石と知って、るり色の神秘の輝きを持つ美しい人になってほしいとの思い出この字を使いました。璃愛斗は美しく人を愛し愛される優しい男の子になってほしいと思いパパと2人で考えてつけました！	20190919023421	https://web.archive.org/web/20190919023421/https://baby-calendar.jp/knowledge/common/1038	bc
2017	M		琳央	りお	4歳の女の子（るい・ヴィトン）がいるので、「第2子も女の子がいい、名前はここ（・シャネル）ちゃん」と名前まで決めていました。長女もおなかに向かって「ここちゃ〜ん」と呼びかけてくれたり、おなかをなでなでしてくれていました。が、健診の結果「男の子」と判明。「ここちゃんだと女の子だね。こっくんだね」と長女が呼び方を変更。そこから「こ」から始まる男の子の名前を考えました。平仮名でも漢字でも2文字。王へんの漢字を使いたい。2つの条件を満たす「こ」から始まる名前を名づけ本やネットなどで探しました。が、なかなか見つかりません。「こう」が候補にあがりましたが、友人の名前のため却下。そうこうしているうちに、出産間近……。「こ」から始まる名前でなくてもいいね。イニシャルで「R」っていいね。と、王へんや2文字のこだわりは残しつつ路線を変更し、画数も少しだけ気をつけた結果、「琳央」に決まりました。長女・琉衣（Rui）、長男・琳央（Rio）。姉弟での並びもきれいで、とても気に入っています。ただ。娘は「るいくん」、息子は「りおちゃん」と男女逆で呼ばれることも多く、名前を逆につければよかったかなぁ、と思うときもあります。	20190919023421	https://web.archive.org/web/20190919023421/https://baby-calendar.jp/knowledge/common/1038	bc
2017	M		璃叶	りおと	"パワーストーンが昔から好きな旦那。9月生まれと決まったときから、誕生石を調べていました。璃叶の漢字の""璃""は誕生石のラピスラズリの和名""瑠璃""からとったもので、璃叶の夢が叶うようにと""璃叶""と名づけました。"	20190919023421	https://web.archive.org/web/20190919023421/https://baby-calendar.jp/knowledge/common/1038	bc
2017	M		碧空	りく	あおい澄んだ空がきれいで好きだし雲ひとつない心のきれいな子になってほしいから	20190919023421	https://web.archive.org/web/20190919023421/https://baby-calendar.jp/knowledge/common/1038	bc
2017	M		陸	りく	陸は3人目の子どもです。上2人は芹(せり)と岳(がく)。我が家の命名のルールは漢字一文字で読み仮名は二文字。芹と岳は漢字にすると芹は斤で終わって、岳は斤で始まるのです。なので3人目も繫がるように山から始まる漢字を名前で探しましたがなかなかいい漢字がありませんでした。なので、せりとがくからりとくを抜き取り陸にすることにしました♡子どもたちの名前はみんな繫がってるのです。	20190919023421	https://web.archive.org/web/20190919023421/https://baby-calendar.jp/knowledge/common/1038	bc
2017	M		陸	りく	夫婦ともに学生時代からディズニーが大好き。子どもができたらディズニーに関連すると面白いなって話していました。ミッキーにちなんでミキオやミキなど考えていたところ……双子の男の子の妊娠がわかりました。大きく育ってほしいという願いと、ディズニーに家族4人で仲良く行く夢を描いて、陸(ランド)と海(シー)に決めました。まだまだ先ですが、早く大きくなって遊びに行きたいです。	20190919023421	https://web.archive.org/web/20190919023421/https://baby-calendar.jp/knowledge/common/1038	bc
2017	M		凜玖	りく	子どもができたら凜の字を使いたい！「凜」の響きと天から授かった宝物という意味から「凜」ひいおじいちゃんの名前から「久」をもらい今時の漢字にしたいなぁと王編をつけて「玖」おばあちゃんからは陸海空で〜と次は海ちゃんかなぁと言われてもいますが、それはなぁ……苦笑	20190919023421	https://web.archive.org/web/20190919023421/https://baby-calendar.jp/knowledge/common/1038	bc
2017	M		李都	りつ	妊娠中に「そら」か「りつ」が候補にあがり、生まれてから顔を見て決めることにしました。生まれた日、とっても雨が降っていて空が曇っていたので「そら」ではなく「りつ」にしようと旦那に言われ、次に漢字を決めました。李都という漢字が気に入ったのですが字画診断はよくなく、どうしようか迷いました。「字画にこだわらなくていい、何ごとにも惑わされない子に育ってほしい」という旦那の意見に納得し、李都に決まりました。今では顔もしっかりしてきてやさしそうな彼にはぴったりな名前です。	20190919023421	https://web.archive.org/web/20190919023421/https://baby-calendar.jp/knowledge/common/1038	bc
2017	M		律希	りつき	私がずっとピアノを習っていたこともあり、旋律の「律」という漢字を入れたくて。旦那の名前の読みから一文字もらって、「律希」としました。という表向きの由来もありますが、私としての本心は……妻の私からみると、私の旦那は、楽しそう！と思ったこと、自分のしたいことを我慢できない、ちょっとヤンチャな性格……。まあそこがいいところでもありますが……息子には、自分を律することのできる人になってほしいという希望を込めています(笑)	20190919023421	https://web.archive.org/web/20190919023421/https://baby-calendar.jp/knowledge/common/1038	bc
2017	M		俐月	りつき	俐には賢いという意味があり、学問もそうですが、人間的に魅力のある子になってほしいと名づけました。思いやりがあり人との関わりがスムーズにいきますように、と。	20190919023421	https://web.archive.org/web/20190919023421/https://baby-calendar.jp/knowledge/common/1038	bc
2017	M		律葵	りつき	漢字の持つ意味を重視して名づけました。律は人としての道を外れないように。旋律を奏でるように穏やかな人に。葵は、徳川家、葵の紋章からとりました。武将のように男らしく、繁栄するように。また、上の子に長女がおりまして長女の止め字が「南」と繫がりを持たせました。葵の花は南を向いて咲くそうです。姉弟で、仲良く協力して大きな花を咲かせてほしいという願いを込めて名づけました。	20190919023421	https://web.archive.org/web/20190919023421/https://baby-calendar.jp/knowledge/common/1038	bc
2017	M		里杜	りと	上の子と合わせて「り」から始まる名前をつけようと旦那と相談。考え抜いて、響きがいいと言うことで「里杜(りと)」にほぼ決定していました。あとは、生まれてきて最終的に決めようと……。早めに出てくるでしょうと言われた待ちに待った出産日はなんと元旦でした。年末31日に「まさかの元旦生まれだったりして（笑）」という笑い話が現実に!!!そして良くみたら「りと」を反対にすると「と」2017年は酉年。運命的な名前となりました。	20190919023421	https://web.archive.org/web/20190919023421/https://baby-calendar.jp/knowledge/common/1038	bc
2017	M		璃灯	りひと	2017年7月5日(水)午前4時29分に日の出とともに元気な男の子を授かりました。あとで、パパに「日の出の時刻ぴったりだったよ」と言われたときには本当に驚きました。ドイツ語で輝く光を意味するlichtから、璃灯(りひと)と名づけました。瑠璃色の夏海のように広い心を持ち、人の灯となるような人を導ける子になってほしい、また、光り輝く人生を歩んでほしいとの願いを込めて、璃灯(りひと)と名づけました。この名前はパパと一緒に悩んで、2人とも心から納得できた最初のプレゼントになりました。今、産まれてから50日経ちますが、私たちにとって名前のように光り輝く存在となっています。この子が私たちを選んでくれたことが有り難く、毎日感謝の気持ちに包まれています。	20190919023421	https://web.archive.org/web/20190919023421/https://baby-calendar.jp/knowledge/common/1038	bc
2017	M		琉	りゅう	漢字一文字で表せるもので響きと呼びやすさから。漢字は玉、宝の意味を持つ『琉』に。また、ラピスラズリ(琉璃)の意味も持つため魔除け等の意味も込めて。（公さん）	20190919023421	https://web.archive.org/web/20190919023421/https://baby-calendar.jp/knowledge/common/1038	bc
2017	M		颯	りゅう	立つ風のごとく、自然が好きな子にすくすくと育っていってほしい。父親の名前が愛(いとし)と漢字一文字だったので、漢字一文字。母親の名前は紗耶香で、姉は女の子で、莉望香(りのか)で三文字で名づけました。姉と同じ“り”から始まる名前にもこだわり颯(りゅう)と読む漢字に決めました。家族でバランスも考えました。	20190919023421	https://web.archive.org/web/20190919023421/https://baby-calendar.jp/knowledge/common/1038	bc
2017	M		龍青	りゅうせい	男の子なので、たくましく元気に育ってほしくてこの名前をつけました。子どもたち3人、〇神になるように！	20190919023421	https://web.archive.org/web/20190919023421/https://baby-calendar.jp/knowledge/common/1038	bc
2017	M		隆之助	りゅうのすけ	主人の家では、代々名前を一文字使い男の子の名前をつけてきたそうです。我が子も主人の名前から一文字、私の尊敬する祖父から一文字と家族みんなの愛を受け継いだ名前になりました。名前にぴったりな元気な男の子に育ってね。	20190919023421	https://web.archive.org/web/20190919023421/https://baby-calendar.jp/knowledge/common/1038	bc
2017	M		琉真	りゅうま	ママとパパで宮古島旅行の前日に検査薬して陽性！まさかと思いながらも翌日宮古島の病院へ行き妊娠が発覚！沖縄はママとパパが大好きで毎年行ってる場所。そんな場所でおなかにいることがわかったので『琉』、ママが大変な思いで産んだことを忘れないで！とパパがママから一文字とろう！と『真』で、琉真と名づけました☆ちなみに海に潜るのとお酒が大好きなママとパパですが、この子のために海にも入らずお酒も一滴も呑まず、予約したものも全てキャンセル。今となっては素敵な思い出です。	20190919023421	https://web.archive.org/web/20190919023421/https://baby-calendar.jp/knowledge/common/1038	bc
2017	M		陵	りょう	夫が漢字一文字にこだわり、夫婦で名前を検索していたら、【りょう】って名前、いいねとなりました。漢字は、夫が【陵】、私が【凌】と意見が分かれてしまい、上の子が【陸】なので、似た漢字は紛らわしい！と周囲も私も猛反対したのですが、旦那は意見を曲げず……結果【陵】となりました。出生届を出してこの子が生まれて入院中のメールのやりとりでは、夫が上の子とこの子の名前を読み間違えることが多々あり。言わんこっちゃない、ということが(笑)。徐々に慣れていってくださいね、パパ！	20190919023421	https://web.archive.org/web/20190919023421/https://baby-calendar.jp/knowledge/common/1038	bc
2017	M		諒	りょう	５歳離れた上の娘が名づけました。上の子の名前は、「りこ」同じく「り」がつけいてるのがよかったし、パッと思い浮かんだそう。パパの候補も聞く耳持たず、絶対りょうくんがいい！！と譲りませんでした！	20190919023421	https://web.archive.org/web/20190919023421/https://baby-calendar.jp/knowledge/common/1038	bc
2017	M		怜大	りょうた	主人は器のデカイ人間になってもらいたいという意味で“大”の字を、私は優しくて賢い子になってほしいという意味を込めて“怜”の字を使い、怜大と名づけました。	20190919023421	https://web.archive.org/web/20190919023421/https://baby-calendar.jp/knowledge/common/1038	bc
2017	M		凌太朗	りょうたろう	名前は初めての贈り物なので旦那と2人でたくさんの名づけ本を見ながら悩み、選びました。凌太朗は旦那がビビビッときた名前です。字画はまさかのオール大吉でした。古風で男の子らしい名前にしたかったので理想にぴったりの名前でした。力強くたくましく、周りをあったかくしてくれるような性格のほがらかな子に育ってほしいと思い名づけました。	20190919023421	https://web.archive.org/web/20190919023421/https://baby-calendar.jp/knowledge/common/1038	bc
2017	M		涼平	りょうへい	あなたが過ごしていく人生を涼しげに、平らに過ごしていく技量を持ますようにと願いを込めて、主人が名づけました５ヶ月過ぎた頃から熱心に姓名判断のサイトや買ってきた名づけ本を読み良いと思った漢字の候補から夏生まれらしい涼の字を選びました	20190919023421	https://web.archive.org/web/20190919023421/https://baby-calendar.jp/knowledge/common/1038	bc
2017	M		遼真	りょうま	名前は読み方は私が決めて、漢字は旦那さんが決めました。候補をずっと５つくらいあがていて、産まれて顔見て決めよう……となりましたが顔見て「これだ！」とはならなかったので話し合って決めました（笑）りょうまとゆう名前はたくさん呼び方があって（りょうま君、りょうちゃん、りょうくんなど）たくさんの人に出会って愛され名前を呼んでもらえるように【りょうま】にしました。さらにスケールの大きい、真っ直ぐな人に出会ってほしいことから遼真とゆう感じにしました。	20190919023421	https://web.archive.org/web/20190919023421/https://baby-calendar.jp/knowledge/common/1038	bc
2017	M		亮和	りょうわ	亮は明るいって意味で、それだけだと名字との画数が合わなかったので、和をつけて周りを明るく和ませることのできる子になってほしくてつけました。	20190919023421	https://web.archive.org/web/20190919023421/https://baby-calendar.jp/knowledge/common/1038	bc
2017	M		凛	りん	妊娠時に分娩室で産む夢を見てそのときに私がりんと叫んでいたため	20190919023421	https://web.archive.org/web/20190919023421/https://baby-calendar.jp/knowledge/common/1038	bc
2017	M		凜	りん	先生からエコーで「こんなにお股開いて何もないから女の子ですね」と言われ健診の度に確認してくれて、服もピンクでそろえてたのに生まれたら男の子！女の子の名前しか考えておらず、分娩室で急遽考え直し女の子につけるはずだった一文字を使い「凜」に。よくよく意味を見たら「天からの授かりもの」と。	20190919023421	https://web.archive.org/web/20190919023421/https://baby-calendar.jp/knowledge/common/1038	bc
2017	M		厘太朗	りんたろう	名字が漢字一字、かな二文字なので、短い名前は考えていませんでした。ふと、りんたろうという名前が頭に浮かび、名字とのバランスを考えた結果よかったため、りんたろうに即決。次は漢字です。ギリギリまで迷いました。まず、りんという字。周りの人は「凛」で考えていたみたいですが、私の頭の中にはずっと「厘」がありました。厘は「少ない」という意味があることから、周りの人はあまり賛成しません。ですが、調べに調べた結果、「しあわせ」という意味があることがわかります。私は絶対にこの字にしたいという思いが強くなりました。旦那や親戚を説得し、厘になりました。たろうのたは太。ろうは朗。元気でほがらかに、幸せな男の子になりますように。という想いを込めて厘太朗にしました。	20190919023421	https://web.archive.org/web/20190919023421/https://baby-calendar.jp/knowledge/common/1038	bc
2017	M		凜太朗	りんたろう	急に旦那が思いついたのがきっかけでした。凛太郎ってどう？最初はこの漢字で相談され、可愛いけどどうかな。と思い名前の漢字など調べてみると、凛ではなく凜と書く漢字にはノ木が使われており、授かったという意味があること。太朗の朗にはほがらかと言う意味があることを知り、生まれてからも決めるまでずっと悩みましたが、旦那と私の周りにもいない、あまりありきたりじゃない名前ということもあり、名前の響きも可愛らしい凜太朗という名前に決めました。	20190919023421	https://web.archive.org/web/20190919023421/https://baby-calendar.jp/knowledge/common/1038	bc
2017	M		琉稀	るき	琉球のようにキラキラと輝くように稀なる才能を発揮できる子になってほしくてつけました	20190919023421	https://web.archive.org/web/20190919023421/https://baby-calendar.jp/knowledge/common/1038	bc
2017	M		嶺	れい	山の頂と意味があるように、何ごとも上を目指して頑張れる子になるようにと思いを込めてつけました。	20190919023421	https://web.archive.org/web/20190919023421/https://baby-calendar.jp/knowledge/common/1038	bc
2017	M		怜央	れお	お兄ちゃんがウルトラマン好きで、ウルトラマンレオのレオは？と言われ画数を調べるととてもよかったのです。お兄ちゃんの名前がタイガと言い、虎なので、レオでライオン、虎とライオンで強そうな名前でいいかなーと思いました。そして、8月生まれで獅子座もレオというみたいで、もうレオしかないなーと思い名づけました。	20190919023421	https://web.archive.org/web/20190919023421/https://baby-calendar.jp/knowledge/common/1038	bc
2017	M		蓮生	れお	泥の上でもきれいな花を咲かせる蓮のように夢を持って自分らしく花を咲かせられますように。また蓮の花の下にできる蓮根の連なる姿から人との繫がりを大切に、そして力強く生きられますようにとの願いを込めました。	20190919023421	https://web.archive.org/web/20190919023421/https://baby-calendar.jp/knowledge/common/1038	bc
2017	M		蓮	れん	性別がわかる前から男女両方の100個以上の名前を考えたけど、姓名判断をするとどれも字画がよくないものばかり。命名は親からの最初の贈り物だし、一生使うので字画のいい名を選んであげたかった。そこで姓と字画の相性がいい名前の中から漢字の読み方・書き方が分かりやすい字で選んだ。不妊治療に耐えてやっと授かった子で、切迫早産も乗り越えて大きく育って元気に生まれてくれたので、泥にまみれながらきれいな花を咲かせる蓮にあやかり、困難に打ち勝つ子になるようにと思いを込めて命名した。	20190919023421	https://web.archive.org/web/20190919023421/https://baby-calendar.jp/knowledge/common/1038	bc
2017	M		蓮	れん	蓮の花のように苦しみや悲しみ、困難を乗り越えられる子に。人生に大きな花を咲かせてほしい。	20190919023421	https://web.archive.org/web/20190919023421/https://baby-calendar.jp/knowledge/common/1038	bc
2017	M		怜	れん	パパが自分につけてもらいたかった名前を息子につけました。漢字は、名字に合う漢字がなかなか見つからす、苦労しました。れんと読む漢字一覧の中からいい画数のものを2つ見つけ出し、その2つからお姉ちゃんが『怜』がいいと選びました。名前はパパ、漢字はお姉ちゃんがつけました。	20190919023421	https://web.archive.org/web/20190919023421/https://baby-calendar.jp/knowledge/common/1038	bc
2017	M		蓮	れん	蓮のように泥の中からでも力強く生きてほしいと言う意味を込めて名前をつけました！……、ていうのが一般的ですが、違います！！子どもの性別もわからないとき、かなとして「レモン」と呼んでおり、後々男の子だとわかって流石に男の子にレモンはないかと考えてました。そこで音の響きがいい「れもん」から「も」を抜いた「れん」にすることにしました。また一文字の名前がよかったので「蓮」にしました。	20190919023421	https://web.archive.org/web/20190919023421/https://baby-calendar.jp/knowledge/common/1038	bc
2017	M		蓮隼	れんと	2人目の男の子でなかなか名前が決まらず、悩む日々を過ごしていました。顔を見たら思い浮かぶなどと聞いたことがあったのであまり焦ってもいなかったのですが産まれてきた赤ちゃんは1人目の子そっくり!!思い浮かぶどころか余計悩むことに……最初は響きで考えていたのですが、字画などで却下することばかり最終的に一文字つけたい漢字を決めることにして「隼」を選びました！上の子となんとなく字並びを合わせて「○隼」にすることに決めやっとの思いで出生届の提出日前日に名前が決まりました！（あすりんさん） 赤ちゃんの名づけエピソード大賞はこちら 2017年赤ちゃんの名づけエピソード大賞 ＞ 2016年赤ちゃんの名づけエピソード大賞 ＞ 2015年赤ちゃんの名づけエピソード大賞 ＞ 赤ちゃんの名前ランキングはこちら 2017年赤ちゃんの名前ランキングTOP ＞ 2016年赤ちゃんの名前ランキングTOP ＞ 2015年赤ちゃんの名前ランキングTOP ＞ 2014年赤ちゃんの名前ランキングTOP ＞ 2013年赤ちゃんの名前ランキングTOP ＞ 2012年赤ちゃんの名前ランキングTOP ＞ 2011年赤ちゃんの名前ランキングTOP ＞ 2010年赤ちゃんの名前ランキングTOP ＞ おすすめサービスはこちら おすすめ内祝い ＞ 2017/12/08 この記事にいいね！しよう いいね！ 0 0 クリップ 現在ログインしていません。 ログインしますか？ シェアする ツイートする LINEする 戻る 出産予定日 or 赤ちゃん の誕生日を設定しよう！ あなたの今の状態にぴったりの情報だけを厳選してお届けします。 出産予定日 赤ちゃんの誕生日 設定する 設定を変更する 妊娠 週と 日 今日の知っておきたい 今日のＱ&Ａ 設定を変更する お誕生日から 日 歳 カ月と 日 今日の知っておきたい 今日のＱ&Ａ 離乳食 はちみつ 豆腐 赤ちゃんの名前ランキング 妊娠力診断 ほうれん草 母乳 つわり うどん 人見知り 納豆 義母 PICK UP 産後のママをケアしてくれる！ 産後ケア施設検索 先輩ママの口コミ掲載！ 産婦人科検索 ぴったりの病院が見つかる！ 婦人科検索 赤ちゃんとの毎日が楽しくなる かわいいベビー肌着 photo studio guide フォトスタジオガイド ママの口コミ満載 お泊まり宿 はじめての方	20190919023421	https://web.archive.org/web/20190919023421/https://baby-calendar.jp/knowledge/common/1038	bc
2017	M		渉	わたる	広い世の中で自分のやりたいことを見つけ、活躍する人間になってほしい。（ゆりさん） 赤ちゃんの名づけエピソード大賞はこちら 2017年赤ちゃんの名づけエピソード大賞 ＞ 2016年赤ちゃんの名づけエピソード大賞 ＞ 2015年赤ちゃんの名づけエピソード大賞 ＞ 赤ちゃんの名前ランキングはこちら 2017年赤ちゃんの名前ランキングTOP ＞ 2016年赤ちゃんの名前ランキングTOP ＞ 2015年赤ちゃんの名前ランキングTOP ＞ 2014年赤ちゃんの名前ランキングTOP ＞ 2013年赤ちゃんの名前ランキングTOP ＞ 2012年赤ちゃんの名前ランキングTOP ＞ 2011年赤ちゃんの名前ランキングTOP ＞ 2010年赤ちゃんの名前ランキングTOP ＞ おすすめサービスはこちら おすすめ内祝い ＞ 2017/12/08 この記事にいいね！しよう いいね！ 0 0 クリップ 現在ログインしていません。 ログインしますか？ シェアする ツイートする LINEする 戻る 出産予定日 or 赤ちゃん の誕生日を設定しよう！ あなたの今の状態にぴったりの情報だけを厳選してお届けします。 出産予定日 赤ちゃんの誕生日 設定する 設定を変更する 妊娠 週と 日 今日の知っておきたい 今日のＱ&Ａ 設定を変更する お誕生日から 日 歳 カ月と 日 今日の知っておきたい 今日のＱ&Ａ 離乳食 はちみつ 豆腐 赤ちゃんの名前ランキング 妊娠力診断 ほうれん草 母乳 つわり うどん 人見知り 納豆 義母 PICK UP 産後のママをケアしてくれる！ 産後ケア施設検索 先輩ママの口コミ掲載！ 産婦人科検索 ぴったりの病院が見つかる！ 婦人科検索 赤ちゃんとの毎日が楽しくなる かわいいベビー肌着 photo studio guide フォトスタジオガイド ママの口コミ満載 お泊まり宿 はじめての方へ 赤ちゃんの笑顔でいっぱいの毎日を。『ベビーカレンダー』は、赤ちゃんが毎日を笑顔で過ごせるような情報をお届けする、妊娠・出産・育児の情報サイトです。日めくりカレンダーを毎日めくるように、『ベビーカレンダー』を、ぜひ毎日ご活用ください。 ログイン / 新規登録 ベビーカレンダー監修者はこちら あなたも質問してみませんか？ ご投稿いただいた質問に、頼れる専門家が回答いたします。気になる悩みや疑問をお	20191116223636	https://web.archive.org/web/20191116223636/https://baby-calendar.jp/knowledge/common/1039	bc
2017	F		愛	あい	私と主人の名前漢字の中に「心」が入っていることから、子どもの名前も「心」が入ってる漢字を使おうね、と決めていました。心のある子、両親からの心の繋がりがあるんだよ、と。調べると、男の子だとたくさん候補があるけど女の子だと限られてくるなぁ、男の子がいいなぁ、なんて思っていました。でもわかった性別は女の子！「愛」かそのものズバリの「心」くらいしか女名には使えそうな漢字がなく悩みました。心にこだわらなければカワイイ名前はたくさん作れるし、相談した周りからも散々ベタだと言われるし……でもどうしても譲れなくて、愛か心にしよう、あとは子どもの顔をみて決めよう、となりました。いざ産まれた我が子の顔をみたら、なんてかわいいんだ、愛してる、何よりも愛してる、みんなにも愛し愛されてほしい……そんな想いが自然と湧き上がり「愛」が最適と思えました。存在そのものが愛だ、と。今では愛され愛ちゃんと呼ばれ皆に可愛がられ、愛という名前で本当に良かったと思います。親バカ上等、ベタな名前最高です！(笑)	20191118155734	https://web.archive.org/web/20191118155734/https://baby-calendar.jp/knowledge/common/1040	bc
2017	F		愛依	あい	最初は別の名前の候補がありましたが、2月14日に産まれたので、兄が「バレンタインデーに産まれたから、あい、にしよう」と提案してくれました。	20191118155734	https://web.archive.org/web/20191118155734/https://baby-calendar.jp/knowledge/common/1040	bc
2017	F		亜依	あい	最初は花言葉でいい物がないか探して、桔梗にしようと思ったけど、苗字と不釣り合いだった為やめて、ほんとに困り果てたとき、とっさに自分の名前の由来を思い出し、どんなふうになって欲しいか名前に込められていたので、そんなふうに考えた結果、愛、美優、水晶(きらら)などが浮かび、その中でもまだ絞りきれなかったのがさっき挙げた三つでした。また困っていると、誰からも愛れてほしいし、人を愛してほしいという気持ちが生まれる日が近づくにつれ増えていきました。なので、愛にしようと思いましたが、ただの愛では面白くないし、一文字は可哀想だったので、苗字釣り合う感じを検索したところ、亜依がいちばんよく、リーダーシップ発揮し、成功しやすいとあったので、亜依にきまりました。母も最初よりかわいいし、呼びやすいねといってくれたので、これっきゃないと確信してます。	20191118155734	https://web.archive.org/web/20191118155734/https://baby-calendar.jp/knowledge/common/1040	bc
2017	F		愛來	あいく	上の子が絆翔。下の子が愛來。3.11、水害、熊本地震知らない子ども達。絆、愛を大切に。愛がたくさん来（來）る人生に。愛をたくさんおく（來）る人生に。自分らしく飛翔してほしい。２人でひとつの意味になります。子どもが成長して家族の絆、愛を感じてもらえたらいいなと思いつけました。	20191118155734	https://web.archive.org/web/20191118155734/https://baby-calendar.jp/knowledge/common/1040	bc
2017	F		藍咲	あいら	１人目がスター・ウォーズのレイア姫から澪愛（れいあ）なので二人目もスター・ウォーズのアイラから藍咲（あいら）またしりとりにもなっていて決めました	20191118155734	https://web.archive.org/web/20191118155734/https://baby-calendar.jp/knowledge/common/1040	bc
2017	F		愛梨	あいり	シングルマザー10年目。訳あって、未婚で産むことに。長男と3人の生活に、不安でした。3人で幸せになろうと長男と名付けを。杏梨、愛梨。長男が、愛情一杯あげるんだよ。と、愛梨を選択。人を慈しむ優しい心を持ち、梨の花のように純粋な娘になりますように……	20191118155734	https://web.archive.org/web/20191118155734/https://baby-calendar.jp/knowledge/common/1040	bc
2017	F		愛莉	あいり	とにかく、名付けは悩みました。画数、漢字、姓名判断、使いたい漢字、音の響き。悩みましたが、2月生まれということもあり、バレンタインが近いのでラブリーな名前にと思い、愛莉になりました。読みを変えれば、ラブリーなので。なんだか、少しおバカな名付けになってしまったので、子どもには名付けの理由を大きくなるまでは秘密にしようかと思います。	20191118155734	https://web.archive.org/web/20191118155734/https://baby-calendar.jp/knowledge/common/1040	bc
2017	F		愛莉	あいり	みんなから愛され、優しい子に育ってほしいという思いから愛莉にしました。	20191118155734	https://web.archive.org/web/20191118155734/https://baby-calendar.jp/knowledge/common/1040	bc
2017	F		彩生里	あいり	一人目の“ゆいな”と同じ、“生”という漢字を使いたかったのと、響きが気に入ったため。 画数がよく、重たい印象にならない漢字を選んだ。	20191118155734	https://web.archive.org/web/20191118155734/https://baby-calendar.jp/knowledge/common/1040	bc
2017	F		碧唯	あおい	碧唯(あおい)は実はあたしがつくはずの名前でした。母は未婚のシングルマザーで、祖父母、叔父、叔母、母。。みんなに育ててもらいました。私が産まれて名前を決める時、母、叔父、叔母で三日三晩考えて決めた名前が葵。次の日母が祖父に役場に届けてきてと頼んだらなんと、沙智江（さちえ)になっていたみたいです（笑）祖父は密かに名前を決めていて勝手に届けをだしてしまったらしいです。そして私に赤ちゃんが宿った時、親戚一同で女の子でも男の子でもあおいがいいと旦那さんに言ったら快く承諾をもらいました。漢字は旦那さんが決めたいとのことで碧唯になりました。31年越しあおいちゃんですね。今思えばこの子の為のあおいちゃんだったのかもしれません	20191118155734	https://web.archive.org/web/20191118155734/https://baby-calendar.jp/knowledge/common/1040	bc
2017	F		愛桜	あおい	私が桜がとても大好きで、桜の様に可愛くキレイな子になってほしいと言う気持ちと、みんなから愛される子になってほしいと思いこの名前にしました。	20191118155734	https://web.archive.org/web/20191118155734/https://baby-calendar.jp/knowledge/common/1040	bc
2017	F		葵	あおい	第三子、初の女の子の名前は「葵 あおい」と名付けました。私と同じ夏生まれで太陽に向かってぐんぐん成長する花の名をとって葵。アオイという名称は葉が太陽の方に向かうことから「仰（あおぐ）日（ひ）」の意味があるといわれるようで、私自身が子どもの頃、自分の母親から「太陽みたいな子」「向日葵のイメージが似合う」と言われていたように、我が子にもいつどんな時にでも上を向き明るく堂々と美しく生きて欲しいという願いを込めて名付けました。兄2人に囲まれた可愛らしい花ではあるけれど、ただ見た目の美だけでなく花言葉の「大望」「野心」「豊かな実り」「気高く威厳に満ちた美」にあるように、強く、たくましく、夢や希望を抱きながら大きく成長して欲しいと思います。	20191118155734	https://web.archive.org/web/20191118155734/https://baby-calendar.jp/knowledge/common/1040	bc
2017	F		碧	あおい	私たち夫婦の出逢いが、会社の先輩に誘われたヨットの上でした。当日は秋晴れで青い空が広がって、とても清々しい気持ちだったことを今でもしっかり覚えています。そして新婚旅行と出産前の最後の旅行を兼ねて行った沖縄でも、天気に恵まれ、碧い海が遠くまで広がっていました。お互い考えは同じだったようで、その旅行中に名付けのはなしになり、「せーのっ！」でだした第一候補の名前がなんと『碧(あおい)』だったのです。空の青と海の碧という思い出の時を、娘ともいつか一緒に過ごしたいですし、碧という漢字にこめられた「美しく光り輝く海の碧（あお）」のように、広く深く澄んだ心をもつ子にそだってほしいと思います。	20191118155734	https://web.archive.org/web/20191118155734/https://baby-calendar.jp/knowledge/common/1040	bc
2017	F		彩乙葉	あおば	パパが生き生きとしたイメージであおばの音を提案。秋生まれなので彩り豊かな人生となるように彩の漢字を使ってママが漢字の案を出しました。「これから出会う沢山の人々に愛され、あおばを色付けるように彩り溢れる人生にして欲しい」という思いを込めています。	20191118155734	https://web.archive.org/web/20191118155734/https://baby-calendar.jp/knowledge/common/1040	bc
2017	F		あかり	あかり	"春生まれなので、春の暖かい日差しのイメージで周りを明るく照らす子になって欲しくてあかりと名付けました。これからますます穏やかにのんびり生きるのが難しい世の中になっていくかと思うので、しっかり芯のある柔軟性が培われるように小春日和のようなほっとする暖かさを持って欲しいと思っています。でも本当は夫婦で付けたい名前が違い、お互いに一歩も引かない膠着状態に。このままどちらかが希望する名前を付けても禍根を残すと思い、それぞれの名前の候補に入っていたあかりにしました。恋人時代から何かとケンカが多い私達でしたが、生まれる前からケンカの種を無くしてくれた""あかり""に感謝感謝です。生まれてきてくれてありがとう、あかり。"	20191118155734	https://web.archive.org/web/20191118155734/https://baby-calendar.jp/knowledge/common/1040	bc
2017	F		あかり	あかり	まだ妊娠に気付く半年前からたびたび、4年前に突然亡くなった父が女の子の赤ちゃんを抱っこしながら「あかり、やっと会えたね！」と話しかけている夢を見ていました。当時は4歳男の子と8カ月の男の子を育てている最中。女の子がほしかったからかな？と思う程度でそれよりも、突然のお別れだったから夢でも父に会えることがうれしかったくらいでした。しかしあまりにもその同じ夢を見る回数が多くなった夏の終わりころ、夏バテで体調を崩し病院にいったところなんと妊娠4カ月になる手前であることが判明。子育てにドタバタのあまり、妊娠に気付かなかった私に父が夢を通じて赤ちゃんの存在を教えてくれていたのでした。そんなおなかの赤ちゃんもあっという間に順調に育ち、桜が満開の日に無事出産。生まれた子は女の子。病室のベッドから見える中庭の桜が夜も綺麗に咲いていて、まさに季語「花あかり」の状態。その瞬間、父がこの子を私達のところへ授けてくれたような気が……。生まれた日の光景と父が夢で呼んでた名前に温かい縁を感じ、「あかり」と名づけました。ちなみにその夢を見ることは、もうないです。	20191118155734	https://web.archive.org/web/20191118155734/https://baby-calendar.jp/knowledge/common/1040	bc
2017	F		灯里	あかり	暖かい「灯り」は人の心の支えとなり、その元には人が集まることから、いろんな人たちに囲まれて幸せな場所(「里」)で育っていって欲しいという思いを込めました。また、私たち夫婦の「あかり」であって欲しいとも思っています。	20191118155734	https://web.archive.org/web/20191118155734/https://baby-calendar.jp/knowledge/common/1040	bc
2017	F		あかり	あかり	明るく、元気に育ってほしいという思いと同時に、周りにあかりを灯すような、あたたかく、優しい心を持つ女性に育ってほしいという思いを込めて、ひらがなであかりと名付けました。	20191118155734	https://web.archive.org/web/20191118155734/https://baby-calendar.jp/knowledge/common/1040	bc
2017	F		灯梨	あかり	名字の響きが暗いため、名前は明るい響きがいいと思い、いくつか候補を出したうちの一つが【あかり】でした。名前は生まれた時の顔を見て最終決定しよう、となり、会える日を楽しみにしていると、予定日より20日も早く会いにきてくれました。我が家は一度妊娠中期で死産の経験があったため、早めの出産と小さい体に心配もありましたが、体を真っ赤にして泣き叫ぶベビを見た瞬間、とても明るい気持ちになり、ベビの生命力にも感動しました。凛としたクールな雰囲気の名前も候補にありましたが、ベビの顔を見て、これはあったかいイメージの名前だね、と家族みんなで意見が合い、【あかり】という響きに決めました。漢字でとても迷ったのですが、もともと、【灯】という字が良いねと話していたので、主人のお父さんの助言もあり、原点に返って【灯】を使うことになりました。【梨】は秋生まれであることを入れたかったことと、母である私の名前に【利】があり、それが入っている文字を使いたいと主人が言ってくれたためです。梨は美味しいし、匂いも良く、家族みんなが好きなので満場一致でした。【灯梨】という名前は少し珍しいかも、と思いますが、灯台のように、世に生きる人の目標になるように、また、私たちに暖かさと安心を与えてくれた感謝を込めて、生まれて初めてのプレゼントにしました。	20191118155734	https://web.archive.org/web/20191118155734/https://baby-calendar.jp/knowledge/common/1040	bc
2017	F		朱莉	あかり	人に恵まれ、まわりをあかるく照らすような子になるよう願って「あかり」と夫が命名。また、出産予定日から5日遅れての私の誕生日に急に陣痛→出産だった我が子、「4月4日ならお母さんと一緒だよ〜」とお腹に話しかけていたからかもしれません。私の名前が植物の名前なので、娘にも同じように選べたらと思っていましたが、ジャスミン(茉莉花)の語源がペルシャ語で「神からの贈り物」という言葉からきていると知り、神様から私への誕生日プレゼントという意味も込めて「莉」という漢字を当てて名付けました。	20191118155734	https://web.archive.org/web/20191118155734/https://baby-calendar.jp/knowledge/common/1040	bc
2017	F		灯	あかり	私の過去の病気のせいで自然妊娠は不可能で、結婚して以来ずっと顕微授精の不妊治療をしていました。友人何人かが妊娠したと続けて報告を受ける中、なかなか成立せずホルモン剤のせいで今までなかった心身の不調からこの先の光が見えず心が折れそうになることも何度もあり、これがダメだったら一旦治療を中止しようと思って臨みました。期待せずに諦めるつもりで病院に行った日初めて着床成立の結果を受け、今まで真っ暗だった目の前がとても温かい光が灯った様に思えました。私たちの希望の子です。私たちだけではなく、周りの人たちを温かく明るく照らしてくれる様な子にと『灯』とつけました。	20191118155734	https://web.archive.org/web/20191118155734/https://baby-calendar.jp/knowledge/common/1040	bc
2017	F		明莉	あかり	妊娠中から、名付けについて主人と以下の２点を決めていた。（１）ひらがなのいちばん始めである「あ」から始まる親しみやすい名前（２）出産予定日が３月のため、３月に咲く花に由来した名前陣痛がきた日の夜は、きれいな満月で、どこか神秘的な夜だった。事前に聞いていた通り、産まれたのは女の子。上記２点を前提に、月明かりの中で、ひっそりたたずむ茉莉花のように、どこか凛々しくて存在感のある女性に育って欲しいと名付けた。現在生後６カ月の娘は、主人似で、どこか凛々しく、よく男の子に間違われます。。。	20191118155734	https://web.archive.org/web/20191118155734/https://baby-calendar.jp/knowledge/common/1040	bc
2017	F		陽莉	あかり	太陽のような明るい子に育ってほしいと言う願いです。	20191118155734	https://web.archive.org/web/20191118155734/https://baby-calendar.jp/knowledge/common/1040	bc
2017	F		あかり	あかり	子どもが欲しいと夫婦で考えたときに、私達夫婦は揃って漠然と女の子を希望していました。そして待望の妊娠！まだ性別も分からない、小さな豆粒サイズの赤ちゃんのエコー写真を見ながら、夫と私は赤ちゃんは女の子で、名前は「あかり」とお互いに考えていました。不思議と相談したわけでもなくお互いの考えが一致していて、とても驚きました。お腹の中の赤ちゃんはあかりちゃん。私達のところに赤ちゃんが来てくれるんだ、どんな子だろう、楽しみだなぁと毎日ウキウキとした気持ちで過ごしていました。しかし、妊娠8週で流産というとても悲しい出来事となってしまいました。それから半年後、再びお腹の中に赤ちゃんを授かることができました。夫も私も、当然のようにこの子は女の子、名前はあかり。と初めから考えていました。順調に経過は進み、健診で性別が女の子と分かった日はとても嬉しく、でも意外ではなく。やっぱりこの子はあかりちゃんなんだ！と嬉しかったのをとてもよく覚えています。「あかり」という名前には、あなたは私達夫婦の「明かり」だよ、私達の明かりになってくれてありがとうという気持ちがこもっています。初めての妊娠で悲しい思いをした私達は、ずっと暗闇の中にいるようでした。あかりがお腹の中にいると分かった時、そこに小さいけれど優しくて温かい明かりが灯ったのを感じました。それから妊娠中も、生まれてからもずっと私達の日々を明るく楽しく照らしてくれています。そしてこれからも、一緒に過ごす日々が、あかりの存在すべてが、私達家族にとっての大切な優しい明かりになってくれると思っています。	20191118155734	https://web.archive.org/web/20191118155734/https://baby-calendar.jp/knowledge/common/1040	bc
2017	F		明歩	あきほ	お「日」様とお「月」様に照らされた『明』るい道を、立ち「止」まる事「少」なく真っ直ぐ『歩』んでほしい。そんな願いからこの名前にしました。	20191118155734	https://web.archive.org/web/20191118155734/https://baby-calendar.jp/knowledge/common/1040	bc
2017	F		空虹	あこ	パパとママの名前の最初の文字をとってみたのがきっかけ。超仲良しでいつも楽しい2人の名前から1文字ずつとったら、素敵な人生になるかなって♪素敵で幸せな人生を送ってくれるようにと願いを込めて……。そして漢字はママばぁばとママが色々調べて、一生懸命決めました！産まれたのが予定日より3週間位早く、予定日通りならママとおんなじ誕生日だったのにね。そうそう、それで、産まれてから慌てて病院で考えました。でもママは、あこって名前だけはだいぶ前から決めてたから、女の子だったら絶対これ！！って。で、漢字を1人で考えてたんだけど、その時はなんだかピンとくるものがなく、コはばぁばからもらって子がいいなって思ってて、アは亜くらいしかないかなーと思ってたんだけど、ばぁばが私からとってくれるのは嬉しいけど、子どもの子は絶対良くないって。昔から、名前に子は絶対良くない、嫌いって言ってたからね。だから結局、この空虹になりました。とってもキレイな字だし、調べた結果も良く、なによりピンときてとっても気に入ったので。漢字の持つ意味もとっても良かったし。あこちゃんも気に入ってくれたらいいなと思ってます。	20191118155734	https://web.archive.org/web/20191118155734/https://baby-calendar.jp/knowledge/common/1040	bc
2017	F		朝葉	あさは	朝の光を浴びた新緑の葉のように明るく元気に育って欲しい」という願いを込めて。	20191118155734	https://web.archive.org/web/20191118155734/https://baby-calendar.jp/knowledge/common/1040	bc
2017	F		空咲陽	あさひ	空(太陽)に向かって咲く向日葵のように、芯がしっかりしていて元気で大きな子になってほしいと思い、この名前にしました。あと、6月は紫陽花の花がキレイなので、漢字を使いました。	20191118155734	https://web.archive.org/web/20191118155734/https://baby-calendar.jp/knowledge/common/1040	bc
2017	F		あざみ	あざみ	夏の花のひとつであるアザミは、葉に棘があるためにさわりにくく、細長い花が集合して一つの花になっている種です。そこから、簡単に手折られることのできない強さや人を守る力を持ち、いろんな人を引き付けながら大きく育つことを願ったのが理由のひとつです。加えて、ローマ字で書くとAzamiになり、aからz(最初から最後まで)を編み上げる、根気があり大きなことを成し遂げられることを願ったのがもう一つの理由です。	20191118155734	https://web.archive.org/web/20191118155734/https://baby-calendar.jp/knowledge/common/1040	bc
2017	F		梓	あずさ	日本には古来から梓の木で弓を作る風習があり、弓のようにしなやかで芯の強い子どもになってほしい。また、製本に梓の木を利用したことから、本が好きで賢い子に育つようにと願いを込めました。そして、漢字の成り立ちから、木の上に立って、まっすぐに十を見通す。	20191118155734	https://web.archive.org/web/20191118155734/https://baby-calendar.jp/knowledge/common/1040	bc
2017	F		杏音	あのん	母親の名前から「あ」をもらい左右対称の漢字は幸せになると聞き杏音と名付けました！	20191118155734	https://web.archive.org/web/20191118155734/https://baby-calendar.jp/knowledge/common/1040	bc
2017	F		有美	あみ	結婚する前、主人が夢でみた子どもの名前が、あみ！私達、夫婦の間近には、いない名前だったから、絶対に女の子が産まれたら、つけてあげようと思っていました！待望の女の子で、いざ、名前を考えたら、やっぱり、あみと、名付けました！	20191118155734	https://web.archive.org/web/20191118155734/https://baby-calendar.jp/knowledge/common/1040	bc
2017	F		彩子	あやこ	名前に関しては、私がもともと女の子なら子のつく名前、男の子なら夫の名前を一字取ってつけたいと言っていて、あとは夫に考えてもらいました。この子の人生が色鮮やかで彩りのある人生になるようにと名付けました。	20191118155734	https://web.archive.org/web/20191118155734/https://baby-calendar.jp/knowledge/common/1040	bc
2017	F		彩音	あやね	名前は一生のものなので、とても迷いました。散々迷って最終的に産まれてから顔を見て決める事に。娘が産まれた瞬間、その産声【音】を聴いて自然と涙がでました。主人は出産に立ち会ってくれていたのですが、同じように娘の産声に感動し、世界がパッと明るく彩豊かになった気がしたと話していました。出産時のこの感動を名前に込めたいと言う思いと、これからの娘の人生に寄り添える名前にしたいと思い、彩豊かな人生の音色を奏でてほしいと言う意味を込めて、彩音という名前にしました。	20191118155734	https://web.archive.org/web/20191118155734/https://baby-calendar.jp/knowledge/common/1040	bc
2017	F		綺音	あやね	最初は｢あやめ｣の予定でした。でも、漢字が思いつかず一字違いの｢あやね｣にしました。漢字は、あや絹の意味を持ち、糸偏の字を使うことで、人と人を繋ぐ人になって欲しいと思い、｢綺｣という字、また、お腹にいるときに音によく反応していたこと、音は１人でもみんなとでも奏でられることから、たくさんの人と協力していけるように｢音｣を使いたいと思い、あわせて、｢綺音｣にしました。	20191118155734	https://web.archive.org/web/20191118155734/https://baby-calendar.jp/knowledge/common/1040	bc
2017	F		綾心	あやみ	産まれる前から、夫が｢綾香(私の名前)の一文字を使いたい｣と言ってくれ、それからずっと考えていました。｢綾｣には、美しい･可愛らしいの意味があるので、それを活かせる名前を考えました。美しい心を持った、かわいい子に育って欲しいという願いを込めて付けました。	20191118155734	https://web.archive.org/web/20191118155734/https://baby-calendar.jp/knowledge/common/1040	bc
2017	F		愛夢菜	あゆな	元々私の仲良しな同級生2人がそれぞれ女の子を生んで[愛]って漢字を使っていて、娘にも付けてね、と言われていたので愛。旦那の名前と私の名前から1文字ずつとり[ゆ]と[な]それを組み合わせ[あゆな]になりました。同級生、親からの愛を込めて、そして娘自身も愛ある人間になってほしいと思い[愛]、私たち夫婦にとって夢であった妊娠出産、そして娘自身も夢を持って人生を歩みまた人に夢を与えてほしいと思い[夢]、菜っ葉のようにのびのびと成長してほしいと思い[菜]と名付けました。	20191118155734	https://web.archive.org/web/20191118155734/https://baby-calendar.jp/knowledge/common/1040	bc
2017	F		歩奈	あゆな	中学生の頃、友達と将来子どもが産まれたらどんな名前を付けたいか話をしていたときに思いついた音の名前を付けました。この名前はそれ以来ずっと長いこと温めてきた名前で、一人目は男の子だったのでつけられなかったのですが、五年目にしてようやく授かった二人目が女の子だったのでこの名前以外に思い浮かびませんでした。1歩1歩確実に努力できる子になるよう｢歩｣の漢字を使い、名字との画数の兼ね合いを考え｢奈｣の字を選びました。	20191118155734	https://web.archive.org/web/20191118155734/https://baby-calendar.jp/knowledge/common/1040	bc
2017	F		彩紗	ありさ	あ」で始まる名前がいいね。と言っていました。彩の字が意味と音で使いたかったのですが、親戚に「あや～」が既に二人いるので却下。あーでもないこーでもない、と産まれる前から二人で悩んでいて、子どもの顔を見たらひらめくと聞いたので期待してみましたが閃かず。退院してからまた夫婦で考える日々。３日おぼやが過ぎて、初七日か過ぎて。周りからは早くお披露目しなきゃとせっつかれ……。でもこれだ！って名前が浮かばず、14日過ぎると戸籍に名無しが載っちゃうと聞いて焦りが。画数だとか響きだとか段々分からなくなっていきました。オリンピックなどで海外との関わりも増えるので、外人でも発音しやすそうな音で、あから始まる優しい響きの「ありさ」となりました。でも漢字が上手くあてられません。有沙は良くあるけど、この字では無い。名字との兼ね合いで3文字には出来なかったのです。ネットで検索していると、彩の字でアリと読ませる名前が見つかりました！これだ！彩は元々使いたかった漢字です。これに絹糸の紗で、意味も響きもバッチリになりました。ようやく出生届をギリギリで提出。何とか名無しは避けられました。後日、夫の友人から、「嫁の名前と似てるね」と言われて、よみがなが一字違いだと気付きました。嬉しいサプライズを貰った気分でした。絹のようにしなやかで、彩り溢れる人生を歩んで貰えたらなぁと思います。	20191118155734	https://web.archive.org/web/20191118155734/https://baby-calendar.jp/knowledge/common/1040	bc
2017	F		彩莉珠	ありす	母がディズニー好き、父がハーフ、子どもはクウォーターなので、世界でも通じる名前をディズニーキャラクターから選びました。漢字は字画をみて決めました。	20191118155734	https://web.archive.org/web/20191118155734/https://baby-calendar.jp/knowledge/common/1040	bc
2017	F		杏	あん	上の子が晴（はる）と言う名前なので、下の子も漢字1文字で読み方が2文字の名前にしようと決めていました。2人目ということもあってゆっくり考えていました。ある日お腹がだんだん目立ってきた時に、少しずつ喋れるようになってきた上の子にお腹の中の赤ちゃんの名前何がいい？と聞いてみると「あんちゃん！」と呼び、その日からずっと「あんちゃん！」と呼んでいました。私たち夫婦も上の子がずっとあんちゃんと呼んでるので、あんちゃんでいいかな〜と言う気になっていました。予定日が過ぎた日に上の子が急に「ママ今日病院！」と言ってきて、えー？と思っていたらその翌日朝に無事生まれました。上の子はあんちゃんと通じ合っていたのかもしれません。不思議な経験をさせてくれました。少しずつ喋れるようになった1歳のお姉ちゃんがつけてくれた名前も良い思い出になるな〜と今では思っています。	20191118155734	https://web.archive.org/web/20191118155734/https://baby-calendar.jp/knowledge/common/1040	bc
2017	F		愛珠	あんじゅ	フランス語で天使と言う意味で「あんじゅ」が響きもかわいいいので決めました。	20191118155734	https://web.archive.org/web/20191118155734/https://baby-calendar.jp/knowledge/common/1040	bc
2017	F		杏奈	あんな	パパと名付け本を3冊も買って決めた生まれてきてくれた子にぴったりの名前です。杏という字。昔から杏は人のために薬として利用されるということから、人助けを意味するとのこと。可愛らしく、人を助ける優しい心を持った子になってほしいと思い決めました。杏でも十分可愛かったのですが、私が海外に留学していたこともあり、将来海外でも親しんでもらえる名前がいいなと感じ、アンナと海外でも多くある名前に決めました！将来、可愛らしく、人に優しく、海外にも羽ばたいていける子になってくれたらいいなという願いが込められた名前です。	20191118155734	https://web.archive.org/web/20191118155734/https://baby-calendar.jp/knowledge/common/1040	bc
2017	F		杏菜	あんな	杏」のように、たくさんの実を結んで実り多い人生に。「菜」の花言葉のように、明るく健やかに成長してほしいと願いを込めて……。現在新しいおうちを建築中！お姉ちゃんの名前は「柚葉」新しいおうちが建ったら「柚子の木」と「杏子の木」を植えるんです♩	20191118155734	https://web.archive.org/web/20191118155734/https://baby-calendar.jp/knowledge/common/1040	bc
2017	F		杏菜	あんな	女の子と分かった時から、夫と名前の案を考え始めました。十数案出ていました。その中の一つが杏菜でした。「杏菜」は娘が産まれる季節に合っていること、杏の花がかわいいこと、杏が漢方になっていることから、人を助けることが出来る、人の役に立てる女性になって欲しいという願いを込め、また夫が女の子なら「菜」という字を入れたい！と言っていたので、杏菜という案を私が出しました。苗字との相性も確認し、画数に問題がなく、幸福度の高い名前であることを確認していました。名前をはっきり決める前に、緊急帝王切開で産まれ、入院中にこれ！っていう名前、あったかな？と夫と話したところ、数十案ある中で私も夫も杏菜が良い！と一致し、決まりました。	20191118155734	https://web.archive.org/web/20191118155734/https://baby-calendar.jp/knowledge/common/1040	bc
2017	F		彩千花	いちか	一人目の男の子が旦那と旦那のお父さんから漢字を貰って名前をつけたので、二人目の女の子は、旦那のお母さんの名前から「千」の字、私の名前から「花」、彩りある人生になるように、「彩」の字を加えて彩千花と名付けました。	20191118155734	https://web.archive.org/web/20191118155734/https://baby-calendar.jp/knowledge/common/1040	bc
2017	F		一千菜	いちな	父親の名前から一文字『一』をもらいました。家族にとってかけがえのない大切な娘であり、生まれた5月に鮮やかに咲く菜の花のように、沢山(千)の人から愛されて育ちますように……そんな願いを込めて名付けました。	20191118155734	https://web.archive.org/web/20191118155734/https://baby-calendar.jp/knowledge/common/1040	bc
2017	F		一瑠	いちる	2歳のお姉ちゃんと同じ誕生日なので、一緒という意味もあるがこれから同じと言われることが多くなると思うので唯一という意味の一。瑠は夏を連想させてきれいなブルー、瑠璃色の瑠。響き・画数もとても良かった。	20191118155734	https://web.archive.org/web/20191118155734/https://baby-calendar.jp/knowledge/common/1040	bc
2017	F		依都	いと	いくつも候補は出していたけど、最初からどうしても他のものより気に入ってた名前。響きがカワイイ！な〜、と。だから漢字は、後付けのように決定。「依」は頼りにする、とかよりどころ、というような意味の漢字。「都」はひとの集まる町というような意味。周りの人を惹きつけるような魅力のある子になればいいな。みんなにそう思ってもらえるような優しい思いやりのある子なればいいな。完全に後付けだった漢字だけど、そんな思いも込めた名前を付けられて、響きと共に漢字もとても気に入っています。	20191118155734	https://web.archive.org/web/20191118155734/https://baby-calendar.jp/knowledge/common/1040	bc
2017	F		糸叶	いとか	色んな人との関係を糸を紡ぐように作って繋がることで、自分の夢を叶えて欲しいと言う願いから命名しました。 そして中島みゆきの［糸］の歌詞の様にもなってもらいたい。	20191118155734	https://web.archive.org/web/20191118155734/https://baby-calendar.jp/knowledge/common/1040	bc
2017	F		依茉	いま	2人目の妊娠。産まれて来る子の性別はなかなか教えてくれない産婦人科でわからないまま8カ月、9カ月が過ぎてゆく……「臨月に入り女の子かなー？でも産まれて来ないとわからないからねぇ。」と言われ……でも主人曰く私からは女の子しか産まれてこないと言い切り、私も姉妹がいいなぁと思っていたので女の子の名前ばかり考えていました。長女の名前は主人が名付けたので次は私が決める！！と思い、名付け本を開けては端から端までじっくりと見続け、ネットではかわいい名前はないかと検索し続けるもしっくりくる名前がない……。ある日、主人が仕事から帰って来て「いまちゃんはどぉ？」私は、それだー！！！と思いました。何故かというと、長女の名前が実来(みらい)と言うからです。(やっぱり今回も主人の意見にピンと来て、私よりセンスがあるなぁ〜と思っちゃいました……笑)出産は予定日より11日も早く、陣痛時間は2時間そしてお産は産婦人科に到着してから20分という超スピード安産でした。性別は予想通り女の子。無事元気に産まれて来てくれてパパママは幸せいっぱいです。これから家族4人になり今の生活をより大切にしていこう、そしてこの子にも今を大切に生きる子になって欲しいという願いも込め「依茉(いま)」に決定しました。そして姉妹仲良く居られるよう、今を大切にし幸せな未来に繋がるようパパとママは願っています……	20191118155734	https://web.archive.org/web/20191118155734/https://baby-calendar.jp/knowledge/common/1040	bc
2017	F		いろは	いろは	我が家で4人目となる子。しかも、8年ぶりの出産。男子→女子→男子と続いた子どもたち。真ん中の娘は妊娠が分かった時から「絶対に女の子がいい！」と真剣なまなざし。ママもこればかりは決められないんだよなぁとドキドキの日々が数か月続く...その後、毎回の健診についてきてくれた娘と一緒に聞いた「女の子ですね♪」の言葉に、診察室で大喜び！その帰り道、2人でカフェにいって『女の子だったね祝い』でかんぱーい☆その時、『そうだ娘に名前を決めてもらおう』と思い立ちそのことを伝えると嬉しそうに引き受けてくれた。数日後...「いろはちゃんはどうかなぁ？」と娘。柔らかで優しい響きの素敵な名前に感激。8年前に弟が生まれたときに付けたかった名前がネコちゃんみたいだったことをふと思い出してふっと笑みがこぼれたのと同時に、大きくなったなぁと心もほころんだ。名前の由来が繋がっている我が家の子どもたちいろはちゃんまで繋げてみると...大樹 大きな樹にみのり 実がたわわにみのり和基 みんなが集まる「和」の基（もと）となりいろは 彩り豊かになりました4人とも私たちの宝物☆☆☆☆彡	20191118155734	https://web.archive.org/web/20191118155734/https://baby-calendar.jp/knowledge/common/1040	bc
2017	F		彩葉	いろは	夏の葉っぱは緑いっぱいおおいしげってるから、元気なイメージとたくさん周りの人と触れあってささえあって欲しい。きらきら輝く彩りある人生を生きていってほしい。自分らしく彩り豊かで青々と元気な葉のように生きて欲しい。	20191118155734	https://web.archive.org/web/20191118155734/https://baby-calendar.jp/knowledge/common/1040	bc
2017	F		彩羽	いろは	彩、どんな色にでもなれるように羽、旦那さんの名前の漢字の一部	20191118155734	https://web.archive.org/web/20191118155734/https://baby-calendar.jp/knowledge/common/1040	bc
2017	F		羽稀	うき	私と主人2人で考えました。ウキウキかわいい響きと、私自身の名前がランキングに入る程良く名づけられている名前であり、あまり人と被らない名前をつけてあげたかったこともありました。「稀なる才能や個性を持って羽ばたいてほしい」と願いを込めて名づけました。	20191118155734	https://web.archive.org/web/20191118155734/https://baby-calendar.jp/knowledge/common/1040	bc
2017	F		うた	うた	これから出会う人達にこの子なりのうたで元気を与えたり、癒したり出来る存在になって欲しいので“うた”にしました。この子の人生も歌で明るく生きていって欲しいという願いもあります。ひらがなにしたのは柔らかい印象があったので、漢字ではなく平仮名で名付けました。	20191118155734	https://web.archive.org/web/20191118155734/https://baby-calendar.jp/knowledge/common/1040	bc
2017	F		うた	うた	国や文化、宗教の垣根を超えて「歌」や「詩」はいつも人々の心に寄り添い、勇気付け、また人と人をつなぐ架け橋にもなってきた。我が子も、誰かの元気の源となり、誰かと誰かの間にいて手をつなげるような存在であってほしいと願い、名付けました。	20191118155734	https://web.archive.org/web/20191118155734/https://baby-calendar.jp/knowledge/common/1040	bc
2017	F		詩乃	うたの	愛する我が子に上げる最初のプレゼント。名前を聞いて特定の人やものを連想しない名前で、将来変なあだ名がつかないように、女の子バージョンと男の子バージョンの2つを用意しました。親から何かしら受け継ぐというニュアンスも残したかったため、パパが好きな音楽の要素を取り入れ、「詩」の字を採用しました。また語感を整えるため、悩んだ挙句に「乃」を採用しました。決まって見れば、最終的に、画数で見てもすごく良い結果に！何にせよ元気に育ち、この子自身が生まれてきて良かったと思えるように、生きてくれたら嬉しいです。	20191118155734	https://web.archive.org/web/20191118155734/https://baby-calendar.jp/knowledge/common/1040	bc
2017	F		詩葵	うたは	我が家は、名前をつけるとき読みを決めてからそれに合う漢字を意味も含めて考えていくスタイルです。上の子のときもそうで、４才になる長女は妹の名前が何になるのかをすごく楽しみにしてくれていました。まず、夫婦でいいなと思った候補を紙に書き起こしていきました。10個ほど候補があがり、そこから二人で意見を出し合い絞り込む予定だったのですが、ここでひらがながだいぶ読めるようになってきた長女が参戦(笑)！名字に候補の名前をひとつずつ付けながら読み上げてくれました。するとまだ途中の段階で「うたはちゃん！これがいい！」とニッコリ。「いやいや、これからパパとママでゆっくり考えるからまだ決定じゃないからね」と言うと「やだ！うたはちゃんにするの！」の一点張り。「はいはい」とパパとその場は濁しながら「今は思いつきで言ってるだけかもしれないし、１週間もすれば忘れてるかもね」と話していました(笑)次の日から長女は名付けに関して何も触れてこなかったので本当に忘れちゃったのかと思っていたら、ある日いつもの胎児ネームではなく「うたはちゃーん、はやくでてきてねー」と言い出してビックリ！「え？うたはちゃんで決まりなの？！」と聞くと「そうだよ！うたはちゃんだよ！」と言う娘。パパも「ちゃんと覚えてたってことは思いつきじゃなかったってことだし、自分も妹の名前を考えたってことが今後より深く妹を愛してくれるきっかけになるかも」と。元々候補の中の名前だったし、私もパパも納得して【うたは】に決まりました。漢字は夫婦で考え、【詩のように、自分の言葉で思いを素直に表現し、その言葉で人を幸せをしてほしい】という思いと、葵は当て字ではありますが長女の名前にも入っている好きな漢字で【葵の花のように、太陽のほうを向いて前を向いて成長してほしい】という願いを込めてつけました。これからも二人がどんなふうに成長していくのか楽しみです。元気に大きくなあれ！	20191118155734	https://web.archive.org/web/20191118155734/https://baby-calendar.jp/knowledge/common/1040	bc
2017	F		うの	うの	長女が亜美、次女が依芙(いぶ)、三人目の女の子で、ものすごく悩みましたが、気づけば名前の頭文字があ→い→とくれば次はうから始まる名前にしよう！しかも、英語で書いてもしりとりみたいになります。ami→ibu→uno三人姉妹、繋がりが切れることなく、いつまでも仲良しでいてね	20191118155734	https://web.archive.org/web/20191118155734/https://baby-calendar.jp/knowledge/common/1040	bc
2017	F		羽美	うみ	私達夫婦が、共通の趣味を通じて出会い結婚しました。その趣味が、バドミントンです。子どもが生まれたら、一緒にやりたいと思い「羽球」の「羽」の字を使って、羽美にしました。	20191118155734	https://web.archive.org/web/20191118155734/https://baby-calendar.jp/knowledge/common/1040	bc
2017	F		宇未	うみ	夫と初めて観に行った映画『コクリコ坂』の主人公の名前。ジブリが大好きでジブリの中でいちばん好きな女の子の名前。こんな強くてしっかりしてて色んな人と出会ってほしいと思ってつけました。妊娠をする前から夫婦で絶対この名前にしようと決めていました。女の子でよかったです。実はもう一つ理由があって、私が結婚してから海で溺れて、PTSDという病気になり、たくさんのことが出来なくなってしまって塞ぎ込んでいました。色んな人に支えられて、妊娠から出産することができて、奇跡だと思いました。乗り越える意味も込めてうみにしました。漢字は幸せな人生を送れるように誰からも間違えられないように画数と鏡文字であることから宇未にしました。	20191118155734	https://web.archive.org/web/20191118155734/https://baby-calendar.jp/knowledge/common/1040	bc
2017	F		羽珠	うみ	上から読んでも下から読んでも「みうらうみ」です。「子どもができたら学生時代から心に決めている名前がある」と話した旦那にぐっと心掴まれ、それ以外考えられなくなりました。旦那は生まれも育ちも海のすぐそばで、学生時代は海岸線沿いを一時間汽車で通学。東日本大震災で家や親族、思い出の風景もなくしましたが、海には特別な想いがありそうです。海のように広く優しい綺麗な心を持って、広い世界に羽ばたいてほしい、という願いも込めました。今ではたくさんの人にすぐに名前を覚えてもらえて、とても良かったと思います。	20191118155734	https://web.archive.org/web/20191118155734/https://baby-calendar.jp/knowledge/common/1040	bc
2017	F		笑奈	えな	笑顔の絶えない、明るい子に育って欲しい。	20191118155734	https://web.archive.org/web/20191118155734/https://baby-calendar.jp/knowledge/common/1040	bc
2017	F		咲南	えな	咲←笑う、笑みとも読む両親の地元が沖縄県宮古島市なので、南の島(地元)のように暖かい心を持ち、笑顔咲き溢れる子に育って欲しい。と願いこの名前にしました。	20191118155734	https://web.archive.org/web/20191118155734/https://baby-calendar.jp/knowledge/common/1040	bc
2017	F		縁	えにし	赤ちゃんの性別がまだ判明しなかった時から男の子でも女の子でも縁と書いて《えにし》と名付けようと決めていました。あまり人とかぶらず、インパクトのある名前で出会った人が何年経っても忘れられない記憶に残る名前にしたかった為です。名前の由来は、縁があって授かった子であり、これからの人生様々な縁を育んで大切にしてほしぃと願い、名付けました。子どもが出来るまでは両親にも交際を反対され、私達自身も結婚の意思がなく、将来が見えていなかったのですが、出来た事が発覚してから結婚の承諾も得られ、私達も家庭を持つ事に決心がついたので、授かった命は縁を結んでくれたと私は思っています。縁が産まれてくれて本当に感謝しています。	20191118155734	https://web.archive.org/web/20191118155734/https://baby-calendar.jp/knowledge/common/1040	bc
2017	F		笑愛	えま	いつでも笑顔を絶やさず、笑顔のかわいいい優しい心を持った愛しい女の子に育って欲しいと名付けました。	20191118155734	https://web.archive.org/web/20191118155734/https://baby-calendar.jp/knowledge/common/1040	bc
2017	F		絵茉	えま	アラジンのジャスミンが好きで美しく賢い女性に育つようにジャスミンという意味のある『茉』という漢字を入れて、音の相性の良い『絵茉』にしました。上の子の茶髪と違い黒髪で生まれたので黒髪美少女に育っていくのが楽しみです。	20191118155734	https://web.archive.org/web/20191118155734/https://baby-calendar.jp/knowledge/common/1040	bc
2017	F		恵舞	えま	妊娠がわかってすぐ、女の勘？でなんとなくお腹の子は女の子じゃないかなと感じたので、性別がわかる前になんとなく「エマ」という名前をすぐに選びました。不思議と主人からの反対もありませんでした。そして女の子だと確信して疑わない私は、まだ妊娠2か月だと言うのにエマのための絵本を早々に買いに行きました。かわいい女の子が主人公の本に何かビビっときて購入したのですが、帰ってきてちゃんと読んでみるとびっくり！主人公との文通相手がなんと「Emma」エマちゃんだったのです‼これは神のお告げかもと思い、女の子だったら絶対に「エマ」と名付けようと心に決めました。その後、案の定お医者様から女の子だと言われ大喜び♡エマの由来ですが、私 えりなの「え」とパパ まさとしの「ま」からきています。私達の愛情をたっぷり受けて健やかに育ちます様にと二人の頭文字を取りました。エマという名前は欧米やヨーロッパ等でとても人気があり、赤ちゃんの名前ランキングでも上位にくるようです。海外の方からも発音しやすく、覚えてもらいやすい名前！将来はグローバルに活躍してもらいたいという願いも込めています。漢字は私と同じ「恵」で恵まれた人生を送れますように。そして未来に向かって大きく舞い上がってほしいという意味で「舞」にしました。将来、私と同じ客室乗務員になって、広い大空に羽ばたいて欲しいと願っています♡	20191118155734	https://web.archive.org/web/20191118155734/https://baby-calendar.jp/knowledge/common/1040	bc
2017	F		咲凜	えみり	名前の由来は天から授かった、よく笑い、真っ直ぐに育ちますようにと、付けた名前です。僕達夫婦は、付き合っている頃からよく笑い明るい家庭を築きたいと思ってました。そして、クリスマス前に赤ちゃんが出来ている事が発覚しました。それを知った僕達は、本当に嬉しく思ったことを覚えています。お腹の中ですくすく育ってくれて、今年の8月に産まれてきてくれました！感極まり嬉し涙を流して笑みが出ました。これからは、家族3人で笑顔の絶えない、温かい家庭を築き、真っ直ぐにスクスクと育ってくれることを願いこの名を付けました。	20191118155734	https://web.archive.org/web/20191118155734/https://baby-calendar.jp/knowledge/common/1040	bc
2017	F		咲里	えみり	主人の海外赴任が決まり、里帰り出産をすることになり、臨月に入る直前に田舎に引越しました。妊婦健診で家から病院までの道のりに通っていた幼稚園と小学校があり、ちょうど桜の咲く時期に出産予定日だったので、病院に通うたびに桜のつぼみから開花するまで毎週確認してました。たくさんの桜が満開に咲いて、自分の入学式のとき母と撮った写真を思い出し、お腹の子の入学式が日本ではできないかもしれないなぁと思い、「咲」という漢字をつけたいなと思いました。また海外に行くので外国の方が呼びやすいエミリーという名前をヒントに「えみり」と名づけました。	20191118155734	https://web.archive.org/web/20191118155734/https://baby-calendar.jp/knowledge/common/1040	bc
2017	F		恵令奈	えれな	"""恵まれた人生になりますように""人との出会いや様々なものに恵まれた人生を歩んでほしいという願いを込めました。また、清楚で女の子らしい子になってほしいのと(私がそうでなかったので。笑)ラテン語で太陽の神という意味があるそうです。さらに、私(母)自身の名前がアイドルが由来とのことだったので娘も同じくそうしました。笑呼びにくいけどたくさんの意味がある、お気に入りの名前です♡"	20191118155734	https://web.archive.org/web/20191118155734/https://baby-calendar.jp/knowledge/common/1040	bc
2017	F		櫻夏	おうか	産まれてからのお楽しみということで性別は聞いていませんでした。当初予定日が終戦記念日だったので、平和に因んだ名前を男の子だった時と女の子だった時とで考えていましたが、産まれたのは8/4。そして女の子でした。Augustの音から[おうか]と名付けました。因みに男の子だったら[おうが]とつけるつもりでさした。	20191118155734	https://web.archive.org/web/20191118155734/https://baby-calendar.jp/knowledge/common/1040	bc
2017	F		桜歌	おうか	お父さんとお母さんは初デートで桜の花を見に行きました。桜が大好き。桜の花のようにみんなに好かれる人になりますように。人生が謳歌（幸せを多いに楽しめる）しますように。お腹の中にいる時お父さんがギターでKANA-BOONの「さくらのうた」を弾くと胎動が強くなり、元気に動いてくれていた。全ての理由で「桜歌」にしました。	20191118155734	https://web.archive.org/web/20191118155734/https://baby-calendar.jp/knowledge/common/1040	bc
2017	F		桜都	おと	私が桜が大好きで。『桜』という字を名前に入れたいと考えていました。私だけでなく、みんなに愛されている桜。その桜のようにみんなに愛されて、都のように人が集まるそんな存在になって欲しいと願い名付けました。	20191118155734	https://web.archive.org/web/20191118155734/https://baby-calendar.jp/knowledge/common/1040	bc
2017	F		音心	おと	《音》には主の音があったりハモったりと色んな音がある。色んな聴かせ方がある。そんな音のように自分の意思をしっかり持って、時には、ハモリのようにいろんな人を支えられるようになってほしい。色んな人の意見に耳を傾けられる子になってほしい。《音》《心》で縦にギュッとくっつけると……《意》心に想うことを大事にしてほしい。こんな意味を込めてパパがつけてくれた名前です。	20191118155734	https://web.archive.org/web/20191118155734/https://baby-calendar.jp/knowledge/common/1040	bc
2017	F		音和	おとわ	私もパパも音楽が大好き！！！音を連想させる漢字を使いたいと思っていました。いくつか漢字の候補を考えましたが、シンプルに『音』という字とパパの名前の一文字『和』を足して『音和』と名付けました。この子が奏でる音で周りの人達を和ませられるように、という意味を込めています。（ありささん） 赤ちゃんの名づけエピソード大賞はこちら 2017年赤ちゃんの名づけエピソード大賞 ＞ 2016年赤ちゃんの名づけエピソード大賞 ＞ 2015年赤ちゃんの名づけエピソード大賞 ＞ 赤ちゃんの名前ランキングはこちら 2017年赤ちゃんの名前ランキングTOP ＞ 2016年赤ちゃんの名前ランキングTOP ＞ 2015年赤ちゃんの名前ランキングTOP ＞ 2014年赤ちゃんの名前ランキングTOP ＞ 2013年赤ちゃんの名前ランキングTOP ＞ 2012年赤ちゃんの名前ランキングTOP ＞ 2011年赤ちゃんの名前ランキングTOP ＞ 2010年赤ちゃんの名前ランキングTOP ＞ おすすめサービスはこちら おすすめ内祝い ＞ 2017/12/08 この記事にいいね！しよう いいね！ 0 0 クリップ 現在ログインしていません。 ログインしますか？ シェアする ツイートする LINEする 戻る 出産予定日 or 赤ちゃん の誕生日を設定しよう！ あなたの今の状態にぴったりの情報だけを厳選してお届けします。 出産予定日 赤ちゃんの誕生日 設定する 設定を変更する 妊娠 週と 日 今日の知っておきたい 今日のＱ&Ａ 設定を変更する お誕生日から 日 歳 カ月と 日 今日の知っておきたい 今日のＱ&Ａ 離乳食 はちみつ 豆腐 赤ちゃんの名前ランキング 妊娠力診断 ほうれん草 母乳 つわり うどん 人見知り 納豆 義母 PICK UP 産後のママをケアしてくれる！ 産後ケア施設検索 先輩ママの口コミ掲載！ 産婦人科検索 ぴったりの病院が見つかる！ 婦人科検索 赤ちゃんとの毎日が楽しくなる かわいいベビー肌着 photo studio guide フォトスタジオガイド ママの口コミ満載 お泊まり宿 はじめての方へ 赤ちゃんの笑顔でいっぱいの毎日を。『ベビーカレンダー』は、赤ちゃんが毎日を笑顔で過ごせるような情報をお届けする、妊娠・出産・育児の情報サイトです。日めくりカレンダーを毎日めくるように、『ベビーカレ	20191118155734	https://web.archive.org/web/20191118155734/https://baby-calendar.jp/knowledge/common/1040	bc
2017	F		夏楓	かえで	生まれる前から候補はいくつか出していましたが、顔を見てから決めようと言うことでした。いざ生まれると、なかなか決められず出生届を出すぎりぎりまで悩みました。入院中子どもと一緒に過ごす中で、すごく元気に足を曲げ伸ばしする姿がカエルみたいだったので『かえるちゃん』と愛称で呼ぶようになりました。それが変化して『かえで』に。漢字も相当悩み、あて字だし意味はないけど画数と見た目で決めました。今はとても気に入っています。	20191112141251	https://web.archive.org/web/20191112141251/https://baby-calendar.jp/knowledge/common/1041	bc
2017	F		楓	かえで	上の子の名前を付けるときに「椿」か「楓」か迷い、春生まれなので「椿」になり、今回次の子が生まれるにあたって何にしようかこれまた迷っていたけど次は秋生まれで上の子のときに却下になった「楓」になりました。上の子にしても下の子にしても自分の付けたかった名前の季節にタイミングよく生まれてくれたのでよかった。しかも、いろんな人に名前を覚えてもらいやすいのでよかった。	20191112141251	https://web.archive.org/web/20191112141251/https://baby-calendar.jp/knowledge/common/1041	bc
2017	F		加子	かこ	家族がふえたというために考えました。	20191112141251	https://web.archive.org/web/20191112141251/https://baby-calendar.jp/knowledge/common/1041	bc
2017	F		夏奈	かな	私はいろんな候補をあげていましたが、パパは「何にしようかな〜」と非協力的で。少しイライラしつつも考えていたら、パパが急に「かながいい！」と言い出しました。なぜ？と聞くと「俺の中で かなって名前の子は ぽや〜っとしてるイメージだから、気性が荒い子じゃなくて、ぽや〜っとした子に育ってほしいから」とのことでした。なんじゃそりゃとも思いましたが、夏生まれだし、夏の漢字を入れたら普通にかわいいなと思い、パパの意見を取り入れました♪	20191112141251	https://web.archive.org/web/20191112141251/https://baby-calendar.jp/knowledge/common/1041	bc
2017	F		香撫	かなで	香りを慈しみ、撫でることができるようなやさしさを持ってほしい、との願いを込めて命名しました。別の名前も候補にあがっていましたが、結婚して名字が変わってもいい運勢でいられる名前。古風だけど現代風のしとやかで華やかさもある言葉を名前に入れました。	20191112141251	https://web.archive.org/web/20191112141251/https://baby-calendar.jp/knowledge/common/1041	bc
2017	F		奏	かなで	・「見てすぐ読める、ぶったぎらない、キラキラでない、読み間違えない、電話口で説明しやすい」を基本に考えました。・「奏」の漢字の意味を調べると音を奏でると人を癒す、人が集まる、人を楽しませるので、そのような人になってほしい・まわりに流されず自分の人生を奏でてほしい・両親ともに漢字3文字で書くのが長かったから・ 夫の家系で、長子には「そう」という漢字が使われており、奏を音読みするとそうになるから	20191112141251	https://web.archive.org/web/20191112141251/https://baby-calendar.jp/knowledge/common/1041	bc
2017	F		奏乃	かなの	夫は花の漢字を使いたかったけど、どの姓名判断を見てもあまり良くなく……私が男の子にと思っていた奏の漢字を使って娘に。姓名判断も百点満点です(笑)	20191112141251	https://web.archive.org/web/20191112141251/https://baby-calendar.jp/knowledge/common/1041	bc
2017	F		栞野	かの	栞には指標という意味があります。この子の前にある未来は、まだ何もないまっさらな大地、広い野原のようだなと思いました。これから先の人生で、山ができたり谷があったりどんなことが起きても目標を持って歩んでいってほしい、という願いを込めました。（はっくるパパとマロンママさん）	20191112141251	https://web.archive.org/web/20191112141251/https://baby-calendar.jp/knowledge/common/1041	bc
2017	F		叶彩	かのあ	初めての子どもで、子どもにとって初めてのプレゼントの名前はほんとに生まれてくるまで悩みました。響きだったりキラキラネームぢゃないかな？おかしくないかな？呼びやすいかな？など悩むことはたくさんでした。この子にこの名前を付けてまわりの人はどう思うかな？と……一生 使う名前なので悩まない人はいないと思うけど悩みすぎて名づけが楽しめなかったの覚えてます……。けど、実母に言われたまわりよりも自分たちが納得する名前、意味なら恥ずかしいことは何もない。と言われ意味さえちゃんとしてればいいんだ！と思えるよーになりました。旦那さんがずっと付けたがってた(かのあ)に漢字は私が考え、ハワイ語で「自由」と言う意味を持つこの名前にしようと思いました。意味……自由にのびのびと夢を叶えて彩りのある素敵な人生を。みんなの中心となり幸せを与えてくれる存在に。生まれてすぐ名前の通り自由なマイペースな子でした。笑世界でいちばん大好きな名前です！	20191112141251	https://web.archive.org/web/20191112141251/https://baby-calendar.jp/knowledge/common/1041	bc
2017	F		花音	かのん	花のようにかわいらしく誰からも愛される子に、そして音のように穏やかで癒してくれる子に育ってほしいという想いを込めて付けました。	20191112141251	https://web.archive.org/web/20191112141251/https://baby-calendar.jp/knowledge/common/1041	bc
2017	F		遥音	かのん	クラシックの名曲canonをパパが大好きなので付けました。漢字はママが付けました。人に流されず自分の意思を持った子に育ってほしい、自分の可能性を広げていってほしいと願いを込めてあて字ではありますが「遥」という字を使いました。	20191112141251	https://web.archive.org/web/20191112141251/https://baby-calendar.jp/knowledge/common/1041	bc
2017	F		華苑	かのん	15年前、初めての子どもができたとき。主人も私も音楽が大好きで、女の子だったら「パッヘルベルのカノン」のようにいつまでも誰からも愛される人になるように……との願いを込めて『カノン』って名づけたい。と思っていましたが、初産は男の子だったので名づけられず……でも、次に女の子だったら付けよう！と2人目・3人目・4人目……いつの間にか男の子5人の母になっていました。5人の子どもに恵まれるだけでもとてもありがたいことなのに、女の子を望むことは贅沢なのかな……と思っていたところに6人目を妊娠。主人も私も、「多分また男の子だね」と諦め、性別も聞かないまま出産。ところが……取り上げてくれた助産師さんから聞いた性別は《女の子》♡驚きと感動と……何とも言えない感情で、産後半ばパニックになってしまいました。そんなこんなで、女の子の名前なんて産前に考えていなかったのですが、大事に大事に温めておいた『カノン』という名前を15年のときを経て名づけることになりました。漢字は字画を重視して、【華】は、華やかな舞台で活躍できるように。【苑】は、まわりにたくさんの人が集まる温厚な子に育つように。そして【かのん】は最初にも書いたように、いつまでも誰からも愛される人に育つようにと願いを込めて……5人の兄に囲まれて、どんな風に育つかは想像するだけでちょっと怖いものがありますが、カノンの成長がとても楽しみです♪♪	20191112141251	https://web.archive.org/web/20191112141251/https://baby-calendar.jp/knowledge/common/1041	bc
2017	F		花帆	かほ	4月の半ば。予定日を1週間すぎても生まれず、ママはたくさん歩いたけれどおなかが重くて挫けそうな日々。そんなときに道端に咲いてるきれいな花に元気をもらい、写真を撮りながら歩いていった。生まれてくる子にも、私を元気付けてくれた花のように、みんなに笑顔を与え愛されるようにという願いを込めて花という字を付けた。そして私たち夫婦が毎年行く大好きな海から帆という字を付けて、花帆と命名。	20191112141251	https://web.archive.org/web/20191112141251/https://baby-calendar.jp/knowledge/common/1041	bc
2017	F		花穂	かほ	花のように誰からも愛され、稲の穂のように謙虚に実り多い人生を歩んでほしいという願いから名づけました。	20191112141251	https://web.archive.org/web/20191112141251/https://baby-calendar.jp/knowledge/common/1041	bc
2017	F		夏帆	かほ	上の子が2文字の名前なので2文字縛りで考えました。パパは「菜帆」ママは「夏帆」がいいという論争の末ママの勝ち！！夏生まれと聞かなくてもわかる名前なので明るく元気な子になってほしいです。	20191112141251	https://web.archive.org/web/20191112141251/https://baby-calendar.jp/knowledge/common/1041	bc
2017	F		華凛	かりん	華やかに凛とりた女性になってほしいを込めて華凛と付けました。	20191112141251	https://web.archive.org/web/20191112141251/https://baby-calendar.jp/knowledge/common/1041	bc
2017	F		夏梨	かりん	長女、次女のまわりに女の子の名前があふれており、3女の名前はなかなか決まりませんでした。最終的には次女の『りんりんがいい』という言葉にヒントを得て、響きから夏梨に決めました。	20191112141251	https://web.archive.org/web/20191112141251/https://baby-calendar.jp/knowledge/common/1041	bc
2017	F		桜恋	かれん	3月生まれで桜を入れたかったのと桜色のやさしい女の子になってほしいのといろんな恋をしてほしくて付けました。	20191112141251	https://web.archive.org/web/20191112141251/https://baby-calendar.jp/knowledge/common/1041	bc
2017	F		楓恋	かれん	『かれん』という名前は決まってはいたものの、漢字が決まっていなくて。出産後に出生届を出さないといけないから、家族で『こうでもない……ああでもない……』と悩んでいると、病院の清掃のおばちゃんがお部屋の掃除に来てて、『楓恋なんて素敵じゃない？』と！家族みんな、すごくいい！！ってなって決定しました。なので娘の名づけ親は病院の清掃のおばちゃんです(笑)『将来好きな人ができたら、楓の葉のように真っ赤に染まる恋をしてほしい』と、思っています。掃除のおばちゃん素敵な漢字をありがとう！(笑)	20191112141251	https://web.archive.org/web/20191112141251/https://baby-calendar.jp/knowledge/common/1041	bc
2017	F		環菜	かんな	結婚前から主人と私、2人の中では、子どもは3人ほしいねと話していました。また主人は男の子2人兄弟で、甥っ子も男の子しかいない、男子家系だったので、女の子がいいねとよく話していました。環菜は第2子で、2歳上におにいちゃんがいます。待望の女の子がついに誕生しました。将来、3人兄妹になれば真ん中の環菜。お兄ちゃんと、第3子となる赤ちゃんをつないでくれる、環（わ）にしてくれる子、待望の女の子で家系に新しい素敵な環（わ）をもたらしてくれる子、環菜がいることでどこでも平和な環が生まれますようにという想いを込めて、環という字を入れました。また、3月生まれで、産院から退院すると菜の花が咲き始めていました。菜の花が咲くと一気に春がきたような明るい気持ちになり、希望を感じさせてくれ、新しい出発を応援してくれているようだと感じたので、そんな気持ちを感じてほしいと想い、環菜と名づけました。	20191112141251	https://web.archive.org/web/20191112141251/https://baby-calendar.jp/knowledge/common/1041	bc
2017	F		環花	かんな	不妊治療を経て、結婚5年目に生まれてきてくれた待望の娘の名前は主人が付けました。名前を考えているとき、私は花ちゃんがいいなーと言っていたのですが、主人から、“かんな”はどう？と提案されました。なんで？と聞くと「カンナみたいにね、命を削ってさー情熱を灯してさー」と歌い出しました！これは終わりなき旅という曲で、主人はMr.Childrenのこの歌が大好きなんです。人生で行き詰まったときにはこの曲に何度も励まされてきたのです。また、かんなという名前の花があるそうで、花言葉は情熱。工具の“かんな”と花の“かんな”、二つの意味を持っているのが素敵だし、私たちの子どもにかんなという名前がしっくりきました。そんな訳で、名前が決まってから漢字を考えたのですが、私は2012年の金環日食の日にプロポーズされたので、そこから環の字と、元々私が付けたかった花 の字を使って環花（かんな）にしました。私たち夫婦の想いが詰まった名前です♪	20191112141251	https://web.archive.org/web/20191112141251/https://baby-calendar.jp/knowledge/common/1041	bc
2017	F		季恋	きこ	お姉ちゃんが「こ」が付けくので、音をそろえたいと思っていました。日本ならではの四季を大切感じ、誰からも恋されるような素敵な女性になってもらいたいと思い名づけました。	20191112141251	https://web.archive.org/web/20191112141251/https://baby-calendar.jp/knowledge/common/1041	bc
2017	F		希咲	きさ	画数をメインに、主人と同じ字があること、意味合い、読みやすさに拘りました。女の子なので、将来名字は変わるかもしれないけれど、名前だけ見ても画数がいいようなものを……とお寺で見てもらって、その際候補にありました。「咲く」には笑顔という意味合いもあるので、それが気に入りました。また、主人が「希」という字を使っており、その字が含まれていたことや、あわせても読みやすい字でもあったので、生まれて、顔を見てからその名前に決定しました。	20191112141251	https://web.archive.org/web/20191112141251/https://baby-calendar.jp/knowledge/common/1041	bc
2017	F		希紗	きさ	私たち夫婦は妊娠がわかる少し前に、牛タンが食べたいと車で仙台へ旅行に行きました。最終日に当初訪れる予定はしていなかった、震災の現場へと足を運びました。テレビでは何度も見た光景が、生々しく目の前に広がっていて何とも言えない気持ちになりました。そのすぐあと、妊娠が発覚し3月17日が予定日だとわかりました。順調に大きくなった我が子は、3月11日になった夜中に本格的な陣痛が始まり、3月11日の朝方元気に生まれました。名前の候補は色々あったけれど、まだ妊娠を知らなかったときに仙台を訪れ、そして大震災の日に生まれたことに何か特別なものを感じ、何が起きても、皆の希望を紡いでいけるような思いやりのある子に育ってほしくて名づけました。	20191112141251	https://web.archive.org/web/20191112141251/https://baby-calendar.jp/knowledge/common/1041	bc
2017	F		きっか	きっか	私がまだ学生の頃、お母さんになる夢を見ました。2歳くらいのとても明るい髪の女の子が、芝生の上で私に背を向けて座って遊んでいます。私が後ろから「きっか、もうすぐおうちに入るよ〜」と声をかけたところで目が覚めました。それ以来、きっと私はハーフの女の子を産んで、きっかって名前にするんだろうなぁ、と漠然と思っていました。20年近く経って、妊娠し女の子だとわかった瞬間、きっかという名前に決まりました。姓が外国姓なので、名前はひらがなにして日本の部分を入れました。まさか正夢だったとは！いつか、きっかにこの不思議な話をするのが楽しみです。	20191112141251	https://web.archive.org/web/20191112141251/https://baby-calendar.jp/knowledge/common/1041	bc
2017	F		絆月	きづき	一人目を死産で出産し、2番目にできた子。命の大切さをわかってほしく、人とのつながりと絆を大切にしてほしい。月のやさしい光のように、自分の道を、またまわりの人たちの道を照らせるような人に。	20191112141251	https://web.archive.org/web/20191112141251/https://baby-calendar.jp/knowledge/common/1041	bc
2017	F		輝理	きらり	私が中学生のときから考えていて自分の子どもに付けるという夢の名前のひとつで、パパに提案したら、響きがいいねとすぐに気に入って大賛成してくれて、夢が叶って幸せだなぁと感じました。子どもにこのエピソードをいつか話そうと考えています。	20191112141251	https://web.archive.org/web/20191112141251/https://baby-calendar.jp/knowledge/common/1041	bc
2017	F		來美	くるみ	來」は畑に立っている「麦」を表していて、大地の恵みと言う意味もあり、上の子が美海（みみ）次女が美空（みく）なので海→空→大地の來と言うことで命名しました。 さらに、上からみみ→みく→くるみ→みえ（母）→えみ（祖母）としりとりになっていて、祖母の名前からまた長女の名前にもどることができます♪	20191112141251	https://web.archive.org/web/20191112141251/https://baby-calendar.jp/knowledge/common/1041	bc
2017	F		くるみ	くるみ	パパがMr.Childrenが大好きでいつも車で聴いています。名前をどうするか2人で話していたとき、たまたま「くるみ」という曲が流れてきて、これにしようとなりました。長女が和(なごみ)だから、さいごに2人とも「み」がつくしいいんじゃないって。単純な理由で決まってしまいましたが、生まれて3日で手術をし、NICUに入院した際には、みんなから「くるちゃん、くるちゃん」って呼ばれて、かわいい名前ねってかわいがってもらえたのがよかったです。	20191112141251	https://web.archive.org/web/20191112141251/https://baby-calendar.jp/knowledge/common/1041	bc
2017	F		叶空	くれあ	授かる前から決まっていた、パパ待望のお名前。5年前から決まっていた。付き合ったときに将来の子どもには絶対くれあと付けたいと。古代エジプトで女神という意味があるという。女神のように美しくまわりを幸せにしてほしいと願って付けた。また、漢字には、叶空で大空のように喜怒哀楽を乗り越え、まわりを助けてほしい、喜怒哀楽を乗り越え夢を叶えてほしいという想いを込めて付けた。また、空は兄と同じ漢字で、兄のように逞しく育ってほしい、仲のいい兄妹でいてほしいと同じ漢字にした。	20191112141251	https://web.archive.org/web/20191112141251/https://baby-calendar.jp/knowledge/common/1041	bc
2017	F		幸芽	こうめ	4月が出産予定。性別は女の子とわかり、どうせなら春らしい名前を付けたいな……と考えていました。春らしく、かつキラキラネームじゃない名前を（笑）というのをベースにすることに。春や桜などを取り入れたらどうだろうとあれこれ考えましたが、最終的には……幸せの芽になってほしい、この子がいるところから幸せが育ち、まわりに広がっていくように、との願いを込め「幸芽」と名づけました。	20191112141251	https://web.archive.org/web/20191112141251/https://baby-calendar.jp/knowledge/common/1041	bc
2017	F		心瑚	ここ	珊瑚のようにきれいな心を持ってほしい	20191112141251	https://web.archive.org/web/20191112141251/https://baby-calendar.jp/knowledge/common/1041	bc
2017	F		來々楠	ここな	楠のように大きく育ってまわりに。人がたくさん寄ってくるように。	20191112141251	https://web.archive.org/web/20191112141251/https://baby-calendar.jp/knowledge/common/1041	bc
2017	F		心菜	ここな	心が穏やかですくすく育つように。やさしく、元気いっぱいな子になるように。	20191112141251	https://web.archive.org/web/20191112141251/https://baby-calendar.jp/knowledge/common/1041	bc
2017	F		心埜	ここの	心」という字は「心やさしく」という意味で、「埜」という字は「飾らない、ありのまま」という意味であることから、心やさしく飾らずありのままに人生を生きていける人間になってほしいという願いを込めて名づけました。	20191112141251	https://web.archive.org/web/20191112141251/https://baby-calendar.jp/knowledge/common/1041	bc
2017	F		心陽	ここは	太陽の陽の漢字を入れたくて色々と探してました。陽を入れたい意味は太陽がないと暗いまま。陽かりがあるとみんな笑顔になる。だから、陽を入れました！いつも心に太陽をという意味で心陽にしました。	20191112141251	https://web.archive.org/web/20191112141251/https://baby-calendar.jp/knowledge/common/1041	bc
2017	F		心美	ここみ	ここみは心が美しい子で誰にでも心が広い子でありますようにと名づけようと思います	20191112141251	https://web.archive.org/web/20191112141251/https://baby-calendar.jp/knowledge/common/1041	bc
2017	F		心	こころ	どんな人に対しても心やさしく思いやりのある子に育ってほしく付けました	20191112141251	https://web.archive.org/web/20191112141251/https://baby-calendar.jp/knowledge/common/1041	bc
2017	F		心	こころ	心、この名前はパパと話し合い付けた名前です。パパの両親からは心一文字じゃなぁ……。と心菜とか心美とかは？とも提案されたのですが2人ともがこの子ができたときパッと浮かび、ピンときたのが『心』のひとつの漢字でした。この漢字が浮かんだのが妊娠初期のまだ性別もはっきりわかってなかった恐らく女の子と言われていた5カ月くらいだったので、妊娠中は二人してすごく悩みました。待望の第一子でもあり画数や色々なところで調べたり名づけに対しても夫婦2人楽しくできたと思います。『心』という字を辞書でひくと、”物事の根本・本心・精神的な動きのもとになるもの”とあります。ですが、心とは何か？と聞かれると自分自身困ってしまい、目に見るものではなく気持ちかな？感情かな？と考えてもピンと来ず……。ふわふわ暖かく、やさしく穏やかでありながらどこかしっかりとした強さも感じられるのが私たちの言う『こころ』なのかなぁと。私自身、すごく色々な経験をしてきました。私は父親がいません、父親のせいでイジメられたこともありました。私がそういった経験をしてきたからこそこの子には同じ想いはしてほしくないので、『愛嬌がありかわいらしく誰からも愛される子に育ってほしい』という願いも込めてこの名前を付けることにしました。最初はパパと2人で決めた名前。こんなに考えるとも深い意味を持つとも考えてなかった漢字一文字の名前でしたがすごく意味のある名前になったのでよかったと思っています。おかげでみんなに愛されて育っています。	20191112141251	https://web.archive.org/web/20191112141251/https://baby-calendar.jp/knowledge/common/1041	bc
2017	F		琴	こと	私が、5歳～6歳まで通っていた幼稚園で、楽器のお琴を習っていました‼お琴とゆう楽器は、指で弦を力強く弾いて音を出します。そのように、自分の人生を力強く歩み、自分の考えや想いををしっかりと強く持つ、そんな人間になってもらいたいと思い、琴と名づけました。	20191112141251	https://web.archive.org/web/20191112141251/https://baby-calendar.jp/knowledge/common/1041	bc
2017	F		絆音	こと	我が家の待望の娘『絆音(こと)』は15歳と12歳の兄たちがいます。昨年おなかに来てくれた赤ちゃんが成長できず3度目の流産を経験しました。あのときの次男の涙を堪える姿が目に焼き付いてます。あの流産で家族4人『絆』が強くなりました。それから体調が悪く受診すると安定期に入った赤ちゃんがおなかに来てくれました。同時に主人のおばあちゃんが亡くなりました。天国に逝ったおばあちゃんの名前が『琴(こと)』でした。お墓にも主人の好きな『絆』の文字を入れました。色々な辛いことを乗り越えて来たからこそ娘の誕生で、色々な『絆』を『音』に乗せて幸せになるように命名しました。	20191112141251	https://web.archive.org/web/20191112141251/https://baby-calendar.jp/knowledge/common/1041	bc
2017	F		来東果	ことか	男の子だったらパパ側のじいじから、女の子だったらばあばから一文字いただこうと決めていました。住まいのある場所は、県内でも東側。果実王国の山梨ということもあり、『来（る）東（の）（果実の）果』としました。パパ、姉の来実音（こみね）、ママの3人で決めました。	20191112141251	https://web.archive.org/web/20191112141251/https://baby-calendar.jp/knowledge/common/1041	bc
2017	F		寿花	ことか	今回の妊娠の前に、2度の流産を経験して、赤ちゃんがおなかに宿り、無事に成長することがどんなに尊いことかを痛感しました。 待望の妊娠がわかり、今度こそ元気に生まれてほしい、心音トコトコ動いてほしいと、胎児ネームはとこちゃんと呼んでいました。 念願かなって、やっと2618g の小さな女の子が来てくれました。産院でいただく臍の緒をしまっておく箱に、大きな壽の字があり、まさにめでたく、生まれるということの証の字のような気がして、使いたかった花の字と合わせて、寿花にしました。とこちゃんからことちゃんなので、胎児ネームに込めた願いもいつも思い出すようです。両親とも奈良が好きで、奈良のブランド苺「娘古都華」のように、べっぴんさんになってほしいという想いも込めました。	20191112141251	https://web.archive.org/web/20191112141251/https://baby-calendar.jp/knowledge/common/1041	bc
2017	F		桜音	ことね	性別が男の子なら旦那さん、女の子なら私が名前の最終決定すると決めていました。性別が女の子とわかった翌日、仕事から帰ってきた旦那さんが「ことねはどう？」って言ってきました。旦那さんはキラキラネームは絶対反対で、木村文乃みたいな日本女性がいいって前から言ってて、私も響きがいいなって思って即決に。漢字を探してたら、桜音で「ことね」って読むみたいで、予定日前後が3月から4月で春生まれだし、丁度桜の咲く頃に生まれたらいいなって思って桜音と付けました。3月31日生まれで、退院の日に丁度桜が咲いたので名前の通りになったねと主人と言ってました。	20191112141251	https://web.archive.org/web/20191112141251/https://baby-calendar.jp/knowledge/common/1041	bc
2017	F		心音	ことね	心やさしい、いろんな音や物に触れ合っていろんな経験して素敵な女の子になりますように☆	20191112141251	https://web.archive.org/web/20191112141251/https://baby-calendar.jp/knowledge/common/1041	bc
2017	F		ことは	ことは	我が家に第3子がやってくる！5歳の息子と2歳の娘に、妊娠を伝えるとすごく喜びました。2歳の娘の名づけ親も実は5歳の息子。おなかにいるときから、自分で付けた名前で呼び話しかける際に愛着を持つために。そのため、今回は娘にお願いしました。娘の大好きなテレビのキャラクターと同じ名前にしました。誰が見ても間違わないよう、ひらがなにしました。親からの生まれて初めてのプレゼント。目一杯愛してくれますように。	20191112141251	https://web.archive.org/web/20191112141251/https://baby-calendar.jp/knowledge/common/1041	bc
2017	F		小都璃	ことり	夢で「ことりちゃん」と名づける夢を見た。漢字は、私が大好きな沖縄（とくに竹富島）にちなんで「小さな都、瑠璃色の海」からとり「小都璃」にしました。	20191112141251	https://web.archive.org/web/20191112141251/https://baby-calendar.jp/knowledge/common/1041	bc
2017	F		心夏	こなつ	上の子が妃夏という名前なので次も夏という漢字を付けてそろえようと生まれる前から決めてました。心は主人と私は剣道つながりで知り合いお付き合いをして結婚しました。なので2人のきっかけである剣道の言葉で心技体というものがあるのでその心をとって心夏にしました。	20191112141251	https://web.archive.org/web/20191112141251/https://baby-calendar.jp/knowledge/common/1041	bc
2017	F		湖乃	この	私の曽祖母にあたる 古乃（この）おばあちゃんの名前をもらい、その名に潤い（氵）と輝き（月）を加え「湖乃」と名づけました。また、私の故郷（滋賀県）にある琵琶湖のような美しい湖のように、穏やかで広い心と清らかで澄んだ心を持つ女の子になりますようにと願いを込めて湖乃と名づけました。	20191112141251	https://web.archive.org/web/20191112141251/https://baby-calendar.jp/knowledge/common/1041	bc
2017	F		咲華	このは	（このは）琥珀、心に続く3人目ということでコからはじまる、響きのいい名前を12歳になる息子と、たくさん探しました。（このは）は、響きもやさしさにあふれたイメージがあり自然のキーワードがよかった私のお気に入りの名前です。（咲）さく、わらうの意味があるそうです。入院中笑顔があふれる私でいたい家族でいたいと強く思っていました。この漢字の意味を知って、あて字ではありますがピンときました。旦那の名前もあて字で、返って覚えてもらいやすいことがあるとのことです。きれいで女の子らしい字だと漢字は旦那が候補を出してくれました。結果 親子3人の意見を取り入れたお気に入りの名前です。	20191112141251	https://web.archive.org/web/20191112141251/https://baby-calendar.jp/knowledge/common/1041	bc
2017	F		心実	このみ	美しい心を持ち豊かな人生を送れるようにと願いを込めて心実と付けました。	20191112141251	https://web.archive.org/web/20191112141251/https://baby-calendar.jp/knowledge/common/1041	bc
2017	F		小晴	こはる	梅雨の時期に生まれたので雨でもみんなの心を晴れにしてくれる子。	20191112141251	https://web.archive.org/web/20191112141251/https://baby-calendar.jp/knowledge/common/1041	bc
2017	F		心陽	こはる	旦那と私でそれぞれ考えて発表する日を決めていました。その日の夢で子どもを出産していて『こはる』と呼んでいました。それを伝えたら、旦那が考えていた紙を見たら同じ名前が。これはこの子が授かった名前だねと決めました。漢字は後付けですが、太陽のように温かく広い心に育ちますようにと名づけました。	20191112141251	https://web.archive.org/web/20191112141251/https://baby-calendar.jp/knowledge/common/1041	bc
2017	F		心春	こはる	♡心がいつでも温かく幸せであってほしい♡まだ子どもを授かる前から、名前の響きがやわらかくてかわいいので、女の子だったら絶対に「こはる」という名前にしたいと思っていました！実際に女の子を授かり、名前の漢字を考える際、娘にはこれから幸せいっぱいの人生を送ってほしいと思いました。そこで、花々が咲き誇り、新しい生命が芽生える春のように、暖かく幸せな心豊かな子に育つことを願い、「心春」と名づけました。	20191112141251	https://web.archive.org/web/20191112141251/https://baby-calendar.jp/knowledge/common/1041	bc
2017	F		心春	こはる	主人がいちばん仲良かった祖母の名前が「春子」と言う名前からいただき(10年前他界)、冬のようにどんなに辛いことや厳しいことがあっても、春のように心が穏やかであるよう…………と言う願いも込めこの漢字にしました。	20191112141251	https://web.archive.org/web/20191112141251/https://baby-calendar.jp/knowledge/common/1041	bc
2017	F		心春	こはる	春先に生まれ、春のようにやさしく暖かく、誠実で真心を持った人になってほしいと願い、名前を考えました。	20191112141251	https://web.archive.org/web/20191112141251/https://baby-calendar.jp/knowledge/common/1041	bc
2017	F		心春	こはる	春(3月)生まれなので、春らしい明るい名前にしようと思っていました。「こはる」と言う名前は昔からあるので祖父母の世代も親しみやすいし、何より響きがかわいい。「みんなの心に春を運んでくれる」と言う意味で、心春と名づけました。	20191112141251	https://web.archive.org/web/20191112141251/https://baby-calendar.jp/knowledge/common/1041	bc
2017	F		心春	こはる	春生まれなので、春らしい明るい名前にしようと思っていました。「こはる」という名前は響きも暖かく、昔からある名前なので祖父母の世代にも親しみやすい名前だと思い決めました。「みんなの心に春を運んでくれる」みんなに愛されてるんだよという意味を込めて「心春(こはる)」と名づけました。	20191112141251	https://web.archive.org/web/20191112141251/https://baby-calendar.jp/knowledge/common/1041	bc
2017	F		心陽	こはる	お日様のような、ぽかぽか暖かい、包み込むようなやさしい心を持ってほしいと思って名づけました。	20191112141251	https://web.archive.org/web/20191112141251/https://baby-calendar.jp/knowledge/common/1041	bc
2017	F		こむぎ	こむぎ	お酒の会社に勤める私と旦那は大のお酒好きです。とくにビールが好きで、結婚して子どもができるまでの2年は、おいしいお店巡りや、お酒に合うおつまみ作りなどして、楽しい新婚生活を送っておりました。ただ、旦那の年齢がひとまわりも上であることもあって、早く子どもができたらいいねとも話していました。そんな中、やっと授かったかわいい女の子。子どもができてから、旦那は家事のほとんどを手伝ってくれて、本当に助かりました。また、ベビー用品をそろえるのも、子どもの名前を考えるのも、私の数倍旦那は楽しんでいたような気がします。やさしい旦那のサポートもあり、ハードな仕事も無事終えて、産休に入り、元気な赤ちゃんを産むことができました。そんな私たちが愛娘に名づけた名前は、お酒の原料にもなる「こむぎ」です。「むぎ」もいいかなと思っていたのですが、女の子なのでよりかわいい名前にと。こむぎには、これから、嬉しいこと・悲しいこと・辛いこと、いろんなことが待ち受けていますが、収穫時期の小麦のような黄金色に輝く素敵な人生を力強く歩んでほしいです。そして、いつかこむぎが大人になったら家族3人でおいしいお酒を飲めたらな、なんて思ってます。初産ですが、陣痛3時間と分娩室に行ってから20分で誕生するという、超スピード出産でした。生まれるときから親孝行な赤ちゃんです。将来がとても楽しみです。（こむぎママさん） 赤ちゃんの名づけエピソード大賞はこちら 2017年赤ちゃんの名づけエピソード大賞 ＞ 2016年赤ちゃんの名づけエピソード大賞 ＞ 2015年赤ちゃんの名づけエピソード大賞 ＞ 赤ちゃんの名前ランキングはこちら 2017年赤ちゃんの名前ランキングTOP ＞ 2016年赤ちゃんの名前ランキングTOP ＞ 2015年赤ちゃんの名前ランキングTOP ＞ 2014年赤ちゃんの名前ランキングTOP ＞ 2013年赤ちゃんの名前ランキングTOP ＞ 2012年赤ちゃんの名前ランキングTOP ＞ 2011年赤ちゃんの名前ランキングTOP ＞ 2010年赤ちゃんの名前ランキングTOP ＞ おすすめサービスはこちら おすすめ内祝い ＞ 2017/12/08 この記事にいいね！しよう いいね！ 0 0 クリップ 現在ログインしていません。 ログインしますか？ シェアする ツイートする LINEする 戻る 出産予定日 or 赤ちゃ	20191112141251	https://web.archive.org/web/20191112141251/https://baby-calendar.jp/knowledge/common/1041	bc
2017	F		咲絢	さあや	兄妹いつまでも仲よくつながっていてほしいという気持ちを込めて、お兄ちゃんから一文字もらい、母親の私が好きな漢字を組み合わせて付ました！	20191118112434	https://web.archive.org/web/20191118112434/https://baby-calendar.jp/knowledge/common/1042	bc
2017	F		紗彩	さあや	読みやすく呼びやすく、誰からも親しまれるように……とパパが男の子ならコレ、女の子ならコレというように決めていて、あとは漢字をということになりました。薄絹のような清らかな心（紗）で、彩りのある素敵な人生（彩）を送ってほしいという願いを込めてこの字にしました。また、ママと同じ字を入れたくて“彩”を選んだという理由もあります	20191118112434	https://web.archive.org/web/20191118112434/https://baby-calendar.jp/knowledge/common/1042	bc
2017	F		咲愛	さえ	三姉妹の三女として生まれました。上2人にも愛が付いていて、それは私の名前に愛が付いているからです。そして、咲という字にはえみ（笑顔）という意味も含まれると知り、笑顔のたえない子になってほしい、まわりから愛されみんなを愛し笑顔にしてほしい、そう思いつけました。６カ月の娘は文字通り笑顔を振りまいてくれています。	20191118112434	https://web.archive.org/web/20191118112434/https://baby-calendar.jp/knowledge/common/1042	bc
2017	F		咲	さき	上の子の名前が一文字だったので、一文字の名前がいいなぁと思っていました。そこで、すくすくと育ってほしいという思いと、前向さが感じられる「咲」が候補のひとつにあがり、いろいろ調べてみると、「咲」には「笑う」という意味があることがわかったので、たくさん笑ってほしい、またみんなを笑顔にしてほしい、そんな思いを込めて名前を決めました。上の子の名前の「花」と合わせると、ふたりで「花が咲く」になります。2人ともよく笑う子で、うちには毎日笑顔の花がたくさん咲いています。	20191118112434	https://web.archive.org/web/20191118112434/https://baby-calendar.jp/knowledge/common/1042	bc
2017	F		咲	さき	今回、次女の名づけエピソードでしたが、悩みました。長女の名づけよりも悩みました。念願の姉妹だったので、長女の名前と次女の名前と合わせて意味を持たせることにしました。その結果、凛と咲き誇る花のように2人ともに成長し人生を歩んでいってほしいと願いを込めて。咲と名づけました。おまけに、咲という字は笑という字から生まれた感じとのことで、笑顔あふれる人生になってほしいなぁ、という願いも込めています。	20191118112434	https://web.archive.org/web/20191118112434/https://baby-calendar.jp/knowledge/common/1042	bc
2017	F		咲希	さき	笑顔いっぱいの未来でありますようにという親の希望を込めて。また彼女が自分のやりたいことを見つけ、自分の人生を歩めるように。	20191118112434	https://web.archive.org/web/20191118112434/https://baby-calendar.jp/knowledge/common/1042	bc
2017	F		紗希	さき	『紗』という字は繊細できれいな布（織物？）みたいなものを指す字だったと思います。柔らかい物腰のいい子でママがあまり将来の夢とかなかったので自分の夢を持ってまっすぐそこに向かっていく希望のある子に育ってほしいと名づけました。	20191118112434	https://web.archive.org/web/20191118112434/https://baby-calendar.jp/knowledge/common/1042	bc
2017	F		咲弥	さくや	3月生まれなので、弥生にいのちが咲いた……という意味を込めて。また、『咲』という字は『わらう』という意味もあるとのことで、笑顔の花を咲かせる子になってほしいという思いもこもってます。生まれたときちょうど桜の花が咲き始めていたこともあり、春らしい名前にしたかったのもあります。	20191118112434	https://web.archive.org/web/20191118112434/https://baby-calendar.jp/knowledge/common/1042	bc
2017	F		さくら	さくら	予定日が4月6日でした。春なのでさくらちゃんにしようと決めました。妊娠後期になるとよく近所の公園に夫婦と愛犬と散歩に行って、さくらが満開の中おなかの赤ちゃんにさくらちゃん、桜きれいだねと話しかけていました。ほとんど毎日桜を見に行ってました。予定日より10日も早く陣痛がきて3月27日に生まれました。3月27日は何の日だろうと思い調べてみたらさくらの日でした！きっと、私はさくらだからさくらの日に生まれようとしてくれたんだと思いました！	20191118112434	https://web.archive.org/web/20191118112434/https://baby-calendar.jp/knowledge/common/1042	bc
2017	F		彩句來	さくら	この子の上にも1歳8カ月のお姉ちゃんがいて姉妹でつながりのある名前にしたくて考えました。お姉ちゃんが妃茉莉（ひまり）でお花のひまわりのように暖かく元気に育ってほしいと名づけたので、妹もお花から探したいなと思いました。すぐに、さくらの響きが気に入り、漢字を探しました。お姉ちゃんの妃茉莉が24画でとってもいい運勢でしたので、同じ24画にこだわりました。そしてパパが「さくらの くの字がかわいらしいから使ってほしい」ということで、まずは一文字決まりました。最終的には画数と文字全体のバランスで決めました。さくらはみんなに愛されるお花なので、同じように愛される子になってほしいという思いがいちばん強いです。	20191118112434	https://web.archive.org/web/20191118112434/https://baby-calendar.jp/knowledge/common/1042	bc
2017	F		咲良	さくら	咲良」という名前は妊娠する前から決めていました。主人とドライブしていたとき、子どもができたらどんな名前を付たいか、という話になり、主人が「女の子なら“さくら”はどうかな」と言いました。私はそれを聞いて、亡くなった義母を思い出しました。義母は4月に亡くなりました。亡くなる直前に、主人と桜景色が有名な川辺を歩き、入院中で外出できない義母に見せようと写真を撮りました。大好きな主人と見たその年の桜はとてもきれいで、やさしくて美しい義母の姿に重なりました。漢字は「咲」という字に笑うという意味があると知り、よく笑い、みんなに愛され、笑顔の絶えない幸せな人生になるようにと考えました。と、ここまでは妊娠する前の話です。それから2年後の今年7月に、念願の女の子が生まれ、ずっと前から決まっていた「咲良」と名づけました。咲良が大きくなったら「あなたの名前は生まれる前から、お父さんとお母さんが考えて、あなたがおなかにくるのをずっと待ってたんだよ。待望の赤ちゃんだったんだよ」と教えてあげたいです。	20191118112434	https://web.archive.org/web/20191118112434/https://baby-calendar.jp/knowledge/common/1042	bc
2017	F		彩桜	さくら	彩る桜と書いてさくらにしました。世界中の人が好きな桜。皆から愛されるような人になってくて、そして皆に笑顔を振りまくような、そんな輝く人になってね。っていう想いを込めてこの彩桜という名前にしました。	20191118112434	https://web.archive.org/web/20191118112434/https://baby-calendar.jp/knowledge/common/1042	bc
2017	F		桜々	さくら	長い冬を越えて春を知らせる桜が大好きです。お兄ちゃんを妊娠したときは性別が判明した７カ月ごろ、すぐに名前が決まりました。が、この子のときはなかなか決まらずに9カ月を迎えました。幾つか候補はあがっていたのですが、なかなか決まらず。うちは特に画数にこだわっていたのでイメージや響きがよくて画数もピッタリのものを考えるのは本当に時間がかかりました。最初に主人が音（読み方）を提案し、私が漢字を探し名づけサイトで画数を確認。でも漢字がイマイチとか、これじゃ読みづらいとか、イメージと違うとか。とにかく『これだ！』てのができなくて……。気付けば予定日まで2週間くらいになってた。そんなとき、私の兄から届いたメールに河津の桜が写っていて、『これだ！』てなりました！私自身、桜がとても好きで『幸せな気持ちにさせてくれる存在』だったので【桜】を使った名前にしたいと思いました。が、画数が！！諦めきれずにいろいろな命名サイトで検索していたら【桜々】で画数がピッタリになると！サイトによって画数についてもいろいろな結果があるけど、私たちが『良し！』と思えればいいのかなって感じで決定しました！やっと名前も決まり出産を楽しみにしていたら兄が『【桜々】でググるとキラキラネームで出てくるぞ』なんていうからビックリして調べたら、【ララ】て読ませると……うーん。悩みました。キラキラネームがイヤなわけではないのですが、読みづらいとこの子が大変な思いをしてしまうのではないかと心配に。ですが、主人が『うちはこれで【サクラ】だから！俺たちが決めた名前だから大丈夫！』と言ってくれたのでスカッとしました！そんなこんなで決まった名前を今は毎日毎日、何度も何度も呼んでいます。	20191118112434	https://web.archive.org/web/20191118112434/https://baby-calendar.jp/knowledge/common/1042	bc
2017	F		咲良	さくら	出産予定日が4月だったため、出産前は桜にちなんで「さくら」という名前を考えていました。しかし出産予定日の1カ月以上前の出産となり、3月生まれとなりました。季節がら桜ではなくなってしまい、「さくら」という名前にするか迷いました。しかし予定の1カ月以上前でも無事に生まれてきてくれてありがとうの意味を込めて、咲いてよかった、「咲良」と名づけました。	20191118112434	https://web.archive.org/web/20191118112434/https://baby-calendar.jp/knowledge/common/1042	bc
2017	F		咲良	さくら	ふと名前の候補を考えておかないといけないなぁ〜と、思った矢先に頭に浮かんだのが「咲良（さくら）」でした。性別もまだわからないでしたが、なぜか私の中かで閃いたというか、おなかの子からの訴えだったのか？わからないけど……この名前しかないという確信がありました。でも大きな問題が……。旦那の家系は皆、名づけはお寺様で観てもらって良い名前を付ていただくことが当たり前。当然、却下の方向へ。でも、立派な方に名づけていただくよりも、私から想いを込めた名前を付てあげたかった。「咲良（さくら）＝桜のように皆に愛され良い花咲く人生になりますように」いろいろありましたが、この名前を授けることができ健康に生まれてきてくれたことに感謝です。	20191118112434	https://web.archive.org/web/20191118112434/https://baby-calendar.jp/knowledge/common/1042	bc
2017	F		咲良	さくら	私たちの結婚式のテーマが「NO SMILE NO LIFE.NO YOU NO LIFE」でした。その後、なかなか妊活がうまくいかず、ケンカが絶えなくなり、忘れていた気持ちを再び思い出させてくれたわが子の妊娠判明、不安や痛みを乗り越えて出会えた瞬間、みんなが笑顔になったこと。咲の旧文字が「笑」ということで、この子の生涯が笑顔いっぱいに咲き誇るように、また、あなたといればみんなが笑顔になっていく、そんな人生を歩んでほしいと思い【咲良】（さくら）と名づけました。	20191118112434	https://web.archive.org/web/20191118112434/https://baby-calendar.jp/knowledge/common/1042	bc
2017	F		咲春	さくら	パパが名づけたのですが、誕生日が4月の春ということもあり、「さくら」と付たいと思っていましたが、春生まれで「桜」だと平凡で、誰でも使う漢字ではないものにしたくていろいろと考えてました。一生笑顔を絶やさず、春の桜のように華やかに過ごせるようにと付ました。今では4カ月になり、まわりのみんなに愛されています。	20191118112434	https://web.archive.org/web/20191118112434/https://baby-calendar.jp/knowledge/common/1042	bc
2017	F		さくら	さくら	結婚して2年。主人と花見に行ったとき、いつか子どもと一緒に花見に来たいねと話をしました。子どもを授かっているとわかったのが、2016年の5月14日。この日、不思議な夢を見ました。予知夢なのか、何なのかわかりませんが、主人と娘と花見をしている夢です。桜の樹の下で、空には逆さまになった虹がかかっていました。普段夢なんか全く気にもしませんし、占いも信じない私でしたが、この日の夢はなぜか鮮明に覚えており、起きてすぐに夢占いを調べました。すると、《逆さ虹は思いもよらない幸せがやってくることの暗示》と記載がありました。女の勘というか、第六感というか、わかりませんが、きっと子どもがいる！と確信し、検査したのを覚えています。すぐに産婦人科へ行き、検査してもらい、エコーをみた瞬間、嬉しくて嬉しくて涙が止まりませんでした。性別はもちろんまだわかりませんでしたが、きっと女の子だなと感じました。その日からずーっと、おなかの中の子にさーちゃん、さーちゃんと話しかけていました。そして、予定日の2月10日。待望の女の子が生まれてきてくれました。旧暦では2月3日以降は春となります。さくらの華のように、誰からも愛され、桜の樹のように凛とした女性に育ちますように。桜の樹は日本を象徴する華です。世界に羽ばたく人間になりますように。そう願い、さくらと名づけました。ひらがなにしたのは、小学1年生でも書け、誰からも読み間違えることのないようにと思い、ひらがなにしました。	20191118112434	https://web.archive.org/web/20191118112434/https://baby-calendar.jp/knowledge/common/1042	bc
2017	F		咲来	さくら	『咲』の字には、笑う・笑顔という意味があります。笑顔になることが、たくさん来ますように。と想いを込めて、咲来と名づけました。	20191118112434	https://web.archive.org/web/20191118112434/https://baby-calendar.jp/knowledge/common/1042	bc
2017	F		咲良	さくら	春生まれだからさくら。さくらの花のようにみんなを笑顔にしてほしいから。咲と良には笑顔という意味があるから。咲良自身には自分の決めた道で大輪の花を咲かせてほしいから。誰にでもやさしいよくしてほしいから。	20191118112434	https://web.archive.org/web/20191118112434/https://baby-calendar.jp/knowledge/common/1042	bc
2017	F		桜子	さくらこ	"春生まれなら、絶対に""さくら""の名前にしようと決めていました！私も旦那さんも桜が大好きで、女の子とわかる前から、ひたすら名前を考え、4.5カ月悩んだすえに、字画のいい桜子にしました。私の名前にも""子""が付いています。私は昔からあまり好きではなかったのですが、旦那さんが気に入ってくれてて、「せっかくだから子どもにも付ようよ。」と、言ってくれ、好きになりました。特に、私が字画にこだわったので、決まるまでが大変でしたが、今ではいい思い出です♪"	20191118112434	https://web.archive.org/web/20191118112434/https://baby-calendar.jp/knowledge/common/1042	bc
2017	F		皐月	さつき	5月一日生まれなので。この日はお昼過ぎに降った雷雨がくっきり晴れ、清々しい五月晴れになったので。五月晴れの空のように、伸びやかで爽やかにまっすぐ育ってほしいという願いを込めて。	20191118112434	https://web.archive.org/web/20191118112434/https://baby-calendar.jp/knowledge/common/1042	bc
2017	F		皐姫	さつき	5月が出産予定日だったので、皐月にしようと考えていたのですが、4月に生まれたので月を姫に変えて皐姫にしました。	20191118112434	https://web.archive.org/web/20191118112434/https://baby-calendar.jp/knowledge/common/1042	bc
2017	F		皐月	さつき	皆さんは、自分の名前の意味をご存知ですか？私の実家は、なんてことはない普通のサラリーマン家庭。早く、大きく育ってほしいとのことから私は祖母に「早苗」と名づけられました。そんな私の嫁ぎ先である主人の家は代々続く米農家。そこに嫁いだ私の早苗という名前は、「田と稲の神」という意味があるらしく、偶然でしたが主人の家で使用している田植え機も同じ名前だったのです。本当にたまたまでしたが、豊穣の意味のある名前の妻がやってきて、そこから災害に何度も見舞われながらも何とか経営規模を拡大しながら順調に進んできました。そんなとき赤ちゃんを授かり、名前について話し合っていたところ、男の子なら代々家紋にもなっている「藤」の字を継ぐ決まりになっているのですが、おなかの中は女の子。それなら、私と同じ豊穣の意味の名前を付たいと思うのは自然な流れでした。当初、予定日は5月末だったこともあり、「神様に捧げる稲穂」という意味のある「皐」の字を付、「皐月」にしよう、ということになりました。そこから詳しく調べると、5月を指す「皐月（さつき）」は、もともと「早苗月（さなえ付）」が訛ってさつきになったという説があることを知り、これは、と運命を感じました。結局は6月生まれとなり、行く先々でなぜこの名前？と聞かれることとなりましたが、その分しっかり覚えてもらえますので、この名前にしてよかった、と心から思っています。	20191118112434	https://web.archive.org/web/20191118112434/https://baby-calendar.jp/knowledge/common/1042	bc
2017	F		咲菜	さな	花のようにまわりを明るくするような女の子になってほしいと思い名づけました！小さなことでも喜び、まっすぐに育ってほしいです！	20191118112434	https://web.archive.org/web/20191118112434/https://baby-calendar.jp/knowledge/common/1042	bc
2017	F		紗奈	さな	紗は体をやさしく包む布のようなイメージでやさしい子に育ってほしい希望から奈は大きく示すと書いて奈となるからやさしさを備えつつ大きく示す、主張はしっかり！ってイメージから『紗奈』にしました！	20191118112434	https://web.archive.org/web/20191118112434/https://baby-calendar.jp/knowledge/common/1042	bc
2017	F		桜菜	さな	やさしい、爽やかな印象を受けるサの付く名前がいいなと思っていました。そして、あまり他の人とかぶらない名前がいいなとも思っていました。私自身の話ですが、同じ名前の人に出会ったことがなく、そのことが親が付てくれたオリジナル感を強く感じさせ、自分の名前が好きになり、名づけてくれた親にも感謝したからです。そういう想いのなかで候補に浮かんだのは、「さな」と「さら」でした。実はどちらも、子どものころに好きだった漫画の主人公の名前で、そういうイメージもあってか、明るくやさしい愛される子の印象を持ちました。候補は決めたものの、生まれてきてくれてからも、まだ名前は決まっていませんでした。私としては、もう今日にも決めて、早く呼びかけてあげたい、とソワソワしていた日のことでした。同室の同じ日に出産したママからカーテン越しに聞こえてきたのは、「さらちゃん、さらちゃん」という赤ちゃんに呼びかける声。同じ日に生まれて同じ病室で同じ名前を付たら、悪いことではないけど、なんだかうーん……ということで心が決まり、迷いもふっとんで「さな」と名づけることにしました。どちらの候補も同じくらい好きでしたが、決まって呼んでみると、もうその名前以外ないようにすぐ思えました。4月生まれなので春らしくということで、桜に菜の花という、お花の漢字をあてました。桜のような日本古来の美しさと、菜の花のような愛らしさ、両方を兼ね備えて、唯一無二の存在として咲き誇る女性になってほしいなと願っています。	20191118112434	https://web.archive.org/web/20191118112434/https://baby-calendar.jp/knowledge/common/1042	bc
2017	F		紗奈	さな	上の息子には夫の名前の頭文字を止め字に使ったので、娘が生まれたら私の名前の頭文字を止め字に使おうと決めていました。また息子の名前のイニシャルはS。兄妹でイニシャルを同じにしようということで響きは“さな”に決定。漢字は夏生まれなので涼しげで爽やかな漢字がいいと思い“紗”、充実した人生を送ってほしいという願いを込めて“奈”にしました。また“紗”という漢字のイメージからしなやかさ、強さ、やさしを兼ね備えた女性になってほしいという願いも込めました。	20191118112434	https://web.archive.org/web/20191118112434/https://baby-calendar.jp/knowledge/common/1042	bc
2017	F		桜暖	さのん	ひびきは決まっても、漢字がなかなか決まらなかった。今回は第3子で、上の子2人とも予定日より2週間遅れで生まれてきたので、今回も遅くなると予想していたら、意外にも2週間早く誕生。4月下旬の予定日だったので、遅れて5月生まれになると思っていたので、桜の時期とは少しずれるかなぁと思い、桜の字を使うのに抵抗があり、他の字で考えていたけど、誕生が早まったことと、出産前日に暖かい日差しの中、ちょうど桜並木を散歩したので、『桜』のようにかわいらしく、誰からも愛される『暖かい』心を持った女の子になってほしいと願いを込めた。	20191118112434	https://web.archive.org/web/20191118112434/https://baby-calendar.jp/knowledge/common/1042	bc
2017	F		彩文	さふみ	彩…彩の国埼玉出身で、自分で多くのものから自分にとって必要なものを選び取って成長してほしい。文…7月生まれで文月からとり、また、表現する分野で才能を発揮できる子になってほしい。	20191118112434	https://web.archive.org/web/20191118112434/https://baby-calendar.jp/knowledge/common/1042	bc
2017	F		彩	さやか	彩り豊かな人生になるように。と願いを込めて	20191118112434	https://web.archive.org/web/20191118112434/https://baby-calendar.jp/knowledge/common/1042	bc
2017	F		咲樂	さら	花が咲くように笑顔の明るい子に、日々を楽しく過ごせる元気な子になってほしいと、この名前に。姉妹で愛の字を使いたかったが、愛を「ら」と読ませる勇気はなかったので、悩みに悩んだすえに決定！とってもかわいい名前を付てあげることができたと思います！	20191118112434	https://web.archive.org/web/20191118112434/https://baby-calendar.jp/knowledge/common/1042	bc
2017	F		倖良	さら	2人目の娘ですが、上の子に続いて、雰囲気や響きだけでなくきちんと意味のある名前にしたいと思い、名づけました。さらという名前にした理由は、さら（sara）はヘブライ語で「王女」の意味と知って、我が家のプリンセスという思いが重なったので気に入ったこと。また「王女」と同じく「淑女=気品ある女性」という意味もあるとのことで、素敵な女性に育ってほしいとの願いも込めています。漢字もいろいろと候補がありましたが、名は体を表すというように、「しあわせ」で「よい」人生を送れるよう、文字通りの漢字を選びました。「幸」より「倖」にしたのは「人」を入れることで、人との関わりを大ことにし、まわりの人を大切にし愛して幸せにする、それと同じく大切にされ愛され幸せになるようにとの願いがあり、「倖良」と決めました。	20191118112434	https://web.archive.org/web/20191118112434/https://baby-calendar.jp/knowledge/common/1042	bc
2017	F		紗良	さら	"音は母親が、漢字は父親が決めました。""さら""と決めたのは、聖書に出てくるアブラハムの妻サラのような容姿の美しさと芯の強さを持ち合わせた子に育つように。""紗良""としたのは、夏に生まれたので心地よい薄衣のように、出会う人たちをやさしで包み込む子になるように。両親の想いを詰め込んだ名前が""紗良（さら）となりました。"	20191118112434	https://web.archive.org/web/20191118112434/https://baby-calendar.jp/knowledge/common/1042	bc
2017	F		彩生	さら	彩りある豊かな人生を送ってほしいという願いを込めました。	20191118112434	https://web.archive.org/web/20191118112434/https://baby-calendar.jp/knowledge/common/1042	bc
2017	F		紗良	さら	もともと私の学生時代部活のコードネームでした。そのころ主人とは出会っていませんでしたが、付き合いはじめから自身の友達などにも紹介したりしていたので私がコードネームで呼ばれていることも知っていました。性別がわから前から女の子だったらさらちゃんがかわいい！と気に入っていた主人は、性別がわかった瞬間に名前は決定！漢字は私が決めました♡おなかにいるときからずーっとこの名前で話しかけていたからか生後14日目ですが、名前を呼ぶとしっかり目を開けてこっちを見てくれているような気がします。	20191118112434	https://web.archive.org/web/20191118112434/https://baby-calendar.jp/knowledge/common/1042	bc
2017	F		紗藍	さらん	私の年齢が29歳ということもあり、まわりは子どもが2～3人いる知り合いばかりで、初産の私が思いつく名前はすでに誰かの子どもと一緒という感じでした。誰かと同じ名前は極力いやだし、名字が普通すぎるので少し変わった名前がいいけどキラキラネームはいやだし、ちゃんと意味のある名前を付てあげたい!!そんなとき、『さらん』はどうかとお義母さんから提案がありました。主人が韓国人なので、『さらん』は韓国語で『愛』という意味。愛しいわが子にぴったりだと思い、『紗藍（さらん）』と名づけました。	20191118112434	https://web.archive.org/web/20191118112434/https://baby-calendar.jp/knowledge/common/1042	bc
2017	F		沙和	さわ	奥さんの名前を一文字とって平和、大和、調和などの日本古来の漢字の『和』を入れることで日本人らしく和心を持った立派な人間になってもらいたいと思い沙和という名前にしました。	20191118112434	https://web.archive.org/web/20191118112434/https://baby-calendar.jp/knowledge/common/1042	bc
2017	F		咲羽	さわ	初めての女の子ということもあり、かわいらしい、きれいな響きの名前にしたいと考えていました。予定日の1カ月くらい前からいろいろな候補をるものの、字画等の兼ね合いでなかなか「これ！」という名前が決まらず、出産当日を迎えてしまいました。生まれてきた娘の顔を見て幸せな気持ちがこみ上げてきたこと、家族みんなが笑顔になったことで、朗らかなイメージの名前にしようと決めました。入院中の部屋で名づけ辞典を穴が空くほど読み、「咲」という字に「笑顔」の意味があることを知りました。『まわりの人を笑顔にする花のように、朗らかでのびのびと育ってほしい』という願いを込めて名づけました。4カ月になった今では、声を上げて笑顔を振りまき、みんなを和ませてくれています。	20191118112434	https://web.archive.org/web/20191118112434/https://baby-calendar.jp/knowledge/common/1042	bc
2017	F		詩奈	しいな	おめでとうございます。予定日は4月17日になります。」来年の4月に会える！しいな（417）ちゃんだーー。病院の会計待ちで、まうすでに夫にメールしていました。それから毎日おなかに『しいちゃん、しいちゃん』と呼びかけていたら、もう私の中でほかの名前が思いつかなくなっていました。もちろん、まだ性別もわかりませんでしたが、なぜか女の子な気がしていました。語呂合わせがかわいそうかもと思うこともありましたが、私の祖母は10月3日生まれのトミ（103）さんでした。もう亡くなっていましたが、祖父に聞いても大叔母に聞いても、語呂合わせの名前を嫌がっていたことはないようだったので、安心材料に。しいな、の音から漢字をあてました。『詩』感じたこと、考えたこと、ある一定のリズムに乗せて表現することを示す『詩』。“想いを表現する”という才能を秘めた漢字だそうです。「感じたことを大切に、気持ちを素直に表現できる子に」そんな願いを込めました。『奈』母親の名前から一字とりました。母親お気に入りの名前です。そんな名前を夫も気に入ってくれました。おじいちゃんおばあちゃんたちも。娘も気に入ってくれるといいなぁ。実際には、予定帝王切開で4月6日がお誕生日になりましたが、詩奈です。男の子だったら、シロウくんだ	20191118112434	https://web.archive.org/web/20191118112434/https://baby-calendar.jp/knowledge/common/1042	bc
2017	F		汐里	しおり	性別がわかったときに「羽芽（うめ）」と付ようとしたところみんなに大反対。字はいいけど、読み方が……。ココスでご飯を食べながら名前辞典を開いてノートに付たい名前の響きを書き出し、漢字を調べ、携帯の姓名判断で画数を調べ！名字と併せて書いて、書きにくさやバランスをみて。おばあちゃんに小さいころ言われた「名前は2つに割れないように」という言葉で止め字を。夕方の海のようにおだやかに、そして、まわりに人の集まる子になるように。そんな願いを込めました。	20191118112434	https://web.archive.org/web/20191118112434/https://baby-calendar.jp/knowledge/common/1042	bc
2017	F		詩織	しおり	いろいろな候補の中から二択まで絞りましたが、どちらもとてもいい名前で決められないまま出産となりました。初めての出産で、なかなかお産が進まず担当の助産師さんに励ましてもらいながらどうにか無事出産！出産後、分娩台で娘を初めて抱かせてもらう際、ふとその助産師さんの名札を見ると悩んでいた二択のの一つの名前が！思わず主人と顔を見合わせてしまいました（笑）もちろん、その名前を娘に付ました！思わず運命を感じてしまいました。この世に取り上げてくださった方の名前を付てあげられて、本当によかったと思っています。	20191118112434	https://web.archive.org/web/20191118112434/https://baby-calendar.jp/knowledge/common/1042	bc
2017	F		汐里	しおり	夏生まれなので海をイメージして汐里と名づけました。｢汐｣は夕暮れ時の海を表す漢字です。夕焼けに包まれた海のように、いつも心おだやかに過ごせますように。そして、いろんな人生の波を乗り越えていけますようにと願いを込めました。	20191118112434	https://web.archive.org/web/20191118112434/https://baby-calendar.jp/knowledge/common/1042	bc
2017	F		紫音	しおん	パパ、ママともに楽器が好きなので音楽に関連した文字を使おうと思っていました。また、生まれた月が6月だったこともあり紫陽花から紫の文字をとりました。鬱陶しい梅雨の時期に見かけると心が晴れるような紫陽花のように、そこにいるだけでまわりを元気にしてくれるような女性になってほしいと思い、紫音と名づけました。	20191118112434	https://web.archive.org/web/20191118112434/https://baby-calendar.jp/knowledge/common/1042	bc
2017	F		雫	しずく	出産する直前に、テレビで大好きな映画のジブリの【耳をすませば】をやっていました。主人公、『月島雫』からいただきました。名字も似ていたので、ピッタリ！でも、映画からもらったというのはちょっと恥ずかしいので、なんでこの名前を付たの？と聞かれたら『大地の雫がないと生き物は育たないんだよ！』と熱く語ろうと思います	20191118112434	https://web.archive.org/web/20191118112434/https://baby-calendar.jp/knowledge/common/1042	bc
2017	F		栞歩	しほ	私と旦那の名前がサ行なので、長女の名前もサ行で付ました。今回、2人目もサ行で探すことにしました。9カ月まで逆子で性別がわからず、たぶん女の子かな…と微妙だったのですが、女の子だと信じてサ行の名前をいくつか紙に書いて長女に「妹の名前は何がいいかな〜？」と聞いたところ、「しほがいい！」と言われ、それからいろんなところで「しほ」と言っていて、おなかに話しかけるときもしほ。最後は「しほじゃないとダメ！」と言われ「男の子だったら捨てる 笑」 とまで言われてしまいました。志穂などの志を使いたかったのですが字画が合わなかったのでネットで「し」と読む漢字を探して栞がしと読めるようなので、栞→人の手本となるような人に。歩→夢に向かって一歩一歩進んでいくように。と意味を込めて栞歩にしました。	20191118112434	https://web.archive.org/web/20191118112434/https://baby-calendar.jp/knowledge/common/1042	bc
2017	F		紫帆	しほ	紫帆の紫は私が好きな色、妊娠がわかったときに着てた服が紫色だったから。帆は大きく羽を広げて成長してほしいからと初めてデートした場所が海王丸パークという船が見えた公園だったからです。	20191118112434	https://web.archive.org/web/20191118112434/https://baby-calendar.jp/knowledge/common/1042	bc
2017	F		朱夏	しゅな	旦那さんに内緒でおなかの中にいるときから、密かに名前を決めて呼んでいました（笑）生まれて3日目にこんなのどうかな？ってしれーっと誘導し、そのまま成功！！（笑）私が付たかった名前に。（笑）旦那さんにはまだ言ってません	20191118112434	https://web.archive.org/web/20191118112434/https://baby-calendar.jp/knowledge/common/1042	bc
2017	F		樹菜	じゅな	パパのお父さんの名前が剛（つよし）で、パパの名前が柔剛（じゅうごう）と一字もらっていたから、自分も子どもができたら一字付たくて……。男の子だったら剛太（ごうた）、女の子だったら漢字で一字はかわいそうだから、ひらがなで一字（じゅ）をもらって樹菜（じゅな）にしました。	20191118112434	https://web.archive.org/web/20191118112434/https://baby-calendar.jp/knowledge/common/1042	bc
2017	F		翠衣	すい	妊娠8カ月くらいまで、「 咲南 」という名前を付る予定だっのですが、あるときいきなり天から舞い降りたように「 すい 」という響きがよくてそれから旦那を説得して漢字もいろいろ考えて翠衣になりました。あとから考えると、NHKのテレビを付ているときに「 スイちゃん 」という女の子の響きがかわいくていつの間にか胸に刺さってたのかもしれないです。	20191118112434	https://web.archive.org/web/20191118112434/https://baby-calendar.jp/knowledge/common/1042	bc
2017	F		鈴	すず	鈴の音のような清らかな女の子に育ってほしい願いで付ました。ほかにも候補があり悩んでいたのですが、里帰りで実家に帰った初日、3歳の甥っ子が「これ赤ちゃんにあげる」と差し出して来たのが鈴でした。その瞬間あんなに悩んでいたのに、鈴にしようと決めました。旦那以外に名前を言っていなかったのに驚きました。	20191118112434	https://web.archive.org/web/20191118112434/https://baby-calendar.jp/knowledge/common/1042	bc
2017	F		すず	すず	かわいくて呼びやすくて覚えてもらいやすい名前にしたいと思っていました。5月生まれなので、5月の花にすずらんがあり、花言葉も純粋や、幸福をもたらすという意味で素敵だったので、そこからひらがなで付ました。	20191118112434	https://web.archive.org/web/20191118112434/https://baby-calendar.jp/knowledge/common/1042	bc
2017	F		涼香	すずか	暑い真夏生まれの娘。涼しい日の心地よい良い香りでまわりを包み込むような素敵な女性になりますように。と願いを込めて。（SUZUままさん） 鈴花（サラン）（すずか（さらん））ちゃん 子どもは、2つの名前があります。韓国と日本のハーフなので、日本では、鈴花 韓国ではサランです。名づけた理由は、大きく3つあります。1、父と母の名前がSから始まるので子どももSが付く名前が良かった。鈴花→SUZUKA サラン→SARANH2、国際的な視野を持ってくれる子になってほしいと思い。外国人でもわかる言葉からとって【サラン】と名づけました。サランヘヨ=愛してる 3、母が桜と花の名前で古風なので、子どもにも花関連の漢字を使いたく鈴花と古風な名前にしました。意味は、リンと意志（国際的な視野）を持ちと花のように愛されますようにです。2つの名前ですが、リンクするように名づけました。	20191118112434	https://web.archive.org/web/20191118112434/https://baby-calendar.jp/knowledge/common/1042	bc
2017	F		鈴乃	すずの	3月３０日生まれ、３０３０gの女の子。４つ上のお姉ちゃんにそっくり。この時期は、鈴蘭水仙・別名「スノーフレーク」が咲いています。”小雪のかたまり”といった意味。花言葉は、皆を惹き付ける魅力。４つ離れたお姉ちゃんの名前が「雪乃」鈴乃と雪乃、いつまでも仲よく助け合っていってほしいと思い、この名前にしました。	20191118112434	https://web.archive.org/web/20191118112434/https://baby-calendar.jp/knowledge/common/1042	bc
2017	F		涼乃	すずの	6月生まれ、そして初めての女の子ということでお兄ちゃん2人と考えました。候補の中から結果的に兄2人が選んだ名前。おなかにいるときから話かけて呼びかけていたので生まれてきても違和感なく名前を呼ぶことができました。初夏に生まれた兄2人の宝物、涼しい風に吹かれながらのびのび育っていきますように。涼乃ちゃん。	20191118112434	https://web.archive.org/web/20191118112434/https://baby-calendar.jp/knowledge/common/1042	bc
2017	F		汐海	せあ	夕暮れ時の海のようにおだやかに海に照らされた夕日の光のようにまっすぐに育ちますようにあとは海が大好きでダイビングで出会ったママとパパがSEAにかけました！	20191118112434	https://web.archive.org/web/20191118112434/https://baby-calendar.jp/knowledge/common/1042	bc
2017	F		惺奈	せいな	いちばん目のお兄ちゃんは『海』から連想する字をとって、2番目のお兄ちゃんは『空』から連想する字をとりました。3番目の待望の女の子ということで、『宇宙』から連想する星の入った字の【惺】をとり、母親の奈を付て、惺奈と付ました。無限の可能性を感じさせてくれる『海』『空』『宇宙』のように、大きくのびのびとお兄ちゃんたちと共に育ってくれたら嬉しいです。	20191118112434	https://web.archive.org/web/20191118112434/https://baby-calendar.jp/knowledge/common/1042	bc
2017	F		星絆	せな	7カ月ごろようやく性別が女の子だとわかり名前どうしようかと……名づけの本を見てて『せな』という名前にピンときて読みは決定。漢字にこだわりたくて、予定日が7月８日で七夕付近だったのもあり、キラキラ輝く『星』と絆を大切にという思いを込めて『星絆』と付ました。人との絆を大切にしてキラキラ輝く人生になりますように……。	20191118112434	https://web.archive.org/web/20191118112434/https://baby-calendar.jp/knowledge/common/1042	bc
2017	F		瀬奈	せな	名前の由来は海のように広い大きな心を持ち、みんなに幸せを分け与えるような子に育ってほしいという意味を込めて付ました。［瀬］は代表的な瀬戸内海から漢字をいただきました。［奈］は実のなる木という意味が漢字に込められていることを、名前を考えているときに知りこれに決めました。［せな］にするとは決めていましたが生まれる直前まで漢字を迷っていて、改めていろいろな漢字の意味を調べていくなかで新しい発見もありました。妊娠中にたくさんの名前の本を読んだことで知識も付き、今では娘の名前にとても満足しています。	20191118112434	https://web.archive.org/web/20191118112434/https://baby-calendar.jp/knowledge/common/1042	bc
2017	F		想歩	そあら	主人が車大好きでどうしても車の名前が付たいと譲らず。せれな、せりかも候補にありましたが意外と多い名前で私が何となくいやだったので却下しました。すると予想外なことに早産で生まれてしまい。却下後に候補にあがっていた「そあら」に急遽決定され、私はちゃんと意味のある名前にしたかったので漢字だけは私が決めました。上の子にも「歩」が付いているためそれも入れたかったので、人生理想通りには歩めないことも多々あるけれど、絶対おもいやりを忘れずに歩んでほしいと思いを込めました。	20191118112434	https://web.archive.org/web/20191118112434/https://baby-calendar.jp/knowledge/common/1042	bc
2017	F		ソフィア眞慧	そふぃあまこと	パパは外国人なので 名前とミドルネームを両方戸籍登録をして 外国姓と漢字の名前を2つプレゼントしました。外国姓の方は 発音しやすく 覚えやすい馴染みのある名前（祖父母の年代のも覚えやすい） 漢字の名前の方は まず漢字の意味重視で 候補を決めて（心のまっすぐな 人のことをおもいやることのできる）その中から 読み方を調べて組み合わせを考えました。	20191118112434	https://web.archive.org/web/20191118112434/https://baby-calendar.jp/knowledge/common/1042	bc
2017	F		そよ	そよ	そよという名前は、春のそよ風のように人当たりのよく、やさしい女の子になってほしいと主人が名づけました。主人は古風だけど柔らかい印象の名前がいいねといって、この名前にしました。後日、義母方の祖母（そよからするとひいおばあちゃん）に名前がそよに決まったことを連絡すると、なんと、偶然、祖母の亡くなったお母さんの名前がそよだったことがわかりました。私と主人は知らずに付たのでとても驚きましたが、祖母はとても喜んでくれて、何か運命的なものを感じました。そよちゃん、みんなに愛されるやさしい女の子に育ってね。（そよママさん） 赤ちゃんの名づけエピソード大賞はこちら 2017年赤ちゃんの名づけエピソード大賞 ＞ 2016年赤ちゃんの名づけエピソード大賞 ＞ 2015年赤ちゃんの名づけエピソード大賞 ＞ 赤ちゃんの名前ランキングはこちら 2017年赤ちゃんの名前ランキングTOP ＞ 2016年赤ちゃんの名前ランキングTOP ＞ 2015年赤ちゃんの名前ランキングTOP ＞ 2014年赤ちゃんの名前ランキングTOP ＞ 2013年赤ちゃんの名前ランキングTOP ＞ 2012年赤ちゃんの名前ランキングTOP ＞ 2011年赤ちゃんの名前ランキングTOP ＞ 2010年赤ちゃんの名前ランキングTOP ＞ おすすめサービスはこちら おすすめ内祝い ＞ 2017/12/08 この記事にいいね！しよう いいね！ 1 0 クリップ 現在ログインしていません。 ログインしますか？ シェアする ツイートする LINEする 戻る 出産予定日 or 赤ちゃん の誕生日を設定しよう！ あなたの今の状態にぴったりの情報だけを厳選してお届けします。 出産予定日 赤ちゃんの誕生日 設定する 設定を変更する 妊娠 週と 日 今日の知っておきたい 今日のＱ&Ａ 設定を変更する お誕生日から 日 歳 カ月と 日 今日の知っておきたい 今日のＱ&Ａ 離乳食 はちみつ 豆腐 赤ちゃんの名前ランキング 妊娠力診断 ほうれん草 母乳 つわり うどん 人見知り 納豆 義母 PICK UP 産後のママをケアしてくれる！ 産後ケア施設検索 先輩ママの口コミ掲載！ 産婦人科検索 ぴったりの病院が見つかる！ 婦人科検索 赤ちゃんとの毎日が楽しくなる かわいいベビー肌着 photo studio guide フォトスタジオガイド ママの口	20191118112434	https://web.archive.org/web/20191118112434/https://baby-calendar.jp/knowledge/common/1042	bc
2017	F		環	たまき	流行り廃りがなく、古風で子どもからおばあちゃんになっても愛される名前にしたかった。環という言葉は「腕輪、輪形の装飾品」の意味があるため、宝石を連想させる。また「つながったもの」や「強い結びつき」という意味もあるため、人とのつながりを大事にしてほしい。お兄ちゃんが匡（たすく）で共通の王という字も入れたかった。強い女の子になってほしいという願いも込めて。	20191122070710	https://web.archive.org/web/20191122070710/https://baby-calendar.jp/knowledge/common/1043	bc
2017	F		千晃	ちあき	切迫早産で入院していたので、早く生まれてしまってもちゃんと名前が決まっているようにと、入院中にたくさん候補を考えて8カ月頃には主人と一緒に決めました。 2人目だったので上の子が呼びやすいこと、上の子のときに画数にもこだわったので同じように画数も考えるとなかなか良い名前が見つからず……。ようやく決まった名前が「千晃」です。だれからも愛される、光り輝く明るい人になってほしいという想いを込めました☆今では上の子が「ちーちゃん、ちーちゃん」と、とても可愛がってくれ、よく笑う子に育ってくれています！これからいろいろなことがあると思いますが、いつも明るく笑って過ごしてくれるといいなと思います♪	20191122070710	https://web.archive.org/web/20191122070710/https://baby-calendar.jp/knowledge/common/1043	bc
2017	F		千笑里	ちえり	私も旦那も、笑顔がいい！と昔からまわりの人に言われ、たくさん可愛がってもらい育ってきました。私たちの子も、笑顔が可愛くて、まわりを癒やしてくれるようになってほしいと思い、名前には絶対に「笑」を使いたいと決めていました。また、私自身、「みゅう」と言う珍しい名前で、すぐ名前を覚えてもらえたこともあり、子どもにも少し珍しい「ちえり」と言う名前にしました！覚えやすいように、みんなには、サクランボ！チェリーだよ！と言い添えると、一発で覚えてもらい、サクランボの洋服や、アイテムもそろえています！漢字の由来としては、たくさん笑い、その笑顔で、まわりを癒やす子に。そして、まわりを大切にするやさしくておだやかな子にと、願いを込めました！ 少しずつ、笑うようになってきて、本当に幸せな気持ちになり、名前通り、癒やされています。	20191122070710	https://web.archive.org/web/20191122070710/https://baby-calendar.jp/knowledge/common/1043	bc
2017	F		千花	ちか	お姉ちゃんの名前に「咲」という漢字を使っているので姉妹でつながりを持たせたくて「花」という字を使いました。いくつか候補を考えて、お姉ちゃん（1歳）に候補の名前を呼んでもらい、いちばんしっくり来た「千花」に決定しました。	20191122070710	https://web.archive.org/web/20191122070710/https://baby-calendar.jp/knowledge/common/1043	bc
2017	F		智彩	ちさ	智彩の智は「いろいろなことに好奇心や興味を持ってほしい」、彩は「彩りのある人生を歩んでほしい」という願いを込めて智彩という名前をつけました。正直、意味は後付けです。顔の雰囲気と合っているか、漢字、名字とのバランス、あだ名や呼びやすさで決めました。最初は、この響きがいい！この画数がいい！などまとまらず、なかなか主人と私が納得する名前が見つかりませんでした。そんななか、主人が絶対使いたいという漢字をいくつか提案してくれました。その漢字を使った名前の候補をなんとか5つほどに絞り、出産後に顔を見て名前を決めようということになりました。そして無事に娘が生まれてくれて、主人と2人で名前をつけることができました。私ひとりが突っ走ったり、主人が勝手に決めてしまうことなく、2人でつけた名前を最初のプレゼントとして娘にあげることができて良かったと思っています。もう少し大きくなって自分の名前が分かるようになったとき、意味を話してあげようと思います。名前、気に入ってくれるといいなぁー！	20191122070710	https://web.archive.org/web/20191122070710/https://baby-calendar.jp/knowledge/common/1043	bc
2017	F		千咲	ちさき	娘の名前は、夫婦それぞれの願いを一文字ずつ込めました。『千』には「たくさんのことに興味を持って、たくさんのことにチャレンジしてほしい」という私の願いを込めて、『咲』には「たくさんの笑顔にあふれた人生を送ってほしい」という願いを込めました。	20191122070710	https://web.archive.org/web/20191122070710/https://baby-calendar.jp/knowledge/common/1043	bc
2017	F		千澄妃	ちずき	子どもの頃の私はおばあちゃん子で主人がおじいちゃん子でした。2人とも可愛がってもらい本当に素敵な人たちでした。ですので、そんな素敵な人になってほしいと祖母から千を祖父から澄を一文字ずつもらい女の子なので姫をつけてちずきにしようと決めていました。ところが姓名判断をしてみると、凶でした。主人は最初もう決めたのだからこの名前でいくと譲りませんでしたが、私も我が子の一生がかかるんだ！！名前を変えるべきと譲りませんでした。すると、翌日主人から、いろいろ調べれば調べるほど姓名判断を気にして不安になってしまい、やっぱり名前を変えようと言ってくれました。祖父、祖母から頂いた名前は残したかったので姫でなく妃にしては？？と妃で姓名判断をすると大吉に！また、姫を名前につけるより、妃のほうがいいことも判明し、主人も私も大満足の名づけとなりました！	20191122070710	https://web.archive.org/web/20191122070710/https://baby-calendar.jp/knowledge/common/1043	bc
2017	F		千鶴	ちづる	名字が特殊なため、名字との字画を考え、使う漢字を徐々に絞っていきました。また、一目で読んでもらえること、身近な人に同じ名前のほうがいないことを条件にしていました。身内は体が弱い人が多いので、健やかで長生きをしてほしい。また、初めての子どもということで目出度い鶴の字を使うことにしました。名前の代わりにモチーフが使えるのも憧れがありました。（花ちゃん＝花のマークなど）七五三の着物など、和装の際には鶴のモチーフの小物などを探してあげたいなと思っています。古臭いと言われることもありますが、逆に同級生とは被らず良いかなと思います。ちなみに、酉年生まれの祖父も鳥にちなんだ名前でした。千鶴に関しては意図した訳ではありませんでしたが、酉年生まれと覚えやすくて良いかなと、そこも気に入っています。	20191122070710	https://web.archive.org/web/20191122070710/https://baby-calendar.jp/knowledge/common/1043	bc
2017	F		千夏	ちなつ	これから幾『千』の人生を『夏』のように明るく元気いっぱいに過ごしてほしい、また、千夏にはお兄ちゃんがいて、お兄ちゃんには春という漢字が入ってるので、同じ季節の文字を入れたかった。	20191122070710	https://web.archive.org/web/20191122070710/https://baby-calendar.jp/knowledge/common/1043	bc
2017	F		千晴	ちはる	2人目の子どもで考えすぎてしまい、臨月になるまで名前候補が30以上あり、まったく決まっていませんでした。どうしようかと悩んでいたとき、ちょうど快晴で気温が高い夏のような日がありました。眩しい太陽と青い空を見ながら、子どもに夏らしい名前をつけたいな、とふと思いました。夏は夫が好きな季節でもあり、晴れた夏空のように明るい子に育つよう『千晴』と名づけました。	20191122070710	https://web.archive.org/web/20191122070710/https://baby-calendar.jp/knowledge/common/1043	bc
2017	F		千晴	ちはる	たくさんの晴れの舞台、晴れの門出を迎えられるように。	20191122070710	https://web.archive.org/web/20191122070710/https://baby-calendar.jp/knowledge/common/1043	bc
2017	F		千晴	ちはる	たくさんの人の心を晴れやかにするような子に育ってほしいと願いを込めて	20191122070710	https://web.archive.org/web/20191122070710/https://baby-calendar.jp/knowledge/common/1043	bc
2017	F		千晴	ちはる	妊娠中の寒い電車通勤のなか、朝日の光とともに暖かさを感じ、太陽の有り難みを感じた。また、私（母）が夏の太陽が元から好きで、エンゲージリングにつけいているキャッチフレーズが「君は僕の太陽」という指輪を贈られた。好きな花はひまわりだった。以上の経緯から、太陽にちなんだ名前を考えようということになり、千晴になった。	20191122070710	https://web.archive.org/web/20191122070710/https://baby-calendar.jp/knowledge/common/1043	bc
2017	F		千尋	ちひろ	長女が小百合で「百」なので、『次は増えて「千」かな（笑）』という夫の名づけの法則から「千」のつけく女児名を考えました。いろいろ考えたなかから、私が以前から意味や響きが好きで名づけたかった「千尋」に決まりました。物理的な長さ、遠さ、深さを表すので「とても長い」「とても遠い」「とても深い」といった意味から、深く広い心を持った女性に成長してほしいとの願いを込めました。	20191122070710	https://web.archive.org/web/20191122070710/https://baby-calendar.jp/knowledge/common/1043	bc
2017	F		千尋	ちひろ	旦那が屋久島へ行ったときに「千尋（せんぴろ）の滝」を見て、将来子どもが生まれたらこの滝のように大きくてきれいなこころを持った子になってほしいと思ったそうです。なので千尋（ちひろ）と名づけました。	20191122070710	https://web.archive.org/web/20191122070710/https://baby-calendar.jp/knowledge/common/1043	bc
2017	F		千文	ちふみ	7月生まれのため、旧暦の文月から1字を取って名づけました。長女は季語から命名したので、同じように季語から取ることを検討していたのですが、これだと思う名前がなく臨月を迎えても候補名がひとつもあがりませんでした。ぎりぎりになって私が提案したこの名前を夫も候補として考えていて、その場で即決しました。他の名前は思い浮かばず、出産が遅れて最悪8月生まれになったとしても、そのままでいくつもりでした。	20191122070710	https://web.archive.org/web/20191122070710/https://baby-calendar.jp/knowledge/common/1043	bc
2017	F		千癒	ちゆ	4人目4姉妹なのですが、上の3人がﾔﾝﾁｬで野性児で。3人のお姉ちゃんにとっても私や仕事の忙しいパパにとっても、4人目は癒やしの存在になってくれたらなと思ってつけました！	20191122070710	https://web.archive.org/web/20191122070710/https://baby-calendar.jp/knowledge/common/1043	bc
2017	F		月花	つきか	旦那さんと妊娠中にいっぱい案を出し合って決めました♪最終的には、母親である私の意見を尊重してくれて、この名前になりました！月 真っ暗闇を照らしてくれる大きくてやさしいお月様のように、 いろんな人たちを明るい気持ちにさせたり、 安らぎを与えたりできる子になってほしいな 性別的にも月は女の子のまあるい感じ 柔らかくてやさしくて唯一無二の素敵な女性に花 多くの人に愛されて見たら癒やされる、あれば華やかになる……。 言ってしまえばただそれだけですよね。でも、いるだけで多くの人に愛されて大切にされる、お花のように可愛らしい女性に育ってほしい	20191122070710	https://web.archive.org/web/20191122070710/https://baby-calendar.jp/knowledge/common/1043	bc
2017	F		月乃	つきの	2人とも優柔不断なので生まれる前に画数の良い名前をいくつか選んでおきました。生まれた日が新月だったので、月にちなんだ名前にしようというのと、月明かりのようにやさしい女性になってほしいと想いを込めました。	20191122070710	https://web.archive.org/web/20191122070710/https://baby-calendar.jp/knowledge/common/1043	bc
2017	F		紡実	つぐみ	まず、今年の酉年にちなんだ名前や５月に生まれることから誕生花から名前を考えていたところ、春の訪れを知らせる「ツグミ」と言う鳥がいることを知りました。そして、人生においての宝や真心を紡いで、実りある豊かな人生の糸を作ってほしいという思いから「紡実」と名づけました。	20191122070710	https://web.archive.org/web/20191122070710/https://baby-calendar.jp/knowledge/common/1043	bc
2017	F		翼	つばさ	11歳離れたお兄ちゃんが名前をつけました。お兄ちゃんはずっと一人っ子で、まわりには兄弟のいるお友だちばかり。幼稚園のとき、泣きながら｢どうして僕には兄弟がいないの。僕だけひとり」と言われ、不妊治療に踏み切りました。お兄ちゃんの時も治療はしたのですが、わりとすぐにできたので、治療すればまたすぐできるかな？と甘い考えでいました。やはりなかなか授かれず、お兄ちゃんも4年生になり、友だちたくさんいるから、もう頑張らなくてもいいよ。おれ一人っ子のほうがいいかな~なんて気を使ってくれるようにまでなりました。諦めた頃に授かるとたまに聞きますが、うちもそうでした。治療もせずできてビックリしました。お兄ちゃんはこの子に「翼」とつけました。羽（つばさ）の生えた天使が来てくれたから。だそうです	20191122070710	https://web.archive.org/web/20191122070710/https://baby-calendar.jp/knowledge/common/1043	bc
2017	F		つばさ	つばさ	ひらがなは日本特有の文字だと聞いてひらがなにしました。漢字の意味にとらわれずに、日本人として美しいつばさを広げて育ってほしいという思いを込めてつばさと名づけました。地に足をつけることも、空から大地を見ることもできる鳥のようにいろいろな角度からたくさんの物事を見て強くやさしくあってほしいと思います。	20191122070710	https://web.archive.org/web/20191122070710/https://baby-calendar.jp/knowledge/common/1043	bc
2017	F		紬生	つむぎ	命名のサイトで調べたんですが｢羽湖（はこ）｣と迷っていたんですが旦那が｢紬生｣のほうが良いとなり決めました。理由を聞くと｢ムギちゃん｣と呼びたいからという可愛い理由でした	20191122070710	https://web.archive.org/web/20191122070710/https://baby-calendar.jp/knowledge/common/1043	bc
2017	F		紬	つむぎ	紬という名前は私たち夫婦で名づけました。昔から主人の家系の方々がみんな名前は一文字ということで、妊娠する前から、もし子どもが授かれたら絶対に一文字にしようと夫婦で決めていました。私が古風なものを好むので、一文字で古風な名前はないなかなぁと本を買ったり、インターネットや街中で探していたところ、着物に使われる紬糸の存在を知りました。紬糸は美しく、丈夫で、繊細といった意味合いがあり、知った瞬間にこれだ！とほかに候補はなく直感で名づけました。娘には紬糸で作った着物のように、美しく気取らず、丈夫でまわりを笑顔にしてほしいです。そして、糸を一つひとつ編んで作り上げることから、人と人とのつながりを大切にして、根気よく生き抜いていってほしいと思っています。	20191122070710	https://web.archive.org/web/20191122070710/https://baby-calendar.jp/knowledge/common/1043	bc
2017	F		紬生	つむぎ	大好きな人と結ばれて2人の赤い糸をつむいでくれて……。｢紬｣だけは何かいやだったので｢紬生｣に決定しました。	20191122070710	https://web.archive.org/web/20191122070710/https://baby-calendar.jp/knowledge/common/1043	bc
2017	F		紬	つむぎ	結婚式をあげて2カ月後、新しい命を授かりました。性別は女の子と判明！私は将来女の子の子どもを授かったら絶対この名前にすると考えていた名前が紬でした。理由は、響が好きなのと人とのつながりを大切にして人脈をつむいでほしいとの思いもありました。そして、旦那にはそのことは言わず1週間お互い名前考えて1週間後に発表しよう！と言うことになりました。すると旦那は女の子の名づけ本を買ってきていろいろと候補を考えてました。そして……1週間後、せーので本に載ってる名前を指さそうということになり……。せーの！「これ！」なんと旦那も紬という名前を指していたのです。その瞬間すごく運命を感じ、お互いこの名前にしようと決めました。今4カ月になりましたが、つむぎちゃんと声をいろんな人にかけてもらうとにこーっと笑うようになりました。これからもどんな時も笑顔をつむいでいけるような素直でやさしい子に育ってね。	20191122070710	https://web.archive.org/web/20191122070710/https://baby-calendar.jp/knowledge/common/1043	bc
2017	F		紡希	つむぎ	私たち夫婦は今まで、人との良いご縁がたくさんあって素敵な結婚ができました。そんな2人の間に授かった娘には、人と人だったり夢や希望を紡いでいける子に育ってほしいという願いを込めて紡希（つむぎ）と名づけました。	20191122070710	https://web.archive.org/web/20191122070710/https://baby-calendar.jp/knowledge/common/1043	bc
2017	F		叶彩	とあ	夫婦それぞれ考えていた名前と生まれた赤ちゃんの雰囲気がなかなか合わず、産後の入院期間はLINEで深夜まで相談しあっていました。とうとう退院の日。夫が病院に来るとニタニタしながら『とあ』って名前はどうかな？と。赤ちゃんの顔を見ながら、しっくりきたね！と喜び、早速呼び掛けると偶然なのか手をあげてくれたので、満場一致で決まりました！	20191122070710	https://web.archive.org/web/20191122070710/https://baby-calendar.jp/knowledge/common/1043	bc
2017	F		叶逢	とあ	お段から始まる名前は協調性のある子になるということと、叶逢の母の兄と甥っ子が「と」から始まる名前であるため、「と」から始まる名前にすることにしました。漢字としては、自分の夢やまわりの人の願いを叶えられる子になってほしい、人やものの出逢いを大切にしてほしいという願いを込めて叶逢にしました。	20191122070710	https://web.archive.org/web/20191122070710/https://baby-calendar.jp/knowledge/common/1043	bc
2017	F		百環	とわ	父と母、まったく意見が合わず、なかなか決まらなかった名前。いい名前をつけてあげたいーその思いだけは同じでした。名前が決まりかかった瞬間、大河ドラマで主人公の幼少期の名前に心惹かれ決めました。「とわ」。漢字は、たくさんの人の輪に支え支えられながら良い人生を歩んでもらえるように…と「百」「環」の字を使いました。後から気付きましたが、名字は「あんどう」。フランス語の「あん どぅ とゎ」1.2.3！お誕生日は、3月21日で、3.2.1！いろんなことに物怖じせず、勢いよくチャレンジしていってほしいなと思います。	20191122070710	https://web.archive.org/web/20191122070710/https://baby-calendar.jp/knowledge/common/1043	bc
2017	F		環	とわ	金環日食の日、月と太陽が環になった瞬間に結婚しようとプロポーズされ円周率となる3月14日に入籍しました。家族の環（わ）や友だちの環のなかで輝ける子になるようにと思い、読みを｢とわ｣としたのは永遠に続く友だちや人間関係に恵まれるよう、家族然り友だちなど自身のまわりを取り巻く人々を永遠に大切にできる子になるようにと名づけました。（たゆさん） 赤ちゃんの名づけエピソード大賞はこちら 2017年赤ちゃんの名づけエピソード大賞 ＞ 2016年赤ちゃんの名づけエピソード大賞 ＞ 2015年赤ちゃんの名づけエピソード大賞 ＞ 赤ちゃんの名前ランキングはこちら 2017年赤ちゃんの名前ランキングTOP ＞ 2016年赤ちゃんの名前ランキングTOP ＞ 2015年赤ちゃんの名前ランキングTOP ＞ 2014年赤ちゃんの名前ランキングTOP ＞ 2013年赤ちゃんの名前ランキングTOP ＞ 2012年赤ちゃんの名前ランキングTOP ＞ 2011年赤ちゃんの名前ランキングTOP ＞ 2010年赤ちゃんの名前ランキングTOP ＞ おすすめサービスはこちら おすすめ内祝い ＞ 2017/12/08 この記事にいいね！しよう いいね！ 0 0 クリップ 現在ログインしていません。 ログインしますか？ シェアする ツイートする LINEする 戻る 出産予定日 or 赤ちゃん の誕生日を設定しよう！ あなたの今の状態にぴったりの情報だけを厳選してお届けします。 出産予定日 赤ちゃんの誕生日 設定する 設定を変更する 妊娠 週と 日 今日の知っておきたい 今日のＱ&Ａ 設定を変更する お誕生日から 日 歳 カ月と 日 今日の知っておきたい 今日のＱ&Ａ 離乳食 はちみつ 豆腐 赤ちゃんの名前ランキング 妊娠力診断 ほうれん草 母乳 つわり うどん 人見知り 納豆 義母 PICK UP 産後のママをケアしてくれる！ 産後ケア施設検索 先輩ママの口コミ掲載！ 産婦人科検索 ぴったりの病院が見つかる！ 婦人科検索 赤ちゃんとの毎日が楽しくなる かわいいベビー肌着 photo studio guide フォトスタジオガイド ママの口コミ満載 お泊まり宿 はじめての方へ 赤ちゃんの笑顔でいっぱいの毎日を。『ベビーカレンダー』は、赤ちゃんが毎日を笑顔で過ごせるような情報をお届けする、妊娠・出産・育児の情報サイ	20191122070710	https://web.archive.org/web/20191122070710/https://baby-calendar.jp/knowledge/common/1043	bc
2017	F		奈央	なお	妊娠する前から、女の子の赤ちゃんを授かったら付けたい字がありました。それは「奈」です。友人知人にこの字が使われている子がいて、かわいい漢字だなぁと思っていたんです。この「奈」を含んだ名前で、苗字と相性の良い名前をピックアップ。何回も主人と発音して、響きや、縦書き、横書きをしてみて、バランスも確認しました。その中で「奈央」がいちばんしっくりきました。（アナウンサーに同姓同名がいたような……）後付けになりますが、主人の名前に「大」が付くので、奈央の漢字にいずれも大が隠れているので、陰ながら支えているという意味も込めました。	20191112015148	https://web.archive.org/web/20191112015148/https://baby-calendar.jp/knowledge/common/1044	bc
2017	F		奈桜	なお	予定日が4月初だったので桜のようにみんなに愛される子に育ってほしく、決めてました！しかし、出血があったりで帝王切開となってしまい3月中に生まれてしまい開花前でした。	20191112015148	https://web.archive.org/web/20191112015148/https://baby-calendar.jp/knowledge/common/1044	bc
2017	F		凪	なぎ	昨年不妊治療のすえにできた子どもが流産し、2016.7.20に流産手術を受けました。私たち夫婦は泣いてばかりの毎日を送りました。でも医師から、いつまでも引きずっていたら、次の赤ちゃんが2人のところに安心して来られないよ、とアドバイスをもらい、すぐに妊活開始。そしたらまさかのすぐ子どもを授かることができました。しかし流産を経験してるトラウマで、毎度の超音波健診が不安でこわくて、元気でいるように毎日祈ってました。なんとか、妊娠後期まできて、いよいよ臨月。生産期でNSTを受けたとき、なんと赤ちゃんの心拍が落ちたりすることが判明。ここまできて絶対に失いたくない一心で、事前入院し、常時監視体制で予定日を過ぎても子宮口がまったく開かない。陣痛促進投与、心拍が落ちてきた。周りのスタッフはバタバタ。外も晴れていたのがドラマのように雷雨になった。急遽、帝王切開に切り替え、促進剤をストップしたら心拍が戻ってきた。バタバタのオペのすえ、昨年の流産手術からちょうど一年後、2017.7.18無事に誕生！安堵で涙がとまらなかった。名前は凪。凪とは、荒れていた海や風が静まる様子、という意味。私たち夫婦にとって、赤ちゃんの誕生は、この波乱な1年間、荒れていた時間から、すっと静まり安心と笑顔を取り戻してくれた。凪という漢字は、私たち3人の1年間を物語るような意味から名づけました。	20191112015148	https://web.archive.org/web/20191112015148/https://baby-calendar.jp/knowledge/common/1044	bc
2017	F		凪	なぎ	もともと自然に関する名前にしようと思っていました。31週で切迫早産で入院し36週6日、2258ｇとちょっとずつ足りない状態で退院予定日に生まれてきた娘（笑）。生まれる前から慌ただしい娘に、波乱万丈より、凪いだ海のように穏やかな人生を。そして大きな海のように大きく育ってほしい。荒れていない凪いだ海は老若男女問わず楽しむことができる海でもあるので、そのようなおおらかさを持った人になってほしい。そんな思いを込めて凪と名づけました。結果、あっという間に成長曲線の下をはっていた身長体重も平均に追いついてくれて、今は元気いっぱいです	20191112015148	https://web.archive.org/web/20191112015148/https://baby-calendar.jp/knowledge/common/1044	bc
2017	F		凪紗	なぎさ	海のように広く穏やかな心でやさしく人を包み込めるような女性になってほしい」という想いを込めて。私たち夫婦からの最初のプレゼントである名前。素敵な名前にしたく妊娠発覚から生まれるまで毎日悩みました。なぎさという響きに決めてからも、漢字はどうするか、たくさん話し合って決めた名前です。たくさん話し合っていい名前を考えて、そんな夫婦で名前を決める時間もいい思い出でした。心が広く、やさしい、周りの人を穏やかにできる。そんな人になってもらいたいです。大きくなった時に自分の名前、そして夏、海を好きになってくれたら嬉しいなあ。	20191112015148	https://web.archive.org/web/20191112015148/https://baby-calendar.jp/knowledge/common/1044	bc
2017	F		渚	なぎさ	名前の候補はいくつかあったのですが、生まれた子どもの顔を見て、なんか違う！と候補がすべてボツになりました。薄顔だけどやさしそうな顔だったので、広い海のような心を持ってほしい、波打ち際のようにみんなが集まるようなやさしい人に育ってほしい、という思いからつけました。	20191112015148	https://web.archive.org/web/20191112015148/https://baby-calendar.jp/knowledge/common/1044	bc
2017	F		凪咲	なぎさ	帝王切開での出産が終わり痛みなどが落ち着いた翌日、産前迫っていた台風が過ぎ去った後だったので『凪』が思い付き、女の子らしく『咲』を足して『凪咲』もうひとつのエピソードとしては『なぁたん』と言う愛称で呼びたかったので名前に『な』があるのが必須条件でした	20191112015148	https://web.archive.org/web/20191112015148/https://baby-calendar.jp/knowledge/common/1044	bc
2017	F		奈津	なつ	主人と付き合って3カ月ごろから、結婚やマイホーム、子どもの話をするようになりました。子どもを授かったら、あだ名で「なっちゃん」と呼ばせたいと真剣な話をよくしていました。かれこれ1年半が経ち、結婚しました。そして念願の女の子を授かりました。以前から考えていた「なっちゃん」になるよう、さまざまな名前を考えました。なつき、なつみ、なつめ、なつか、なつは。ちょうどその頃、映画「君の名は」が流行り、「◯◯は」もいいねと話をしたこともありました。けれどもどれもしっくりきません。そこで漢字の意味や画数を調べました。「奈」には思いやり、やさしさなどの意味があり「津」にはうるおいを与えるという意味があるそうです。悩んだ末、「奈津」あたたかい心で周りをうるおしてほしいと願いを込めて決めました。今ではみんなに「なっちゃん」と呼ばれています。家族みんなで名前を大切にしニコニコの毎日を過ごしています。もしかするとおなかの中で、娘は聞いていたのかもしれませんね。	20191112015148	https://web.archive.org/web/20191112015148/https://baby-calendar.jp/knowledge/common/1044	bc
2017	F		那月	なつき	なっちゃんと呼びたくて響きから名前を決めました。太陽も大切ですが、月もなければ夜は真っ暗です。太陽とはまた違った光で周囲を明るく照らしてほしいと思って、この名前をつけました。（ミルク海獣なつきンマンママさん）	20191112015148	https://web.archive.org/web/20191112015148/https://baby-calendar.jp/knowledge/common/1044	bc
2017	F		菜月	なつき	"母の名前から""菜""を取り、『月みたいに奥ゆかしくも強くいてほしい』という願いを込めて""月""。8月生まれなので、旧暦で『葉月』と同じイントネーションで呼んでいます。"	20191112015148	https://web.archive.org/web/20191112015148/https://baby-calendar.jp/knowledge/common/1044	bc
2017	F		菜月	なつき	"妊娠６カ月頃に女の子と判り、パパが「元気なかんじの名前がいい」とのことで、""なつき""に。ピンときたようです。その後漢字を悩み、画数的には""那都希""が良かったけど、女の子だと分かりやすいように""菜月""に決定。すると予定日よりかなり早く、ストロベリームーンの日に生まれてきました！"	20191112015148	https://web.archive.org/web/20191112015148/https://baby-calendar.jp/knowledge/common/1044	bc
2017	F		夏音	なつね	季節が夏で、お母さんの中にいる時から良く動いていて、ポンポンと音がする感じだったので夏音。	20191112015148	https://web.archive.org/web/20191112015148/https://baby-calendar.jp/knowledge/common/1044	bc
2017	F		夏芽	なつめ	待望の女の子だったので、悩みに悩み生まれてくるまで決めかねていました。始めは女の子らしい可憐な名前を考えたりしていたのですが、生まれてきた時あまりにも元気で、可憐な感じが吹き飛んでしまいました！出産直後しか同室で声を聞いていないのに、フロアー中に響き渡る大きな声の持ち主は我が娘と分かるほど…夏の芽吹きを感じさせたので、夏芽に決まりました☆	20191112015148	https://web.archive.org/web/20191112015148/https://baby-calendar.jp/knowledge/common/1044	bc
2017	F		七寧	ななね	我が子の予定日は7月7日の七夕でした。私自身も、実は七夕が予定日だったそうです。七夕に生まれたら「ななちゃん」と名づけようと父と母は決めていたそうですが、実際に生まれた日は1日早く7月6日で違う名前になりました。我が子も予定日通りには生まれず、5日超過してしまいましたが、私自身の名前になっていたかもしれない「七」と穏やかでやさしい子になってほしいという願いを込めて「寧」の2文字で七寧と名づけました。	20191112015148	https://web.archive.org/web/20191112015148/https://baby-calendar.jp/knowledge/common/1044	bc
2017	F		菜々美	ななみ	夫が中学1年生の時に亡くなられたお母様が、生前、夫が女の子だったら「ななみ」とつける予定だったと話してくれていたと。その話を聞いてからそれ以外考えられなくなりました。漢字は夫婦2人で考え、菜の花のように明るい子に育ってほしいという私たちの想いと、お母様の想いを合わせた名前にしました。天国で孫の姿を見てくれていたらいいなぁと思っています。	20191112015148	https://web.archive.org/web/20191112015148/https://baby-calendar.jp/knowledge/common/1044	bc
2017	F		七海	ななみ	二人目ということもありのんびり考えていたら、予定日より早く陣痛がきて名前が決まる前に出産。しかし生まれてきたわが子の顔を見た瞬間に「七海」という名前が降ってきました。2017年7月7日20時7分、身長47.4cmで生まれ。なんと7が多いことでしょう！上の子も1日違いの夏生まれで名前に「帆」がついてるので、海つながりで「七海」しかない！と思い決定しました。大海原を姉妹で手を取り合って航海してほしいものです。	20191112015148	https://web.archive.org/web/20191112015148/https://baby-calendar.jp/knowledge/common/1044	bc
2017	F		菜花	なのは	小さいながらも寒さに負けず、暖かくなるころに咲く 菜の花。まわりのみんなをたくさんのやさしさで温かく包み込んでほしい。そんな想いでつけました。	20191112015148	https://web.archive.org/web/20191112015148/https://baby-calendar.jp/knowledge/common/1044	bc
2017	F		那海	なみ	私たち夫婦は、生まれてからも名づけに悩んでました。お互いにつけたい名前があり、生まれるまでにいくつも候補があがっていました。が……。いざ、生まれて顔を見ると、どの名前も違うなとなり、入院中も候補を出し合っていました。ちなみに、姓名判断も色々調べつくし、結局気にしないようにしようと決めました。そして、退院日を迎え。夫婦で退院して、そのまま出生届をだそうと決めていましたので、役所へ行きました。前日まで悩んでましたが、結局は夫がふと思い浮かんだ名前に決まりました。沖縄の海を思い浮かべて、那海と名づけました。意味は、海のように広い心と寛容さをもつ美しい女の子になってもらえればとのことです。	20191112015148	https://web.archive.org/web/20191112015148/https://baby-calendar.jp/knowledge/common/1044	bc
2017	F		七海	なみ	何個か候補があり、おなかに問いただすとその名前だけものすごい反応が！！！旦那もおなかに問いただすと反応が。その名前で決まりました。	20191112015148	https://web.archive.org/web/20191112015148/https://baby-calendar.jp/knowledge/common/1044	bc
2017	F		にこ	にこ	今年8月、私は35歳で初めての出産を迎えました。3534gの大きな女の子が元気に生まれました！私は10代の時に「自分が将来、もし誰かと結婚して、チビちゃんができたら絶対にこの名前をつけよう！」と心に決めていた名前。それが『にこ』。笑顔いっぱいの人生を歩んでほしい。自分の笑顔で周りを明るくしてほしい。笑顔があれば、それだけで幸せ！その思いを込めて。妊娠してからもブレることなく、男でも女でも「にこ」と名づけようと。妊娠した際に旦那さんに「決めていた名前がある！にこ！」と伝えると、初めはえっ?!と固まって驚いていましたが……（笑）。。漢字は旦那さん担当で任せました！『あて字は嫌だなぁ〜とか誰もが絶対読める感じがいいなぁ〜』とかいいながら結局ひらがなにしました！にこがニコニコの人生を送れますように！	20191112015148	https://web.archive.org/web/20191112015148/https://baby-calendar.jp/knowledge/common/1044	bc
2017	F		二瑚	にこ	娘と判明してから、女の子の名前候補を何個か上げていた時のこと。ゆい、りん、りこ、ののちゃん、どうしようと、姉に相談していると、にこちゃんだ! 妹の名前は、にこちゃんだよ〜と、電話口の、姉に言ったお兄ちゃん。にこちゃんじゃなくて、りこちゃんって言ってたんだよ。そう、説明すると、違うよ。お兄ちゃんが、にこちゃんて、考えたの。との返答。どうせ、一時的なものと、その場は、流したけれど。翌日から、にこちゃん、とおなかの中の妹に話しかけている。いちばん名前を呼ぶのは、ママとお兄ちゃんなんだからと、パパを説得した。3歳のお兄ちゃんが、名づけ親になった。生まれた後は、にこちゃん、お兄ちゃんは、にこに、会いたかったんだよ。と、毎日とてと、かわいがってくれている。	20191112015148	https://web.archive.org/web/20191112015148/https://baby-calendar.jp/knowledge/common/1044	bc
2017	F		虹歩	にじほ	お兄ちゃんが太陽の陽を使っているので、空に関連する字で周りを笑顔にできる子に育ってほしいという願いから。虹のように色とりどりの人生を歩んでほしい。また2人ともイ行が多く使われている名前で呼ぶだけで口角が上がり笑顔になれる名前に、と思い名づけました。	20191112015148	https://web.archive.org/web/20191112015148/https://baby-calendar.jp/knowledge/common/1044	bc
2017	F		虹奈	にな	旦那さんがホントに漢字が書けなさすぎて、簡単ででもちゃんと意味があるものでと探しました。旦那さんにどう？と気いたところ「虫にエか！」これなら書けるとなり決まりました。「由来よりそこかいっ！」てなりましたが…由来もあたしは好きなのでOKしましたが。	20191112015148	https://web.archive.org/web/20191112015148/https://baby-calendar.jp/knowledge/common/1044	bc
2017	F		虹奈	にな	上の子が星奈（せな）と、書きと読みが二文字なので、姉妹で合わせたかった。それと、たった一度の人生なので、虹のようにカラフルで素敵な人生になってほしいと思い、名づけました。	20191112015148	https://web.archive.org/web/20191112015148/https://baby-calendar.jp/knowledge/common/1044	bc
2017	F		寧音	ねね	私と主人で名前の候補をお互いに出しあったら、ねねが一致しました。寧音のお兄ちゃんのときはなかなか決まらなかったので、一致したのにはビックリです。漢字は私は、穏やか丁寧かわいい女の子にあればいいなと思うすべての意味をもった寧を。主人は、寧音のお兄ちゃんの字から嬉しい訪れとして使った音を。大きくなって自分の名前を気にいってくれたら嬉しいな♪	20191112015148	https://web.archive.org/web/20191112015148/https://baby-calendar.jp/knowledge/common/1044	bc
2017	F		望愛	のあ	主人（のぶあき）と私（あや）の名前の頭文字を取り「のあ」と名づけ、漢字の意味は望まれて望まれて生まれてきた子。誰からも愛される子望愛と、名づけました	20191112015148	https://web.archive.org/web/20191112015148/https://baby-calendar.jp/knowledge/common/1044	bc
2017	F		遥愛	のあ	捉われずのびのびと生きて、皆んなに愛され愛を与えられるやさしい子に育ってほしいと思い遥愛とつけました。	20191112015148	https://web.archive.org/web/20191112015148/https://baby-calendar.jp/knowledge/common/1044	bc
2017	F		和	のどか	和顔愛語という四字熟語から名づけました。穏やかな表情で、いい言葉をいいましょう、という風に解釈しています。和という字には、思いやりという意味があるそうです。私は、二度流産し、三度目の妊娠でやっと我が子に会うことができました。それまでは、悲しくてやりきれなかったり、人に言えないほど卑屈な気持ちになったり、そんな気持ちが長く続きました。ですがここに至るまで、夫をはじめ、家族や友人、たくさんの人のやさしさに支えられました。一緒に泣いてくれたり、励ましてくれたり、普通に接してくれたり、様々な思いやりをもらいました。色んな人が、和（のどか）の誕生を待っていてくれました。なので和も、身近な人が悲しんでいたら、そっと寄り添うような、思いやりを持った人になってほしいと思いました。また周りの方々への感謝の意味も込めて、この名前をつけました。	20191112015148	https://web.archive.org/web/20191112015148/https://baby-calendar.jp/knowledge/common/1044	bc
2017	F		和花	のどか	女の子なので、かわいらしい名前がいいと思い考えていました。季節を取り入れたりするのもいいなと思って、名づけ本も見ましたが、なかなかしっくりくるものは見つかりませんでした。私がふと思い付いたのが『和花』でした。穏やかでやさしい子、また、かわいらしい子になってほしい、そんな思いにぴったりな名前と漢字だと思います。夫もこの名前を見た瞬間に、これいいね！とすぐに賛成してくれました。	20191112015148	https://web.archive.org/web/20191112015148/https://baby-calendar.jp/knowledge/common/1044	bc
2017	F		ののか	ののか	のんちゃんと呼びたかったから、「ののか」いくつか名前の候補はあったけれど、決め手に欠けていた妊娠8カ月。そのころ、妊娠を報告した恩師から絵本が届きました。恩師は、私が一度流産してしまったときに、心に寄り添ってくれた先生。寡黙で、不器用な、昔ながらの男の先生が、私のために行動を起こしてくれたことだけで、胸がいっぱいになるほど嬉しかったです。その絵本は、松谷みよ子さんの「いないいないばあ」さっそくおなかに読み聞かせをすると、最後のページに「のんちゃん」という女の子が出てきて、そのとき、おなかの中で胎動が活発になったのです。のんちゃんと呼びたい！私は決意し、候補にあった、「ののか」にしよう！と思いました。夫も賛成してくれ、娘の名前が決まりました。女の子なら、ひらがな3文字にすることはいちばん最初に決めていたけど、もし、漢字に当ててさらに意味を添えるなら、『お花屋さんにあるようなお花ではなく、野に咲く花のように、親しみのある、愛嬌のある女の子に育ってほしい』という願いを込めて。山登りや自然が好きな、私たち夫婦らしい名づけになったと感じています。わが家ののんちゃんは、まだ2カ月半ですが、愛くるしい笑顔で、愛嬌いっぱい。みんなにしあわせをもたらしてくれています。	20191112015148	https://web.archive.org/web/20191112015148/https://baby-calendar.jp/knowledge/common/1044	bc
2017	F		ののか	ののか	名字が自然を連想させるものであり、父母ともに自然豊かな土地で育ったことから、自然にまつわる名前にしたいと思っていました。春の野原に咲く花のように暖かく穏やかでのびのびと育ってほしいという想いを込めて名づけました。（まさん）	20191112015148	https://web.archive.org/web/20191112015148/https://baby-calendar.jp/knowledge/common/1044	bc
2017	F		希羽	ののは	わが家の四女が誕生しました。長女14歳、次女10歳、三女7歳。おませなお姉さま方たち。生まれてくる赤ちゃんの名前に口出ししないわけはなく……。みんながそれぞれ候補を2つずつだし、そこから多数決。「キラキラネームは嫌だ」「友だちにその名前いるからダメ」なかなか決まらず、最終的にママプラス三姉妹が気に入った名前が希羽（ののは）。希望を持って羽ばたいて生きていってほしいと願い！パパは最終的に確認し、オッケーがでて。ののちゃん、ののちゃんとみんなから愛されかわいがられすくすく成長しています。名前は両親からの最初のプレゼントといいますが、わが家は家族みんなからのプレゼントとなりました。周りの年配者からは読めない、変わった名前なんていわれることも…。でも、家族みんなが一生懸命考えて、名づけた名前だから後悔はないです。これからもすくすく育ってね♪	20191112015148	https://web.archive.org/web/20191112015148/https://baby-calendar.jp/knowledge/common/1044	bc
2017	F		稀羽	ののは	連続の名前が良かったので（ここ）（りり）など。考えた末、『のの』に決定。そして、酉年生まれということで『羽（は）』を付けました。ある知り合ったおじいさんが、酉年は羽ばたく為に生まれてくるという話を聞き、希望を込めて『稀』という漢字をつけた。出産して、入院中にちょうど稀勢の里が横綱になり、稀という漢字が有名に（笑）。子どもの漢字の説明が、女の子なのに、稀勢の里の稀ですというようになりました	20191112015148	https://web.archive.org/web/20191112015148/https://baby-calendar.jp/knowledge/common/1044	bc
2017	F		暖心	のん	温かい心をもった子どもに育つよう願いを込めて名づけました。（のんのん母さん） 赤ちゃんの名づけエピソード大賞はこちら 2017年赤ちゃんの名づけエピソード大賞 ＞ 2016年赤ちゃんの名づけエピソード大賞 ＞ 2015年赤ちゃんの名づけエピソード大賞 ＞ 赤ちゃんの名前ランキングはこちら 2017年赤ちゃんの名前ランキングTOP ＞ 2016年赤ちゃんの名前ランキングTOP ＞ 2015年赤ちゃんの名前ランキングTOP ＞ 2014年赤ちゃんの名前ランキングTOP ＞ 2013年赤ちゃんの名前ランキングTOP ＞ 2012年赤ちゃんの名前ランキングTOP ＞ 2011年赤ちゃんの名前ランキングTOP ＞ 2010年赤ちゃんの名前ランキングTOP ＞ おすすめサービスはこちら おすすめ内祝い ＞ 2017/12/08 この記事にいいね！しよう いいね！ 1 0 クリップ 現在ログインしていません。 ログインしますか？ シェアする ツイートする LINEする 戻る 出産予定日 or 赤ちゃん の誕生日を設定しよう！ あなたの今の状態にぴったりの情報だけを厳選してお届けします。 出産予定日 赤ちゃんの誕生日 設定する 設定を変更する 妊娠 週と 日 今日の知っておきたい 今日のＱ&Ａ 設定を変更する お誕生日から 日 歳 カ月と 日 今日の知っておきたい 今日のＱ&Ａ 離乳食 はちみつ 豆腐 赤ちゃんの名前ランキング 妊娠力診断 ほうれん草 母乳 つわり うどん 人見知り 納豆 義母 PICK UP 産後のママをケアしてくれる！ 産後ケア施設検索 先輩ママの口コミ掲載！ 産婦人科検索 ぴったりの病院が見つかる！ 婦人科検索 赤ちゃんとの毎日が楽しくなる かわいいベビー肌着 photo studio guide フォトスタジオガイド ママの口コミ満載 お泊まり宿 はじめての方へ 赤ちゃんの笑顔でいっぱいの毎日を。『ベビーカレンダー』は、赤ちゃんが毎日を笑顔で過ごせるような情報をお届けする、妊娠・出産・育児の情報サイトです。日めくりカレンダーを毎日めくるように、『ベビーカレンダー』を、ぜひ毎日ご活用ください。 ログイン / 新規登録 ベビーカレンダー監修者はこちら あなたも質問してみませんか？ ご投稿いただいた質問に、頼れる専門家が回答いたします。気になる悩みや疑問をお寄せ	20191112015148	https://web.archive.org/web/20191112015148/https://baby-calendar.jp/knowledge/common/1044	bc
2017	F		葉奈	はな	8月が葉月ということから葉の字をとり、母親である私の名前に奈がついてるため、合わせて葉奈という名前にしました。	20191119205737	https://web.archive.org/web/20191119205737/https://baby-calendar.jp/knowledge/common/1045	bc
2017	F		はな	はな	もともと、主人が女の子につけたいと考えていた名前の候補のなかから決めました。まず名前を見たときに、絶対に誰からもすぐに呼んでもらえるようにわかりやすい名前にしたかったのと、日本の女の子らしい名前をつけたいと思ったので、ひらがなで”はな”という名前に。今はまだ蕾だけれど、将来は大輪を咲かせる”花”のように、”華”やかな人生を歩んでほしいという願いも込めています。少し古風かなと思うときもありますが、年配の方からは絶大な支持があります（笑）。まだ生後間もないですが、すでに『はなちゃん』という愛称が定着しつつあり、呼びやすいし覚えてもらいやすいので、この名前をつけて本当によかったと思っています。	20191119205737	https://web.archive.org/web/20191119205737/https://baby-calendar.jp/knowledge/common/1045	bc
2017	F		初奈	はな	お姉ちゃんが名前をつけて、パパとママで漢字を決めた。	20191119205737	https://web.archive.org/web/20191119205737/https://baby-calendar.jp/knowledge/common/1045	bc
2017	F		羽南	はな	私は未年で「未来（みく）」という名前なのですが、名前に「未」が入っています。子どもは酉年なのですが、「酉」が入る名前が思い浮かばなかったため「羽」という漢字を入れたいと思い、考えていました。両親・妹と名前を考えているなかで「はな」がかわいいという話になり、亡くなった曾祖母が「ハナ」でとっても温かくてやさしい人だったので「はな」に決まりました。主人がペルー国籍で、ペルーは南アメリカ大陸にあるので、そこから「南」をもらって「羽南」と名づけました。	20191119205737	https://web.archive.org/web/20191119205737/https://baby-calendar.jp/knowledge/common/1045	bc
2017	F		花恵	はなえ	どんな場所でも咲いていけるように、どんな場面になってもやっていけるように、まわりを笑顔にできる恵みとなっていけるようにを願ってです。	20191119205737	https://web.archive.org/web/20191119205737/https://baby-calendar.jp/knowledge/common/1045	bc
2017	F		花果	はなか	私と母で、画数のいい名前をネットからピックアップしていました。すると、主人が「はなちゃん」って呼びたいな、はなちゃんって呼べれば漢字とかは任せると言ってくれました。ピックアップしていた候補のなかに「花果」という名前がありました。でも、「果」という漢字は果てるとか、終わりとかマイナスな印象があり、迷いました。ですが、花や果実は見ている人を幸せな気持ちにさせることから、人に喜ばれる人になってほしいという思いで、そのまま「花果」と名づけました。実は、妊娠がわかる直前に夫婦間のすれ違いから主人に離婚してほしいと言われました。妊娠がわかっても主人の気持ちは変わらず、別居か離婚の選択を迫られていました。家ではひと言も口を利いてくれない状況が半年程続き、ついに別居することになりました。この間ずっと義理の母が（もちろん自分の母も）相談に乗ってくれて、なんとか離婚せずにいてほしいと私を支え続けてくれました。でも別居してもいい結果には繫がらないと思い、1カ月程で主人の元に帰りました。諸行無常、この子が生まれればなにかが変わることを信じていました。出産が近づくにつれて主人の態度もやさしくなり、見ない力により奇跡的に出産に立ち会ってもらうことができました。妊娠期間中はまさに修行でした。ですが、そのおかげで母として強くなれた気がします。義理の母は仏教を信仰しており、「果」には仏道修行の結果という意味もあると知り、まさに修行の結果として生まれてきてくれた子だと実感しています。出産を機に主人は謝ってくれて、私と娘を大切にしてくれています。ちなみに、ネットから「花果」をピックアップしたのは私の母でした。みんなの思いがつまった名前なので、私たちはとても気に入っています。	20191119205737	https://web.archive.org/web/20191119205737/https://baby-calendar.jp/knowledge/common/1045	bc
2017	F		華菜乃	はなの	名づけは、女の子とわかった6カ月ごろから少しずつ考えるようなりました。姓名判断を調べ、いい画数の字を探し、候補の名前を何個か決めていました。10カ月のときには、候補は２つ！最後は赤ちゃんを見て決めようと、思っていました。それまでは、ポンちゃんと呼んでいました。そして、ついに、春のやさしい明るさが感じられる朝に生まれた娘。黄色い菜の花がきれいな季節でした。菜の花のように謙虚に、かわいらしく、そして、春の明るさと共に華やかな人生を歩んでほしいと願い、「華菜乃」と名づけました。名前を呼ぶたびに、おなかにいたときに名前を考えていた温かな時間を思い出します。そして、娘の名前に込めた願いや想いが伝わるように、娘には豊かな愛情をたっぷり注いであげたいと思っています。	20191119205737	https://web.archive.org/web/20191119205737/https://baby-calendar.jp/knowledge/common/1045	bc
2017	F		花珠	はなみ	臨月に近づいてきたころ、もうすぐ2歳になる長女の七珠（ななみ）が、しまじろうの妹の『はなちゃん』が大好きで、おなかの赤ちゃんのことも「はなちゃん」と呼んでいました。その様子があまりにもかわいらしく、生まれてくる赤ちゃんの名前も「はなちゃん」にしようということになりました。名字とのバランスで、名前はどうしても三文字がよかったので、「はな◯」を色々と考えていたところ、「花」に、長女の「珠」という漢字をつけた「花珠」が、真珠のなかでもとくに希少価値が高く、貴重で非常にきれいな真珠のことであるということを知り、「花珠」と書いて「はなみ」と名づけました。	20191119205737	https://web.archive.org/web/20191119205737/https://baby-calendar.jp/knowledge/common/1045	bc
2017	F		葉々奈	はばな	ハバナはキューバの首都の名前。妊娠2カ月のとき、悩みに悩んでキューバに旦那と新婚旅行に行ったのがきっかけです。結婚後、母の癌の発覚により結婚式や新婚旅行の延期、不妊治療となかなか順風満帆の結婚生活が送れないなか、ようやく落ち着いた結婚3年目で新婚旅行の計画を！そのタイミングで妊娠も発覚しました。悩んだ末に行くことにし、夫婦ともに大好きな国になりました。生まれてきた子には、キューバの人々のように、どんな逆境にも前に進む力を身につけて、そして、明るく陽気な人になってほしいと願いを込めて、キューバの首都の名前ハバナ→葉々奈にしました。	20191119205737	https://web.archive.org/web/20191119205737/https://baby-calendar.jp/knowledge/common/1045	bc
2017	F		晴	はる	夫婦で事前に色んな名前を考えて候補を絞った上であとは顔を見てから決めようかと言っておりました。里帰り出産で田舎に帰っていたため、出産に立ち会えるよう夫の勤務先の配慮で予定日前後1週間の休みをいただき田舎に来てくれました。しかし、予定日を3日過ぎても陣痛が来ず、夫が東京に戻るまであと2日と迫り、なんとか夫がいるうちにと思い陣痛を促すため田舎道を歩くことにしました。夫と2人家を出ると、とても鮮やかな水色でところどころに雲が浮かび絵に描いたような晴天でした。2月の末で冬も終わりの雰囲気のなか、ところどころに雪が見る田んぼ、川、山、そして空がとてもきれいでした。早く生まれてくれないかと焦っていたのも忘れ、天気がいいと気持ちも晴れるね〜と夫と笑いました。その夜に陣痛が来て、無事安産でした。親族から春らしい名前にしたらどうかというアドバイスもありましたし、晴天のようにいつ何時も晴れやかでまわりの人をも気持ちよくさせるような子になれば嬉しいと思い、事前に考えた候補もまったく関係なく「晴（はる）」と名づけました。	20191119205737	https://web.archive.org/web/20191119205737/https://baby-calendar.jp/knowledge/common/1045	bc
2017	F		遥歌	はるか	春の時期に生まれたから『はる』、『遥』はパパの好きな字なので、そして『歌』のようにみんなの気持ちに寄り添える子になってほしいから『か』	20191119205737	https://web.archive.org/web/20191119205737/https://baby-calendar.jp/knowledge/common/1045	bc
2017	F		遙華	はるか	緊急帝王切開での出産、全身麻酔のためもしかしたら泣かないかもと言われてましたが元気に泣いて生まれた娘。運がいいねと夫婦で話し、運がよく響のいい名前をつけてあげようと決めました。名前の意味は世界で活躍する華のある人生を送れますように。	20191119205737	https://web.archive.org/web/20191119205737/https://baby-calendar.jp/knowledge/common/1045	bc
2017	F		陽香	はるか	義父が癌の闘病中、私の妊娠が発覚。辛い治療に取り組むなかでの朗報に、とても喜んでくれていました。しかし、その後義父の容態は悪化。私のつわりが少し治まって、ようやくお見舞いに行けたときには、元気だったころの義父とは別人のようでした。自分が辛いにも関わらす、「おめでとう、体に気をつけて」と、少し膨らみ始めた私のおなかをやさしく二度、なでてくれた義父。義母から聞いたのですが、義父が少し弱気になったときには「〇〇（夫の名前）の子どもに会えるかなぁ…」と口にしていたそうです。そしてその数週間後、賢明な闘病もかなわず、義父は帰らぬ人となってしまいました。その後赤ちゃんが女の子とわかり、名前を相談していると、夫からある提案が。義父が亡くなったとき、病院の窓からきれいな朝日が差し込んできたそうです。永眠してしまった義父と対照的に、その日新たに登ってきた朝日。それが義父から赤ちゃんへの命のバトンタッチのように思え、子どもには「光」にちなんだ名前にしたいとの要望がありました。そこから考えて、私が太陽の「陽」と書いて「はる」と読む字を提案。言葉の響きも明るくきれいだと、夫も気に入ってくれました。またちょうど春の花の香る時期だったので、「香（か）」を止め字にし、「陽香（はるか）」と名づけました。そして驚くことが起こります。予定日が義父の誕生日の5日後だったので、家族と冗談で「お義父さんの誕生日の日に生まれたりして～」なんて話をしていたのですが、陣痛がきたのがその誕生日の2日前の夜。痛みで眠れぬ夜を過ごして早朝に病院へ。LDRに入る前に「お義父さんの誕生日の1日前に生まれるね～惜しかったね～」なんてのんきに話をしていたのですが、思いがけぬ難産で、その日のうちに生まれず、そして日付は変わり…なんと本当に義父と同じ誕生日の日、しかも早朝の朝日が差し込む時間帯に、元気な女の子が生まれました。孫に会うことがかなわなかった義父。しかし、その命のバトンを受け取った娘は元気にすくすくと成長しています。大きくなったらたくさんおじいちゃんの話をしてあげたいと思っています。	20191119205737	https://web.archive.org/web/20191119205737/https://baby-calendar.jp/knowledge/common/1045	bc
2017	F		遥綺	はるき	不倫から始まった恋でした。相手には、生まれたばかりの赤ちゃんがいて、幸せな家庭でした。私は不倫なんてよくないとわかっていました。相手には家族があったから『離婚』という言葉も出さずがまんし続けましたが、相手に会えば会うほどどんどん惹かれていき、しまいには奥さんがいないのを見計らって家に泊まりに行ったり、一緒に出かけたり、ご飯食べに行ったり、気持ちはどんどん辛くなるばかりでした。自分にも未婚で産んだ息子がひとりいました。息子のことや相手の家族のことを考えると、2人が同じ道を歩むなんて、幸せになるなんて犠牲が大きくて幸せなんて遥かな希望なんだと…それが叶ったら奇跡なんだと思いました。ですがそんな遥かな希望も叶い 相手は、離婚し 私たちは結婚し、今では遥綺と息子 旦那（不倫相手）で幸せに暮らしてます。娘にはパパとママが遥かなる希望のなかでお互い好きになり、遥綺が生まれたということから、娘の名前を遥綺にしました。『綺』は希望 奇跡 きれいという意味でつけました。	20191119205737	https://web.archive.org/web/20191119205737/https://baby-calendar.jp/knowledge/common/1045	bc
2017	F		陽色	ひいろ	みんなのヒーローになればいいな。そして太陽のように人を明るくする人になってほしいのといつでも上を見て歩んでいってほしいという思い、色々な経験をして悔いのない人生を歩んでほしいという気持ちを込めてこの漢字にしました。自分のためと人のため、両方のために生きてもいいじゃないか。	20191119205737	https://web.archive.org/web/20191119205737/https://baby-calendar.jp/knowledge/common/1045	bc
2017	F		一彩	ひいろ	世界にひとつだけのあなたへのプレゼント。世界にひとりだけ、ほかにはいないあなた。世界にひとつだけの人生を自分の色に彩っていってほしい……。そんな思いを込めて名づけました。	20191119205737	https://web.archive.org/web/20191119205737/https://baby-calendar.jp/knowledge/common/1045	bc
2017	F		ひかり	ひかり	これからの私たち家族や、子ども自身に希望があふれるように「ひかり」と名づけました。姉も「あさひ」という名前なので、2人合わせて太陽シリーズです。明るい意味を込めて、そして誰もが覚えやすい響きを選びました。また、女の子らしいひらがなにしました。	20191119205737	https://web.archive.org/web/20191119205737/https://baby-calendar.jp/knowledge/common/1045	bc
2017	F		ひかり	ひかり	主人から見て、祖父の時代から続いていた実家の理容室が、土地開発で建物の立ち退きと共に、閉店することになりました。そのときにちょうどできたわが子。主人が生まれ育ったところでもあり、主人の父が受け継いできた家業である、お店の名前が、『光理容室』でした。失くなるものがあれば、授かるものもある。思い入れのあるお店の名前をとって、『ひかり』と名づけました。お店同様、みんなから長く愛される子であってほしいと思います。	20191119205737	https://web.archive.org/web/20191119205737/https://baby-calendar.jp/knowledge/common/1045	bc
2017	F		ひかり	ひかり	主人から見て、祖父の時代から続いていた実家の理容室が、土地開発で建物の立ち退きと共に、閉店することになりました。そのときにちょうどできたわが子。主人が生まれ育ったところでもあり、主人の父が受け継いできた家業である、お店の名前が、『光理容室』でした。なくなるものがあれば、授かるものもある。思い入れのあるお店の名前をとって、『ひかり』と名づけました。お店同様、みんなから長く愛される子であってほしいと思います。	20191119205737	https://web.archive.org/web/20191119205737/https://baby-calendar.jp/knowledge/common/1045	bc
2017	F		ひかり	ひかり	まわりを照らすひかりになれるように。太陽のように明るく温かい人になれるように。	20191119205737	https://web.archive.org/web/20191119205737/https://baby-calendar.jp/knowledge/common/1045	bc
2017	F		陽咲	ひさき	サンサン太陽が輝く夏が大好きな私たち夫婦。人も野菜も生き物すべてを明るく照らし、元気にしてくれる太陽から1文字いただいて、陽咲（ひさき）と名づけました。２０１７年に私たちは熊本地震を経験しました。その直後におなかにいるとわかった小さな命。大変な状況下でも熊本の人たちは笑顔を忘れなかった。笑顔は人を強くする。勇気をくれる。『咲』には『笑顔』という意味があると知りこの子の笑顔でこれから出会う人たちに勇気や幸せを与えてほしい。そんな願いを込めて陽咲と名づけました。現在生後6カ月。私たちの願い通りニコニコ笑顔のかわいい女の子に育ってくれています。	20191119205737	https://web.archive.org/web/20191119205737/https://baby-calendar.jp/knowledge/common/1045	bc
2017	F		陽菜	ひな	妊婦健診で胎児発育不全の診断を受け管理入院。入院から1カ月後の31週1日目、胎盤剥離を起こし準緊急帝王切開にて予定日より2カ月早く生まれた娘。922グラムで生まれた娘はそのまま新生児集中治療室、その1カ月後新生児回復室に移動し生まれてから2カ月後予定日だった8月に無事に退院しました。幸いなことに未熟児や早産による後遺症は一切なくまだまだ小さいですが日々ゆっくり成長しています。生まれた日は梅雨時にもかかわらずお天気がいい日でした。私や娘の入院中にはたくさんの人たちに助けられて生まれてきてくれた娘が元気で育っていってくれるのが皆さんへのいちばんの恩返しになるかなと思ってます。太陽のように明るく照らしてくれるような人になってほしいと思って陽菜と名づけました。	20191119205737	https://web.archive.org/web/20191119205737/https://baby-calendar.jp/knowledge/common/1045	bc
2017	F		陽菜	ひな	3人目の出産だったため、上2人の子育てや仕事に追われ、生まれてくる赤ちゃんの名前をまったく考えないまま出産してしまいました。入院中に焦って、どんな響きの名前がいいかを考えたり、字画を調べたりしていました。最終的に、出生届提出日ギリギリに決まりました。陽菜は、響きがかわいいのと、漢字も暖かく女の子らしいイメージがあると思って名づけました。そんな女の子になってほしいです。3人目とはいえ、やはり生まれる前に名前を考えておくべきだったと思います。	20191119205737	https://web.archive.org/web/20191119205737/https://baby-calendar.jp/knowledge/common/1045	bc
2017	F		陽菜	ひな	とーっても天気のいい日！4月の陽気のように温かな心を持ち、太陽のように明るく！菜の花のようにすくすく元気に育ってほしいと思い名づけました。	20191119205737	https://web.archive.org/web/20191119205737/https://baby-calendar.jp/knowledge/common/1045	bc
2017	F		姫愛	ひな	妊娠がわかったとき実父は肺がんの末期で入院中でした。実父の容態はなんとも言えず、抗がん剤も効かなくなってきておりこのまま治療を継続するかどうかというときでした。そのため娘が生まれるまで持つかどうか、また生まれるまで頑張れたとしても娘が覚えていられるほどの歳になるまで生きていられるかわからない状態でした。そのため娘として実父と孫の間になにか残してあげたく、実父に孫の名前をつけてもらいました。そして童話やディズニーでもお姫様は必ず王子様と出会い幸せな暮らしをするし、多くのお姫様は勇気ややさしさを持ち合わせていること、実父にとってかわいい初孫になることをふまえ名づけてくれました。	20191119205737	https://web.archive.org/web/20191119205737/https://baby-calendar.jp/knowledge/common/1045	bc
2017	F		桧菜子	ひなこ	生まれてからも命名は悩みました。産後十二日でやっと名前が決まりました。今、キラキラネームが流行っているなか「子」をつけたかったのがあります。逆にかわいらしさを感じます。また、ひまわりの子だと漢字の画数が悪く、その他の漢字を探しました。ヒノキのように素直でまっすぐ育ってほしい想いがあり「桧」にしました。【桧菜子】まさに、音の感じ、漢字、画数もばっちり！やっと名前をつけることができました。	20191119205737	https://web.archive.org/web/20191119205737/https://baby-calendar.jp/knowledge/common/1045	bc
2017	F		陽葵	ひなた	陽…太陽のように我が家を照らしてくれる、明るい子に育ってほしい葵…ひまわりのように上を向いて、活発で前向きな子に育ってほしい	20191119205737	https://web.archive.org/web/20191119205737/https://baby-calendar.jp/knowledge/common/1045	bc
2017	F		陽向	ひなた	高血圧が続いており37週の健診のときに、明日入院して促進剤を使って産みましょう、と言われました。37週で生まれた娘はとても小さく、泣き声も他の子に比べてか細いものでした。とにかく元気に明るく育ってほしい、また、この子の進む道が常に明るいひかりで照らされていますようにという思いを込めて名づけました。娘は、私の足腰が痛くなるほどに大きくなり、か細い泣き声が懐かしく思えるほど泣き声も大きくなりました	20191119205737	https://web.archive.org/web/20191119205737/https://baby-calendar.jp/knowledge/common/1045	bc
2017	F		向葵	ひなた	本当は7月下旬が予定日だったことから、ひまわりのように明るく元気な女の子になってほしいという願いを込めて命名した「向葵」という名前。すくすく元気に育ってます。	20191119205737	https://web.archive.org/web/20191119205737/https://baby-calendar.jp/knowledge/common/1045	bc
2017	F		陽葵	ひなた	私が日向ぼっこが大好きで、この名前の読みを選びました。日向ぼっこのお日様はいつも晴れてて、気持ちよく暖かい気分になるので、いつもニコニコして、まわりのみんなが幸せになるような元気で明るい笑顔のやさしい女の子になるように、太陽の『陽』を使いました。『葵』は元気にすくすく育ってほしいという意味を込めて使いました。	20191119205737	https://web.archive.org/web/20191119205737/https://baby-calendar.jp/knowledge/common/1045	bc
2017	F		日葵	ひなた	"予定日が3月末で、性別は女の子。春を連想できる、性別がどちらでも使える、夫婦の名前の一部が入っている、というような希望がありました。夫婦で色んな名前を提案し合いましたが、なかなかピンとこず…そんなとき、主人が仲のいい友人でサッカーの戦友でもある、現在もプロとしてプレイしている友人が家に遊びに来たときに、この名前がかわいいと言った名前が「ひなた」でした。そのときに、妙にしっくりきて、主人も頷いていました。後付けにはなりますが、""ひ""と""な""は夫婦の名前の一文字ずつ、""た""は宝物。ひなたのように、明るく温かく、まわりも明るく照らせるような人になってほしい。名前が男の子っぽい名前なので、漢字は女の子らしくしてあげたくて、名字との相性を見ながら画数を色々考えて、「日葵」にしました。"	20191119205737	https://web.archive.org/web/20191119205737/https://baby-calendar.jp/knowledge/common/1045	bc
2017	F		陽奈詩	ひなた	妊娠前、｢いつか自分たちに子どもができたら名前はなににする？｣そんな話をLINEでしていました。お互いに男の子でも女の子でもどちらでも通用する中性的な名前がいい！というところは共通で、｢例えば、｢ひなた｣とか！｣と送ったところ、｢え、俺も｢ひなた｣今考えてた｣なんと合致！もう即決でした。実際に漢字が決まったのは妊娠39週、漢字の意味や雰囲気、字画などを考えてお互いひとつずつ案を出しましたが、どちらも譲らず。結局はパパが折れて｢陽奈詩｣と漢字を当てました。陽奈詩の詩の字は、小さなことにも感動できる心の清らかな子に、感じたことを大切に、気持ちを素直に表現できる子に、という思いを込めてつけました。	20191119205737	https://web.archive.org/web/20191119205737/https://baby-calendar.jp/knowledge/common/1045	bc
2017	F		陽夏	ひなつ	夏の太陽のように元気で活発にまわりを明るくできるやさしい子に育ってほしい。お兄ちゃんは海翔で海、妹は太陽。海と太陽が向かい合っているようにお互い協力し助け合い、支え合ってほしい。	20191119205737	https://web.archive.org/web/20191119205737/https://baby-calendar.jp/knowledge/common/1045	bc
2017	F		陽那乃	ひなの	陽は、太陽のように強く美しく、元気に育つように。那は、妊娠中に新婚旅行で那覇市に行ったので。	20191119205737	https://web.archive.org/web/20191119205737/https://baby-calendar.jp/knowledge/common/1045	bc
2017	F		日向愛	ひなの	私たちの結婚記念日が3月3日雛祭りなので、【ひな】という響きを入れました♡2人の大切な宝物という思いを込めて……。そして、夏生まれなのでひまわりをイメージしひまわりのようにぐーんっと大きく明るく育ってほしいです！3姉妹の末っ子なので皆んなから【愛】される子に育ってほしいという願いも込めました♡たくさんの思いを込めた名前です！	20191119205737	https://web.archive.org/web/20191119205737/https://baby-calendar.jp/knowledge/common/1045	bc
2017	F		陽菜乃	ひなの	太陽のように大きく！明るく！元気よく！そして、やさしい女の子になるように。と考えて名づけました。	20191119205737	https://web.archive.org/web/20191119205737/https://baby-calendar.jp/knowledge/common/1045	bc
2017	F		日菜美	ひなみ	5人きょうだいの末っ子。名前を考えていたある日、いちばん上のお姉ちゃんが「ひなちゃんがいいよ！」と……。ほかの子どもたちの名前には皆「み」が入っているので、合わせて「ひなみ」になりました。「お日様の光を浴びた菜の花のように美しく」で「日菜美」です。	20191119205737	https://web.archive.org/web/20191119205737/https://baby-calendar.jp/knowledge/common/1045	bc
2017	F		日葵	ひまり	お日様に向かってまっすぐ咲くひまわりのように素直な子に、そして葵の字のごとく1つ1つはかわいらしく、それが集まったときにまわりの人たちを明るく元気にする、照らす存在になりますように！という願いを込めて……。	20191119205737	https://web.archive.org/web/20191119205737/https://baby-calendar.jp/knowledge/common/1045	bc
2017	F		陽葵	ひまり	旦那と私はもともと、ひまわりの花が好きでした。8月生まれの私の誕生日にはひまわり畑に行こうと話をしていました。いつか子どもができたら、2人の好きなひまわりから名前をとろうとも話をしていました。そんな矢先に授かったわが子。なんと偶然にも予定日は8月！！名前はすぐに決まりました。太陽に向かって咲くひまわりのように、どんなときも上を向いて、みんなの太陽のような存在でいてほしい。そんな願いを込めて、太陽の陽とひまわりの葵から陽葵（ひまり）と名づけました。冬生まれでもひまわりから名前をとろうね。なんて話していたのに、しっかり真夏に生まれて来てくれた陽葵ちゃん。旦那も私もとても気に入っています。	20191119205737	https://web.archive.org/web/20191119205737/https://baby-calendar.jp/knowledge/common/1045	bc
2017	F		陽葵	ひまり	"私が花のひまわりが大好きで本当のところ、ひまわりにしたかったのですが何かと一般的な""ひらがな三文字、漢字二文字""にしたかったため、ひまりに……。最初は結婚できないと思っていたのでシングルのつもりで旧姓に合うよう考えていました。旧姓が（おおさき）なので「大きく咲くひまわり」みたいな語呂でぴったり～!!と思ったら当時甲斐性無しの現旦那が考えを改めてくれ、出産予定日の2カ月前に結婚。ぴったりな語呂ではなくなりました。まぁもしも離婚したときにはぴったりなお名前になれます"	20191119205737	https://web.archive.org/web/20191119205737/https://baby-calendar.jp/knowledge/common/1045	bc
2017	F		ひより	ひより	上の子がひらがなで「あかり」で天真爛漫でﾏｲﾍﾟｰｽではあるが名前通り、明るく誰からも親しんでもらえる子に育ったので、同じような響き、意味合いを選んで同じくひらがなで「ひより」と名づけました。	20191119205737	https://web.archive.org/web/20191119205737/https://baby-calendar.jp/knowledge/common/1045	bc
2017	F		日和	ひより	太陽のように暖かい笑顔で包み込んでくれる女の子になってほしい。小春日和みたいにぽかぽかしてる女の子になってほしい。	20191119205737	https://web.archive.org/web/20191119205737/https://baby-calendar.jp/knowledge/common/1045	bc
2017	F		楓華	ふうか	楓華は3人目で上に姉と兄がいます。姉の名前は鈴華（りんか）で（か）のところは同じ漢字にしたかったので即（華）は決めてたのですが、最初の漢字はどうしようか悩んでいました。ローマ字で五文字になるようにするためにはどれかにあ行とんを入れなければ五文字にならないのでそれも含めて考えていて旦那がふうかはどう？なんだか涼しそうだし夏生まれならぴったりじゃないかとのことで、ふうかと決めました。漢字にも悩み（楓）という感じは秋生まれをイメージするのでどうしようかなと思いましたが、漢字自体が好きだったのでそれにしました。どんな困難にあっても負けずに立ち向かえる強くてやさしい子に育ってほしいと思い名づけた名前です！	20191119205737	https://web.archive.org/web/20191119205737/https://baby-calendar.jp/knowledge/common/1045	bc
2017	F		楓夏	ふうか	予定日を過ぎた次の日、旦那と長めのお散歩へ。そのときに緑色のもみじを見てきれいだねって話してました。また、散歩しながら名前どうしようって。そして、その日の夜に破水し5月4日のみどりの日に生まれました。もともと花に関係のある名前がいいなと思っていて、名づけの本を読んでいたら、5月の季語に若楓とあり、緑のもみじだ！と思いました。ふうかのかわいい響きも気に入り、5月は立夏なので夏の字を使いました。みどりの日でもあるので、夏のもみじで楓夏。楓の花言葉、美しい変化、のように人として美しく成長してもらいたいと思います。	20191119205737	https://web.archive.org/web/20191119205737/https://baby-calendar.jp/knowledge/common/1045	bc
2017	F		楓香	ふうか	きれいで、素直な子。	20191119205737	https://web.archive.org/web/20191119205737/https://baby-calendar.jp/knowledge/common/1045	bc
2017	F		楓菜	ふうな	意味と画数を見ながら名前を旦那が決めました。明るく元気に大きく育ってほしいと思って名づけました。名前の通り元気に大きく育っていってます。	20191119205737	https://web.archive.org/web/20191119205737/https://baby-calendar.jp/knowledge/common/1045	bc
2017	F		楓寧	ふうね	ふーちゃん と呼びたかったのが最初の決め手でした。ふーちゃん という呼び名はとてもやさしくなにかに包まれている感じで、子どもにはやさしく温和な子に育ってほしいと思いました。漢字の由来は、楓は風よりも穏やかな感じがあり、寧は丁寧の一部にあるよう物事を丁寧に取り組んでもらえるようつけました。	20191119205737	https://web.archive.org/web/20191119205737/https://baby-calendar.jp/knowledge/common/1045	bc
2017	F		双葉	ふたば	植物が発芽して最初の葉となる双葉。物事に取り組むときに、最初に感じた思いを忘れずに頑張ってほしいという願いを込めました。初心忘るべからず。また、夫婦にとっても初めての子どもなので、双葉のもつ『未来に向かって希望にあふれる思い』のイメージに添うものであらゆる意味でこれから始まっていくという意味もこもってます。	20191119205737	https://web.archive.org/web/20191119205737/https://baby-calendar.jp/knowledge/common/1045	bc
2017	F		歩珠羽	ふたば	歩珠羽と書いてふたばと読む。「珠」は私が大好きな友だちの名前を一字もらった。この漢字自体、とてもきれいで宝物のような感じがするので、大好き。5月1日予定日の女の子と判明し、春らしい名前を模索。この子の姉の名前は日那珠と書いてひなたと読む。この名前に負けないくらい元気な名前をと、思いついた名前が、これからどんどん成長する「双葉」。響きも素敵。だが「珠」の漢字は使いたい。そして苦肉の策で当てた漢字が、歩珠羽。自分の力で歩き、羽ばたいてくれることを願う。奇しくも、姉の頭文字が「ひ」。この子が「ふ」。3人目ができちゃったりしたら「み」から始まる名前にしたい、なんてのんきなことを考えている私だが、実は2人とも体外受精でやっと、やっと授かった子どもたち。どうか元気に明るくやさしく逞しく育ってくださいね。	20191119205737	https://web.archive.org/web/20191119205737/https://baby-calendar.jp/knowledge/common/1045	bc
2017	F		紅	べに	覚えやすく、和風でありながら、外国の方にも覚えてもらえる名前で、娘が生まれたらつけたいとずっと思っていました。1人目は元気いっぱいの長男。2人目こそ紅ちゃん！と思っていましたが、今度はイケメン次男くん。3人目は紅ちゃんかな？！と期待していたけど、笑顔の素敵な三男がやってきてくれました。我が家には紅ちゃんは来なかった……と諦めたころにまさかの4人目！！たぶん四男くんがやって来るだろうと思っていたら、びっくりの女の子でした。元気に生まれてくれた娘に、ずっと温めていた名前である、「紅」と名づけました。	20191119205737	https://web.archive.org/web/20191119205737/https://baby-calendar.jp/knowledge/common/1045	bc
2017	F		蛍	ほたる	妊娠がわかって名前はどうしよう？とわくわくしながら主人に問いかけると伝えられたのは「虫の名前がいい！」というひと言（笑）。その日は虫は絶対ないよって頑固な主人を必死で説得しました。納得していない様子でしたが（笑）。それから数日経ち、ふとひとりでいたときに「蛍」という名前が私の頭のなかに降りてきました。主人に話すと大賛成でその日から私たちの赤ちゃんは蛍という名前になりました。赤ちゃんは体は小さいけれど私たちにとって大き希望で小さくても素敵な光を放てる蛍みたいでした。予想外のビッグベイビーが生まれましたが生まれてもなお私たちの希望です。ありがとう。	20191119205737	https://web.archive.org/web/20191119205737/https://baby-calendar.jp/knowledge/common/1045	bc
2017	F		ほたる	ほたる	この出来事は7月ごろの話で私がまだ妊娠中のときに旦那と夜に蛍を見に行きました。そのときに1匹の蛍が私の方に飛んで来て私が手を差し出したら手のひらに止まって旦那と「ほたる」って名前もいいよねって言っていてその名前になりました。ただ旦那が「蛍」にすると「虫」という字が入っているから嫌だということで私がひらがなにしたら？と言って「ほたる」という名前に決まりました。	20191119205737	https://web.archive.org/web/20191119205737/https://baby-calendar.jp/knowledge/common/1045	bc
2017	F		帆音	ほの	船の帆をはる音のように強くまっすぐでそして元気な、女の子に育ってほしいとゆう意味で名前をつけました。	20191119205737	https://web.archive.org/web/20191119205737/https://baby-calendar.jp/knowledge/common/1045	bc
2017	F		陽	ほの	長女の名前が華（はな）、長男の名前が冴空（さく）で2人繫げると「はなさく」になります。最後の子にも繫がりを持たせたくて陽（ほの）にしました。花が咲くには陽が必要だし、陽の下に花は咲くし3人合わせてひとつの意味になります。	20191119205737	https://web.archive.org/web/20191119205737/https://baby-calendar.jp/knowledge/common/1045	bc
2017	F		穂	ほのか	稲穂の穂から実りよくそして嫁さんの瑞穂からの穂でほのかにしました。	20191119205737	https://web.archive.org/web/20191119205737/https://baby-calendar.jp/knowledge/common/1045	bc
2017	F		穂香	ほのか	娘は『穂香（ほのか）』と名づけました。やわらかいイメージが気に入りました。そもそも名前を考える際になにから始めたらいいのかまったくわからず、好きな芸能人の名前などを羅列したところから始まりました…笑いよいよ真面目に、となり、主人と名づけの上での譲れないポイントを整理してみたところ、1.誰が見ても読める漢字 2. 呼ばれやすい名前 3.やわらかいイメージにしたい、という3点が共通の思いでした。そこからは、思いつく名前をブレストし、最終10個に絞り字画を確認しました。10個の姓名判断も確認した上で『せーの』でいちばん気に入った名前を出したところ、夫婦そろって『穂香』と言ったことが決め手です。やはり、夫婦の大切な娘の一生をかけた名前、どちらかが妥協することは避けたかったので、2人の意見が一致したことは本当に奇跡でした！お互い『穂』という漢字が好きだったこともポイントでした。今では『かわいい名前だね』と言われることが多いです。娘にも気に入ってもらえたら嬉しいです。	20191119205737	https://web.archive.org/web/20191119205737/https://baby-calendar.jp/knowledge/common/1045	bc
2017	F		帆乃夏	ほのか	夏生まれの女の子だったので、出産前から夏っぽい元気な名前にしようと考えていました。穏やかな性格の主人は、『ほのか』というやわらかくやさしい響きが気に入り、まず読み方から決まりました。夏のキラキラした明るい大海原のような人生を、帆をはる船のように、まっすぐ元気に進んでほしいという願いから『帆乃夏』という漢字をつけました。『乃』を入れるかどうかを最後まで考えましたが、一目見て誰でも読んでもらえるようにしようと夫婦で意見が一致し、『乃』を入れました。順風満帆な人生を歩んでほしいです！	20191119205737	https://web.archive.org/web/20191119205737/https://baby-calendar.jp/knowledge/common/1045	bc
2017	F		穂佳	ほのか	まっすぐに成長して実りのある人生にしてほしい稲穂のように実のつまった人になってほしい地面にしっかり根をはり困難にも負けず大きく成長してほしい	20191119205737	https://web.archive.org/web/20191119205737/https://baby-calendar.jp/knowledge/common/1045	bc
2017	F		洸	ほのか	長女の名前が「渚」で、漢字一文字でさんずいがつく漢字がいいねと、生まれる前からパパと話していました。結局そこまでしか決めてなくて、生まれてからネットで調べ、洸と書いてほのかという名前をみつけ、家族に聞いたところこれでいいかということで決定しました！今では、家族からほのちゃんと呼ばれ、とってもかわいいです！	20191119205737	https://web.archive.org/web/20191119205737/https://baby-calendar.jp/knowledge/common/1045	bc
2017	F		帆花	ほのか	生まれるまで悩んで悩んでつけた名前です夏生まれということでまず夏っぽい漢字を探しました。しかしなかなかいいものは見つからず、主人と2人で悩んでいました。候補は色々あったもののこれだというものがないなか、出産となり、しばらく「赤ちゃん」という名前でしたそんななか、主人が「ほのかは？」と言うので、いい名前だとなり、次に漢字を探しました。夏なので「帆」という漢字に、「か」は女の子らしく「花」にしました。「帆」と「花」の間になにか入れようかとなったのですが、主人と、私と、上の子の名前が漢字二文字で読み方が三文字（ここがいちばんのこだわり）なので漢字二文字にしました。気付くと、主人の名前に「樹」上の子名前に「葉」そして生まれた赤ちゃんに「花」。後付けにはなりますが、木がなり、葉が生え、花になる。という素敵な名前になりました。残念ながら私の名前と関係するものはありませんが	20191119205737	https://web.archive.org/web/20191119205737/https://baby-calendar.jp/knowledge/common/1045	bc
2017	F		帆乃里	ほのり	夫婦そろってラブライブのほのかちゃんが好きで、子どもがいつかアイドルや女優になることを期待して、「ほんのりほのり♪お酒は20歳になってから♪」と、チューハイのCMのフレーズを勝手につくり、いつかこれがテレビで流れることだろうと名づけました	20191119205737	https://web.archive.org/web/20191119205737/https://baby-calendar.jp/knowledge/common/1045	bc
2017	F		帆遥	ほはる	船が帆をはって遥かに進んでいくように、色々なことにチャレンジして、失敗したとしてもまた前に進んでいってほしいという思いを込めて。また、生まれたのが初夏なので爽やかな名前にしたいと思ったから。海→船を連想、『帆』という字にたどり着いて、この字が気に入ったのでつけた。（ほっちゃんさん） 赤ちゃんの名づけエピソード大賞はこちら 2017年赤ちゃんの名づけエピソード大賞 ＞ 2016年赤ちゃんの名づけエピソード大賞 ＞ 2015年赤ちゃんの名づけエピソード大賞 ＞ 赤ちゃんの名前ランキングはこちら 2017年赤ちゃんの名前ランキングTOP ＞ 2016年赤ちゃんの名前ランキングTOP ＞ 2015年赤ちゃんの名前ランキングTOP ＞ 2014年赤ちゃんの名前ランキングTOP ＞ 2013年赤ちゃんの名前ランキングTOP ＞ 2012年赤ちゃんの名前ランキングTOP ＞ 2011年赤ちゃんの名前ランキングTOP ＞ 2010年赤ちゃんの名前ランキングTOP ＞ おすすめサービスはこちら おすすめ内祝い ＞ 2017/12/08 この記事にいいね！しよう いいね！ 1 0 クリップ 現在ログインしていません。 ログインしますか？ シェアする ツイートする LINEする 戻る 出産予定日 or 赤ちゃん の誕生日を設定しよう！ あなたの今の状態にぴったりの情報だけを厳選してお届けします。 出産予定日 赤ちゃんの誕生日 設定する 設定を変更する 妊娠 週と 日 今日の知っておきたい 今日のＱ&Ａ 設定を変更する お誕生日から 日 歳 カ月と 日 今日の知っておきたい 今日のＱ&Ａ 離乳食 はちみつ 豆腐 赤ちゃんの名前ランキング 妊娠力診断 ほうれん草 母乳 つわり うどん 人見知り 納豆 義母 PICK UP 産後のママをケアしてくれる！ 産後ケア施設検索 先輩ママの口コミ掲載！ 産婦人科検索 ぴったりの病院が見つかる！ 婦人科検索 赤ちゃんとの毎日が楽しくなる かわいいベビー肌着 photo studio guide フォトスタジオガイド ママの口コミ満載 お泊まり宿 はじめての方へ 赤ちゃんの笑顔でいっぱいの毎日を。『ベビーカレンダー』は、赤ちゃんが毎日を笑顔で過ごせるような情報をお届けする、妊娠・出産・育児の情報サイトです。日めくりカレンダーを毎日めくるように、『ベビーカ	20191119205737	https://web.archive.org/web/20191119205737/https://baby-calendar.jp/knowledge/common/1045	bc
2017	F		まい	まい	お姉ちゃんの名前は『あみ』といいます。妹がずっとほしくて、赤ちゃんができたと知ると、毎日紙いっぱいに候補の名前を書いていました。そして、「自分の名前AMIを並べ替えるとMAIになるから『まい』にする！」と名前をつけてくれました。	20191116211959	https://web.archive.org/web/20191116211959/https://baby-calendar.jp/knowledge/common/1046	bc
2017	F		茉愛	まいな	茉愛→茉は、ジャスミンの漢字なのでジャスミンの花のように白くてかわいく、誰からも愛されるの女の子に、なってほしいと願いを込めて。	20191116211959	https://web.archive.org/web/20191116211959/https://baby-calendar.jp/knowledge/common/1046	bc
2017	F		真緒	まお	真」自然のまま元気でまっすぐ素直に。「緒」糸を紡ぐようにいい出会いに恵まれ、すてきな縁を紡げるように。との願いを込めて、主人と2人で考え名づけました。また誕生日が6月22日で、小林麻央さんの命日です。麻央さんのように、たくさんの方々に勇気とやさしさを与えられるような、すてきでかっこいい女性になってほしいという思いも込めました。漢字は違いますが、同じ「まお」という名前にたくさんの希望と明るい未来を願っています。真緒ちゃんの人生がすてきに輝きますように♡	20191116211959	https://web.archive.org/web/20191116211959/https://baby-calendar.jp/knowledge/common/1046	bc
2017	F		茉央莉	まおり	2人目の女の子ということで悩みました。姉と同じ漢字を使いたい、女の子に生まれたからには愛される子になってほしい、輝いていてほしい、かわいらしくあってほしいという願いを込めました。茉央莉の茉莉はお花のジャスミンを意味しています。央は左右に流されない子に。たくさんの愛を込めてつけました。	20191116211959	https://web.archive.org/web/20191116211959/https://baby-calendar.jp/knowledge/common/1046	bc
2017	F		真叶	まかな	字画を第一に考えてつけました。パパの名前が、結婚して名字が変わるわけでもないのですが、凶が多くあるような名前で、実際に人生大きな挫折を味わってきたので、子どもには字画だけでもいいものを、と思ったようです。ママは名前の響きとみんなから読みやすい名前がいいと思っていたので、2人の相談の結果、『まっすぐな心を持って、夢を叶えていってほしい。』という想いを込めて真叶と名づけました。	20191116211959	https://web.archive.org/web/20191116211959/https://baby-calendar.jp/knowledge/common/1046	bc
2017	F		茉白	ましろ	予想外のうれしい出来事だった第2子。まさかだったので、名前もなかなか考えつかず。第一子のときに、漢字そのままで読める、色をいれる、意味重視と縛りをつけていたので、それは守りたいとなんとか考えました。2つまでは絞れたものの、生まれたあともどちらにするかなかなか選べずにいた私たち。初めてお姉ちゃんが赤ちゃんに会ったとき、「ましろちゃーん！ねぇねだよー♡」と！その一言で茉白に決まりました。お姉ちゃんには朱の漢字、妹には白の漢字。紅白で縁起もいいと、好評です！	20191116211959	https://web.archive.org/web/20191116211959/https://baby-calendar.jp/knowledge/common/1046	bc
2017	F		茉莉	まつり	5歳差のお兄ちゃんが「葵（あおい）」という名前なので、花の名前且つ草冠の文字にすることでお兄ちゃんとの繋がりを持たせたいと思ったのがいちばんの理由です。そこで、この子が生まれた5月ごろにも咲く「茉莉花（まつりか）=ジャスミン」から名づけさせていただきました。ジャスミンの花言葉のように、優雅で愛らしい女性に育ってほしいと願っています。	20191116211959	https://web.archive.org/web/20191116211959/https://baby-calendar.jp/knowledge/common/1046	bc
2017	F		円花	まどか	私たち夫婦はお互いに子連れの状態での再婚、ステップファミリーです。そんななか、2人の間に新たに授かった娘。娘だけが私たち家族全員と唯一血が繋がっている子です。家族みんなをまるく繋げてくれるという意味を込め、円花にしました。	20191116211959	https://web.archive.org/web/20191116211959/https://baby-calendar.jp/knowledge/common/1046	bc
2017	F		愛華	まなか	愛という字を“あい”以外の読み方で使いたいと思い、いくつか候補を出しました。そこから、花のようにたくさんの人に愛されるように。また、たくさんの人に愛を与えられるように。と愛華と名づけました。※花を華にしたのは字画の問題です。	20191116211959	https://web.archive.org/web/20191116211959/https://baby-calendar.jp/knowledge/common/1046	bc
2017	F		舞音	まのん	7月28日たくさんの出会い！初産で微弱陣痛が続き破水もしてたので母子ともどもの安全を考えて7月27日に医師から帝王切開の話を聞かされました。長時間の微弱陣痛により疲労困憊だった私は医師に今すぐ帝王切開してほしいと言いましたが、主人と母に反対され、もう1日我慢することにしました。7月28日の午前中に帝王切開を行い元気な女の子を産みました。その後、病室に戻ると歌手のMINMIさんがfreedomという野外ライブの前日挨拶に来てて、私は大ファンだったので感動して涙が出ました。舞音を抱っこしていただき記念撮影までしていただき、出産祝いとライブTシャツまでいただきました。主人や母からは辛いことをもう1日がんばったから会えたんやでと言われました。舞音が生まれた次の日から病院の横にある大きな公園でライブが始まり病室まで音楽が聞こえてきてたので、たくさんの音楽が舞い踊る日に生まれてきた、そして私自身、日本舞踊をしていた、という意味を込めて主人が名づけてくれました。	20191116211959	https://web.archive.org/web/20191116211959/https://baby-calendar.jp/knowledge/common/1046	bc
2017	F		真歩	まほ	あるがままの自分でまっすぐ歩めるように。また、かわいい呼びやすいサウンドで、どこでもすぐに覚えてもらえて愛されるように。	20191116211959	https://web.archive.org/web/20191116211959/https://baby-calendar.jp/knowledge/common/1046	bc
2017	F		真幌	まほろ	女の子を希望していた我が家では、妊娠5カ月を過ぎても性別がわかりませんでした。夫が健診についてきてくれた日、エコーで女の子と判明。女の子で間違いないですか？と何度も確認しうれしそうな夫が、診察室から出た瞬間、名前はまほろにしよう。と一言。横浜出身の夫は、札幌に転勤になり、札幌で私と出会い結婚しました。札幌の幌という漢字を使いたかったのと、まほろば、という人が集う場所という意味をかねて、真幌にしました。私は北海道で育ち札幌が大好きです。自分の娘に大好きな場所の名前をつけてもらえて、本当に幸せです。	20191116211959	https://web.archive.org/web/20191116211959/https://baby-calendar.jp/knowledge/common/1046	bc
2017	F		まり花	まりか	自然が大好きなので、植物や花にちなんだ名前をつけたかったのがきっかけです。ジャスミンの和名が「茉莉花・まりか」といいます。もともとジャスミンの香りがとても気に入っていていつも生活のなかにありました。ジャスミンを調べてみると、香りの王はジャスミン、香りの女王はバラといわれていることを知り、やっぱりすてきな花だなぁと思っているところに、ペルシャ語の「ヤースミーン（神からの贈り物）」に由来するといわれていることがわかり、念願叶ってようやく授かった子どもでしたので、まさに！これしかないすてきな名前だと思いつけました。	20191116211959	https://web.archive.org/web/20191116211959/https://baby-calendar.jp/knowledge/common/1046	bc
2017	F		愛鈴	まりん	私と旦那が付き合っていたころに付き合いの返事をしたりプロポーズされたり思い出の場所の近くにはいつも海があったのでまりんとました	20191116211959	https://web.archive.org/web/20191116211959/https://baby-calendar.jp/knowledge/common/1046	bc
2017	F		みあ	みあ	かわいい漢字をつけてあげたくて必死に画数とかを調べていたものの、なかなかいいものがなく、生まれてから1週間以上経つのでどうしようか……と悩んだすえにひらがなに！かわいいやわらかいイメージとなんの意味にもとらわれず、みあちゃんらしく生きてほしくて名づけました。	20191116211959	https://web.archive.org/web/20191116211959/https://baby-calendar.jp/knowledge/common/1046	bc
2017	F		美海	みう	私たち親は沖縄の宮古島で出会いました。それ以来宮古島が大好きになり何度か旅行にも行っています。宮古島の美しい海のように澄んだ広い心を持ってほしいと思い、名づけました。	20191116211959	https://web.archive.org/web/20191116211959/https://baby-calendar.jp/knowledge/common/1046	bc
2017	F		美汐	みう	『汐』が夕暮れ時の海を連想させる文字として夕陽に照らされた、なみかぜが立たない穏やかな海のように、身も心もおおらかできれいな女の子になってほしい。との思いでつけた名前です。また、結婚前に2人で見た、夕方の海が夕陽に照らされキラキラ光りあまりのきれいさに感度した思い出があります。その出来事も合わせて、『美汐』にしました。	20191116211959	https://web.archive.org/web/20191116211959/https://baby-calendar.jp/knowledge/common/1046	bc
2017	F		美羽	みう	娘の名前は美桜、美依、結衣、愛、汐奈…と迷ってしまい、結局わが子の顔を見て決めようと夫婦で相談し決めました。夫が生まれてきたわが子の顔を見た途端、｢ありがとう。ありがとう。天使だ。うん、美羽、美羽にしよう｣と言い、我が家のかわいい天使が、いつか大きく美しく立派に羽ばたきますように、という意味を込めて美羽（みう）と名づけました。	20191116211959	https://web.archive.org/web/20191116211959/https://baby-calendar.jp/knowledge/common/1046	bc
2017	F		美桜	みお	今回は妊娠初期から出血が続き、ずっとベッド上で安静状態でした。ただひたすら無事におなかのなかで育ってくれることだけを祈る日々が続きましたが、春になり予定日が近付き、やっと安静解除になりました。その日の健診の帰り道、桜並木がとてもきれいで「桜」という漢字を使いたいなぁと夫と話していました。色々考えて、「桜のように美しく、みんなに愛され皆を笑顔にできるような子に育つように」と願いを込めて美桜と名づけました！先日3カ月になりましたが、よく笑い皆を笑顔にしてくれる子に育ってくれています。	20191116211959	https://web.archive.org/web/20191116211959/https://baby-calendar.jp/knowledge/common/1046	bc
2017	F		澪	みお	れいな、まこ、りお、みお、結局決まらず、生まれて1日目にひとつずつ声に出して主人が呼びました。みおって呼んだときに手をあげてびくっと動きました。なので澪と名づけました。この漢字自体の意味にもあるように、誰にでも手を差し伸べられる人に育ってください。	20191116211959	https://web.archive.org/web/20191116211959/https://baby-calendar.jp/knowledge/common/1046	bc
2017	F		美央	みお	美央が生まれる前に母方の祖母が亡くなりました。大好きだったおばあちゃんの突然の死にとても悲しみました。そこでまだおなかにいた美央の名前がはっきり決まってなかったので大好きだったおばあちゃんの漢字を一文字もらい美央と名づけました。おばあちゃんは若いころはとてもきれいでいろんな人の中心にいたと聞き、美央もそのように育ってほしいと願い、名づけました。	20191116211959	https://web.archive.org/web/20191116211959/https://baby-calendar.jp/knowledge/common/1046	bc
2017	F		心音	みお	女の子だったら絶対みおってつけようって昔から思ってたのち命名しました。ただなかなか漢字が決まらずいろんな漢字を試してみたけどあまり良くなくてすごく悩みました。そこで考えたすえに決めた漢字が心音でした。心広く穏やかに笑顔が絶えない子に育ってほしいとの思いでつけました。	20191116211959	https://web.archive.org/web/20191116211959/https://baby-calendar.jp/knowledge/common/1046	bc
2017	F		美織	みおり	35歳で待望の妊娠。高齢出産だからなにがあってもおかしくないと医者から言われ赤ちゃんが無事生まれてくるのか不安で、名前を決めてもいいのかどうかさえ迷っていました。妊娠5カ月、女の子とわかったころ、主人が自分が決めるよと言ってくれました。主人からそう言ってくれたことがうれしくて思い切って主人に託しました。その後生まれてくる赤ちゃんへのメッセージを書くたびに、「名前、決まった？」と聞きましたが、「内緒！」と言われ……。なにが言いたそうににこにこしながらもずっと教えてくれませんでした。そんな主人を見ていると、生まれてくるのを楽しみにしてくれてるんだなとうれしくなりました。ようやく出産の日となり、難産のすえ生まれたわが子を抱きながら「そういえば名前は？」と聞くと「美織！」とついに教えてくれました。私の名前の「織」を一字とったすてきな名前です。一生懸命悩んで考えてくれた主人。2人で大切に育んでいきたいと思いました。	20191116211959	https://web.archive.org/web/20191116211959/https://baby-calendar.jp/knowledge/common/1046	bc
2017	F		美織	みおり	出産予定日が七夕の1週間後だったので、ママの名前から「美」の一字と、七夕にあやかって織姫から一字とって「美織」と名前を決めていました。妊娠中からおなかに「美織ちゃん」と話しかけ、冗談で、七夕に生まれたりして〜と夫婦で話していました。そうしたら本当に7月7日に陣痛が来て、七夕の夜に無事生まれました。しかも今年は何年ぶりかの晴れた七夕。月がとてもきれいで、まるで天の川から降りてきた織姫さんのように感じました。我が家の大切な織姫さん♡将来、すてきな彦星さまと出会えますように♪	20191116211959	https://web.archive.org/web/20191116211959/https://baby-calendar.jp/knowledge/common/1046	bc
2017	F		美織	みおり	出産予定日が七夕の1週間後だったため、七夕を意識した名前を、と夫婦で考え始めました。ママの名前から一字とって「美」と、七夕の織姫さんにあやかって「織」とを合わせて「美織」。なぜか「美織」がいやにしっくりときて、性別がわかる前から「美織ちゃん」とおなかに話しかけていました。予定日が近付くにつれ、「本当に七夕に出てきたりして〜」と夫婦で話していたら、それを聞いていたのか、本当に7月7日に陣痛が始まり、七夕の夜に生まれて来ました。しかも今年は何年ぶりかの晴れた七夕。月がとてもきれいで、天の川から降りてきた織姫さんのように感じました。我が家の大切な大切なお姫様です。いつかすてきな彦星さまと出会えますように……。	20191116211959	https://web.archive.org/web/20191116211959/https://baby-calendar.jp/knowledge/common/1046	bc
2017	F		実佳	みか	"大前提としてわかりやすく読みやすい名前であること、そして海外でも発音しやすい音を優先しました。結果、海外でも発音しやすくかわいらしい雰囲気の音の”ミカ”に決定。漢字は、実直に誠実に、実りある豊かな人生になるように”実”を、そして賢く美しく育ってくれるように”佳""を選びました。"	20191116211959	https://web.archive.org/web/20191116211959/https://baby-calendar.jp/knowledge/common/1046	bc
2017	F		実夏	みか	8月生まれなので、夏にちなんだ名前にしたいと思い、名づけました。上の2人（姉・兄）がそれぞれ、秋・春生まれで季節を取り入れた名前だったので、この子にも、と思って名前を考えました。	20191116211959	https://web.archive.org/web/20191116211959/https://baby-calendar.jp/knowledge/common/1046	bc
2017	F		美希	みき	夢を持っていてほしい。希望を持っていてほしい。それがキラキラしてるものであればいいなと願いを込めて「美希」。両親の名前も希望がいっぱい詰まった名前をつけてもらっていたのでわが子にも…と思い名づけました。	20191116211959	https://web.archive.org/web/20191116211959/https://baby-calendar.jp/knowledge/common/1046	bc
2017	F		弥沙	みさ	私（母親）の名前がゆみなので、『み』から始まる二文字の名前を探してました。名字と画数がいい漢字をひたすら探して弥沙にしました。	20191116211959	https://web.archive.org/web/20191116211959/https://baby-calendar.jp/knowledge/common/1046	bc
2017	F		美咲	みさき	私と主人の名前から一文字と、みの文字ときの文字を使うことを決めました。それから、末広がりで縁起のいい漢字を探して美咲にしました。美、という字は、末広がりで美しい人生を歩んでほしいという願いを込めました。咲、という字は、人生にたくさんの花を咲かせてほしい、笑顔のあふれる人生を送ってほしいという願いを込めました。	20191116211959	https://web.archive.org/web/20191116211959/https://baby-calendar.jp/knowledge/common/1046	bc
2017	F		心咲	みさき	エピソードっていうわけではないのですが、娘の由来です。私の母家計は名前の始まりに皆【み】で始まっているので、娘もそれにあやかり【みさき】と名づけました。また、心咲という漢字の由来は、「心を広く、誰からも愛され、優雅に咲き誇ってほしい」という思いを込めて名づけました。	20191116211959	https://web.archive.org/web/20191116211959/https://baby-calendar.jp/knowledge/common/1046	bc
2017	F		水希	みずき	父親が大幹（ひろき）で大きい幹には水が必要。母親が友羽望（ゆうみ）で希を加えると希望になる。また2人が付き合うきっかけが岐阜県瑞浪（みずなみ）市にもあり、みずきにしました。	20191116211959	https://web.archive.org/web/20191116211959/https://baby-calendar.jp/knowledge/common/1046	bc
2017	F		水稀	みずき	主人が建具職人で木に触れる環境。娘には木にある名前から選びました。芯が強く、水のように心がきれいで元気に育ってほしい。	20191116211959	https://web.archive.org/web/20191116211959/https://baby-calendar.jp/knowledge/common/1046	bc
2017	F		美鈴	みすず	付き合い初めに将来子どもにつけたい名前を考えてました。そして主人が中国の人なので、中国語読みでもおかしくない名前にしようと。そのとき、男の子なら翔、女の子なら私の名前の美しいを使って美鈴。中国語読みだとメイリンになると言われ、響もかわいいね！と。それから10年……妊娠し、性別が女の子で 付き合い初めに決めた美鈴の字画を調べたらいい画数だったので決定しました！鈴は災いを避けると知り、名前由来もあと付けになりますが 美しい鈴の音で人生に災いが起こりませんように！と願いも込めました。	20191116211959	https://web.archive.org/web/20191116211959/https://baby-calendar.jp/knowledge/common/1046	bc
2017	F		実鈴	みすず	妊娠5カ月ごろ、赤ちゃんの心臓の病気が見つかりました。生まれてそのままNICUに入院となるため、パパとママと離れても看護師さんたちに名前をたくさん呼んでもらえるように、生まれる前に決めてあげようと、そこから４カ月かけて考えて考えて決定！「実」という字に、病気に負けずに実りのある人生を送ってほしいという思いを込めました。「鈴」は、女の子らしいかわいい名前にしたかっただけです（笑）。今のところ経過は順調。「かわいい女の子」なので、もうひとつの想いも叶いますように。	20191116211959	https://web.archive.org/web/20191116211959/https://baby-calendar.jp/knowledge/common/1046	bc
2017	F		湊月	みつき	主人がマンガのナルトが大好きなんです！最初、男の子なら、ナルトに出てくるミナト（湊）と女の子なら、さくらとつけたかったんです！結果は女の子だったのですが、さくらは仲のいいお友だちが私より3カ月前に出産してつけてしまったので諦めるしかなかったんです。そしたら主人が「湊」って感じ夏っぽいし、字柄がきれいだし使いたいから、ミツキ（湊月）はどう？って言われて、きれいな漢字だったのでOKしました。ちなみにミツキももちろんナルトに出てきます	20191116211959	https://web.archive.org/web/20191116211959/https://baby-calendar.jp/knowledge/common/1046	bc
2017	F		瑞希	みづき	おなかにいるとわかった瞬間からパパがみづきちゃんみづきちゃん。この子はみづきちゃんなんだ。とお名前が決まりました。漢字は瑞という字は美しく、清らかに。希は希望に満ちあふれる。という意味を込めて瑞希。読み仮名は、どうしても「す」ではなく「つ」を使いたかったため「みづき」ぱぱとままの希望の子。	20191116211959	https://web.archive.org/web/20191116211959/https://baby-calendar.jp/knowledge/common/1046	bc
2017	F		三葉	みつは	3人目の子が生まれる前に、パパとママと長男が考えた3つ候補の名前があった。長男と次男は、最終的にママが考えた名前がつけいて、3人目はパパに名前の決定権がもらえた。パパが考えた名前は三葉で、8月3日に生まれ「はちみつ」の日だから「みつは」がいいと推し、初めてパパが考えた名前が採用された。	20191116211959	https://web.archive.org/web/20191116211959/https://baby-calendar.jp/knowledge/common/1046	bc
2017	F		三ツ葉	みつは	妊娠3カ月のころ、9年間一人っ子だったお兄ちゃんにまだ見ぬ赤ちゃんに愛着をもってほしかったので「おなかの赤ちゃんの名前なにがいいかな？」と聞いたら、「『みっちゃん』がいい」と即答！ あまりに早い答えにびっくりしたら、ちょうどそのころ学校で作った自作の物語の主人公が『みーちゃん』だったからだったみたい。それから出産までずっとおなかに話かけ、正式に名前を決めようと思ったら…お兄ちゃんが名づけ親になる気満々（笑）。家族会議で『みっちゃん』の『みつ』を生かし、生き生きとした初夏の『葉』が満たされた時期に生まれ、一つ一つ努力して葉を増やし[四ツ葉（クローバー……ラッキーをつかめるように）]になるよう『三ツ葉』になりました。名づけ親になったお兄ちゃんは毎日三ツ葉にデレデレです！	20191116211959	https://web.archive.org/web/20191116211959/https://baby-calendar.jp/knowledge/common/1046	bc
2017	F		美都	みと	自分の名前は宏一（こういち）で祖父の名前からの一文字ずつもらった名前です。生まれたときのエピソードで祖父が近所にも自慢してまわるくらい大喜びだったという話を聞いたことがあり、それ以来自分の名前が非常に好きになりました。子どもの名前はいくつか候補を出していましたが、自分の名前の由来のように祖母から一文字ずつもらいたいと考え、直美と伊都子からとって美都と名づけました。命名式のときに2人に発表しましたが、大変喜んでくれました。	20191116211959	https://web.archive.org/web/20191116211959/https://baby-calendar.jp/knowledge/common/1046	bc
2017	F		未菜実	みなみ	結婚して5年、やっと授かったわが子が女の子とわかり名前をどうしようかと夫婦で考えていました。でもなかなか決まらず生まれて顔を見てから決めよう！ということに。実際生まれてみると、かわいいだけじゃなく忙しい毎日に一気に突入し、名前を決めるのがどんどん遅くなってしまいました。明日で出生届提出ギリギリ、という生後13日目の夜、夫婦で『み』から始まる名前で明るく呼びやすい名前を、そして夫婦で好きな野球も好きになってもらいたいという願いを込めて、某有名野球マンガのヒロインと同じ『みなみ』にしようということに。そして漢字は『未来に花（菜の花）開いて実を結ぶ』という願いを込めて『未菜実』としました。その夜は遅くまで話し合ってグッタリでしたが、未菜実はお陰様でとても元気に天真爛漫に育っていて、振り回されつつも楽しい毎日です☆	20191116211959	https://web.archive.org/web/20191116211959/https://baby-calendar.jp/knowledge/common/1046	bc
2017	F		実璃	みのり	パパの名前が、ひでのり なので【のり】をとりました。実りある楽しい人生を送ってほしい願いと【璃】という字には仏教において、貴重とされる七種の宝のひとつという意味があるということなので、パパとママ2人の宝物という気持ちを込めました。	20191116211959	https://web.archive.org/web/20191116211959/https://baby-calendar.jp/knowledge/common/1046	bc
2017	F		珠花	みはな	母である私自身の名前が一文字で中性的だったためずっと女の子らしい名前に憧れていました。なので一目で女の子とわかる 花 をつけること、か ではなく、はな と読むことを条件に考えました。珠は丸く美しいもの、宝石など意味があり、心がまん丸のやさしい女の子に育ってほしい。宝石＝宝物、私たちみんなにとって宝物だよ。という意味で珠花と名づけました。7カ月になりましたがスクスクまん丸ちゃんに育っています。	20191116211959	https://web.archive.org/web/20191116211959/https://baby-calendar.jp/knowledge/common/1046	bc
2017	F		みはる	みはる	2人目の子どもなのですが、上の子と関連がある名前にしようか…どうしようか…と授かる前から考えたりしていました。そろそろほしいなぁと思いつつ、またまだその傾向はなかったのですが、いつからか、上の子が私のおなかを見て『ママの赤ちゃんみはるちゃん』と言うようになりました。それから間も無く妊娠がわかりました。すごい！しかもしばらくしてわかった性別は女の子！！もうおなかのなかにいるときからこの名前で呼んでいたので、他の名前は呼べず…というか考えもしませんでした。無事に生まれてくれて、晴れて姉妹となりました。上の子と全く違う名前ですが、これは後日談ですが、主人が『これから待ってるよ違う人生を歩むわけだから、全然違う名前でもいいでしょ』と言っていたのもすてきだなと思いました。これがわが子の名づけエピソードです。	20191116211959	https://web.archive.org/web/20191116211959/https://baby-calendar.jp/knowledge/common/1046	bc
2017	F		光穂	みほ	光…元気で明るい子に。なににでも挑戦して、光り輝いてほしいっていうママの想いと。穂…偉くなっても偉ぶらない。誰にでもやさしくて愛される子になりますようにっていうパパの想いでつけました。	20191116211959	https://web.archive.org/web/20191116211959/https://baby-calendar.jp/knowledge/common/1046	bc
2017	F		深乎	みや	私が第2子を妊娠したのは、母の四十九日が終わった直後でした…上には長男がおり、母が闘病中に2人目を妊娠。もう一人孫を見せられると思ったとき残念ながら流産してしまいました。そのとき母は、「お母さんは、あなたの2人目の子どもになる」と言ってくれたのです。 そんなとき授かった命。本当に母が私のところに娘をくれたのだと思いました。自分自身が親になり、これまでの母の愛の大きさを改めて感じていたので、わが子にもめいいっぱいの愛情を注ぎたい！人生でいちばんたくさん使う言葉、いちばん人からかけてもらう言葉「名前」だから口にするたび幸せになってもらいたい。だから自然と笑顔になる「い行」は使おうと決めていました。私を含め親族の女性にはほとんど「み」がつけいているので、深い愛でまわりの人を幸せにできる子になるように「深乎」と名づけました	20191116211959	https://web.archive.org/web/20191116211959/https://baby-calendar.jp/knowledge/common/1046	bc
2017	F		未弥	みや	漢字かなともに二文字、主人の一字をとる、姓名判断でいい運勢、意味のいい漢字。性別がわかってから名前を考えるブームがきて、一気に考えて妊娠5カ月には候補にあがった名前。上の４つの条件に全て当てはまるものはなかなか難しかったです 。全て当てはまるのが、現在の名前。『未』 さまざまな可能性を秘めて未来に羽ばたく、『弥』 広い心をもつ。いろんな可能性を秘めて、広い心や視野を持って、活躍できるようにという意味を込めて名づけました。	20191116211959	https://web.archive.org/web/20191116211959/https://baby-calendar.jp/knowledge/common/1046	bc
2017	F		雅	みやび	女の子、名前は雅（みやび）。つねに正しく、雅やかで美しく上品な子に育ってほしくて女の子と確信してない段階の妊娠がわかったときから、旦那が絶対女の子やから雅にするって決めていました	20191116211959	https://web.archive.org/web/20191116211959/https://baby-calendar.jp/knowledge/common/1046	bc
2017	F		実結	みゆ	人との結びつき 出会いに恵まれ、実りのある人生になりますように という願いを込めました。そして、名字が吉岡なので、始めと終わりを吉ではさみ、ずっと幸せでいられるよにという願いも入ってます。	20191116211959	https://web.archive.org/web/20191116211959/https://baby-calendar.jp/knowledge/common/1046	bc
2017	F		美柚	みゆ	美しく健やかに育ちますように。という思いで美柚と名づけました。	20191116211959	https://web.archive.org/web/20191116211959/https://baby-calendar.jp/knowledge/common/1046	bc
2017	F		美結	みゆ	第一子の名前を考えていたとき、テレビで本田望結ちゃんが活躍されていて、こんな風にしっかりした女の子になったらいいなと思いました。そこで名前をそのままではなく、名前の読み方をいただき、名字に合う画数の漢字を考えた結果、美結という名前に決めました。しかし第一子は男の子。今回の第2子が女の子とわかったとき、予定日が春だったので他にもお花の名前なども考えましたが、やっぱりこの名前しかないと思いました。名前の通り、心根が美しく、人と人を結ぶようなすてきな女の子になってほしいと思っています。	20191116211959	https://web.archive.org/web/20191116211959/https://baby-calendar.jp/knowledge/common/1046	bc
2017	F		未結里	みゆり	私は長期出張で福岡から名古屋へ。名古屋に来て3日目の夜･･･ちょうどポケモンGOが配信され、夜な夜なポケモンをゲットするためにウロウロしていたところを、今の旦那さんに声をかけられました。それからすぐに付き合うようになり、漠然といつかは結婚できたらいいなと思っていました。それから12月になり、妊娠をしていることがわかりました。長期出張中でしたので、いずれは福岡に戻ることになっていたのですが、急展開で名古屋人に！福岡の会社で｢私は名古屋でいい人を見つけて結婚します！｣と宣言していたのですが、私を含め、まわりの皆もびっくり！また、おなかの子は私と旦那さんが付き合った日が出産予定日と、本当に運命を感じさせてくれました。（実際の出産日は早まりましたが……）旦那さんと私の｢未｣来を｢結｣んでくれたという意味を込めて｢未結里｣と名づけました。｢里｣は私の母にも、私の名前にもつけいており、受け継ぎたかったので、｢里｣をつけました。また、旦那さんの母も｢さと｣が入っている名前でしたので、これも運命を感じ、入れました。	20191116211959	https://web.archive.org/web/20191116211959/https://baby-calendar.jp/knowledge/common/1046	bc
2017	F		美優里	みゆり	おなかの赤ちゃんが女の子だとわかってから、夫と毎日のように名前について話していましたがなかなかピンとくる名前が思い浮かびませんでした。将来結婚すると名字が変わる可能性があると思い、字画などをどこまで重視していいのかわからないというのも名前が決まらない要因でしたが、私は【やさしい女の子になってほしい】という気持ちがあったので【優】の字は入れたいと思っていました。そんなある日、夫が3歳の息子と車に乗っているときに「赤ちゃんの名前なにがいいかなぁ？」と聞くと「みゆりちゃんがいい！！」と言ったそうです。息子のまわりに【みゆり】という名前のお友だちはいません。きっと名前の神様が息子を通して与えてくれたのかな？と思い、兄から妹への初めてのプレゼント、仲のいい兄妹になってほしいという気持ちから【みゆり】にすることに決めました。私の希望した【優】を入れ【美優里】となりました。美優里が大きくなったら、お兄ちゃんがつけてくれたんだよ、と話してあげたいです。	20191116211959	https://web.archive.org/web/20191116211959/https://baby-calendar.jp/knowledge/common/1046	bc
2017	F		芽亜莉	めあり	2人目ってこともあり余裕な感じで考えていたら、なかなか決まらず。義母からの理想の画数もあり、なかなか合わせることができず出産してらからも決まらず期限の日の出生して14日目にして決めました。優柔不断さゆえにギリギリになってしまって最後はえーい！ってゆう感じで（笑）。パパは最後は私が決めていいとのことなので納得いく名前がつけられました！3人目は名前を決めるのが大変すぎたので、もうこりごりです	20191116211959	https://web.archive.org/web/20191116211959/https://baby-calendar.jp/knowledge/common/1046	bc
2017	F		芽生	めい	女の子とわかったとき、お互いに話し合ってもいなかったのに頭に浮かんだ名前はめいちゃんでした。共にジブリが好きな夫婦だったからでしょう。とくに私は長女で厳しく育ったので、自分の娘には『となりのトトロ』のめいちゃんのように天真爛漫な元気で素直な子どもに育ってほしいと願いを込めおなかの子どもにめぃちゃんと話しかけていました。出産は予定より早く緊急でやってきました、低体重で生まれためぃちゃん。小さな体でしっかり生きてくれてることの奇跡、素晴らしさから漢字を芽生としました。	20191116211959	https://web.archive.org/web/20191116211959/https://baby-calendar.jp/knowledge/common/1046	bc
2017	F		芽生	めい	芽：新たな始まり、生：活力、生命。〜新たなことに力いっぱい挑戦できる子〜名前は夫婦で何カ月も話し合って決めました。芽生がおなかにいることがわかった日、病院で切迫流産だと診断され妊娠継続も危うい状態でした。私は仕事を続けることもできず退職し、安静の日々を過ごしました。この子にもしものことがあったらどうしようと、不安と悲しみの毎日でした。しかし、旦那はとても前向きに「今この子は生きている。新たな生命がここにあって、必死で戦ってるんだ。」と言ってくれました。芽生の「生」は「依」や「以」の候補もありましたが、生命の大切さを教えてくれたこの子には芽生がぴったりです。	20191116211959	https://web.archive.org/web/20191116211959/https://baby-calendar.jp/knowledge/common/1046	bc
2017	F		芽依	めい	なににでも挑戦し たくさんの可能性が芽生えますように、周囲の心の依りどころになれるような素直でやさしい子に育ちますようにという想いを込めて名づけました。	20191116211959	https://web.archive.org/web/20191116211959/https://baby-calendar.jp/knowledge/common/1046	bc
2017	F		愛依	めい	妊娠中に夫婦で名前の候補をたくさん考えましたが、どれもあまりしっくりとくるものがなくどうしようか悩んでいました。そんなとき、妻の母親が「5月が予定日なら、めい（May）はどう？」と言ってくれたのがきっかけで、【めい】に決まりました。やさしい響きがするので夫婦ともにとても気に入りました。漢字は、たくさんの人に愛され頼られる人になりますようにとの願いを込めてつけました。	20191116211959	https://web.archive.org/web/20191116211959/https://baby-calendar.jp/knowledge/common/1046	bc
2017	F		明育	めい	このご時世、子どもの鬱や不登校、自殺が増えるなかで我々夫婦の願いは、どんな困難も明るく打ち勝つ力、その子がいるだけでまわりが明るくなるように育ってほしいと思っていました。また、長男がそのころトトロにはまっており、赤ちゃんができたと話すとおなかに向かって「めいちゃん〜めいちゃん〜」と呼びかけていました！そして今回も早産で予定日よりも早く5月に生まれてきたこと、全部合わせて「明育」となりました！しかし我が家主人の実家の決まりで神社の方が決めるんです。（長男の名前はまさかの第四希望でした……w）なので今回は悔いのないように「めい」の読み方で違う漢字をたくさん出した結果第一希望の「明育」になりました！	20191116211959	https://web.archive.org/web/20191116211959/https://baby-calendar.jp/knowledge/common/1046	bc
2017	F		芽依	めい	上の子たちは、トトロの映画が大好き。長女と次女はセリフを覚えて真似するくらい好きでした。それから、3人目が女の子とわかり、メイに決定。名づけ親は娘たちです。	20191116211959	https://web.archive.org/web/20191116211959/https://baby-calendar.jp/knowledge/common/1046	bc
2017	F		芽依	めい	芽→健康にスクスクと成長し将来が希望にあふれ、依→多くの人から愛されるすてきな人になりますように。	20191116211959	https://web.archive.org/web/20191116211959/https://baby-calendar.jp/knowledge/common/1046	bc
2017	F		萌衣	めい	予定日より半月早く生まれ、ギリギリ5月の末日に生まれたので、候補にメイが増えたものの数は絞れたので、候補の名前でいくつか呼んでみたところ、うれしそうな反応したのがメイでした。それから、漢字を選び、衣は親子でそろえ、『萌衣』と決めました。	20191116211959	https://web.archive.org/web/20191116211959/https://baby-calendar.jp/knowledge/common/1046	bc
2017	F		芽依	めい	5月生まれなので『めい』という名前を思いついたママ。芽衣という字を使いたかったけど字画が悪く断念。『依』という字は、依存だとあまりイメージがよくなくて使いたくなかったけれど、人が衣服をまとう様子を表している字だと知り、人にとってなくてはならない存在になってほしいと思い、小さな芽が大きく育ち、たくさんの人に必要とされ、たくさんの人に支えてもらえる子になるように芽依ちゃんになりました。	20191116211959	https://web.archive.org/web/20191116211959/https://baby-calendar.jp/knowledge/common/1046	bc
2017	F		芽生	めい	予定日が5月の始めだったのでMayと、トトロが好きだったので芽生にしようということにでも2人目だったので早く生まれるかも……と思い悩んだのですが5月に生まれてくれてそのまま芽生に決定しました！	20191116211959	https://web.archive.org/web/20191116211959/https://baby-calendar.jp/knowledge/common/1046	bc
2017	F		明花	めいか	めいちゃんという名前と（名前の響きで）、はなちゃん（私がお花が好きだったので）という名前が両方つけたかったので、字画を両方で調べていました。どちらもどうしてもつけたい名前だったので、悩んでいたある日、両方つければいい！とひらめいて、めいかちゃんとしました。めいの漢字は、明るいか、芽吹くかで悩みましたが、明るいという字がたくさんのお友だちに囲まれ、まわりに好かれる子にという意味だったので、明花としました。	20191116211959	https://web.archive.org/web/20191116211959/https://baby-calendar.jp/knowledge/common/1046	bc
2017	F		芽衣子	めいこ	名づけ親は長女（5歳半）。昨年の七夕で『女の子の赤ちゃんが生まれますように』というお願い事を書いた長女の願い通り、今年の7月に次女が生まれました。約6年ぶりのまさに奇跡の妊娠でした。家族会議で次女の名前を考えていたときに、長女がとても積極的に案を出してくれました。長女が七夕のお星さまにお願いして次女が我が家に来てくれたので、長女に名前を考えてもらおうということになりました。そして、たくさん考えてくれた名前のなかで長女のイチオシの名前【めいこ】を採用。漢字は名字との相性や字画を考慮したなかで、長女のように元気いっぱい好奇心旺盛でやさしい女の子になってほしいという思いから、そんなイメージを持てる漢字の芽衣子にしました。	20191116211959	https://web.archive.org/web/20191116211959/https://baby-calendar.jp/knowledge/common/1046	bc
2017	F		芽衣子	めいこ	春に生まれた、新芽のように伸び伸びと育ち、衣のように包み込むやさしさを持ってほしい との意味を込めて。	20191116211959	https://web.archive.org/web/20191116211959/https://baby-calendar.jp/knowledge/common/1046	bc
2017	F		芽咲	めいさ	妊娠前から女の子なら『めい』と名づけたかったけど、いざ妊娠して名づけを考え出すと、まわりにめいちゃんが結構いて、考え直してみることに…。悩んだすえ、人や物事との出会いの芽を大切にして、自分なりのなにかを咲かせてほしいと願いを込めて『芽咲』になりました。	20191116211959	https://web.archive.org/web/20191116211959/https://baby-calendar.jp/knowledge/common/1046	bc
2017	F		萌杏	もあ	もともとディズニーが大好きだった私。妊娠のわかったころに行った映画館でモアナの予告が流れておりまだ性別もわかっていなかったのにこの子はモア！とピンと来ました。（名字が長めだったので名前は二文字がいいなとと思っていたので。）娘は2月の終わりが予定日で完全な冬という感じより、春に近付いている季節……。漢字も冬っぽいものより、温かさを連想させ、尚且つ2月の寒さも連想できるもの、と画数なども調べました。そこで草木の芽生えという意味の萌、2月は如月で有名だけど杏月ともいうというのを知り、杏月からとり杏。2つ合わせていつまでも健康に育っていってほしい、という意味合いでつけました！	20191116211959	https://web.archive.org/web/20191116211959/https://baby-calendar.jp/knowledge/common/1046	bc
2017	F		桃愛夏	もあな	"私は妊娠がわかってすぐからシングルマザーとして子どもを育ていくことを決めました。覚悟はしたものの、妊娠中はやはり不安でたまらず、毎日泣いてばかりでした。そんななか、ずっと支えてくれたのが7年来の女友だちでした。彼女は霊感的なものを持っており、妊娠がわかってすぐ「女の子できるわ」と""ちゅり""という名前をつけてくれたのですが、出産間際、2/11に突然「沙織里！名前変える！もあなにする！」と言い出しました（笑）。ちょうどある映画の主人公の名前だったので、CMでよく見ていて、実は私もちょっと気になっていました。理由を聞くと「1週間前に夢を見た。沙織里とあたしが2人、ペンションみたいなとこから広い海を眺めよる夢。そのときは何も考えんかった。で、昨日、沙織里のおなかの子が夢に出てきた。""ばあば（お友だちのこと）のつけてくれた、ちゅり（もともとつけてくれてた名前）もすごく気に入っとるんやけど、私がママのこと守れるぐらい、強くて大きな名前に変えてほしい""って言うんよ。で、パッと目が覚めてテレビつけたら大平洋のきれいな海の番組しよって、""あ！沙織里と夢で見た海や！""と思ったんよ。で、そのすぐあとのCMでモアナの海が流れて、なんか気になったけん、moanaで調べたらハワイ語で""大平洋""やったんよ！」と。大平洋、おなかの子が望む""大きい""でした（笑）。それから2人で漢字を考えて""桃愛夏""となったのですが、姓名判断のサイトで調べるとこれまた""特殊格""といって、男の子につけると最高だというとても""強い""人生を送ることができるとのことでした。2人で「もうこれしかないな！」となり、""ちゅり""から""桃愛夏""に変わりました。それから17日後、予定日より2週間も早く、元気な女の子が生まれました。変更になった名前を気に入ってくれたから早く出てきたのではと思っています。よく「映画からとったの？」と言われますが、確かにヒントはそこでしたが、掘り下げると""本人が夢に出てきて訴えかけてきた""なんて、誰にでも言えることではありません（笑）。現在、生後6カ月の娘ですが、あまり泣くこともなく、ママ思いの子に育ってくれています。娘が生まれてからはなんだかいいこと続きなような気もします。すでに気が強そうなのも""強い""が出ているのかもしれません。信じるか信じないかは、あなたしだいです"	20191116211959	https://web.archive.org/web/20191116211959/https://baby-calendar.jp/knowledge/common/1046	bc
2017	F		萌奈	もな	モナリザから読みをとりました。パパがレオ、長男がルイに続く第2子の長女にモナです。全員ヨーロッパの歴史的人物の読みです。	20191116211959	https://web.archive.org/web/20191116211959/https://baby-calendar.jp/knowledge/common/1046	bc
2017	F		もも	もも	生まれる前は、くるみや、りんごにしようかと話していましたが、お姉ちゃんはみかんがいいと言っていました。お姉ちゃんの名前（いちご）と繋がりをもたせフルーツ姉妹です。生まれてから顔を見て、よくある名前だけど、響きと「ももちゃん」と呼んだときのかわいさから名づけました。	20191116211959	https://web.archive.org/web/20191116211959/https://baby-calendar.jp/knowledge/common/1046	bc
2017	F		桃花	ももか	5歳の長女の名前が私たち夫婦の結婚指輪のメーカー名と同じ『遙花（はるか）』という名前なのですが、せっかちな私たちは長女が生まれてすぐに次の子の名前を考えました。名前に共通点がほしい、女の子らしい『花』という字をどうしても入れたい、家族が皆あだ名で呼ばれやすい名前なのでそういう名前にしたい、いう条件からいちばんぴったりな『桃花（ももか）』という名を決めました。それから数年後、念願だった第2子を妊娠し性別がまだ判明してないにも関わらず私自身、絶対おなかの子は女の子だ！と信じて疑わず『桃ちゃん♪』とおなかの赤ちゃんに話しかけていました。色々な理由で子どもは2人までの予定なのですが、第3子がもし授かれたらどんな名前にしようか‥それを夫婦で話すのがとても楽しいです。	20191116211959	https://web.archive.org/web/20191116211959/https://baby-calendar.jp/knowledge/common/1046	bc
2017	F		百華	ももか	"大げさなエピソードはないんですが主人が""もも""というワード、長女が""はるか""なので詰め字を""か""にしたかった私の意見が合って""ももか""になりました。呼び名は早くに決まりました。いちばん悩んだのは漢字です。出生届を出すギリギリまで悩み、今でも大きくなって気に入ってくれるかなってやっぱり悩んでます（笑）上の子どものときから、①漢字二文字で3字のかな読みにしたかった ②誰が見ても読みやすく、人に説明しやすい漢字にしたくて決めました。百は、数が多いことを意味する縁起がいい字。華は、美しく咲きそろうように。まわりまで明るくしてくれるように。との思いを込めて上2人のお姉ちゃんたちと、なかよくしてくれますように。"	20191116211959	https://web.archive.org/web/20191116211959/https://baby-calendar.jp/knowledge/common/1046	bc
2017	F		百波	ももは	三姉妹のママになりました。三女を妊娠中、まだ性別もわからないころ長女が｢ももちゃん〜｣とおなかに声をかけました。そして次の健診で女の子と判明しました。その日からおなかの三女は｢ももちゃん｣です。長女がここな、次女がののかで母音が全て｢△o△o△a｣で三姉妹らしく名づけました。なによりも長女が命名した名前に愛着がありそれ以外は考えられませんでした。今長女も次女も｢ももちゃん｣をすごくかわいがって「お姉ちゃん」をしてくれています！！（K,sさん） 赤ちゃんの名づけエピソード大賞はこちら 2017年赤ちゃんの名づけエピソード大賞 ＞ 2016年赤ちゃんの名づけエピソード大賞 ＞ 2015年赤ちゃんの名づけエピソード大賞 ＞ 赤ちゃんの名前ランキングはこちら 2017年赤ちゃんの名前ランキングTOP ＞ 2016年赤ちゃんの名前ランキングTOP ＞ 2015年赤ちゃんの名前ランキングTOP ＞ 2014年赤ちゃんの名前ランキングTOP ＞ 2013年赤ちゃんの名前ランキングTOP ＞ 2012年赤ちゃんの名前ランキングTOP ＞ 2011年赤ちゃんの名前ランキングTOP ＞ 2010年赤ちゃんの名前ランキングTOP ＞ おすすめサービスはこちら おすすめ内祝い ＞ 2017/12/08 この記事にいいね！しよう いいね！ 2 0 クリップ 現在ログインしていません。 ログインしますか？ シェアする ツイートする LINEする 戻る 出産予定日 or 赤ちゃん の誕生日を設定しよう！ あなたの今の状態にぴったりの情報だけを厳選してお届けします。 出産予定日 赤ちゃんの誕生日 設定する 設定を変更する 妊娠 週と 日 今日の知っておきたい 今日のＱ&Ａ 設定を変更する お誕生日から 日 歳 カ月と 日 今日の知っておきたい 今日のＱ&Ａ 離乳食 はちみつ 豆腐 赤ちゃんの名前ランキング 妊娠力診断 ほうれん草 母乳 つわり うどん 人見知り 納豆 義母 PICK UP 産後のママをケアしてくれる！ 産後ケア施設検索 先輩ママの口コミ掲載！ 産婦人科検索 ぴったりの病院が見つかる！ 婦人科検索 赤ちゃんとの毎日が楽しくなる かわいいベビー肌着 photo studio guide フォトスタジオガイド ママの口コミ満載 お泊まり宿 はじめての方へ 赤ちゃんの笑顔でいっぱいの毎日	20191116211959	https://web.archive.org/web/20191116211959/https://baby-calendar.jp/knowledge/common/1046	bc
2017	F		八重花	やえか	八重花のお父さんが考えてくれました。お父さんのおばあちゃんが八重美さんというほうでした。八重美さんの”八重”をいただいて八重花という名前をつけました。	20191118155924	https://web.archive.org/web/20191118155924/https://baby-calendar.jp/knowledge/common/1047	bc
2017	F		唯愛	ゆあ	初めての子どもなので本やネットでいろいろと調べ、検討したのですが決まらず……。ですが、妊娠がわかったときからずっと唯という字が思い浮かんでいたので唯のつく名前をと検討し唯愛という名前をつけました。パパとママにとってこの世で唯一無二の存在でみんなを愛し愛される子になってほしいという思いを込めて。	20191118155924	https://web.archive.org/web/20191118155924/https://baby-calendar.jp/knowledge/common/1047	bc
2017	F		結愛	ゆあ	人と人、人の心と心を結ぶ子、人にやさしく、思いやりを持った子、に育ってほしいと思い、つけました。	20191118155924	https://web.archive.org/web/20191118155924/https://baby-calendar.jp/knowledge/common/1047	bc
2017	F		結愛	ゆあ	妊娠が判明する前、転職して仕事が忙しく、疲れ果てているときで今の主人とも喧嘩が増えてしまい仕事もプライベートもうまくいかなくなっていました。結婚も考えていたのに仕事にばかり時間がとられて余裕がなくなり、彼と別れようと思っていました。そんなときに妊娠が判明。仕事の忙しさも軽減されて妊娠のうれしさで気分もおだやかになって彼とも絆が深まりました。あのときにこの子を授からなければ今の幸せはなかったと思います。私たちを結んでくれた愛の結晶の意味で、｢結愛｣と名づけました。両方の家族との絆も深めてくれた大切な宝物です。	20191118155924	https://web.archive.org/web/20191118155924/https://baby-calendar.jp/knowledge/common/1047	bc
2017	F		唯羽	ゆあ	ゆあちゃんが生まれる2年前、やっと授かったと思ったのに流産してしまいました。とてもショックでした。その後、2年たってようやく私たち夫婦のところにきてくれたのがゆあちゃんでした。生まれた瞬間うれしくて涙が出ました。私たち夫婦にとって小さな天使でした。優柔不断な私たちはなかなか名前が決められず出生届ギリギリまで悩みました。「唯羽」。唯一、やっと、私たちに会いに来てくれた、羽ばたいて来てくれた天使。自分が唯一決めたことを一生懸命貫いてほしい。その羽でたくさんの人を守ってほしい。という意味を込めて「唯羽」と名づけました。	20191118155924	https://web.archive.org/web/20191118155924/https://baby-calendar.jp/knowledge/common/1047	bc
2017	F		結愛	ゆあ	妊娠がわかったときは、不妊治療をしてやっと授かることができて、主人ととても喜びました。初めてのわが子へのプレゼントで一生のことなので、とても悩みました。「たくさんの愛に囲まれて、人との結びつきを大切にするやさしい人になってほしい」という願いを込めてというのは本心ですが後付けで、両親の名前を一文字ずつとって、パパから「ゆ」とママから「あ」をもらって、好きな漢字をあてて名づけました。	20191118155924	https://web.archive.org/web/20191118155924/https://baby-calendar.jp/knowledge/common/1047	bc
2017	F		優衣	ゆい	みんなのやさしさに包まれ、優衣ちゃんもまわりのみんなをやさしさで包み込むような子になってほしい。	20191118155924	https://web.archive.org/web/20191118155924/https://baby-calendar.jp/knowledge/common/1047	bc
2017	F		由結	ゆい	私と主人は中学高校との同級生で、たまたま友だちが主催した同窓会に参加したときに再会しました。私たちが人とのつながりを大切にして再会し誕生した子なので、人とのつながりを大切にしてほしいという意味で結を、偽りなく正直でのびのび育ってほしいという意味で由をつけて由結と名づけました。	20191118155924	https://web.archive.org/web/20191118155924/https://baby-calendar.jp/knowledge/common/1047	bc
2017	F		結衣	ゆい	上の子の名前にも「衣」がつくので、姉妹らしく同じ漢字を使おうと決めていました。結衣はすぐに候補に入りましたが、まわりからは「人気だよねー、同じ名前の子、たくさんいそう」などと言われました。ありきたりかな？皆同じ名前だったらどうしよう？なんて考えてしまった私ですが、主人から同じ名前だからと言って、同じ子になる訳ではないよね？と言ってもらい、自信を持って「結衣」に決めることができました。子どもへの最初のプレゼント、そして子どもは一生付き合っていく名前、だからこそ、悩んでしまうものなのでしょうね。悩んで考えた日々も子どもとの最初の思い出のようで、なんだか楽しかったです。私たち家族、友人、さまざまなものと幸せを結んでくれる、そんな意味を込めて「結衣」と名づけました。	20191118155924	https://web.archive.org/web/20191118155924/https://baby-calendar.jp/knowledge/common/1047	bc
2017	F		結	ゆい	【結】という字には、「農作業などで互いに労力を提供して助け合うこと。それをする仲間」という意味があり、昔パパがこれを知ったときに感動したそうです。そこから「まわりの人々と助け合って生きてほしい」という気持ちを込めてこの字に決めました。ママは「書類を書くとき面倒くさくないように一文字で、誰でも読みやすい名前がいいな～」なんて打算的なことばかり考えていました（笑）。というのもママは金融機関に勤めていて、赤ちゃんの通帳を作るときに「何て読むんだ？」とか「これどういう字？」など困ったことが多々あったので、家族以外が困らないようにと思う気持ちが強かったです。パパが新垣結衣さんを好きなのは偶然かしら……。	20191118155924	https://web.archive.org/web/20191118155924/https://baby-calendar.jp/knowledge/common/1047	bc
2017	F		結衣	ゆい	私は婿をもらいました。身籠もってから、家族が結ばれたので。これからも、私の両親と、旦那さんとの架け橋となるように。そして、人と人とを自然な雰囲気で結ぶ人に抜くなってほしくて名づけました。	20191118155924	https://web.archive.org/web/20191118155924/https://baby-calendar.jp/knowledge/common/1047	bc
2017	F		結香	ゆいか	私と旦那さんの頭文字を一文字ずつあげました。私と旦那さんを結んでくれた赤ちゃんなので漢字に「結」という字を使いました。これからもいろんな人とすてきな出会いをして大きくなってくれたらいいなと思います。	20191118155924	https://web.archive.org/web/20191118155924/https://baby-calendar.jp/knowledge/common/1047	bc
2017	F		結衣菜	ゆいな	結…人と人との触れ合い、接点に恵まれ人を大切にできる子。衣…（ファッションなど）女の子の楽しさを感じられる人生。菜…自然と触れ合い、豊かに育つように。響きから…人から愛され、愛することができる人に。	20191118155924	https://web.archive.org/web/20191118155924/https://baby-calendar.jp/knowledge/common/1047	bc
2017	F		惟愛	ゆいな	なにを決めるのも、まったく正反対な夫婦で、いつもどちらかが折れていましたが、子どもの名前はお互いが納得できる名前をあげたかったので、別々に名前の読みを考え、次に漢字を当てはめ、画数を調べて……と性別が女の子と決まってから、生まれるギリギリまで夫婦で悩んでいました。名前は初めてのプレゼントと言いますが、大きくなってから自分の名前を気に入ってくれたらいいなぁと話しています。	20191118155924	https://web.archive.org/web/20191118155924/https://baby-calendar.jp/knowledge/common/1047	bc
2017	F		結奈	ゆいな	たくさんの人と出会うなかで、すてきな縁を結んでいってほしいということを願ってこの名前に決めました。	20191118155924	https://web.archive.org/web/20191118155924/https://baby-calendar.jp/knowledge/common/1047	bc
2017	F		結乃	ゆいの	主人の強い希望でつけた名前です。実家から離れて暮らし、帰ることもほとんどなく両親とはあまり会わなくなっていたそうです。しかし、結婚し妊娠がわかってから少しずつですが会う機会も増えてきました。おなかの子がみんなとの絆を結ぶような子になってほしいと、「結」という字を入れたいとのことでこの名前にしました。もう7カ月になりますが、笑顔の絶えない子で両親はもちろん、いろいろなほうにかわいがってもらって、家にもたくさんの人が集まってくれます。これからもたくさんの経験をしていって、いろいろな人との絆を結んでほしいです。	20191118155924	https://web.archive.org/web/20191118155924/https://baby-calendar.jp/knowledge/common/1047	bc
2017	F		結羽	ゆいは	お兄ちゃんが「湊翔」という名前なのでいつまでも兄妹なかよく助け合って生きていってほしいと思い、「翔」と「羽」でつながりを持たせました。心と心を結び繫いでくれるやさしい思いやりのある子になってくれますように。	20191118155924	https://web.archive.org/web/20191118155924/https://baby-calendar.jp/knowledge/common/1047	bc
2017	F		結衣吏	ゆいり	上のお姉ちゃんが結葵（ゆあ）、ママが摩衣子、パパが敦史なのでその名前の一字を使いました。パパの史はニアピンですが……。ママ自身が双子で娘は年子なので双子っぽい名前に憧れがあり付けました。2人とも「ゆ」から始まるので夫婦そろって娘の名前をたまに間違えて呼んでしまってますが……。	20191118155924	https://web.archive.org/web/20191118155924/https://baby-calendar.jp/knowledge/common/1047	bc
2017	F		優	ゆう	どんなときも前向きで、やさしさを忘れずにいられる人であってほしい。そしてどんなことにも挑戦できるような強さを併せ持ち、優れた人になっていってほしい。そんな思いを一文字で表した「優」。覚えやすいその名前が、これからの人生のなかでたくさんの人たちに親しみを持って呼ばれ続けますように。まだ名づけに悩んでいる頃、「優ちゃん」と試しに呼び掛けてみたときに、ニコッと笑ってくれたように見えたことがたまらなくうれしくて、この名前がこの子にとっていちばんなんだろうなと思い、悩んでいた心が決まりました。	20191118155924	https://web.archive.org/web/20191118155924/https://baby-calendar.jp/knowledge/common/1047	bc
2017	F		優	ゆう	妊娠が判明して5日目でかなりの出血、病院へ行き、そのまま緊急入院。赤ちゃんもなんとか無事で、2週間の絶対安静でなんとか退院できました。でもその4日後に家で倒れて、また緊急入院。重症妊娠悪阻との診断でした。上の子（2歳）は私が急にいなくなったため、夜泣きが激しくパパもぐったり。私たち家族にとって、大変な日々でした。2カ月入院して無事に退院。その間、おなかの赤ちゃんはすくすくと育ってくれてて、それが唯一の救いでした。妊娠40週と5日で、生まれてきてくれたのが「優」でした。一時はどうなるかと思ったけど、頑張って私たち家族のもとに来てくれました。私は「恵」で、「心」が入る漢字。だから生まれた子にも「心」を入れたいと言ったのは主人でした。とても大変だった妊娠、出産。その分やさしく育ってほしいと願い、「優」と名づけました。私たち家族を勇気づけてくれてありがとう。そして、なによりも生まれてきてくれてありがとう。	20191118155924	https://web.archive.org/web/20191118155924/https://baby-calendar.jp/knowledge/common/1047	bc
2017	F		優	ゆう	今年の6月2日に待望の第一子の女の子が元気に生まれてきてくれました。去年、主人と結婚した私は、思春期のときから生理不順で産婦人科へ通うほどでした。主人に出会った頃から「子どもを妊娠するのは難しいかもしれない」と正直に話していました。主人は「まだ決まった訳じゃないよ。大丈夫。2人で乗り越えていこう」とやさしく言ってくれました。そのとき、私は「もし子どもができたらあなたみたいなやさしい子に育ってほしいから男の子でも女の子でも優（ゆう）って名前にしたいな」と伝えました。そのことに主人は大賛成。結婚する前から優が生まれたら。とか優はどんな子どもに育つかな。とか優のことばかり夫婦で話してました。結婚した1カ月後。（体調がよくないな……）と思うようになり主人に相談したところ、生理は？と言われ、いつものように遅れてると思う。と応えました。一応、検査薬で調べてみようか。ということで調べてみたら、うっすらと妊娠線が出てきました。（え？妊娠ってこと？）うれしさと信じられない気持ちで病院へ。病院で検査した結果、妊娠4週目。主人と驚きと同ときに、2人ともうれしさと心がほっこりとやさしい気持ちでいっぱいでした。私は子ども授かることができないかもしれないと思っていましたが、主人と出会い、主人のやさしさに触れ、優という大切な宝物に出会いました。「やさしくて優秀で 主人がたくさん優勝するように」（主人は勝負師なので）と名づけた「優」。私は主人と優に出会えて本当に幸せです。	20191118155924	https://web.archive.org/web/20191118155924/https://baby-calendar.jp/knowledge/common/1047	bc
2017	F		祐花	ゆうか	妊娠がわかる2カ月くらい前に夢を見ました。その内容が主人が女の子の赤ちゃんを抱っこしていて、私がその子のことを『ゆうか』と呼んでいたんです。その後5月末に父が他界。その後、6月11日に妊娠が判明。夢は、娘からのメッセージと思ってます。そして父からの最後のプレゼントだと思います。	20191118155924	https://web.archive.org/web/20191118155924/https://baby-calendar.jp/knowledge/common/1047	bc
2017	F		佑珂	ゆうか	佑：かばい助ける、珂：白瑪瑙：真実の石。人の嫉妬や邪気を跳ね除け大きな希望を育てる、親子愛、兄弟愛、自然愛。大切な人との絆を深めるという意味だったのでやさしい子になってほしいと思いつけました。	20191118155924	https://web.archive.org/web/20191118155924/https://baby-calendar.jp/knowledge/common/1047	bc
2017	F		結希	ゆうき	私と旦那は授かり婚でした。私と旦那を結んでくれた子ども。そして、これからは人と人を繫いでいってくれるように、未来にいろんな希望を持ってほしいのでこの名前にしました。読み方は男の子に多いですが、なににでも勇気（ゆうき）を持るようにと、旦那がこの読み方に決めてくれました。	20191118155924	https://web.archive.org/web/20191118155924/https://baby-calendar.jp/knowledge/common/1047	bc
2017	F		結咲	ゆうさ	やさしい子になってほしいという思いが夫婦ともにあり、「結」にはひとつにまとめるという意味ややさしいイメージがあるということで「結」という字を使い、姉妹なかよくなってほしい願いも込め、お姉ちゃんと同じ「咲」を使って、結咲に決めました。	20191118155924	https://web.archive.org/web/20191118155924/https://baby-calendar.jp/knowledge/common/1047	bc
2017	F		優彩	ゆうさ	兄2人の3番目。家は代々男家系！生まれてくるまで性別は聞かず。そして、誕生したのは90年ぶりの女の子！！そんな我が家に、彩りを与えてくれこれからも彩りをそえ、たくさんある色彩のなかから自分にあったカラーをみつけ男の子のなかでたくましく育つであろうわが子にやさしく育ってほしく、優彩（ゆうさ）と名づけました。	20191118155924	https://web.archive.org/web/20191118155924/https://baby-calendar.jp/knowledge/common/1047	bc
2017	F		結菜	ゆうな	生後半年で亡くなったこの子の姉の名前に「結」という字を使っていて姉のときは家族や出会う人との結びをずっと大切にしてほしいという願いを込めており、第2子のこの子にも姉同様家族や出会う人との結びを大切にしてほしい、そして菜の花のように明るく元気に育ってほしいという想いを込めて名づけた。	20191118155924	https://web.archive.org/web/20191118155924/https://baby-calendar.jp/knowledge/common/1047	bc
2017	F		祐奈	ゆうな	うちは父から私、子どもたちまで3世代同じ神社で名づけをしてもらい、祐奈の『祐』の字は2人のお兄ちゃんにも入っていて神社に『祐』の字の入った名前をお願いしました。	20191118155924	https://web.archive.org/web/20191118155924/https://baby-calendar.jp/knowledge/common/1047	bc
2017	F		結梛	ゆうな	実は、大学生のとき『将来、子どもにつけたい名前』として考えたのが「ゆうな」でした。やさしくて、やわらかい印象がいいなぁと思っています。響きは決まっていて、旦那さんも賛同してくれたので女の子とわかったとき、漢字を考えました。人と人を結ぶという意味で『結』『な』は、最後までずっと悩みましたが、ある日『梛』という字に出会いました。『梛の木（なぎのき）』神聖な木で、私たち夫婦は、癒やしのスポットとしてよく神社の散策デートをしていたので、「これだ！」と思いました。なにより、私の名前『なぎさ』が入っているので、気に入りました！人と人を結ぶような人になるように。梛の木に守られ、梛の木のようにみんなに大切に愛されるような人生でありますように。	20191118155924	https://web.archive.org/web/20191118155924/https://baby-calendar.jp/knowledge/common/1047	bc
2017	F		侑奈	ゆうな	私も旦那も名前が“ゆ”から始まるため、子どもも“ゆ”から始まる名前がいいと思い、名づけ本やインターネットで名前や感じをいろいろ調べました。人にやさしく、人が集まり、人に助けられ、人を助けていけるような人になってほしいと思い、侑奈という名前にしました。	20191118155924	https://web.archive.org/web/20191118155924/https://baby-calendar.jp/knowledge/common/1047	bc
2017	F		結実	ゆうみ	長女の名前が結花（ゆいか）というのですが、旦那も私も『結』という漢字がお気に入りで次女にも『結』を使いたいということと、私の名前の一文字をとって結実（ゆうみ）にしようと旦那さんが提案してくれました。調べたところ結実（けつじつ）の努力した結果として、成果が得られることという意味をみつけ、これだ！と決断しました。また、なにに対しても結びつきを大切にし実りある日々を過ごしてほしいという願いを込めて名づけました。	20191118155924	https://web.archive.org/web/20191118155924/https://baby-calendar.jp/knowledge/common/1047	bc
2017	F		優莉	ゆうり	昨年の11月に私の祖母が亡くなりました。亡くなる2日前、夢に祖母が出て来て、女の子の赤ちゃんがおなかにいるよと教えてくれた夢でした。祖母が亡くなりしばらくして病院に行くと妊娠していました。祖母はとてもやさしい人でいつも他人のことを考えてくれるそんな人でした。生まれた子は祖母が夢で教えてくれた通り女の子でした。祖母の様に思いやりのあるやさしい女の子になってもらいたくて優莉と名づけました。	20191118155924	https://web.archive.org/web/20191118155924/https://baby-calendar.jp/knowledge/common/1047	bc
2017	F		由香	ゆか	あたしが由香という感じが大好きで上の子が二文字なので二文字にしたく不自然さもなく、夫婦で即決した名前でした。上の子と似たような名前にしたら呼ぶときに2人で戸惑ってしまうかな？と思い、まったく違うときに決めました！	20191118155924	https://web.archive.org/web/20191118155924/https://baby-calendar.jp/knowledge/common/1047	bc
2017	F		紫子	ゆかこ	2月の誕生石・アメジストの色の紫、父親の研究しているヨウ素の色の紫、上の子と同じイニシャルYとなるように、紫子と名づけました。	20191118155924	https://web.archive.org/web/20191118155924/https://baby-calendar.jp/knowledge/common/1047	bc
2017	F		紫子	ゆかこ	誕生石・アメジストの色の紫を使いました。	20191118155924	https://web.archive.org/web/20191118155924/https://baby-calendar.jp/knowledge/common/1047	bc
2017	F		結佳奈	ゆかな	人の縁を絶やさないようにしたいね。というパパのひと言がきっかけで大きなやさしい心で人と人を結んでくれるような子になってほしいな。と思い、結佳奈（ゆかな）と名づけました。	20191118155924	https://web.archive.org/web/20191118155924/https://baby-calendar.jp/knowledge/common/1047	bc
2017	F		縁	ゆかり	初産で、胎児の性別を聞くタイミングがわからず、気づいたときにはエコーでも見えづらくなり、結局生まれるまで男の子か女の子かがわからなかったので、両方の名前をいくつか考えておくことにしました。主人の家系は、みんな漢字一文字の名前なので、生まれる子も一文字にしよう、ということだけ決め、いろいろ楽しみに考えていました。そして出産予定日ちょうどのタイミングで無事出産。女の子でした。両方の実家に無事生まれたと連絡をし、主人と病室で話していたときのこと。義母から、おじいちゃん、生まれた赤ちゃんにとってはひいおじいちゃんの命日だよ、と教えられたというのです。きっとじじばばっ子だった主人のことを心配して、おじいちゃんが導いてくれたんだね、と思わず涙が出ました。女の子が生まれたら…と考えていた名前のなかで、これしかない！と、そのとき決めたのが「縁（ゆかり）」です。おじいちゃんが結んでくれたご縁を大切に、元気に育ってくれますように。	20191118155924	https://web.archive.org/web/20191118155924/https://baby-calendar.jp/knowledge/common/1047	bc
2017	F		ゆかり	ゆかり	まだ赤ちゃんがおなかのなかにいて、性別すらわからなかった頃。仕事で朝早く出ていくパパを、私が車で送っていくのが習慣でした。朝は食が細くてほとんどなにも口にしないパパに、どうにか食べてもらおうといつもおにぎりを作って車内で渡していたのですが、その日のおにぎりが何故か大ヒット。「久しぶりに食べた！美味しい！」と言ったのが有名なしそふりかけの「ゆかり」おにぎり。「この子の名前はゆかりにしよう！」とはしゃぐパパを笑って見ていたのですが、果たして性別が女の子とわかり、戯れに姓名判断にかけてみたら抜群の画数！先輩ママさんからいただいた名づけ事典に目を通すこともなく決定となりました。とはいえ、本人にはとりあえず「たくさんの人と『縁』ができますようにって意味だよ」と説明する予定です	20191118155924	https://web.archive.org/web/20191118155924/https://baby-calendar.jp/knowledge/common/1047	bc
2017	F		優佳梨	ゆかり	私たち夫婦は、出会いからさまざまな縁をいただき結婚することができました。また高齢出産だったこともあり、おなかのなかで元気なわが子も、生まれてきてくれるまで心配がつきませんでした。この子に出会えたのもまた、すてきな縁だねと夫婦で話し、わが子も人と人との縁（=ゆかり）を大切にできる人になってほしいと願いを込めて、名前の読みを『ゆかり』にしました。やさしく（優）気立てがよく（佳）気が利いていい意味でかしこく（梨）そんな人になってくれるように、日々の成長を見守りたいです。	20191118155924	https://web.archive.org/web/20191118155924/https://baby-calendar.jp/knowledge/common/1047	bc
2017	F		幸奈	ゆきな	主人が尊敬する松下幸之助さんから「幸」の字をいただいて「奈」の字と組み合わせました。「奈」は花梨を意味し、花梨には「唯一の恋」「努力」「優雅」「豊麗」「豊かで美しい」「可能性がある」などの花言葉があるので、「自分の意見を持ったまっすぐでおおらかなやさしい女性に育ってほしい」という願いを込めてつけました。	20191118155924	https://web.archive.org/web/20191118155924/https://baby-calendar.jp/knowledge/common/1047	bc
2017	F		由紀乃	ゆきの	生まれる前に夫婦2人でドライブ中、ふと旦那さんが由紀乃って名前どうかな？と言いました。ゆきちゃんって呼ぶのがかわいくない？って。由紀乃の乃のは私の名前から一文字とって、お前みたいにやさしくて思いやりのある子になってほしいから、と言ってくれたのですごくうれしかったです。あとから由紀の漢字の意味を調べて、紀の字にまっすぐにという意味があると知ってこの漢字に決定しました！偶然ですが、助産師さんの名前も同じ由紀さんで、院長先生も由紀雄さんだったので、びっくりしました！	20191118155924	https://web.archive.org/web/20191118155924/https://baby-calendar.jp/knowledge/common/1047	bc
2017	F		雪乃	ゆきの	2月生まれなので、暦では春でしたが季節的に冬、春にちなんだ名前の候補がありました。生まれてから決めることになり出産予定日を過ぎてから無事、髪のフサフサな女の子を出産♡赤ちゃんと対面したとき、髪の毛の多さにびっくりしました！そして名前は雪乃がいちばん似合うと思い旦那に相談したところ、出産予定日の夜も、昨日の夜も少し雪が降ったそうで、名前は雪乃に決まりました♡今ではゆきちゃんと愛称で呼んでいます♡	20191118155924	https://web.archive.org/web/20191118155924/https://baby-calendar.jp/knowledge/common/1047	bc
2017	F		結朱	ゆず	結朱」結…縁を結ぶ、やさしい。朱…夏、太陽。まわりの人たちとのつながりや出会いを大切に、太陽のように明るく元気な子に育ってほしいという願いを込めて…旦那が〝ゆず〟という音にこだわっていてそれ以外の候補には聞く耳を持たずでした。私は8月生まれなので夏っぽい、明るい名前にしたくて。2人の想いをめいっぱい詰め込みました。結朱ちゃんに、すてきな出会いがたくさんありますように。	20191118155924	https://web.archive.org/web/20191118155924/https://baby-calendar.jp/knowledge/common/1047	bc
2017	F		柚	ゆず	ご飯を食べているときにパパがひらめいた名前。インスピレーションを大切に、大樹のように大きく、自由に個性を持って育ってほしいと願い、また、柚の花言葉『汚れなき人』『健康美』その言葉通りに育ってほしくて名づけました。パパもママも名前が漢字一文字なので、一文字と決めていた。パパとママそれぞれ候補を考えて、顔を見てから本決定しようと話し合っていた。生まれてきて初めて顔を見たときに、パパの考えていた『柚』だ！と思った。	20191118155924	https://web.archive.org/web/20191118155924/https://baby-calendar.jp/knowledge/common/1047	bc
2017	F		結鈴	ゆず	私は妊娠中つわりがひどく、その際に夫や家族、友人、職場の人など、本当にいろいろな方々に支えてもらい、心が救われたことがありました。そこで感じた人との結びつきを大事にしてほしいという意味を込めて「結」という字を入れました。また、生まれてきたわが子は、お顔がまん丸で、泣き声が高くリンリンと鈴のようなかわいらしい音色だったので、愛らしく育っていってほしいという意味を込めて結鈴とつけました。	20191118155924	https://web.archive.org/web/20191118155924/https://baby-calendar.jp/knowledge/common/1047	bc
2017	F		柚希	ゆずき	健やかに育ってほしいという思いと、夫の名前から希をとって柚希と名づけました。	20191118155924	https://web.archive.org/web/20191118155924/https://baby-calendar.jp/knowledge/common/1047	bc
2017	F		柚希	ゆずき	6月生まれなので6月っぽい言葉を入れたくて調べてたら5月〜6月に柚子の花が咲くと知りました。柚子の花言葉は汚れなき人。あとは6月の誕生石に月長石があります。意味は純粋な恋。なので「月」を入れようと思いました。綺麗な人に育ってほしい、将来幸せになってほしいと思い「柚月」にしたかったのですが画数的に「柚希」のほうがよかったので柚希に決まりました。	20191118155924	https://web.archive.org/web/20191118155924/https://baby-calendar.jp/knowledge/common/1047	bc
2017	F		柚月	ゆずき	私が若いうちに病気をしたので自分の子どもには健康でいてほしいと思い、花言葉に「健康」がある柚の字を。そして出産の前の前の晩に綺麗な満月を見たのが印象的だったので月の字を。二つを合わせて、柚月と名づけました。	20191118155924	https://web.archive.org/web/20191118155924/https://baby-calendar.jp/knowledge/common/1047	bc
2017	F		夕蒼	ゆずき	両親の好きなものからつけました。父親が海に落ちる夕日が好き。母親は蒼い海が好き。二つを合わせて、夕蒼になりました。	20191118155924	https://web.archive.org/web/20191118155924/https://baby-calendar.jp/knowledge/common/1047	bc
2017	F		柚奈	ゆずな	シンプルでわかりやすく、誰でも呼びやすい名前が希望で、割と早い段階で“ゆず”という名前にしようか、と主人と話していました。しかしどの親も一度は気にするように、姓名判断の画数で、ゆず単体では好ましくないことが判明。なにか一文字足すととても良くなるのですが、シンプルではなくなってしまうのが嫌で、夫婦で迷い始めてしまいました……。もう画数なんてどうでもいいか！と思ってみたり、画数の悪い人の人生エピソードを聞いて不安に思ってみたり……。迷った結果、結局画数がいいにこしたことはない、という結論に至りました。それにどっちにしてもあだ名で“ゆず”になるのでは、との計算のもとです。一文字＋の候補のなかから、主人が気に入った“ゆずな”とし、現在夫婦で“ゆず”と読んでいます。	20191118155924	https://web.archive.org/web/20191118155924/https://baby-calendar.jp/knowledge/common/1047	bc
2017	F		柚羽	ゆずは	子どもにはすくすくとのびのび自由に育ってほしくて柚という字を選びました。娘は2月に予定日で、柚は冬の花で花言葉は健康美や汚れなき愛などすてきな花言葉だったのも決め手。あと女の子なら旦那、男の子なら私の名前から一文字入れたいという希望があったので、旦那の翔太という名前から羽をとって「柚羽」という名前になりました。健康で自由にのびのびとやさしい元気な女の子に育ってくれますように……。	20191118155924	https://web.archive.org/web/20191118155924/https://baby-calendar.jp/knowledge/common/1047	bc
2017	F		ゆず葉	ゆずは	ゆずの花言葉「健康美」がすてきだと思い、ゆずを使いました。5月生まれの爽やかなイメージにもぴったりだと思いました。また「譲り合う心」も大切にしてほしかったのであえてひらがなにしました。葉の字は私たち夫婦の名前に夫には「樹」私には「花」に由来する字が入っているので共通の字をあてました。	20191118155924	https://web.archive.org/web/20191118155924/https://baby-calendar.jp/knowledge/common/1047	bc
2017	F		柚月	ゆづき	柚の花言葉が〔健康美〕であったことと、6月に開花すること。そして月の綺麗な日に生まれたこと。	20191118155924	https://web.archive.org/web/20191118155924/https://baby-calendar.jp/knowledge/common/1047	bc
2017	F		結月	ゆづき	上の子が龍星（りゅうせい）だったので月をつけたかったのと人と自分を結びつける、お友だちを大切に、大切にされる存在でいてほしいと結月（ゆづき）と名づけました。	20191118155924	https://web.archive.org/web/20191118155924/https://baby-calendar.jp/knowledge/common/1047	bc
2017	F		悠月	ゆづき	おおらかな子になってほしい。お姉ちゃんと一緒で月をつけたかった。	20191118155924	https://web.archive.org/web/20191118155924/https://baby-calendar.jp/knowledge/common/1047	bc
2017	F		由奈	ゆな	由：（たよる）の意味から、人を引き付け、他の人の拠り所になる、味わい深い人に成長してほしい。（基づく）の意味から、物事を順序だてて考えられる人になってほしいまた、田んぼに芽が生えている字より、しっかりした土壌から自由の芽を生やして、のびのび大きく成長してほしい。奈：奈は果樹のからなし（カリン）の意。花言葉より、おおらかで、実りの多い人生を送ってほしい。自分の意見を持って、まっすぐ成長してほしい。	20191118155924	https://web.archive.org/web/20191118155924/https://baby-calendar.jp/knowledge/common/1047	bc
2017	F		柚乃	ゆの	柚子の花言葉は健康美！健康第一で育ってほしい。柚子湯のように、まわりの人を温かくするやさしい心を持つ子になってほしい。かわいらしく、健やかに、まっすぐ前を向いて歩いていけますように。あなたの笑顔はたくさんの人の心を温めます。	20191118155924	https://web.archive.org/web/20191118155924/https://baby-calendar.jp/knowledge/common/1047	bc
2017	F		優芽	ゆめ	長女の優芽が生まれる前に夫婦で屋久島へ行き、屋久島の森の神様たちに赤ちゃんが授かりますように……とお願いしました。するとその2カ月後に妊娠がわかりました。屋久島の神様たちがこの子を授けてくださったのだとうれしく思い、生まれてくる子は屋久島の植物や樹々のようにのびのび芽を伸ばして育ってほしいと考え、女の子であれば「芽」という字を使うことに決めました。また、やさしい気持ちが芽生えてたくさんの人たちにそのやさしさを与えられる子に育ってほしいという想いも込めて「優芽」と名づけました。	20191118155924	https://web.archive.org/web/20191118155924/https://baby-calendar.jp/knowledge/common/1047	bc
2017	F		祐芽	ゆめ	長女には母である私の名前の一文字を使って名づけをしたので、次女の祐芽には父である主人の名前から『祐』をいただいて、そして花や草木が『芽』吹く4月生まれの娘。すくすく健やかに希望にあふれた人生を送ることができるようにと気持ちを込めて名づけました。	20191118155924	https://web.archive.org/web/20191118155924/https://baby-calendar.jp/knowledge/common/1047	bc
2017	F		結愛花	ゆめか	性別がわかり、女の子の名前だから変な名前だとかわいそうだし、呼び方、呼ばれ方、あだ名にするにしてもかわいい名前だといいだろうなぁとか、イニシャルのものを持ったりすることもあるだろうからかわいいイニシャルがいいとか……。もう考え過ぎなぐらい考えていました（笑）。なので候補がありすぎて更には漢字にも悩む悩む。ギリギリまで決まらず。なのに主人はなにもアイデアも出してくれず私がこれはどう？といえばうーん。みたい返答ばかりで…最終的に私が考えたリストから俺が選ぶ！と言ってくれたはいいんですが、リストを見せ自分の携帯見始めて、これに決めた！といわれた結愛花という名前はリストにはありませんでした（笑）。主人の直感で決められた名前ですが今では気に入ってます♪	20191118155924	https://web.archive.org/web/20191118155924/https://baby-calendar.jp/knowledge/common/1047	bc
2017	F		結優	ゆゆ	妊娠中、たくさんのやさしさに恵まれたので、娘にもなにか困難があったときにたくさんのやさしさに恵まれるように、また娘自身がやさしい子に育つように、親子の絆がやさしさで結ばれているように、という意味を込めて名づけました。	20191118155924	https://web.archive.org/web/20191118155924/https://baby-calendar.jp/knowledge/common/1047	bc
2017	F		ゆら	ゆら	パパの名前「ユウキ」の「ゆ」と、ママの名前「ミラノ」の「ら」をとりました。	20191118155924	https://web.archive.org/web/20191118155924/https://baby-calendar.jp/knowledge/common/1047	bc
2017	F		由莉	ゆり	母親である私がお花が好きなことから花の名前を使おうと旦那が話してくれました。そして、5月が出産予定日だったため、5月の花を植物図鑑から探しすことにしました。花の意味なども気にしながら、ジャスミンが茉莉花と書き、ジャスミンには神様からの贈り物という意味があることを知り、茉莉花の漢字を使うことにしました。私は20歳のときに排卵障害だとわかり、子どもができるかわからないと知りました。もともと子どもが大好きで、将来は結婚して子どもを産むのが当たり前だと思っていたため、とてもショックで、子どもを見るたびに悲しい気持ちになっていました。旦那から初めて結婚を考えてると言われたとき、うれしい気持ちと、子ども好きな旦那と結婚して、子どもができなかったらどうしようと不安で、でも旦那と結婚したかった私は、病気のことを話せませんでした。しかし、結婚が近づくにつれ、旦那に病気のことを黙っているのは間違っているのではないかと思い、振られる覚悟で病気のことを話し、結婚してくれなくてもいいと話しました。すると旦那は、あんなに子どもが好きな人なのに、子どもができなくても君がいてくれればそれだけで幸せと言ってくれました。私はそう言ってもらえたのがうれしい気持ちと、そんなやさしい旦那だからこそ、どうしても子どもがほしい気持ちになりました。そこから大好きなお菓子も辞めて毎晩ウォーキングをして体調管理をして、子どもを産みやすい身体作りをしました。すると、それからすぐに子どもを授かり、本当に神様からの贈り物だなと思いました。子どもが将来とびきり幸せになってくれるよう、旦那と2人で命名の本を買って画数など調べ、毎日毎日なにがいいか考え、茉莉花のなかから莉を使うことを決めました。由については、自由にのびのびと育ってほしいという思いから自由という漢字の由を使い、組み合わせて由莉と名づけました。毎日かわいいわが子を見るたびに、本当に神様からの贈り物だなと思います。今は赤ちゃんなので、自分の気持ちに素直に、泣きたいときは泣いて、眠くなったら寝て、おなかが空いたらおっぱいを飲んで、と自由にのびのびしてくれていますが、これから先もずっと自由にのびのびと育ってほしいなと思っています。	20191118155924	https://web.archive.org/web/20191118155924/https://baby-calendar.jp/knowledge/common/1047	bc
2017	F		友梨	ゆり	ちょうどマイホームの購入と出産時期が重なっていました。その日はマイホームの引き渡し日。出産予定日まで2週間まだあったので、私も銀行での手続きに同席。なんだかおなか痛いな〜と思っていたら、そのまま産気づき当日出産！もともと友梨は名前候補にはあったのですが、マイホームの場所が「ゆり」のつく地名だったので、これは運命だ！と友梨に決定。	20191118155924	https://web.archive.org/web/20191118155924/https://baby-calendar.jp/knowledge/common/1047	bc
2017	F		優里奈	ゆりな	パパとママの名前に共通してる“ゆ”をつけたく、またやさしいという漢字を取り入れたく、名字が鏡文字なのでなるべく鏡文字になるような漢字、かつ総画数も考え運気のいい人生を送ってほしいので優里奈に決めました！女の子でも画数は大事、私は結婚し名字が変わり総画数も変わり人生が一転したので、画数にはこだわりました！！	20191118155924	https://web.archive.org/web/20191118155924/https://baby-calendar.jp/knowledge/common/1047	bc
2017	F		よか	よか	主人の屋久島出身の祖母は主人のどんなワガママも「よかよ、よかよ〜」と言って許してくれるやさしくておおらかなほうだったそうです。娘にもそんなやさしくて心の広い子に育ってほしいという願いを込めて名づけられました！（ビスケさん） 赤ちゃんの名づけエピソード大賞はこちら 2017年赤ちゃんの名づけエピソード大賞 ＞ 2016年赤ちゃんの名づけエピソード大賞 ＞ 2015年赤ちゃんの名づけエピソード大賞 ＞ 赤ちゃんの名前ランキングはこちら 2017年赤ちゃんの名前ランキングTOP ＞ 2016年赤ちゃんの名前ランキングTOP ＞ 2015年赤ちゃんの名前ランキングTOP ＞ 2014年赤ちゃんの名前ランキングTOP ＞ 2013年赤ちゃんの名前ランキングTOP ＞ 2012年赤ちゃんの名前ランキングTOP ＞ 2011年赤ちゃんの名前ランキングTOP ＞ 2010年赤ちゃんの名前ランキングTOP ＞ おすすめサービスはこちら おすすめ内祝い ＞ 2017/12/08 この記事にいいね！しよう いいね！ 1 0 クリップ 現在ログインしていません。 ログインしますか？ シェアする ツイートする LINEする 戻る 出産予定日 or 赤ちゃん の誕生日を設定しよう！ あなたの今の状態にぴったりの情報だけを厳選してお届けします。 出産予定日 赤ちゃんの誕生日 設定する 設定を変更する 妊娠 週と 日 今日の知っておきたい 今日のＱ&Ａ 設定を変更する お誕生日から 日 歳 カ月と 日 今日の知っておきたい 今日のＱ&Ａ 離乳食 はちみつ 豆腐 赤ちゃんの名前ランキング 妊娠力診断 ほうれん草 母乳 つわり うどん 人見知り 納豆 義母 PICK UP 産後のママをケアしてくれる！ 産後ケア施設検索 先輩ママの口コミ掲載！ 産婦人科検索 ぴったりの病院が見つかる！ 婦人科検索 赤ちゃんとの毎日が楽しくなる かわいいベビー肌着 photo studio guide フォトスタジオガイド ママの口コミ満載 お泊まり宿 はじめての方へ 赤ちゃんの笑顔でいっぱいの毎日を。『ベビーカレンダー』は、赤ちゃんが毎日を笑顔で過ごせるような情報をお届けする、妊娠・出産・育児の情報サイトです。日めくりカレンダーを毎日めくるように、『ベビーカレンダー』を、ぜひ毎日ご活用ください。 ログイン / 新規登	20191118155924	https://web.archive.org/web/20191118155924/https://baby-calendar.jp/knowledge/common/1047	bc
2017	F		愛々	らら	2回目の体外受精でやっと授かった赤ちゃん。周囲の人からもたくさんの愛情を注がれて育つようにと祈りを込めて。	20190918013229	https://web.archive.org/web/20190918013229/https://baby-calendar.jp/knowledge/common/1048	bc
2017	F		蘭	らん	父親が陸上選手で足が速く、娘にも小さいうちから走らせたいということで、走るrun（ラン） を蘭という名前にしました。マラソン大会の親子レースに出たいそうです。また、元気そうな名前なので 蘭にしました。	20190918013229	https://web.archive.org/web/20190918013229/https://baby-calendar.jp/knowledge/common/1048	bc
2017	F		莉愛	りあ	妊娠をきっかけに名前を考え始めました。妊娠したくてやっとできた赤ちゃんで、おなかにいるときから大切に大切に、両親、祖父母、周りの方からも大切に愛されているのを実感し、主人と「愛」は名前に入れたいと話していました。私が帰省したり、祖父母の家に遊びに行くと赤ちゃんの話ばかりになり、公共交通機関でも周りの方に話しかけられたり、赤ちゃんがいることで、周りが幸せな気分になりました。「莉」のイメージには、すごくいい香りがして、周りの人たちを引き寄せるということから、“誰にでも好かれる人になってほしい”という意味があるので、「莉愛」。お花のように美しく清らかで、誰からも好かれ、周りの方々に愛され、また彼女自身もたくさんの人を愛してほしいという願いを込めてこの名前にしました。	20190918013229	https://web.archive.org/web/20190918013229/https://baby-calendar.jp/knowledge/common/1048	bc
2017	F		莉愛菜	りあな	"結婚して1年経ちますが、結婚する前（3～4年前）から女の子が生まれたら""莉愛菜""にしたいとずっと思っていて、誰かに名前を言ってしまうと被ってしまうと思い、誰にも言わずずっと自分の心にとどめていました。女の子がいいと思っており、女の子とわかって旦那と名前を決めるときに初めて""莉愛菜がいい""と打ち明けました。生まれてから出生届を書く間も旦那に気持ちは変わらないと言って、旦那も見た目も女の子らしい名前だからと言ってくれて""莉愛菜""に決定しました。3～4年間ずっと思ってきた名前だからこそ、胸をはれる名前です。""莉愛菜""の漢字の意味からもかわいらしく、明るく、健やかに成長して誰からも愛される子になってほしいです。"	20190918013229	https://web.archive.org/web/20190918013229/https://baby-calendar.jp/knowledge/common/1048	bc
2017	F		莉衣奈	りいな	ジャスミンのように華やかで、衣のようにいろんな人をやさしく包容力ある人になってほしいと思い名づけました。	20190918013229	https://web.archive.org/web/20190918013229/https://baby-calendar.jp/knowledge/common/1048	bc
2017	F		璃桜	りお	この子の前に流産経験があります。第1子でもあり、授かった命に愛着がすでに湧いていたので主人とたくさんたくさん泣き明かしました。そんなつらい思いを乗り越え、次に授かることができでき大変喜んだのを覚えています。おなかの中にいるときから宝物のように大事にかわいがってきたので、宝物（宝石）という意味の璃をとりました。そして桜が咲いているときでしたので、桜の字をつけ、璃桜となりました。	20190918013229	https://web.archive.org/web/20190918013229/https://baby-calendar.jp/knowledge/common/1048	bc
2017	F		理央	りお	妊娠がわかって間もなく、オリンピックが開催されました。息子（当時8歳）が「オリンピックで活躍した選手にしよう」と提案。まだ性別がわからなかったし、あまりピンとこなかったので「そうねぇ」と何となく答えていた私。しかし実際に始まったオリンピックで、男子体操をはじめ、妊娠中だったせいか毎回涙腺が緩み、それと共に本当に感動して、かなりつらいつわりの中なぜか私が助けられたような気がしました。そして今度は私から息子に「オリンピック選手の名前にしようか」と提案。そんな矢先、おなかの赤ちゃんは女の子とわかりました。活躍した選手から誰か一人を選ぶなんてなかなか難しく、ここは開催地の「リオ」にしようということになりました。この名前は日本以外でも違う言語圏でも呼びやすいと思うので、将来は世界に羽ばたく子になってほしいと思います。	20190918013229	https://web.archive.org/web/20190918013229/https://baby-calendar.jp/knowledge/common/1048	bc
2017	F		莉音	りお	色々旦那さんとも意見を出しあってのですが、ある日の夜、うとうとしかけたときに「りお」という名前が頭をよぎりました。これは運命だ！と思いすぐにスマホにメモ！それから何日かして生まれ、旦那さんが来たときに「この子の名前は莉音にする！！」と宣言をし、「莉音」になりました。	20190918013229	https://web.archive.org/web/20190918013229/https://baby-calendar.jp/knowledge/common/1048	bc
2017	F		璃桜	りお	長男の名前がたける（健瑠）なので、兄弟なかよく関連させた名前にしたかったので、2人で瑠璃となって2人とも七宝の瑠璃のように輝き大切にしたいという想いを込めて、また春の桜を待ちわびる季節に生まれたので、璃桜と名づけました。	20190918013229	https://web.archive.org/web/20190918013229/https://baby-calendar.jp/knowledge/common/1048	bc
2017	F		莉桜	りお	元々桜が好きで、東北の震災で津波の被害にあっても流されず残っていた桜を見て、女の子が生まれたら「桜」という字を使いたいと思っていました。茉莉花のようにかわいく、桜のように強くてきれいで、皆に愛される子に育ってほしいと願ってこの名前をつけました。	20190918013229	https://web.archive.org/web/20190918013229/https://baby-calendar.jp/knowledge/common/1048	bc
2017	F		理央	りお	一生呼ばれる大事な名前は、とにかく呼びやすく、海外でも通用する名前にしようと考えました。多くの友人に恵まれ、誰からも親しまれる人になってほしいという願いからです。いくつか候補はありましたが、最初に画数を調べた名前が、最終的にはいいなと思い、決定しました。理系男子のパパとおじさんが、「理」という字をとても気に入ってくれたのも決定した理由のひとつです。賢く知的で義理人情にあふれ、人の気持ちを理解できる人に成長してほしい。これからたくさんの人と出会って大きく成長してください。「理央」はパパとママからの初めてのプレゼントです。	20190918013229	https://web.archive.org/web/20190918013229/https://baby-calendar.jp/knowledge/common/1048	bc
2017	F		里桜	りお	私たちの住んでいる県は、日本有数の桜の名所がいくつかあります。満開に咲いた桜並木を歩くだけで、春の訪れを感じ、心が穏やかになる……。人々の心を魅了してやまない、そんな美しい桜が主人も私も大好きです。2016年春、桜を見に行ったときのこと。『いつか3人で桜を見たいね。 3人で見られる日が来るのかな』ライトアップされた、幻想的な夜桜を見ながら、ぼんやりつぶやきました。結婚10年目を迎えようとしていた私たち夫婦は、子宝に恵まれず夫婦2人の人生を選択するということも、現実味を帯びてきた頃でした。『来年の春までに子どもを授からなかったら、諦めよう』色々なかっとうがある中、自分の中で区切りを決めました。桜の花に願いを込め、また区切りをつけてから7カ月後。私たち夫婦のところに、やっと、やっと赤ちゃんがきてくれました！初めて見た妊娠検査薬の陽性ライン、持つ手が震えました。そのときの感動は、一生忘れられないです。おなかの中の赤ちゃんは女の子だと、なぜか確信していて名前は早い段階で決まりました。2人の大好きな桜の漢字を名前につけたい。そのまま「桜ちゃん」でもよかったのですが2文字の名前がいいという主人が色々調べ考えてくれました。日本でいちばん多く植えられている桜はソメイヨシノで桜の名所の約8割がソメイヨシノを植えているそうです。ソメイヨシノは里桜（サトザクラ）に分類されます。ソメイヨシノの花言葉は『純潔』日本人に愛される桜の花のようにみんなに愛される子に育ってほしい。また、けがれがなく清らかな心を持ってほしいという願いも込めて……。「里桜」と書いて「りお」。これだー！と思いました。名づけてくれた主人に、心から感謝しています。無事、元気な女の子が生まれ、先日2カ月を迎えました。私たち夫婦のところに、満開の桜が咲きました。来年の春は、3人で桜を見に行こうね。生まれてきてくれて、本当にありがとう！	20190918013229	https://web.archive.org/web/20190918013229/https://baby-calendar.jp/knowledge/common/1048	bc
2017	F		綸音	りおん	我が子の名前を毎日のように考えていた生まれる1カ月前のこと。普段夢を滅多に見ない旦那がある夢を見たと朝起きて嬉しそうに話してくれました。「女の子と遊んでいてその子をリオって呼んでいた」と。そこから綸音（りおん）という名前に決まりました。今ではその夢が正夢となっています。	20190918013229	https://web.archive.org/web/20190918013229/https://baby-calendar.jp/knowledge/common/1048	bc
2017	F		璃子	りこ	新婚旅行でハワイに行ったので、そのハワイにちなみ、璃を。ハワイ語で、光り輝く宝物。あなたは、私たちの、光り輝く大切な宝物の子どもだよ。	20190918013229	https://web.archive.org/web/20190918013229/https://baby-calendar.jp/knowledge/common/1048	bc
2017	F		梨紗	りさ	妊娠5カ月に入った日の深夜電話が鳴り響きました。妹の留学先を訪ねた父がそこで倒れ、危篤状態になったという知らせでした。つわりでひどい貧血状態が柔いてきたと感じる中のことでした。まだ60歳にもなってない元気だった父が倒れるなんて本当に青天霹靂な出来事です。慌てて飛行機に飛び乗り父のもとに向かいましたが、父は異国の地で亡くなりました。人生の中でこんなに悲しくて悔しいことはないと思いました。父は絵に描いたようなマイホームパパで、いつも家族を第一に考えてくれました。そして孫の誕生を誰よりも楽しみにしていました。私は父が亡くなったショックで体重が減り、また貧血の日々に戻りました。そのつらい日々の中で、赤ちゃんのことを考えることが気持ちを明るくしてくれました。名前をあれこれ考えていると、命を繫ぐことの尊さや家族の絆の大切さを改めて実感しました。梨の花言葉は花、木、実に分かれており、梨の花の花言葉は「恩愛、愛情」木の花言葉「安心、慰み」、果実の花言葉は「愛」です。西洋の花言葉もあり、affection（愛情、やさしい思い）だそうです。これから生まれてくるこの命に愛があふれますように、そして悲しみの中元気をくれたことに感謝して、梨紗と名づけました。また、私に元気を与えたように、これから人を包み込むようなやさしさにあふれた子になってほしいです。	20190918013229	https://web.archive.org/web/20190918013229/https://baby-calendar.jp/knowledge/common/1048	bc
2017	F		立果	りっか	妊婦中ずっと逆子で最後の妊婦健診まで性別がわかりませんでした。上の子が小学生で忙しさもMAX。名前を考える暇もなかったのですが『り』で始まる名前を漠然とイメージしていました。ふとカレンダーに目を向けると『立夏』が書かれていて、響きもかわいくて周りと被らない！でも当て字で読めなくはない！そして調べるうちに『六花（りっか）』とは雪の結晶という意味を持つことからきれいですてきな名前とひと目惚れ。そんなすてきな名前を見つけました。ただし、そのままの感じだと字画がよくなかったので漢字を変更し、果実のようにかわいいいイメージから『夏』→『果』に変更し『立果』と名づけました。	20190918013229	https://web.archive.org/web/20190918013229/https://baby-calendar.jp/knowledge/common/1048	bc
2017	F		里那	りな	娘は日韓ハーフなので日本でも韓国でも違和感のない名前で漢字も同じように読める漢字を探してつけました！	20190918013229	https://web.archive.org/web/20190918013229/https://baby-calendar.jp/knowledge/common/1048	bc
2017	F		理菜	りな	パパの名前がカズナリで、そのナリを逆にして、リナにしようと決めました。漢字は“菜”という漢字は最初から使いたいと思っていて、“理”はパパが選んでくれました。お姉ちゃんの名前と母音が一緒なので、仲良し姉妹になってもらいたいという願いも込めました。	20190918013229	https://web.archive.org/web/20190918013229/https://baby-calendar.jp/knowledge/common/1048	bc
2017	F		莉那	りな	私の名前ゆかりの「り」から始まり、名字とのバランスを考えて名づけました。夏の香りの女王「茉莉花」から、人を和ませて癒やしてくれるような温かい人になってほしいと願ってつけました。「な」は沖縄の那覇生まれのペット（犬）のようにみんなに愛されるようにと願ってつけました。	20190918013229	https://web.archive.org/web/20190918013229/https://baby-calendar.jp/knowledge/common/1048	bc
2017	F		りのか	りのか	妊娠中、性別が女の子かも……と言われ、女の子が生まれるかもと期待！その後、何度か先生に診てもらって、何度聞いても「たぶん女の子」って言ってくださっていたので、女の子で間違いないだろうから名前を考えようとパパと話してました。パパは女の子なら絶対にひらがなの三文字だ！と決めていました。3歳の息子にも一緒に考えてもらいました。なかなか決まらない中、ママが好きなハワイを思い出しました。ママの好きなハワイ語lino。オーダーで作ったハワイアンジュエリーにも刻印してあるすてきな言葉。linoとは光り輝く……。光り輝くすてきな女の子に育ってほしいという思いを込めて「りのか」はどう？と聞くと、パパや息子も賛成してくれました。今ではわが家のアイドルです。	20190918013229	https://web.archive.org/web/20190918013229/https://baby-calendar.jp/knowledge/common/1048	bc
2017	F		梨乃花	りのか	主人が子どもの名前をつけるなら、男の子なら自分の名前（俊太郎の俊）の一文字を。女の子なら私の名前（愛梨）の一文字を。と言っていました。性別がわかる前まではなぜか男の子かも？と思っていたので、『俊左衛門（しゅんざえもん）』と言っていましたが、性別がわかってからは『俊子（しゅんこ）』と呼んでいました（笑）。実際に名前を決めたのは生まれる1、2週間前だったと思います。主人が仕事のお昼休みに連絡をくれて、｢名前が舞い降りてきた！｣と（笑）。今いろんな名前がある中で、みんなに覚えてもらえるような名前で、かわいらしい名前。また、梨の花の花言葉は｢博愛、愛情、癒やし｣。人を愛し、愛されるような人間になれるように、と願いを込めてつけました。裏エピソードですが、私の姉の子は3カ月のときに新生児突然死症候群で亡くなりました。名前はりかちゃん。りかちゃんと名前が似ているというのも、名前を決定する上で大きな要因になったひとつです。梨乃花を通して、りかちゃんを忘れないという家族の想いを込めています。	20190918013229	https://web.archive.org/web/20190918013229/https://baby-calendar.jp/knowledge/common/1048	bc
2017	F		莉乃羽	りのは	親の思い出の場所でもあるハワイの言葉でリノは光り輝きみんなを明るく照らすという意味があり決定しました！三文字にしたかったので3歳のお兄ちゃんに相談したところリノハにすると言い張り、親的にも自立した女性になって広い世界に羽ばたいてほしいと思いハをつけました。リノハ、光り輝いて羽ばたいてほしい！漢字の莉は母親の名前の茉と合わせるとジャスミンの意味があるので莉乃羽にしました。今ではわが家のアイドル、りのはちゃんです。	20190918013229	https://web.archive.org/web/20190918013229/https://baby-calendar.jp/knowledge/common/1048	bc
2017	F		理帆	りほ	呼びやすく、誰でも読める名前にしたかった。夏生まれなので夏に関する漢字を入れたかった。夫、妻の名前の漢字一部（王と里）を一文字目にし、2人の想いや願いを帆に受けて育ってほしい、という意味合いから「理帆」にした。	20190918013229	https://web.archive.org/web/20190918013229/https://baby-calendar.jp/knowledge/common/1048	bc
2017	F		莉良	りら	フランスと日本のハーフの娘の名前についてです。フランスでも呼びやすい名前であることを前提に考えました。フランスでは、ライラックの花のことを「リラ」と呼ぶのですが、花言葉が「純粋」「思い出」「謙虚」「恋心」など、花の色によって意味の変わるライラックの名前をつけたいと以前から思っており、「莉良」と名づけました。漢字の意味は「莉」という漢字が、ライラックと同じモクセイ科であるジャスミンの漢字のため「莉」に使い、「良」はライラックの花言葉の意味が全て娘にとっていいものになりますようにという意味を込めて、「莉良」としました。ですが、実は私は最初「撫子:ナデシコ」とか「鈴音:スズネ」など、いかにも和名！って名前をつける気でいたのですが、将来フランスの国籍をとりたいと娘が思った場合に、丸っきりの和名では違和感があるのかも？と思い、結局やめにしてしまいましたが、今の名前は自分や家族もすてきだと言ってくれているので、大好きな名前です！	20190918013229	https://web.archive.org/web/20190918013229/https://baby-calendar.jp/knowledge/common/1048	bc
2017	F		凜	りん	結婚5年で子どもができず、周囲のプレッシャーに押し潰されそうになっていました。そんなつらい時期に学生時代の親友から離婚の相談があり、自分もそれどころではなかったのですが、某県へ飛びました。親友も不妊治療で離婚に発展してしまったので、共通の悩みに私の夫も含め3人で辛さを共有することができました。そこで親友は子宝祈願で幾度も訪れた山へ私たちを誘いました。親友の結婚を記念した思い出めぐりのつもりで3人で登って楽しいひとときを過ごしました。私は心の中でお邪魔します、と祈願で登山しない非礼をお詫びしながら登りました。そしてなんと、ほどなく私は授かることとなり、ご祭神の一柱「コノハナノサクヤヒメ様」の一字をいただこうと思いました。しかし夫が気が狂うほど調べても画数がよくなくて、断念。画数のみで大吉の凜となりました（笑）。そんな理由ですが神様方が授けてくださった命、いずれ凛とお礼に伺うつもりでおります。	20190918013229	https://web.archive.org/web/20190918013229/https://baby-calendar.jp/knowledge/common/1048	bc
2017	F		凜音	りん	実は、生まれるまで他の名前に候補が決まっていました。が、生まれてから名前負けしたら可哀想だよねと再度検討。わが家で初めての女の子で、凛とした子に育ってほしいという願いから、名前を決めました。凜と凛は字画的には変わらないのですが、凜の字が正式で、「天から授かる」という意味合いを含んでいるという理由から、この名前に決めました。今回、私自身が40過ぎての妊娠・出産ということで、少なからず周囲の反対もありましたが、無事に生まれてきてくれた宝物という意味も含めて、大切に育てていきたいと思っています。	20190918013229	https://web.archive.org/web/20190918013229/https://baby-calendar.jp/knowledge/common/1048	bc
2017	F		莉夢	りん	ディズニー好きな家族です。女の子なので、プリンセスから名前のヒントをいただこうということで、美女と野獣のプリンセス、ベル→りん（ベルが鳴る音）にしました。ベルのように誰にでもやさしい女の子になってほしいです。	20190918013229	https://web.archive.org/web/20190918013229/https://baby-calendar.jp/knowledge/common/1048	bc
2017	F		稟	りん	私が優柔不断であがり症で、似てほしくなくておなかにいるときから、自分を持って回りに左右されないしっかりした子になってほしかったから。本当は凛を使いたかったけど、画数と意味でこの字を使った 。	20190918013229	https://web.archive.org/web/20190918013229/https://baby-calendar.jp/knowledge/common/1048	bc
2017	F		凛花	りんか	子どもが生まれる前にシングルマザーになり、親ともうまくいかず、そんなときにこの子には幸せになってほしいと思い、凛と咲く花のようにみんな笑顔や幸せをいただるようにと思い凛花とつけました。	20190918013229	https://web.archive.org/web/20190918013229/https://baby-calendar.jp/knowledge/common/1048	bc
2017	F		梨花	りんか	初めての子どもで、女の子らしくてかわいい名前をつけたかった。梨の花の花言葉は愛情。たくさん実をつけ、いろんな人に愛されるように梨花と名づけました。	20190918013229	https://web.archive.org/web/20190918013229/https://baby-calendar.jp/knowledge/common/1048	bc
2017	F		瑠杏	るあん	瑠は瑠璃色の瑠！幻想的できれいな子、周りに幸せを与えられる愛のある子。杏は杏のようにかわいらしく育ってほしいという気持ちを込めてつけました！女の子は青色の宝石を身につけると幸せになるという言葉を聞き、瑠璃色がぴったりだとも思いました。また、私自身保育士をやっていたため教えていた生徒たちと名前が一緒だとイメージがつけいてしまっているため、なるべくかぶらない名前にしました。あとは漢字できちんと読める名前にもしたかったため、そのまますぐ読めるものにしました。	20190918013229	https://web.archive.org/web/20190918013229/https://baby-calendar.jp/knowledge/common/1048	bc
2017	F		瑠夏	るか	パパがどうしてもつけたいと譲らなかった「ルカ」。上の子も名前の最後に「か」がつけくから共通させたい！とはりきっていました。ですが漢字を決めるのがなかなか進まず……。「瑠花」「琉佳」「琉夏」「瑠花」と一生懸命、調べているパパを見て今回はパパの好きなようにつけさせてあげようと思いました。最終的に決まったのが「瑠夏」。「瑠」には宝石、宝物という意味がありラピスラズリという貴重な宝石の名前でもあるとか。「夏」は夏生まれだから。上の子と名前の最後の響きを同じにしたかったから。とパパなりに考えてくれました！これからずっと付き合っていく大切な名前。気に入ってくれたら嬉しいなぁー。とパパは少し緊張していました。5歳になる上の子は「瑠夏？！かわいいじゃん！」とノリノリでしたが次の日に聞いたら、「名前………なんだっけ？！」ととぼけておりました（笑）。	20190918013229	https://web.archive.org/web/20190918013229/https://baby-calendar.jp/knowledge/common/1048	bc
2017	F		るみ	るみ	名字の画数が多かったり難しかったりしたため、「名前は簡単にひらがなかな」と話していました。いくつか候補をあげてみたけど、なかなか決められず……。ってことでおなかにいたるみに聞いてみることにしました。候補は8個ほどあったのですが、1つ1つおなかに呼び掛けてみて、唯一「るみー！」って呼んだときにだけおなかを蹴ってくれたので、るみになりました。なので、みんなのように、特に名前に理由はありません。	20190918013229	https://web.archive.org/web/20190918013229/https://baby-calendar.jp/knowledge/common/1048	bc
2017	F		瑠莉	るり	"瑠璃色の""る""は美しく、清純なという意味を持っており莉は母の名前に莉が入ってることから名づけました。美しく清純な女の子に育ってほしい。"	20190918013229	https://web.archive.org/web/20190918013229/https://baby-calendar.jp/knowledge/common/1048	bc
2017	F		怜花	れいか	私の名前は苑花（ソノカ）といいます。女の子が生まれたらどうしても＂花＂をつけたくて一生懸命悩みました。芸能人で東大卒の菊川怜さんの名に肖り頭のいい子に育つように（笑）名づけました。	20190918013229	https://web.archive.org/web/20190918013229/https://baby-calendar.jp/knowledge/common/1048	bc
2017	F		麗音	れいん	7月出産予定ということで、初夏生まれの女の子の予定で、パパと夏らしい名前を考えていました。逆子で帝王切開となり7月で予定出産が決まりましたが、6月ちょうど梅雨の時期に破水をしてしまい急いで病院に。初めての出産で緊張と不安で一杯でパパと車に乗り病院に向かう車の中で見る雨の音がやたらと不安を取り除いてくれた。そんな雨の日に生まれ、パパも手術室の外で雨の音を聞きながら待っていたと聞き2人で雨にちなんだ名前がふと浮かび元々女の子に使いたかった“麗”うるわしくきれいな心の子でいてほしいと思い雨の音の音をとり“麗音”で読み方を英語で雨という意味の“れいん”だと2人で考えすぐにピンときました！主人と意見が合ったのは今回が初めてで嬉しかったです！	20190918013229	https://web.archive.org/web/20190918013229/https://baby-calendar.jp/knowledge/common/1048	bc
2017	F		玲心	れみ	3月9日に誕生したのでレミオロメンからレミとつけたと思われるのですが、なかなかしっくりくる名前が見つからず私の知っている人で幸せそうな人は誰だろう？と思ったときに、平野レミさんが浮かびました。ご自身もご主人も息子さんたちも共に大成功されていて、しかもみなさんすごく楽しそうで幸せそう。自分だけじゃなく周りも楽しませられるような子になってもらいたいと思い名づけました。漢字は凛として透き通るような真っ直ぐな心を持つという意味で選びました。ちなみにレミさんは私の母校文化学院の大先輩です！	20190918013229	https://web.archive.org/web/20190918013229/https://baby-calendar.jp/knowledge/common/1048	bc
2017	F		礼実	れみ	夫と2人で決めました。子どもには、ありがとうございます、という感謝の気持ちを忘れないでいてほしいと思い、感謝の意味を持つ、礼という漢字を選びました。そこから、れみという音がいいなと思い、人と比べるのではなく自分らしい実りのある人生を送ってほしいという思いで、実という字をつけました。（よちゃまるさん） 赤ちゃんの名づけエピソード大賞はこちら 2017年赤ちゃんの名づけエピソード大賞 ＞ 2016年赤ちゃんの名づけエピソード大賞 ＞ 2015年赤ちゃんの名づけエピソード大賞 ＞ 赤ちゃんの名前ランキングはこちら 2017年赤ちゃんの名前ランキングTOP ＞ 2016年赤ちゃんの名前ランキングTOP ＞ 2015年赤ちゃんの名前ランキングTOP ＞ 2014年赤ちゃんの名前ランキングTOP ＞ 2013年赤ちゃんの名前ランキングTOP ＞ 2012年赤ちゃんの名前ランキングTOP ＞ 2011年赤ちゃんの名前ランキングTOP ＞ 2010年赤ちゃんの名前ランキングTOP ＞ おすすめサービスはこちら おすすめ内祝い ＞ 2017/12/08 この記事にいいね！しよう いいね！ 0 0 クリップ 現在ログインしていません。 ログインしますか？ シェアする ツイートする LINEする 戻る 出産予定日 or 赤ちゃん の誕生日を設定しよう！ あなたの今の状態にぴったりの情報だけを厳選してお届けします。 出産予定日 赤ちゃんの誕生日 設定する 設定を変更する 妊娠 週と 日 今日の知っておきたい 今日のＱ&Ａ 設定を変更する お誕生日から 日 歳 カ月と 日 今日の知っておきたい 今日のＱ&Ａ 離乳食 はちみつ 豆腐 赤ちゃんの名前ランキング 妊娠力診断 ほうれん草 母乳 つわり うどん 人見知り 納豆 義母 PICK UP 産後のママをケアしてくれる！ 産後ケア施設検索 先輩ママの口コミ掲載！ 産婦人科検索 ぴったりの病院が見つかる！ 婦人科検索 赤ちゃんとの毎日が楽しくなる かわいいベビー肌着 photo studio guide フォトスタジオガイド ママの口コミ満載 お泊まり宿 はじめての方へ 赤ちゃんの笑顔でいっぱいの毎日を。『ベビーカレンダー』は、赤ちゃんが毎日を笑顔で過ごせるような情報をお届けする、妊娠・出産・育児の情報サイトです。日めくりカレンダーを毎日めくる	20190918013229	https://web.archive.org/web/20190918013229/https://baby-calendar.jp/knowledge/common/1048	bc
2017	F		和花	わか	第3子にして、初めての女の子だったので、家族を和ます花のようなかわいい子になってほしいと思ったので、和花ちゃんにしました。	20190923181909	https://web.archive.org/web/20190923181909/https://baby-calendar.jp/knowledge/common/1049	bc
2017	F		和夏	わか	まさに夏生まれ。6歳上のお兄ちゃんは春生まれで春が入った名前。妹も生まれた季節を入れたくて夏。そして名字には平が付きます。名前に『平和』が入る素敵な名前。まわりのみんなを和ませ、夏のキラキラしたひまわりや海のように、たくさんの人を笑顔にできる人に育ってね。	20190923181909	https://web.archive.org/web/20190923181909/https://baby-calendar.jp/knowledge/common/1049	bc
2017	F		環華奈	わかな	候補が3つあり、両親にも相談しそのなかから響きの良い名前を選びました。皆全員一致でこの名前に決まりました。漢字を決める際に、悩みましたが、良い名前になったと思います。環：みんなの環になる、協調性のある。華：華のある。奈：穏やかな子になってほしいと願いを込めて名づけました。初めて会う人でも笑顔で接することが赤ちゃんながらにできるので、名前通りに育ってくれるのではと成長が楽しみです。	20190923181909	https://web.archive.org/web/20190923181909/https://baby-calendar.jp/knowledge/common/1049	bc
2017	F		和奏	わかな	お父さんの和の字を使って、長男の名前を考えているときに、女の子が生まれたら付けたい名前として取ってありました。長男には母の名前の読み方をする字を付けて、次男には生まれた日に降りてきた字を付けました。5年越しで女の子が生まれ、調べ直したら名字との相性が少し悪かったのですが、おなかに赤ちゃんが来たとわかったときにワカナが来てくれたと思ったので、やはり付けることにしました。	20190923181909	https://web.archive.org/web/20190923181909/https://baby-calendar.jp/knowledge/common/1049	bc
2017	F		わかな	わかな	旦那も自分も1回では読まれない漢字を名前に使われており、子どもには日本しかないひらがなの名前で私と同じ3文字の名前にしました。今回は2人目の女の子なので占いで旦那ともその子の名前単体でもいい名前にしました。	20190923181909	https://web.archive.org/web/20190923181909/https://baby-calendar.jp/knowledge/common/1049	bc
2017	F		わかな	わかな	中2の兄ちゃん、中1と小5の姉ちゃんズに、赤ちゃんができたことを報告したら、姉ちゃんズは大喜び♡ なのに、兄ちゃんは「あ、そ」とそっけない態度。赤ちゃんが女の子とわかり、家族で名づけ会議。いろんな名前が出てくるなか、兄ちゃんは変わらずそっけない態度。ほぼ決まりかけていた名前がお友だちの妹にいたことが発覚し、また振り出しに。みんなで悩んでいると……。兄ちゃんが「『わかば』はどう？」とボソっとひと言。6月は新緑の季節で、新緑のように元気に育ってほしいと思うからと。すぐ字画やバランスをみてイマイチだと伝えると、「なら、同じような意味で『わかな』は？」とまたまたボソっと。「中1の姉ちゃんがひらがなだから、この子もひらがなにしたら？」とまたまたまたボソっと（笑）。字画、バランスもいい感じ！これで「わかな」に決定！！わかなの名づけ親は、兄ちゃんです。あとで聞いてみると、赤ちゃんが生まれることはうれしいし、実は名前もいろいろ考えていたそうです。でもそれを知られるのは恥ずかしかったそうです。難しい思春期（笑）。生まれると、兄ちゃんはわかなにデレデレ（笑）イクメンです。わかなもそんな兄ちゃんに甘えん坊です♡（とさゆわママさん） 赤ちゃんの名づけエピソード大賞はこちら 2017年赤ちゃんの名づけエピソード大賞 ＞ 2016年赤ちゃんの名づけエピソード大賞 ＞ 2015年赤ちゃんの名づけエピソード大賞 ＞ 赤ちゃんの名前ランキングはこちら 2017年赤ちゃんの名前ランキングTOP ＞ 2016年赤ちゃんの名前ランキングTOP ＞ 2015年赤ちゃんの名前ランキングTOP ＞ 2014年赤ちゃんの名前ランキングTOP ＞ 2013年赤ちゃんの名前ランキングTOP ＞ 2012年赤ちゃんの名前ランキングTOP ＞ 2011年赤ちゃんの名前ランキングTOP ＞ 2010年赤ちゃんの名前ランキングTOP ＞ おすすめサービスはこちら おすすめ内祝い ＞ 2017/12/08 この記事にいいね！しよう いいね！ 0 0 クリップ 現在ログインしていません。 ログインしますか？ シェアする ツイートする LINEする 戻る 出産予定日 or 赤ちゃん の誕生日を設定しよう！ あなたの今の状態にぴったりの情報だけを厳選してお届けします。 出産予定日 赤ちゃんの誕生日 設定する 設定を変更する 妊娠	20190923181909	https://web.archive.org/web/20190923181909/https://baby-calendar.jp/knowledge/common/1049	bc
