year	gender	rank	orth	pron	freq	pct	prev_rank	url	src
2018	M	1	蓮	れん	29	0.59	2位	https://st.benesse.ne.jp/ninshin/name/2018/boy/name-ranking/	benesse
2018	M	2	陽翔	はると	27	0.55	9位	https://st.benesse.ne.jp/ninshin/name/2018/boy/name-ranking/	benesse
2018	M	2	陽太	ひなた	27	0.55	5位	https://st.benesse.ne.jp/ninshin/name/2018/boy/name-ranking/	benesse
2018	M	4	樹	いつき	24	0.49	3位	https://st.benesse.ne.jp/ninshin/name/2018/boy/name-ranking/	benesse
2018	M	4	悠人	ゆうと	24	0.49	19位	https://st.benesse.ne.jp/ninshin/name/2018/boy/name-ranking/	benesse
2018	M	6	湊	みなと	23	0.47	7位	https://st.benesse.ne.jp/ninshin/name/2018/boy/name-ranking/	benesse
2018	M	7	大翔	ひろと	22	0.45	1位	https://st.benesse.ne.jp/ninshin/name/2018/boy/name-ranking/	benesse
2018	M	8	蒼	あおい	18	0.37	6位	https://st.benesse.ne.jp/ninshin/name/2018/boy/name-ranking/	benesse
2018	M	8	朝陽	あさひ	18	0.37	11位	https://st.benesse.ne.jp/ninshin/name/2018/boy/name-ranking/	benesse
2018	M	10	陽斗	はると	17	0.34	9位	https://st.benesse.ne.jp/ninshin/name/2018/boy/name-ranking/	benesse
2018	M	10	颯真	そうま	17	0.34	7位	https://st.benesse.ne.jp/ninshin/name/2018/boy/name-ranking/	benesse
2018	M	10	奏太	そうた	17	0.34	11位	https://st.benesse.ne.jp/ninshin/name/2018/boy/name-ranking/	benesse
2018	M	13	大智	だいち	16	0.32	33位	https://st.benesse.ne.jp/ninshin/name/2018/boy/name-ranking/	benesse
2018	M	13	悠真	ゆうま	16	0.32	4位	https://st.benesse.ne.jp/ninshin/name/2018/boy/name-ranking/	benesse
2018	M	15	伊織	いおり	15	0.30	51位	https://st.benesse.ne.jp/ninshin/name/2018/boy/name-ranking/	benesse
2018	M	15	旭	あさひ	15	0.30	38位	https://st.benesse.ne.jp/ninshin/name/2018/boy/name-ranking/	benesse
2018	M	15	颯	そう	15	0.30	26位	https://st.benesse.ne.jp/ninshin/name/2018/boy/name-ranking/	benesse
2018	M	18	悠	ゆう	14	0.28	19位	https://st.benesse.ne.jp/ninshin/name/2018/boy/name-ranking/	benesse
2018	M	18	陽	はる	14	0.28	33位	https://st.benesse.ne.jp/ninshin/name/2018/boy/name-ranking/	benesse
2018	M	18	結翔	ゆいと	14	0.28	15位	https://st.benesse.ne.jp/ninshin/name/2018/boy/name-ranking/	benesse
2018	M	18	陽向	ひなた	14	0.28	23位	https://st.benesse.ne.jp/ninshin/name/2018/boy/name-ranking/	benesse
2018	M	22	晴	はる	13	0.26	47位	https://st.benesse.ne.jp/ninshin/name/2018/boy/name-ranking/	benesse
2018	M	22	颯太	そうた	13	0.26	13位	https://st.benesse.ne.jp/ninshin/name/2018/boy/name-ranking/	benesse
2018	M	22	朔	さく	13	0.26	157位	https://st.benesse.ne.jp/ninshin/name/2018/boy/name-ranking/	benesse
2018	M	22	蒼大	そうた	13	0.26	60位	https://st.benesse.ne.jp/ninshin/name/2018/boy/name-ranking/	benesse
2018	M	26	新	あらた	12	0.24	29位	https://st.benesse.ne.jp/ninshin/name/2018/boy/name-ranking/	benesse
2018	M	26	陽大	ひなた	12	0.24	19位	https://st.benesse.ne.jp/ninshin/name/2018/boy/name-ranking/	benesse
2018	M	26	葵	あおい	12	0.24	31位	https://st.benesse.ne.jp/ninshin/name/2018/boy/name-ranking/	benesse
2018	M	29	颯斗	はやと	11	0.22	73位	https://st.benesse.ne.jp/ninshin/name/2018/boy/name-ranking/	benesse
2018	M	29	海翔	かいと	11	0.22	99位	https://st.benesse.ne.jp/ninshin/name/2018/boy/name-ranking/	benesse
2018	M	29	大和	やまと	11	0.22	17位	https://st.benesse.ne.jp/ninshin/name/2018/boy/name-ranking/	benesse
2018	M	32	碧人	あおと	10	0.20	60位	https://st.benesse.ne.jp/ninshin/name/2018/boy/name-ranking/	benesse
2018	M	32	颯汰	そうた	10	0.20	51位	https://st.benesse.ne.jp/ninshin/name/2018/boy/name-ranking/	benesse
2018	M	32	遥斗	はると	10	0.20	43位	https://st.benesse.ne.jp/ninshin/name/2018/boy/name-ranking/	benesse
2018	M	32	奏多	かなた	10	0.20	38位	https://st.benesse.ne.jp/ninshin/name/2018/boy/name-ranking/	benesse
2018	M	32	海斗	かいと	10	0.20	84位	https://st.benesse.ne.jp/ninshin/name/2018/boy/name-ranking/	benesse
2018	M	32	奏汰	かなた	10	0.20	19位	https://st.benesse.ne.jp/ninshin/name/2018/boy/name-ranking/	benesse
2018	M	38	結心	ゆうしん	9	0.18	442位	https://st.benesse.ne.jp/ninshin/name/2018/boy/name-ranking/	benesse
2018	M	38	蒼太	そうた	9	0.18	33位	https://st.benesse.ne.jp/ninshin/name/2018/boy/name-ranking/	benesse
2018	M	38	湊斗	みなと	9	0.18	84位	https://st.benesse.ne.jp/ninshin/name/2018/boy/name-ranking/	benesse
2018	M	38	悠翔	はると	9	0.18	23位	https://st.benesse.ne.jp/ninshin/name/2018/boy/name-ranking/	benesse
2018	M	38	碧	あおい	9	0.18	17位	https://st.benesse.ne.jp/ninshin/name/2018/boy/name-ranking/	benesse
2018	M	38	一翔	かずと	9	0.18	157位	https://st.benesse.ne.jp/ninshin/name/2018/boy/name-ranking/	benesse
2018	M	38	蒼真	そうま	9	0.18	47位	https://st.benesse.ne.jp/ninshin/name/2018/boy/name-ranking/	benesse
2018	M	38	岳	がく	9	0.18	14位	https://st.benesse.ne.jp/ninshin/name/2018/boy/name-ranking/	benesse
2018	M	38	悠希	はるき	9	0.18	43位	https://st.benesse.ne.jp/ninshin/name/2018/boy/name-ranking/	benesse
2018	M	47	健	たける	8	0.16	113位	https://st.benesse.ne.jp/ninshin/name/2018/boy/name-ranking/	benesse
2018	M	47	蒼士	そうし	8	0.16	38位	https://st.benesse.ne.jp/ninshin/name/2018/boy/name-ranking/	benesse
2018	M	47	結人	ゆいと	8	0.16	51位	https://st.benesse.ne.jp/ninshin/name/2018/boy/name-ranking/	benesse
2018	M	47	大輝	だいき	8	0.16	99位	https://st.benesse.ne.jp/ninshin/name/2018/boy/name-ranking/	benesse
2018	M	47	翔真	しょうま	8	0.16	51位	https://st.benesse.ne.jp/ninshin/name/2018/boy/name-ranking/	benesse
2018	M	47	陸斗	りくと	8	0.16	51位	https://st.benesse.ne.jp/ninshin/name/2018/boy/name-ranking/	benesse
2018	M	47	律	りつ	8	0.16	190位	https://st.benesse.ne.jp/ninshin/name/2018/boy/name-ranking/	benesse
2018	M	47	陸翔	りくと	8	0.16	190位	https://st.benesse.ne.jp/ninshin/name/2018/boy/name-ranking/	benesse
2018	M	47	蒼人	あおと	8	0.16	113位	https://st.benesse.ne.jp/ninshin/name/2018/boy/name-ranking/	benesse
2018	M	47	蒼介	そうすけ	8	0.16	133位	https://st.benesse.ne.jp/ninshin/name/2018/boy/name-ranking/	benesse
2018	M	47	慶	けい	8	0.16	60位	https://st.benesse.ne.jp/ninshin/name/2018/boy/name-ranking/	benesse
2018	M	47	陸人	りくと	8	0.16	113位	https://st.benesse.ne.jp/ninshin/name/2018/boy/name-ranking/	benesse
2018	M	47	絢斗	あやと	8	0.16	33位	https://st.benesse.ne.jp/ninshin/name/2018/boy/name-ranking/	benesse
2018	M	47	大晴	たいせい	8	0.16	99位	https://st.benesse.ne.jp/ninshin/name/2018/boy/name-ranking/	benesse
2018	M	47	悠叶	ゆうと	8	0.16	250位	https://st.benesse.ne.jp/ninshin/name/2018/boy/name-ranking/	benesse
2018	M	47	瑛斗	えいと	8	0.16	60位	https://st.benesse.ne.jp/ninshin/name/2018/boy/name-ranking/	benesse
2018	M	47	翼	つばさ	8	0.16	60位	https://st.benesse.ne.jp/ninshin/name/2018/boy/name-ranking/	benesse
2018	M	47	瑛太	えいた	8	0.16	23位	https://st.benesse.ne.jp/ninshin/name/2018/boy/name-ranking/	benesse
2018	M	47	悠斗	はると	8	0.16	15位	https://st.benesse.ne.jp/ninshin/name/2018/boy/name-ranking/	benesse
2018	M	66	仁	じん	7	0.14	73位	https://st.benesse.ne.jp/ninshin/name/2018/boy/name-ranking/	benesse
2018	M	66	煌	こう	7	0.14	190位	https://st.benesse.ne.jp/ninshin/name/2018/boy/name-ranking/	benesse
2018	M	66	翔	しょう	7	0.14	29位	https://st.benesse.ne.jp/ninshin/name/2018/boy/name-ranking/	benesse
2018	M	66	勇人	はやと	7	0.14	442位	https://st.benesse.ne.jp/ninshin/name/2018/boy/name-ranking/	benesse
2018	M	66	陸	りく	7	0.14	33位	https://st.benesse.ne.jp/ninshin/name/2018/boy/name-ranking/	benesse
2018	M	66	一颯	いぶき	7	0.14	250位	https://st.benesse.ne.jp/ninshin/name/2018/boy/name-ranking/	benesse
2018	M	66	葵翔	あおと	7	0.14	1405位	https://st.benesse.ne.jp/ninshin/name/2018/boy/name-ranking/	benesse
2018	M	66	奏	かなで	7	0.14	51位	https://st.benesse.ne.jp/ninshin/name/2018/boy/name-ranking/	benesse
2018	M	66	湊太	そうた	7	0.14	47位	https://st.benesse.ne.jp/ninshin/name/2018/boy/name-ranking/	benesse
2018	M	66	楓	かえで	7	0.14	73位	https://st.benesse.ne.jp/ninshin/name/2018/boy/name-ranking/	benesse
2018	M	66	碧斗	あおと	7	0.14	38位	https://st.benesse.ne.jp/ninshin/name/2018/boy/name-ranking/	benesse
2018	M	66	悠仁	ゆうじん	7	0.14	84位	https://st.benesse.ne.jp/ninshin/name/2018/boy/name-ranking/	benesse
2018	M	66	結仁	ゆいと	7	0.14	113位	https://st.benesse.ne.jp/ninshin/name/2018/boy/name-ranking/	benesse
2018	M	66	悠生	ゆうせい	7	0.14	26位	https://st.benesse.ne.jp/ninshin/name/2018/boy/name-ranking/	benesse
2018	M	66	成	なる	7	0.14	442位	https://st.benesse.ne.jp/ninshin/name/2018/boy/name-ranking/	benesse
2018	M	66	結斗	ゆいと	7	0.14	38位	https://st.benesse.ne.jp/ninshin/name/2018/boy/name-ranking/	benesse
2018	M	66	瑛翔	えいと	7	0.14	250位	https://st.benesse.ne.jp/ninshin/name/2018/boy/name-ranking/	benesse
2018	M	66	翔琉	かける	7	0.14	60位	https://st.benesse.ne.jp/ninshin/name/2018/boy/name-ranking/	benesse
2018	M	66	健人	けんと	7	0.14	113位	https://st.benesse.ne.jp/ninshin/name/2018/boy/name-ranking/	benesse
2018	M	66	凌久	りく	7	0.14	190位	https://st.benesse.ne.jp/ninshin/name/2018/boy/name-ranking/	benesse
2018	M	66	一樹	かずき	7	0.14	250位	https://st.benesse.ne.jp/ninshin/name/2018/boy/name-ranking/	benesse
2018	M	66	琉斗	りゅうと	7	0.14	190位	https://st.benesse.ne.jp/ninshin/name/2018/boy/name-ranking/	benesse
2018	M	66	大地	だいち	7	0.14	133位	https://st.benesse.ne.jp/ninshin/name/2018/boy/name-ranking/	benesse
2018	M	89	拓海	たくみ	6	0.12	442位	https://st.benesse.ne.jp/ninshin/name/2018/boy/name-ranking/	benesse
2018	M	89	響	ひびき	6	0.12	190位	https://st.benesse.ne.jp/ninshin/name/2018/boy/name-ranking/	benesse
2018	M	89	隼人	はやと	6	0.12	60位	https://st.benesse.ne.jp/ninshin/name/2018/boy/name-ranking/	benesse
2018	M	89	瑛心	えいしん	6	0.12	250位	https://st.benesse.ne.jp/ninshin/name/2018/boy/name-ranking/	benesse
2018	M	89	蓮翔	れんと	6	0.12	190位	https://st.benesse.ne.jp/ninshin/name/2018/boy/name-ranking/	benesse
2018	M	89	叶翔	かなと	6	0.12	190位	https://st.benesse.ne.jp/ninshin/name/2018/boy/name-ranking/	benesse
2018	M	89	柊	しゅう	6	0.12	190位	https://st.benesse.ne.jp/ninshin/name/2018/boy/name-ranking/	benesse
2018	M	89	光希	こうき	6	0.12	157位	https://st.benesse.ne.jp/ninshin/name/2018/boy/name-ranking/	benesse
2018	M	89	迅	じん	6	0.12	686位	https://st.benesse.ne.jp/ninshin/name/2018/boy/name-ranking/	benesse
2018	M	89	一心	いっしん	6	0.12	250位	https://st.benesse.ne.jp/ninshin/name/2018/boy/name-ranking/	benesse
2018	M	89	翔大	しょうた	6	0.12	113位	https://st.benesse.ne.jp/ninshin/name/2018/boy/name-ranking/	benesse
2018	M	89	遥大	はると	6	0.12	326位	https://st.benesse.ne.jp/ninshin/name/2018/boy/name-ranking/	benesse
2018	M	89	櫂	かい	6	0.12	133位	https://st.benesse.ne.jp/ninshin/name/2018/boy/name-ranking/	benesse
2018	M	89	渉	わたる	6	0.12	326位	https://st.benesse.ne.jp/ninshin/name/2018/boy/name-ranking/	benesse
2018	M	89	蒼生	あおい	6	0.12	84位	https://st.benesse.ne.jp/ninshin/name/2018/boy/name-ranking/	benesse
2018	M	89	優真	ゆうま	6	0.12	157位	https://st.benesse.ne.jp/ninshin/name/2018/boy/name-ranking/	benesse
2018	M	89	颯人	はやと	6	0.12	43位	https://st.benesse.ne.jp/ninshin/name/2018/boy/name-ranking/	benesse
2018	M	89	快	かい	6	0.12		https://st.benesse.ne.jp/ninshin/name/2018/boy/name-ranking/	benesse
2018	M	89	奏佑	そうすけ	6	0.12	133位	https://st.benesse.ne.jp/ninshin/name/2018/boy/name-ranking/	benesse
2018	M	89	優	ゆう	6	0.12	157位	https://st.benesse.ne.jp/ninshin/name/2018/boy/name-ranking/	benesse
2018	M	89	匠	たくみ	6	0.12	43位	https://st.benesse.ne.jp/ninshin/name/2018/boy/name-ranking/	benesse
2018	M	89	怜	れい	6	0.12	133位	https://st.benesse.ne.jp/ninshin/name/2018/boy/name-ranking/	benesse
2018	F	1	陽葵	ひまり	29	0.64	1位	https://st.benesse.ne.jp/ninshin/name/2018/girl/name-ranking/	benesse
2018	F	2	芽依	めい	26	0.57	12位	https://st.benesse.ne.jp/ninshin/name/2018/girl/name-ranking/	benesse
2018	F	3	莉子	りこ	25	0.55	12位	https://st.benesse.ne.jp/ninshin/name/2018/girl/name-ranking/	benesse
2018	F	4	葵	あおい	24	0.53	2位	https://st.benesse.ne.jp/ninshin/name/2018/girl/name-ranking/	benesse
2018	F	5	澪	みお	23	0.51	16位	https://st.benesse.ne.jp/ninshin/name/2018/girl/name-ranking/	benesse
2018	F	5	結菜	ゆいな	23	0.51	6位	https://st.benesse.ne.jp/ninshin/name/2018/girl/name-ranking/	benesse
2018	F	5	凛	りん	23	0.51	5位	https://st.benesse.ne.jp/ninshin/name/2018/girl/name-ranking/	benesse
2018	F	8	結愛	ゆあ	22	0.49	8位	https://st.benesse.ne.jp/ninshin/name/2018/girl/name-ranking/	benesse
2018	F	8	琴音	ことね	22	0.49	23位	https://st.benesse.ne.jp/ninshin/name/2018/girl/name-ranking/	benesse
2018	F	10	陽菜	ひな	21	0.46	3位	https://st.benesse.ne.jp/ninshin/name/2018/girl/name-ranking/	benesse
2018	F	11	紬	つむぎ	20	0.44	10位	https://st.benesse.ne.jp/ninshin/name/2018/girl/name-ranking/	benesse
2018	F	12	結衣	ゆい	18	0.4	4位	https://st.benesse.ne.jp/ninshin/name/2018/girl/name-ranking/	benesse
2018	F	12	杏	あん	18	0.40	10位	https://st.benesse.ne.jp/ninshin/name/2018/girl/name-ranking/	benesse
2018	F	12	凜	りん	18	0.40	14位	https://st.benesse.ne.jp/ninshin/name/2018/girl/name-ranking/	benesse
2018	F	15	咲良	さくら	16	0.35	6位	https://st.benesse.ne.jp/ninshin/name/2018/girl/name-ranking/	benesse
2018	F	16	美月	みつき	15	0.33	16位	https://st.benesse.ne.jp/ninshin/name/2018/girl/name-ranking/	benesse
2018	F	16	心春	こはる	15	0.33	9位	https://st.benesse.ne.jp/ninshin/name/2018/girl/name-ranking/	benesse
2018	F	18	さくら	さくら	14	0.31	15位	https://st.benesse.ne.jp/ninshin/name/2018/girl/name-ranking/	benesse
2018	F	19	あかり	あかり	13	0.29	16位	https://st.benesse.ne.jp/ninshin/name/2018/girl/name-ranking/	benesse
2018	F	19	朱莉	あかり	13	0.29	45位	https://st.benesse.ne.jp/ninshin/name/2018/girl/name-ranking/	benesse
2018	F	19	優奈	ゆうな	13	0.29	45位	https://st.benesse.ne.jp/ninshin/name/2018/girl/name-ranking/	benesse
2018	F	22	ひかり	ひかり	12	0.26	20位	https://st.benesse.ne.jp/ninshin/name/2018/girl/name-ranking/	benesse
2018	F	22	愛莉	あいり	12	0.26	37位	https://st.benesse.ne.jp/ninshin/name/2018/girl/name-ranking/	benesse
2018	F	22	杏奈	あんな	12	0.26	32位	https://st.benesse.ne.jp/ninshin/name/2018/girl/name-ranking/	benesse
2018	F	25	陽菜乃	ひなの	11	0.24	53位	https://st.benesse.ne.jp/ninshin/name/2018/girl/name-ranking/	benesse
2018	F	25	芽生	めい	11	0.24	21位	https://st.benesse.ne.jp/ninshin/name/2018/girl/name-ranking/	benesse
2018	F	25	結	ゆい	11	0.24	37位	https://st.benesse.ne.jp/ninshin/name/2018/girl/name-ranking/	benesse
2018	F	25	結月	ゆづき	11	0.24	21位	https://st.benesse.ne.jp/ninshin/name/2018/girl/name-ranking/	benesse
2018	F	25	蘭	らん	11	0.24	53位	https://st.benesse.ne.jp/ninshin/name/2018/girl/name-ranking/	benesse
2018	F	25	明莉	あかり	11	0.24	75位	https://st.benesse.ne.jp/ninshin/name/2018/girl/name-ranking/	benesse
2018	F	25	莉緒	りお	11	0.24	37位	https://st.benesse.ne.jp/ninshin/name/2018/girl/name-ranking/	benesse
2018	F	32	鈴	すず	10	0.22	82位	https://st.benesse.ne.jp/ninshin/name/2018/girl/name-ranking/	benesse
2018	F	32	彩葉	いろは	10	0.22	27位	https://st.benesse.ne.jp/ninshin/name/2018/girl/name-ranking/	benesse
2018	F	32	美咲	みさき	10	0.22	32位	https://st.benesse.ne.jp/ninshin/name/2018/girl/name-ranking/	benesse
2018	F	32	琴葉	ことは	10	0.22	27位	https://st.benesse.ne.jp/ninshin/name/2018/girl/name-ranking/	benesse
2018	F	36	蒼依	あおい	9	0.20	745位	https://st.benesse.ne.jp/ninshin/name/2018/girl/name-ranking/	benesse
2018	F	36	こころ	こころ	9	0.20	99位	https://st.benesse.ne.jp/ninshin/name/2018/girl/name-ranking/	benesse
2018	F	36	ひなた	ひなた	9	0.20	50位	https://st.benesse.ne.jp/ninshin/name/2018/girl/name-ranking/	benesse
2018	F	36	華	はな	9	0.20	42位	https://st.benesse.ne.jp/ninshin/name/2018/girl/name-ranking/	benesse
2018	F	36	玲奈	れな	9	0.20	50位	https://st.benesse.ne.jp/ninshin/name/2018/girl/name-ranking/	benesse
2018	F	36	綾乃	あやの	9	0.20	99位	https://st.benesse.ne.jp/ninshin/name/2018/girl/name-ranking/	benesse
2018	F	36	紗奈	さな	9	0.20	121位	https://st.benesse.ne.jp/ninshin/name/2018/girl/name-ranking/	benesse
2018	F	36	いろは	いろは	9	0.20	63位	https://st.benesse.ne.jp/ninshin/name/2018/girl/name-ranking/	benesse
2018	F	36	依茉	えま	9	0.20	171位	https://st.benesse.ne.jp/ninshin/name/2018/girl/name-ranking/	benesse
2018	F	36	美琴	みこと	9	0.20	171位	https://st.benesse.ne.jp/ninshin/name/2018/girl/name-ranking/	benesse
2018	F	46	心	こころ	8	0.18	201位	https://st.benesse.ne.jp/ninshin/name/2018/girl/name-ranking/	benesse
2018	F	46	春乃	はるの	8	0.18	745位	https://st.benesse.ne.jp/ninshin/name/2018/girl/name-ranking/	benesse
2018	F	46	莉愛	りあ	8	0.18	63位	https://st.benesse.ne.jp/ninshin/name/2018/girl/name-ranking/	benesse
2018	F	46	柚月	ゆづき	8	0.18	121位	https://st.benesse.ne.jp/ninshin/name/2018/girl/name-ranking/	benesse
2018	F	46	咲花	えみか	8	0.18	201位	https://st.benesse.ne.jp/ninshin/name/2018/girl/name-ranking/	benesse
2018	F	46	七海	ななみ	8	0.18	99位	https://st.benesse.ne.jp/ninshin/name/2018/girl/name-ranking/	benesse
2018	F	46	楓	かえで	8	0.18	19位	https://st.benesse.ne.jp/ninshin/name/2018/girl/name-ranking/	benesse
2018	F	46	ひまり	ひまり	8	0.18	23位	https://st.benesse.ne.jp/ninshin/name/2018/girl/name-ranking/	benesse
2018	F	46	彩乃	あやの	8	0.18	53位	https://st.benesse.ne.jp/ninshin/name/2018/girl/name-ranking/	benesse
2018	F	46	彩心	いろは	8	0.18	171位	https://st.benesse.ne.jp/ninshin/name/2018/girl/name-ranking/	benesse
2018	F	46	紗良	さら	8	0.18	121位	https://st.benesse.ne.jp/ninshin/name/2018/girl/name-ranking/	benesse
2018	F	46	葵衣	あおい	8	0.18	99位	https://st.benesse.ne.jp/ninshin/name/2018/girl/name-ranking/	benesse
2018	F	46	一華	いちか	8	0.18	53位	https://st.benesse.ne.jp/ninshin/name/2018/girl/name-ranking/	benesse
2018	F	46	心陽	こはる	8	0.18	37位	https://st.benesse.ne.jp/ninshin/name/2018/girl/name-ranking/	benesse
2018	F	46	菫	すみれ	8	0.18	171位	https://st.benesse.ne.jp/ninshin/name/2018/girl/name-ranking/	benesse
2018	F	61	心晴	こはる	7	0.15	32位	https://st.benesse.ne.jp/ninshin/name/2018/girl/name-ranking/	benesse
2018	F	61	柚葉	ゆずは	7	0.15	99位	https://st.benesse.ne.jp/ninshin/name/2018/girl/name-ranking/	benesse
2018	F	61	柚希	ゆずき	7	0.15	32位	https://st.benesse.ne.jp/ninshin/name/2018/girl/name-ranking/	benesse
2018	F	61	茉優	まゆ	7	0.15	148位	https://st.benesse.ne.jp/ninshin/name/2018/girl/name-ranking/	benesse
2018	F	61	琴子	ことこ	7	0.15	745位	https://st.benesse.ne.jp/ninshin/name/2018/girl/name-ranking/	benesse
2018	F	61	夏帆	かほ	7	0.15	75位	https://st.benesse.ne.jp/ninshin/name/2018/girl/name-ranking/	benesse
2018	F	61	美桜	みお	7	0.15	31位	https://st.benesse.ne.jp/ninshin/name/2018/girl/name-ranking/	benesse
2018	F	61	柚乃	ゆの	7	0.15	454位	https://st.benesse.ne.jp/ninshin/name/2018/girl/name-ranking/	benesse
2018	F	61	詩乃	しの	7	0.15	201位	https://st.benesse.ne.jp/ninshin/name/2018/girl/name-ranking/	benesse
2018	F	61	千夏	ちなつ	7	0.15	121位	https://st.benesse.ne.jp/ninshin/name/2018/girl/name-ranking/	benesse
2018	F	61	唯	ゆい	7	0.15	121位	https://st.benesse.ne.jp/ninshin/name/2018/girl/name-ranking/	benesse
2018	F	61	莉央	りお	7	0.15	26位	https://st.benesse.ne.jp/ninshin/name/2018/girl/name-ranking/	benesse
2018	F	61	藍	あい	7	0.15	250位	https://st.benesse.ne.jp/ninshin/name/2018/girl/name-ranking/	benesse
2018	F	61	朱里	あかり	7	0.15	75位	https://st.benesse.ne.jp/ninshin/name/2018/girl/name-ranking/	benesse
2018	F	61	美結	みゆ	7	0.15	37位	https://st.benesse.ne.jp/ninshin/name/2018/girl/name-ranking/	benesse
2018	F	76	菜央	なお	6	0.13	454位	https://st.benesse.ne.jp/ninshin/name/2018/girl/name-ranking/	benesse
2018	F	76	佳歩	かほ	6	0.13	454位	https://st.benesse.ne.jp/ninshin/name/2018/girl/name-ranking/	benesse
2018	F	76	咲奈	さな	6	0.13	148位	https://st.benesse.ne.jp/ninshin/name/2018/girl/name-ranking/	benesse
2018	F	76	真帆	まほ	6	0.13	82位	https://st.benesse.ne.jp/ninshin/name/2018/girl/name-ranking/	benesse
2018	F	76	唯花	ゆいか	6	0.13	121位	https://st.benesse.ne.jp/ninshin/name/2018/girl/name-ranking/	benesse
2018	F	76	菜那	なな	6	0.13	745位	https://st.benesse.ne.jp/ninshin/name/2018/girl/name-ranking/	benesse
2018	F	76	結葉	ゆいは	6	0.13	745位	https://st.benesse.ne.jp/ninshin/name/2018/girl/name-ranking/	benesse
2018	F	76	桃奈	ももな	6	0.13		https://st.benesse.ne.jp/ninshin/name/2018/girl/name-ranking/	benesse
2018	F	76	花	はな	6	0.13	27位	https://st.benesse.ne.jp/ninshin/name/2018/girl/name-ranking/	benesse
2018	F	76	花音	かのん	6	0.13	82位	https://st.benesse.ne.jp/ninshin/name/2018/girl/name-ranking/	benesse
2018	F	76	栞	しおり	6	0.13	45位	https://st.benesse.ne.jp/ninshin/name/2018/girl/name-ranking/	benesse
2018	F	76	桃花	ももか	6	0.13	82位	https://st.benesse.ne.jp/ninshin/name/2018/girl/name-ranking/	benesse
2018	F	76	結唯	ゆい	6	0.13		https://st.benesse.ne.jp/ninshin/name/2018/girl/name-ranking/	benesse
2018	F	76	愛梨	あいり	6	0.13	338位	https://st.benesse.ne.jp/ninshin/name/2018/girl/name-ranking/	benesse
2018	F	76	花奈	はな	6	0.13	338位	https://st.benesse.ne.jp/ninshin/name/2018/girl/name-ranking/	benesse
2018	F	76	紗和	さわ	6	0.13	201位	https://st.benesse.ne.jp/ninshin/name/2018/girl/name-ranking/	benesse
2018	F	76	一葉	かずは	6	0.13		https://st.benesse.ne.jp/ninshin/name/2018/girl/name-ranking/	benesse
2018	F	76	一花	いちか	6	0.13	75位	https://st.benesse.ne.jp/ninshin/name/2018/girl/name-ranking/	benesse
2018	F	76	和奏	わかな	6	0.13	45位	https://st.benesse.ne.jp/ninshin/name/2018/girl/name-ranking/	benesse
2018	F	76	すず	すず	6	0.13	250位	https://st.benesse.ne.jp/ninshin/name/2018/girl/name-ranking/	benesse
2018	F	76	咲希	さき	6	0.13	23位	https://st.benesse.ne.jp/ninshin/name/2018/girl/name-ranking/	benesse
2018	F	76	結花	ゆいか	6	0.13	171位	https://st.benesse.ne.jp/ninshin/name/2018/girl/name-ranking/	benesse
2018	F	76	結心	ゆな	6	0.13	99位	https://st.benesse.ne.jp/ninshin/name/2018/girl/name-ranking/	benesse
2018	F	76	文乃	ふみの	6	0.13	171位	https://st.benesse.ne.jp/ninshin/name/2018/girl/name-ranking/	benesse
2018	F	76	音羽	おとは	6	0.13	454位	https://st.benesse.ne.jp/ninshin/name/2018/girl/name-ranking/	benesse
2018	F	76	莉桜	りお	6	0.13	82位	https://st.benesse.ne.jp/ninshin/name/2018/girl/name-ranking/	benesse
2018	F	76	心菜	ここな	6	0.13	148位	https://st.benesse.ne.jp/ninshin/name/2018/girl/name-ranking/	benesse
2018	F	76	咲舞	えま	6	0.13	338位	https://st.benesse.ne.jp/ninshin/name/2018/girl/name-ranking/	benesse
2018	F	76	穂花	ほのか	6	0.13	171位	https://st.benesse.ne.jp/ninshin/name/2018/girl/name-ranking/	benesse
2018	F	76	和花	わか	6	0.13	53位	https://st.benesse.ne.jp/ninshin/name/2018/girl/name-ranking/	benesse
2019	M	1	蓮	れん			1位	https://st.benesse.ne.jp/ninshin/name/2019/boy/name-ranking/	benesse
2019	M	2	律	りつ			47位	https://st.benesse.ne.jp/ninshin/name/2019/boy/name-ranking/	benesse
2019	M	3	湊	みなと			6位	https://st.benesse.ne.jp/ninshin/name/2019/boy/name-ranking/	benesse
2019	M	4	樹	いつき			4位	https://st.benesse.ne.jp/ninshin/name/2019/boy/name-ranking/	benesse
2019	M	5	蒼	あおい			8位	https://st.benesse.ne.jp/ninshin/name/2019/boy/name-ranking/	benesse
2019	M	6	陽翔	はると			2位	https://st.benesse.ne.jp/ninshin/name/2019/boy/name-ranking/	benesse
2019	M	6	悠真	ゆうま			13位	https://st.benesse.ne.jp/ninshin/name/2019/boy/name-ranking/	benesse
2019	M	8	大翔	ひろと			7位	https://st.benesse.ne.jp/ninshin/name/2019/boy/name-ranking/	benesse
2019	M	9	新	あらた			26位	https://st.benesse.ne.jp/ninshin/name/2019/boy/name-ranking/	benesse
2019	M	10	大和	やまと			29位	https://st.benesse.ne.jp/ninshin/name/2019/boy/name-ranking/	benesse
2019	M	11	陽太	ひなた			2位	https://st.benesse.ne.jp/ninshin/name/2019/boy/name-ranking/	benesse
2019	M	12	朝陽	あさひ			8位	https://st.benesse.ne.jp/ninshin/name/2019/boy/name-ranking/	benesse
2019	M	13	結翔	ゆいと			18位	https://st.benesse.ne.jp/ninshin/name/2019/boy/name-ranking/	benesse
2019	M	14	悠人	ゆうと			4位	https://st.benesse.ne.jp/ninshin/name/2019/boy/name-ranking/	benesse
2019	M	15	陽向	ひなた			18位	https://st.benesse.ne.jp/ninshin/name/2019/boy/name-ranking/	benesse
2019	M	15	湊斗	みなと			38位	https://st.benesse.ne.jp/ninshin/name/2019/boy/name-ranking/	benesse
2019	M	17	颯真	そうま			10位	https://st.benesse.ne.jp/ninshin/name/2019/boy/name-ranking/	benesse
2019	M	18	颯	はやて			15位	https://st.benesse.ne.jp/ninshin/name/2019/boy/name-ranking/	benesse
2019	M	19	蒼大	そうた			22位	https://st.benesse.ne.jp/ninshin/name/2019/boy/name-ranking/	benesse
2019	M	20	陸	りく			66位	https://st.benesse.ne.jp/ninshin/name/2019/boy/name-ranking/	benesse
2019	M	21	奏太	そうた			10位	https://st.benesse.ne.jp/ninshin/name/2019/boy/name-ranking/	benesse
2019	M	22	伊織	いおり			15位	https://st.benesse.ne.jp/ninshin/name/2019/boy/name-ranking/	benesse
2019	M	23	悠	ゆう			18位	https://st.benesse.ne.jp/ninshin/name/2019/boy/name-ranking/	benesse
2019	M	24	陽斗	はると			10位	https://st.benesse.ne.jp/ninshin/name/2019/boy/name-ranking/	benesse
2019	M	25	暖	だん			207位	https://st.benesse.ne.jp/ninshin/name/2019/boy/name-ranking/	benesse
2019	M	26	奏汰	かなた			32位	https://st.benesse.ne.jp/ninshin/name/2019/boy/name-ranking/	benesse
2019	M	27	陽大	ひなた			26位	https://st.benesse.ne.jp/ninshin/name/2019/boy/name-ranking/	benesse
2019	M	28	颯太	そうた			22位	https://st.benesse.ne.jp/ninshin/name/2019/boy/name-ranking/	benesse
2019	M	29	悠斗	ゆうと			47位	https://st.benesse.ne.jp/ninshin/name/2019/boy/name-ranking/	benesse
2019	M	30	陽	はる			18位	https://st.benesse.ne.jp/ninshin/name/2019/boy/name-ranking/	benesse
2019	M	31	碧	あおい			38位	https://st.benesse.ne.jp/ninshin/name/2019/boy/name-ranking/	benesse
2019	M	32	朔	さく			22位	https://st.benesse.ne.jp/ninshin/name/2019/boy/name-ranking/	benesse
2019	M	33	一颯	いぶき			66位	https://st.benesse.ne.jp/ninshin/name/2019/boy/name-ranking/	benesse
2019	M	33	瑛太	えいた			47位	https://st.benesse.ne.jp/ninshin/name/2019/boy/name-ranking/	benesse
2019	M	35	大智	だいち			13位	https://st.benesse.ne.jp/ninshin/name/2019/boy/name-ranking/	benesse
2019	M	36	岳	がく			38位	https://st.benesse.ne.jp/ninshin/name/2019/boy/name-ranking/	benesse
2019	M	37	瑛斗	えいと			47位	https://st.benesse.ne.jp/ninshin/name/2019/boy/name-ranking/	benesse
2019	M	37	晴	はる			22位	https://st.benesse.ne.jp/ninshin/name/2019/boy/name-ranking/	benesse
2019	M	39	結斗	ゆいと			66位	https://st.benesse.ne.jp/ninshin/name/2019/boy/name-ranking/	benesse
2019	M	39	碧人	あおと			32位	https://st.benesse.ne.jp/ninshin/name/2019/boy/name-ranking/	benesse
2019	M	39	蒼真	そうま			38位	https://st.benesse.ne.jp/ninshin/name/2019/boy/name-ranking/	benesse
2019	M	42	旭	あさひ			15位	https://st.benesse.ne.jp/ninshin/name/2019/boy/name-ranking/	benesse
2019	M	43	陸斗	りくと			47位	https://st.benesse.ne.jp/ninshin/name/2019/boy/name-ranking/	benesse
2019	M	44	悠翔	ゆうと			38位	https://st.benesse.ne.jp/ninshin/name/2019/boy/name-ranking/	benesse
2019	M	45	颯人	はやと			89位	https://st.benesse.ne.jp/ninshin/name/2019/boy/name-ranking/	benesse
2019	M	46	海斗	かいと			32位	https://st.benesse.ne.jp/ninshin/name/2019/boy/name-ranking/	benesse
2019	M	46	悠生	ゆうせい			66位	https://st.benesse.ne.jp/ninshin/name/2019/boy/name-ranking/	benesse
2019	M	48	絢斗	あやと			47位	https://st.benesse.ne.jp/ninshin/name/2019/boy/name-ranking/	benesse
2019	M	49	湊太	そうた			66位	https://st.benesse.ne.jp/ninshin/name/2019/boy/name-ranking/	benesse
2019	M	50	翔	しょう			66位	https://st.benesse.ne.jp/ninshin/name/2019/boy/name-ranking/	benesse
2019	M	50	蒼空	そら			134位	https://st.benesse.ne.jp/ninshin/name/2019/boy/name-ranking/	benesse
2019	M	52	櫂	かい			89位	https://st.benesse.ne.jp/ninshin/name/2019/boy/name-ranking/	benesse
2019	M	53	晴翔	はると			207位	https://st.benesse.ne.jp/ninshin/name/2019/boy/name-ranking/	benesse
2019	M	54	海翔	かいと			29位	https://st.benesse.ne.jp/ninshin/name/2019/boy/name-ranking/	benesse
2019	M	55	健人	けんと			66位	https://st.benesse.ne.jp/ninshin/name/2019/boy/name-ranking/	benesse
2019	M	56	律希	りつき			134位	https://st.benesse.ne.jp/ninshin/name/2019/boy/name-ranking/	benesse
2019	M	57	大晴	たいせい			47位	https://st.benesse.ne.jp/ninshin/name/2019/boy/name-ranking/	benesse
2019	M	57	仁	じん			66位	https://st.benesse.ne.jp/ninshin/name/2019/boy/name-ranking/	benesse
2019	M	59	碧斗	あおと			66位	https://st.benesse.ne.jp/ninshin/name/2019/boy/name-ranking/	benesse
2019	M	60	颯斗	はやと			29位	https://st.benesse.ne.jp/ninshin/name/2019/boy/name-ranking/	benesse
2019	M	60	歩	あゆむ			134位	https://st.benesse.ne.jp/ninshin/name/2019/boy/name-ranking/	benesse
2019	M	62	怜	れい			89位	https://st.benesse.ne.jp/ninshin/name/2019/boy/name-ranking/	benesse
2019	M	63	遥斗	はると			32位	https://st.benesse.ne.jp/ninshin/name/2019/boy/name-ranking/	benesse
2019	M	63	翼	つばさ			47位	https://st.benesse.ne.jp/ninshin/name/2019/boy/name-ranking/	benesse
2019	M	63	奏多	かなた			32位	https://st.benesse.ne.jp/ninshin/name/2019/boy/name-ranking/	benesse
2019	M	66	葵	あおい			26位	https://st.benesse.ne.jp/ninshin/name/2019/boy/name-ranking/	benesse
2019	M	67	蒼太	そうた			38位	https://st.benesse.ne.jp/ninshin/name/2019/boy/name-ranking/	benesse
2019	M	68	琉生	るい			134位	https://st.benesse.ne.jp/ninshin/name/2019/boy/name-ranking/	benesse
2019	M	68	楓	かえで			66位	https://st.benesse.ne.jp/ninshin/name/2019/boy/name-ranking/	benesse
2019	M	68	壮真	そうま			331位	https://st.benesse.ne.jp/ninshin/name/2019/boy/name-ranking/	benesse
2019	M	71	和真	かずま			134位	https://st.benesse.ne.jp/ninshin/name/2019/boy/name-ranking/	benesse
2019	M	71	航	わたる			207位	https://st.benesse.ne.jp/ninshin/name/2019/boy/name-ranking/	benesse
2019	M	71	大雅	たいが			134位	https://st.benesse.ne.jp/ninshin/name/2019/boy/name-ranking/	benesse
2019	M	74	蒼生	あおい			89位	https://st.benesse.ne.jp/ninshin/name/2019/boy/name-ranking/	benesse
2019	M	75	颯汰	そうた			32位	https://st.benesse.ne.jp/ninshin/name/2019/boy/name-ranking/	benesse
2019	M	75	慧	けい			207位	https://st.benesse.ne.jp/ninshin/name/2019/boy/name-ranking/	benesse
2019	M	77	湊翔	みなと			331位	https://st.benesse.ne.jp/ninshin/name/2019/boy/name-ranking/	benesse
2019	M	78	奏斗	かなと			698位	https://st.benesse.ne.jp/ninshin/name/2019/boy/name-ranking/	benesse
2019	M	79	悠希	はるき			38位	https://st.benesse.ne.jp/ninshin/name/2019/boy/name-ranking/	benesse
2019	M	79	匠	たくみ			89位	https://st.benesse.ne.jp/ninshin/name/2019/boy/name-ranking/	benesse
2019	M	81	光	ひかる			698位	https://st.benesse.ne.jp/ninshin/name/2019/boy/name-ranking/	benesse
2019	M	82	佑	たすく			134位	https://st.benesse.ne.jp/ninshin/name/2019/boy/name-ranking/	benesse
2019	M	83	翔太	しょうた			111位	https://st.benesse.ne.jp/ninshin/name/2019/boy/name-ranking/	benesse
2019	M	84	涼真	りょうま			134位	https://st.benesse.ne.jp/ninshin/name/2019/boy/name-ranking/	benesse
2019	M	85	一輝	いつき			134位	https://st.benesse.ne.jp/ninshin/name/2019/boy/name-ranking/	benesse
2019	M	85	大地	だいち			66位	https://st.benesse.ne.jp/ninshin/name/2019/boy/name-ranking/	benesse
2019	M	87	健	たける			47位	https://st.benesse.ne.jp/ninshin/name/2019/boy/name-ranking/	benesse
2019	M	87	蒼士	そうし			47位	https://st.benesse.ne.jp/ninshin/name/2019/boy/name-ranking/	benesse
2019	M	89	太陽	たいよう			207位	https://st.benesse.ne.jp/ninshin/name/2019/boy/name-ranking/	benesse
2019	M	90	湊大	そうた			111位	https://st.benesse.ne.jp/ninshin/name/2019/boy/name-ranking/	benesse
2019	M	90	湊士	みなと			134位	https://st.benesse.ne.jp/ninshin/name/2019/boy/name-ranking/	benesse
2019	M	92	凪	なぎ			111位	https://st.benesse.ne.jp/ninshin/name/2019/boy/name-ranking/	benesse
2019	M	92	大輝	だいき			47位	https://st.benesse.ne.jp/ninshin/name/2019/boy/name-ranking/	benesse
2019	M	92	奏	かなで			66位	https://st.benesse.ne.jp/ninshin/name/2019/boy/name-ranking/	benesse
2019	M	95	湊人	みなと			207位	https://st.benesse.ne.jp/ninshin/name/2019/boy/name-ranking/	benesse
2019	M	96	慶	けい			47位	https://st.benesse.ne.jp/ninshin/name/2019/boy/name-ranking/	benesse
2019	M	96	一翔	かずと			38位	https://st.benesse.ne.jp/ninshin/name/2019/boy/name-ranking/	benesse
2019	M	96	結仁	ゆいと			66位	https://st.benesse.ne.jp/ninshin/name/2019/boy/name-ranking/	benesse
2019	M	96	結人	ゆいと			47位	https://st.benesse.ne.jp/ninshin/name/2019/boy/name-ranking/	benesse
2019	M	96	大知	だいち			111位	https://st.benesse.ne.jp/ninshin/name/2019/boy/name-ranking/	benesse
2019	F	1	陽葵	ひまり			1位	https://st.benesse.ne.jp/ninshin/name/2019/girl/name-ranking/	benesse
2019	F	2	凛	りん			5位	https://st.benesse.ne.jp/ninshin/name/2019/girl/name-ranking/	benesse
2019	F	3	芽依	めい			2位	https://st.benesse.ne.jp/ninshin/name/2019/girl/name-ranking/	benesse
2019	F	4	結菜	ゆいな			5位	https://st.benesse.ne.jp/ninshin/name/2019/girl/name-ranking/	benesse
2019	F	5	紬	つむぎ			11位	https://st.benesse.ne.jp/ninshin/name/2019/girl/name-ranking/	benesse
2019	F	6	咲良	さくら			15位	https://st.benesse.ne.jp/ninshin/name/2019/girl/name-ranking/	benesse
2019	F	7	莉子	りこ			3位	https://st.benesse.ne.jp/ninshin/name/2019/girl/name-ranking/	benesse
2019	F	8	葵	あおい			4位	https://st.benesse.ne.jp/ninshin/name/2019/girl/name-ranking/	benesse
2019	F	9	澪	みお			5位	https://st.benesse.ne.jp/ninshin/name/2019/girl/name-ranking/	benesse
2019	F	10	結月	ゆづき			25位	https://st.benesse.ne.jp/ninshin/name/2019/girl/name-ranking/	benesse
2019	F	11	陽菜	ひな			10位	https://st.benesse.ne.jp/ninshin/name/2019/girl/name-ranking/	benesse
2019	F	12	杏	あん			12位	https://st.benesse.ne.jp/ninshin/name/2019/girl/name-ranking/	benesse
2019	F	13	美月	みつき			16位	https://st.benesse.ne.jp/ninshin/name/2019/girl/name-ranking/	benesse
2019	F	14	さくら	さくら			18位	https://st.benesse.ne.jp/ninshin/name/2019/girl/name-ranking/	benesse
2019	F	15	結愛	ゆあ			8位	https://st.benesse.ne.jp/ninshin/name/2019/girl/name-ranking/	benesse
2019	F	16	凜	りん			12位	https://st.benesse.ne.jp/ninshin/name/2019/girl/name-ranking/	benesse
2019	F	17	結衣	ゆい			12位	https://st.benesse.ne.jp/ninshin/name/2019/girl/name-ranking/	benesse
2019	F	18	朱莉	あかり			19位	https://st.benesse.ne.jp/ninshin/name/2019/girl/name-ranking/	benesse
2019	F	19	彩葉	いろは			32位	https://st.benesse.ne.jp/ninshin/name/2019/girl/name-ranking/	benesse
2019	F	20	杏奈	あんな			22位	https://st.benesse.ne.jp/ninshin/name/2019/girl/name-ranking/	benesse
2019	F	21	花	はな			76位	https://st.benesse.ne.jp/ninshin/name/2019/girl/name-ranking/	benesse
2019	F	22	心春	こはる			16位	https://st.benesse.ne.jp/ninshin/name/2019/girl/name-ranking/	benesse
2019	F	23	琴葉	ことは			32位	https://st.benesse.ne.jp/ninshin/name/2019/girl/name-ranking/	benesse
2019	F	24	莉央	りお			61位	https://st.benesse.ne.jp/ninshin/name/2019/girl/name-ranking/	benesse
2019	F	24	琴音	ことね			8位	https://st.benesse.ne.jp/ninshin/name/2019/girl/name-ranking/	benesse
2019	F	26	美桜	みお			61位	https://st.benesse.ne.jp/ninshin/name/2019/girl/name-ranking/	benesse
2019	F	27	楓	かえで			46位	https://st.benesse.ne.jp/ninshin/name/2019/girl/name-ranking/	benesse
2019	F	28	詩	うた			211位	https://st.benesse.ne.jp/ninshin/name/2019/girl/name-ranking/	benesse
2019	F	29	あかり	あかり			19位	https://st.benesse.ne.jp/ninshin/name/2019/girl/name-ranking/	benesse
2019	F	30	一花	いちか			76位	https://st.benesse.ne.jp/ninshin/name/2019/girl/name-ranking/	benesse
2019	F	31	莉緒	りお			25位	https://st.benesse.ne.jp/ninshin/name/2019/girl/name-ranking/	benesse
2019	F	31	咲希	さき			76位	https://st.benesse.ne.jp/ninshin/name/2019/girl/name-ranking/	benesse
2019	F	33	愛莉	あいり			22位	https://st.benesse.ne.jp/ninshin/name/2019/girl/name-ranking/	benesse
2019	F	33	美結	みゆ			61位	https://st.benesse.ne.jp/ninshin/name/2019/girl/name-ranking/	benesse
2019	F	35	芽生	めい			25位	https://st.benesse.ne.jp/ninshin/name/2019/girl/name-ranking/	benesse
2019	F	36	心陽	こはる			46位	https://st.benesse.ne.jp/ninshin/name/2019/girl/name-ranking/	benesse
2019	F	37	ひまり	ひまり			46位	https://st.benesse.ne.jp/ninshin/name/2019/girl/name-ranking/	benesse
2019	F	38	ひかり	ひかり			22位	https://st.benesse.ne.jp/ninshin/name/2019/girl/name-ranking/	benesse
2019	F	39	陽菜乃	ひなの			25位	https://st.benesse.ne.jp/ninshin/name/2019/girl/name-ranking/	benesse
2019	F	40	花音	かのん			76位	https://st.benesse.ne.jp/ninshin/name/2019/girl/name-ranking/	benesse
2019	F	41	心結	みゆ			106位	https://st.benesse.ne.jp/ninshin/name/2019/girl/name-ranking/	benesse
2019	F	42	蘭	らん			25位	https://st.benesse.ne.jp/ninshin/name/2019/girl/name-ranking/	benesse
2019	F	43	一華	いちか			46位	https://st.benesse.ne.jp/ninshin/name/2019/girl/name-ranking/	benesse
2019	F	43	結	ゆい			25位	https://st.benesse.ne.jp/ninshin/name/2019/girl/name-ranking/	benesse
2019	F	45	ひなた	ひなた			36位	https://st.benesse.ne.jp/ninshin/name/2019/girl/name-ranking/	benesse
2019	F	46	菫	すみれ			46位	https://st.benesse.ne.jp/ninshin/name/2019/girl/name-ranking/	benesse
2019	F	47	紗菜	さな			211位	https://st.benesse.ne.jp/ninshin/name/2019/girl/name-ranking/	benesse
2019	F	47	柚希	ゆずき			61位	https://st.benesse.ne.jp/ninshin/name/2019/girl/name-ranking/	benesse
2019	F	49	美琴	みこと			36位	https://st.benesse.ne.jp/ninshin/name/2019/girl/name-ranking/	benesse
2019	F	50	咲花	はな			46位	https://st.benesse.ne.jp/ninshin/name/2019/girl/name-ranking/	benesse
2019	F	51	桜	さくら			106位	https://st.benesse.ne.jp/ninshin/name/2019/girl/name-ranking/	benesse
2019	F	52	心晴	こはる			61位	https://st.benesse.ne.jp/ninshin/name/2019/girl/name-ranking/	benesse
2019	F	53	七海	ななみ			46位	https://st.benesse.ne.jp/ninshin/name/2019/girl/name-ranking/	benesse
2019	F	54	和花	わか			76位	https://st.benesse.ne.jp/ninshin/name/2019/girl/name-ranking/	benesse
2019	F	54	玲奈	れな			36位	https://st.benesse.ne.jp/ninshin/name/2019/girl/name-ranking/	benesse
2019	F	56	鈴	すず			32位	https://st.benesse.ne.jp/ninshin/name/2019/girl/name-ranking/	benesse
2019	F	57	すみれ	すみれ			146位	https://st.benesse.ne.jp/ninshin/name/2019/girl/name-ranking/	benesse
2019	F	58	光莉	ひかり			106位	https://st.benesse.ne.jp/ninshin/name/2019/girl/name-ranking/	benesse
2019	F	59	愛菜	まな			350位	https://st.benesse.ne.jp/ninshin/name/2019/girl/name-ranking/	benesse
2019	F	60	紗奈	さな			36位	https://st.benesse.ne.jp/ninshin/name/2019/girl/name-ranking/	benesse
2019	F	60	凪	なぎ			106位	https://st.benesse.ne.jp/ninshin/name/2019/girl/name-ranking/	benesse
2019	F	62	咲茉	えま			106位	https://st.benesse.ne.jp/ninshin/name/2019/girl/name-ranking/	benesse
2019	F	63	優奈	ゆうな			19位	https://st.benesse.ne.jp/ninshin/name/2019/girl/name-ranking/	benesse
2019	F	64	菜月	なつき			106位	https://st.benesse.ne.jp/ninshin/name/2019/girl/name-ranking/	benesse
2019	F	64	紬希	つむぎ			146位	https://st.benesse.ne.jp/ninshin/name/2019/girl/name-ranking/	benesse
2019	F	66	彩乃	あやの			46位	https://st.benesse.ne.jp/ninshin/name/2019/girl/name-ranking/	benesse
2019	F	67	華	はな			36位	https://st.benesse.ne.jp/ninshin/name/2019/girl/name-ranking/	benesse
2019	F	67	明莉	あかり			25位	https://st.benesse.ne.jp/ninshin/name/2019/girl/name-ranking/	benesse
2019	F	69	詩乃	しの			61位	https://st.benesse.ne.jp/ninshin/name/2019/girl/name-ranking/	benesse
2019	F	69	葉月	はづき			146位	https://st.benesse.ne.jp/ninshin/name/2019/girl/name-ranking/	benesse
2019	F	71	栞奈	かんな			350位	https://st.benesse.ne.jp/ninshin/name/2019/girl/name-ranking/	benesse
2019	F	71	柚葉	ゆずは			61位	https://st.benesse.ne.jp/ninshin/name/2019/girl/name-ranking/	benesse
2019	F	73	莉奈	りな			146位	https://st.benesse.ne.jp/ninshin/name/2019/girl/name-ranking/	benesse
2019	F	74	雫	しずく			106位	https://st.benesse.ne.jp/ninshin/name/2019/girl/name-ranking/	benesse
2019	F	74	美咲	みさき			32位	https://st.benesse.ne.jp/ninshin/name/2019/girl/name-ranking/	benesse
2019	F	76	莉愛	りあ			46位	https://st.benesse.ne.jp/ninshin/name/2019/girl/name-ranking/	benesse
2019	F	77	紗良	さら			46位	https://st.benesse.ne.jp/ninshin/name/2019/girl/name-ranking/	benesse
2019	F	77	和奏	わかな			76位	https://st.benesse.ne.jp/ninshin/name/2019/girl/name-ranking/	benesse
2019	F	79	栞	しおり			76位	https://st.benesse.ne.jp/ninshin/name/2019/girl/name-ranking/	benesse
2019	F	79	結心	ゆい			76位	https://st.benesse.ne.jp/ninshin/name/2019/girl/name-ranking/	benesse
2019	F	81	美羽	みう			146位	https://st.benesse.ne.jp/ninshin/name/2019/girl/name-ranking/	benesse
2019	F	82	朱里	あかり			61位	https://st.benesse.ne.jp/ninshin/name/2019/girl/name-ranking/	benesse
2019	F	83	怜奈	れな			106位	https://st.benesse.ne.jp/ninshin/name/2019/girl/name-ranking/	benesse
2019	F	84	百花	ももか			146位	https://st.benesse.ne.jp/ninshin/name/2019/girl/name-ranking/	benesse
2019	F	85	美緒	みお			106位	https://st.benesse.ne.jp/ninshin/name/2019/girl/name-ranking/	benesse
2019	F	86	夏帆	かほ			61位	https://st.benesse.ne.jp/ninshin/name/2019/girl/name-ranking/	benesse
2019	F	86	乃愛	のあ			146位	https://st.benesse.ne.jp/ninshin/name/2019/girl/name-ranking/	benesse
2019	F	88	つむぎ	つむぎ			211位	https://st.benesse.ne.jp/ninshin/name/2019/girl/name-ranking/	benesse
2019	F	88	愛梨	あいり			76位	https://st.benesse.ne.jp/ninshin/name/2019/girl/name-ranking/	benesse
2019	F	90	彩羽	いろは			146位	https://st.benesse.ne.jp/ninshin/name/2019/girl/name-ranking/	benesse
2019	F	90	優花	ゆうか			146位	https://st.benesse.ne.jp/ninshin/name/2019/girl/name-ranking/	benesse
2019	F	92	優月	ゆづき			211位	https://st.benesse.ne.jp/ninshin/name/2019/girl/name-ranking/	benesse
2019	F	93	いろは	いろは			36位	https://st.benesse.ne.jp/ninshin/name/2019/girl/name-ranking/	benesse
2019	F	94	美織	みおり			350位	https://st.benesse.ne.jp/ninshin/name/2019/girl/name-ranking/	benesse
2019	F	94	柚月	ゆづき			46位	https://st.benesse.ne.jp/ninshin/name/2019/girl/name-ranking/	benesse
2019	F	96	彩心	あこ			46位	https://st.benesse.ne.jp/ninshin/name/2019/girl/name-ranking/	benesse
2019	F	96	咲	さき			106位	https://st.benesse.ne.jp/ninshin/name/2019/girl/name-ranking/	benesse
2019	F	98	茉奈	まな			350位	https://st.benesse.ne.jp/ninshin/name/2019/girl/name-ranking/	benesse
2019	F	98	ひより	ひより			106位	https://st.benesse.ne.jp/ninshin/name/2019/girl/name-ranking/	benesse
2019	F	100	心咲	みさき			350位	https://st.benesse.ne.jp/ninshin/name/2019/girl/name-ranking/	benesse
2020	M	1	蓮	れん			1位	https://st.benesse.ne.jp/ninshin/name/2020/boy/name-ranking/	benesse
2020	M	2	陽翔	はると			6位	https://st.benesse.ne.jp/ninshin/name/2020/boy/name-ranking/	benesse
2020	M	3	蒼	あおい			5位	https://st.benesse.ne.jp/ninshin/name/2020/boy/name-ranking/	benesse
2020	M	4	樹	いつき			4位	https://st.benesse.ne.jp/ninshin/name/2020/boy/name-ranking/	benesse
2020	M	5	湊	みなと			3位	https://st.benesse.ne.jp/ninshin/name/2020/boy/name-ranking/	benesse
2020	M	6	悠真	ゆうま			6位	https://st.benesse.ne.jp/ninshin/name/2020/boy/name-ranking/	benesse
2020	M	7	大翔	ひろと			8位	https://st.benesse.ne.jp/ninshin/name/2020/boy/name-ranking/	benesse
2020	M	8	律	りつ			2位	https://st.benesse.ne.jp/ninshin/name/2020/boy/name-ranking/	benesse
2020	M	9	朝陽	あさひ			12位	https://st.benesse.ne.jp/ninshin/name/2020/boy/name-ranking/	benesse
2020	M	10	結翔	ゆいと			13位	https://st.benesse.ne.jp/ninshin/name/2020/boy/name-ranking/	benesse
2020	M	11	湊斗	みなと			15位	https://st.benesse.ne.jp/ninshin/name/2020/boy/name-ranking/	benesse
2020	M	12	颯真	そうま			17位	https://st.benesse.ne.jp/ninshin/name/2020/boy/name-ranking/	benesse
2020	M	13	碧	あお			31位	https://st.benesse.ne.jp/ninshin/name/2020/boy/name-ranking/	benesse
2020	M	14	陽太	ひなた			11位	https://st.benesse.ne.jp/ninshin/name/2020/boy/name-ranking/	benesse
2020	M	15	大和	やまと			10位	https://st.benesse.ne.jp/ninshin/name/2020/boy/name-ranking/	benesse
2020	M	16	伊織	いおり			22位	https://st.benesse.ne.jp/ninshin/name/2020/boy/name-ranking/	benesse
2020	M	17	陽大	ひなた			27位	https://st.benesse.ne.jp/ninshin/name/2020/boy/name-ranking/	benesse
2020	M	17	暖	だん			25位	https://st.benesse.ne.jp/ninshin/name/2020/boy/name-ranking/	benesse
2020	M	19	颯	はやて			18位	https://st.benesse.ne.jp/ninshin/name/2020/boy/name-ranking/	benesse
2020	M	20	新	あらた			9位	https://st.benesse.ne.jp/ninshin/name/2020/boy/name-ranking/	benesse
2020	M	21	陽向	ひなた			15位	https://st.benesse.ne.jp/ninshin/name/2020/boy/name-ranking/	benesse
2020	M	22	悠人	ゆうと			14位	https://st.benesse.ne.jp/ninshin/name/2020/boy/name-ranking/	benesse
2020	M	22	蒼大	そうた			19位	https://st.benesse.ne.jp/ninshin/name/2020/boy/name-ranking/	benesse
2020	M	24	悠	はる			23位	https://st.benesse.ne.jp/ninshin/name/2020/boy/name-ranking/	benesse
2020	M	25	朔	さく			32位	https://st.benesse.ne.jp/ninshin/name/2020/boy/name-ranking/	benesse
2020	M	26	凪	なぎ			92位	https://st.benesse.ne.jp/ninshin/name/2020/boy/name-ranking/	benesse
2020	M	27	陽	はる			30位	https://st.benesse.ne.jp/ninshin/name/2020/boy/name-ranking/	benesse
2020	M	28	陸	りく			20位	https://st.benesse.ne.jp/ninshin/name/2020/boy/name-ranking/	benesse
2020	M	29	陽斗	はると			24位	https://st.benesse.ne.jp/ninshin/name/2020/boy/name-ranking/	benesse
2020	M	30	奏太	そうた			21位	https://st.benesse.ne.jp/ninshin/name/2020/boy/name-ranking/	benesse
2020	M	31	悠斗	ゆうと			29位	https://st.benesse.ne.jp/ninshin/name/2020/boy/name-ranking/	benesse
2020	M	32	旭	あさひ			42位	https://st.benesse.ne.jp/ninshin/name/2020/boy/name-ranking/	benesse
2020	M	32	奏汰	かなた			26位	https://st.benesse.ne.jp/ninshin/name/2020/boy/name-ranking/	benesse
2020	M	34	蒼真	そうま			39位	https://st.benesse.ne.jp/ninshin/name/2020/boy/name-ranking/	benesse
2020	M	35	颯太	そうた			28位	https://st.benesse.ne.jp/ninshin/name/2020/boy/name-ranking/	benesse
2020	M	36	岳	がく			36位	https://st.benesse.ne.jp/ninshin/name/2020/boy/name-ranking/	benesse
2020	M	36	晴	はる			37位	https://st.benesse.ne.jp/ninshin/name/2020/boy/name-ranking/	benesse
2020	M	38	葵	あおい			66位	https://st.benesse.ne.jp/ninshin/name/2020/boy/name-ranking/	benesse
2020	M	39	結斗	ゆいと			39位	https://st.benesse.ne.jp/ninshin/name/2020/boy/name-ranking/	benesse
2020	M	40	蒼空	そら			50位	https://st.benesse.ne.jp/ninshin/name/2020/boy/name-ranking/	benesse
2020	M	41	琉生	るい			68位	https://st.benesse.ne.jp/ninshin/name/2020/boy/name-ranking/	benesse
2020	M	42	陸斗	りくと			43位	https://st.benesse.ne.jp/ninshin/name/2020/boy/name-ranking/	benesse
2020	M	43	颯人	はやと			45位	https://st.benesse.ne.jp/ninshin/name/2020/boy/name-ranking/	benesse
2020	M	43	碧人	あおと			39位	https://st.benesse.ne.jp/ninshin/name/2020/boy/name-ranking/	benesse
2020	M	45	瑛太	えいた			33位	https://st.benesse.ne.jp/ninshin/name/2020/boy/name-ranking/	benesse
2020	M	46	海翔	かいと			54位	https://st.benesse.ne.jp/ninshin/name/2020/boy/name-ranking/	benesse
2020	M	47	怜	れい			62位	https://st.benesse.ne.jp/ninshin/name/2020/boy/name-ranking/	benesse
2020	M	48	絢斗	あやと			48位	https://st.benesse.ne.jp/ninshin/name/2020/boy/name-ranking/	benesse
2020	M	48	大智	だいち			35位	https://st.benesse.ne.jp/ninshin/name/2020/boy/name-ranking/	benesse
2020	M	50	瑛斗	えいと			37位	https://st.benesse.ne.jp/ninshin/name/2020/boy/name-ranking/	benesse
2020	M	51	律希	りつき			56位	https://st.benesse.ne.jp/ninshin/name/2020/boy/name-ranking/	benesse
2020	M	52	櫂	かい			52位	https://st.benesse.ne.jp/ninshin/name/2020/boy/name-ranking/	benesse
2020	M	53	悠翔	はると			44位	https://st.benesse.ne.jp/ninshin/name/2020/boy/name-ranking/	benesse
2020	M	54	大晴	たいせい			57位	https://st.benesse.ne.jp/ninshin/name/2020/boy/name-ranking/	benesse
2020	M	55	悠生	ゆうせい			46位	https://st.benesse.ne.jp/ninshin/name/2020/boy/name-ranking/	benesse
2020	M	56	仁	じん			57位	https://st.benesse.ne.jp/ninshin/name/2020/boy/name-ranking/	benesse
2020	M	57	翔	しょう			50位	https://st.benesse.ne.jp/ninshin/name/2020/boy/name-ranking/	benesse
2020	M	57	奏多	かなた			63位	https://st.benesse.ne.jp/ninshin/name/2020/boy/name-ranking/	benesse
2020	M	59	一颯	いぶき			33位	https://st.benesse.ne.jp/ninshin/name/2020/boy/name-ranking/	benesse
2020	M	59	蒼生	あおい			74位	https://st.benesse.ne.jp/ninshin/name/2020/boy/name-ranking/	benesse
2020	M	61	晴翔	はると			53位	https://st.benesse.ne.jp/ninshin/name/2020/boy/name-ranking/	benesse
2020	M	62	遥斗	はると			63位	https://st.benesse.ne.jp/ninshin/name/2020/boy/name-ranking/	benesse
2020	M	63	海斗	かいと			46位	https://st.benesse.ne.jp/ninshin/name/2020/boy/name-ranking/	benesse
2020	M	64	楓	かえで			68位	https://st.benesse.ne.jp/ninshin/name/2020/boy/name-ranking/	benesse
2020	M	65	蒼太	そうた			67位	https://st.benesse.ne.jp/ninshin/name/2020/boy/name-ranking/	benesse
2020	M	66	碧斗	あおと			59位	https://st.benesse.ne.jp/ninshin/name/2020/boy/name-ranking/	benesse
2020	M	67	慧	けい			75位	https://st.benesse.ne.jp/ninshin/name/2020/boy/name-ranking/	benesse
2020	M	68	壮真	そうま			68位	https://st.benesse.ne.jp/ninshin/name/2020/boy/name-ranking/	benesse
2020	M	69	大雅	たいが			71位	https://st.benesse.ne.jp/ninshin/name/2020/boy/name-ranking/	benesse
2020	M	70	颯斗	はやと			60位	https://st.benesse.ne.jp/ninshin/name/2020/boy/name-ranking/	benesse
2020	M	71	健人	けんと			55位	https://st.benesse.ne.jp/ninshin/name/2020/boy/name-ranking/	benesse
2020	M	72	颯汰	そうた			75位	https://st.benesse.ne.jp/ninshin/name/2020/boy/name-ranking/	benesse
2020	M	72	蒼士	そうし			87位	https://st.benesse.ne.jp/ninshin/name/2020/boy/name-ranking/	benesse
2020	M	74	理人	りひと			154位	https://st.benesse.ne.jp/ninshin/name/2020/boy/name-ranking/	benesse
2020	M	74	煌	こう			125位	https://st.benesse.ne.jp/ninshin/name/2020/boy/name-ranking/	benesse
2020	M	76	湊翔	みなと			77位	https://st.benesse.ne.jp/ninshin/name/2020/boy/name-ranking/	benesse
2020	M	77	涼真	りょうま			84位	https://st.benesse.ne.jp/ninshin/name/2020/boy/name-ranking/	benesse
2020	M	78	結人	ゆいと			96位	https://st.benesse.ne.jp/ninshin/name/2020/boy/name-ranking/	benesse
2020	M	79	悠希	はるき			79位	https://st.benesse.ne.jp/ninshin/name/2020/boy/name-ranking/	benesse
2020	M	79	湊太	そうた			49位	https://st.benesse.ne.jp/ninshin/name/2020/boy/name-ranking/	benesse
2020	M	79	歩	あゆむ			60位	https://st.benesse.ne.jp/ninshin/name/2020/boy/name-ranking/	benesse
2020	M	82	健	たける			87位	https://st.benesse.ne.jp/ninshin/name/2020/boy/name-ranking/	benesse
2020	M	83	凌久	りく			141位	https://st.benesse.ne.jp/ninshin/name/2020/boy/name-ranking/	benesse
2020	M	83	湊大	そうた			90位	https://st.benesse.ne.jp/ninshin/name/2020/boy/name-ranking/	benesse
2020	M	83	慶	けい			96位	https://st.benesse.ne.jp/ninshin/name/2020/boy/name-ranking/	benesse
2020	M	86	蒼人	あおと			129位	https://st.benesse.ne.jp/ninshin/name/2020/boy/name-ranking/	benesse
2020	M	87	光	ひかる			81位	https://st.benesse.ne.jp/ninshin/name/2020/boy/name-ranking/	benesse
2020	M	87	奏翔	かなと			143位	https://st.benesse.ne.jp/ninshin/name/2020/boy/name-ranking/	benesse
2020	M	89	翼	つばさ			63位	https://st.benesse.ne.jp/ninshin/name/2020/boy/name-ranking/	benesse
2020	M	90	善	ぜん			166位	https://st.benesse.ne.jp/ninshin/name/2020/boy/name-ranking/	benesse
2020	M	90	太陽	たいよう			89位	https://st.benesse.ne.jp/ninshin/name/2020/boy/name-ranking/	benesse
2020	M	90	奏	かなで			92位	https://st.benesse.ne.jp/ninshin/name/2020/boy/name-ranking/	benesse
2020	M	93	優	ゆう			114位	https://st.benesse.ne.jp/ninshin/name/2020/boy/name-ranking/	benesse
2020	M	93	奏斗	かなと			78位	https://st.benesse.ne.jp/ninshin/name/2020/boy/name-ranking/	benesse
2020	M	95	柊	しゅう			175位	https://st.benesse.ne.jp/ninshin/name/2020/boy/name-ranking/	benesse
2020	M	96	遼	りょう			108位	https://st.benesse.ne.jp/ninshin/name/2020/boy/name-ranking/	benesse
2020	M	96	空	そら			106位	https://st.benesse.ne.jp/ninshin/name/2020/boy/name-ranking/	benesse
2020	M	96	迅	じん			135位	https://st.benesse.ne.jp/ninshin/name/2020/boy/name-ranking/	benesse
2020	M	99	陸人	りくと			114位	https://st.benesse.ne.jp/ninshin/name/2020/boy/name-ranking/	benesse
2020	M	100	光希	こうき			125位	https://st.benesse.ne.jp/ninshin/name/2020/boy/name-ranking/	benesse
2020	M	100	瑛大	えいた			101位	https://st.benesse.ne.jp/ninshin/name/2020/boy/name-ranking/	benesse
2020	F	1	陽葵	ひまり			1位	https://st.benesse.ne.jp/ninshin/name/2020/girl/name-ranking/	benesse
2020	F	2	結菜	ゆいな			4位	https://st.benesse.ne.jp/ninshin/name/2020/girl/name-ranking/	benesse
2020	F	3	莉子	りこ			7位	https://st.benesse.ne.jp/ninshin/name/2020/girl/name-ranking/	benesse
2020	F	4	芽依	めい			3位	https://st.benesse.ne.jp/ninshin/name/2020/girl/name-ranking/	benesse
2020	F	5	紬	つむぎ			5位	https://st.benesse.ne.jp/ninshin/name/2020/girl/name-ranking/	benesse
2020	F	6	葵	あおい			8位	https://st.benesse.ne.jp/ninshin/name/2020/girl/name-ranking/	benesse
2020	F	7	陽菜	ひな			11位	https://st.benesse.ne.jp/ninshin/name/2020/girl/name-ranking/	benesse
2020	F	8	凛	りん			2位	https://st.benesse.ne.jp/ninshin/name/2020/girl/name-ranking/	benesse
2020	F	9	結月	ゆづき			10位	https://st.benesse.ne.jp/ninshin/name/2020/girl/name-ranking/	benesse
2020	F	10	澪	みお			9位	https://st.benesse.ne.jp/ninshin/name/2020/girl/name-ranking/	benesse
2020	F	11	咲良	さくら			6位	https://st.benesse.ne.jp/ninshin/name/2020/girl/name-ranking/	benesse
2020	F	12	結衣	ゆい			17位	https://st.benesse.ne.jp/ninshin/name/2020/girl/name-ranking/	benesse
2020	F	13	結愛	ゆあ			15位	https://st.benesse.ne.jp/ninshin/name/2020/girl/name-ranking/	benesse
2020	F	14	美月	みつき			13位	https://st.benesse.ne.jp/ninshin/name/2020/girl/name-ranking/	benesse
2020	F	15	杏	あん			12位	https://st.benesse.ne.jp/ninshin/name/2020/girl/name-ranking/	benesse
2020	F	16	美桜	みお			26位	https://st.benesse.ne.jp/ninshin/name/2020/girl/name-ranking/	benesse
2020	F	17	詩	うた			28位	https://st.benesse.ne.jp/ninshin/name/2020/girl/name-ranking/	benesse
2020	F	18	朱莉	あかり			18位	https://st.benesse.ne.jp/ninshin/name/2020/girl/name-ranking/	benesse
2020	F	19	彩葉	いろは			19位	https://st.benesse.ne.jp/ninshin/name/2020/girl/name-ranking/	benesse
2020	F	20	琴葉	ことは			23位	https://st.benesse.ne.jp/ninshin/name/2020/girl/name-ranking/	benesse
2020	F	20	凪	なぎ			60位	https://st.benesse.ne.jp/ninshin/name/2020/girl/name-ranking/	benesse
2020	F	22	凜	りん			16位	https://st.benesse.ne.jp/ninshin/name/2020/girl/name-ranking/	benesse
2020	F	23	芽生	めい			35位	https://st.benesse.ne.jp/ninshin/name/2020/girl/name-ranking/	benesse
2020	F	24	杏奈	あんな			20位	https://st.benesse.ne.jp/ninshin/name/2020/girl/name-ranking/	benesse
2020	F	25	花	はな			21位	https://st.benesse.ne.jp/ninshin/name/2020/girl/name-ranking/	benesse
2020	F	26	心春	こはる			22位	https://st.benesse.ne.jp/ninshin/name/2020/girl/name-ranking/	benesse
2020	F	27	さくら	さくら			14位	https://st.benesse.ne.jp/ninshin/name/2020/girl/name-ranking/	benesse
2020	F	28	心陽	こはる			36位	https://st.benesse.ne.jp/ninshin/name/2020/girl/name-ranking/	benesse
2020	F	29	楓	かえで			27位	https://st.benesse.ne.jp/ninshin/name/2020/girl/name-ranking/	benesse
2020	F	30	咲茉	えま			62位	https://st.benesse.ne.jp/ninshin/name/2020/girl/name-ranking/	benesse
2020	F	31	心結	みゆ			41位	https://st.benesse.ne.jp/ninshin/name/2020/girl/name-ranking/	benesse
2020	F	32	柚葉	ゆずは			71位	https://st.benesse.ne.jp/ninshin/name/2020/girl/name-ranking/	benesse
2020	F	33	一花	いちか			30位	https://st.benesse.ne.jp/ninshin/name/2020/girl/name-ranking/	benesse
2020	F	34	花音	かのん			40位	https://st.benesse.ne.jp/ninshin/name/2020/girl/name-ranking/	benesse
2020	F	35	琴音	ことね			24位	https://st.benesse.ne.jp/ninshin/name/2020/girl/name-ranking/	benesse
2020	F	36	紬希	つむぎ			64位	https://st.benesse.ne.jp/ninshin/name/2020/girl/name-ranking/	benesse
2020	F	37	陽菜乃	ひなの			39位	https://st.benesse.ne.jp/ninshin/name/2020/girl/name-ranking/	benesse
2020	F	38	莉緒	りお			31位	https://st.benesse.ne.jp/ninshin/name/2020/girl/name-ranking/	benesse
2020	F	39	一華	いちか			43位	https://st.benesse.ne.jp/ninshin/name/2020/girl/name-ranking/	benesse
2020	F	40	鈴	すず			56位	https://st.benesse.ne.jp/ninshin/name/2020/girl/name-ranking/	benesse
2020	F	41	ひかり	ひかり			38位	https://st.benesse.ne.jp/ninshin/name/2020/girl/name-ranking/	benesse
2020	F	42	柚希	ゆずき			47位	https://st.benesse.ne.jp/ninshin/name/2020/girl/name-ranking/	benesse
2020	F	43	愛菜	まな			59位	https://st.benesse.ne.jp/ninshin/name/2020/girl/name-ranking/	benesse
2020	F	44	あかり	あかり			29位	https://st.benesse.ne.jp/ninshin/name/2020/girl/name-ranking/	benesse
2020	F	45	莉央	りお			24位	https://st.benesse.ne.jp/ninshin/name/2020/girl/name-ranking/	benesse
2020	F	45	紗菜	さな			47位	https://st.benesse.ne.jp/ninshin/name/2020/girl/name-ranking/	benesse
2020	F	47	和花	わか			54位	https://st.benesse.ne.jp/ninshin/name/2020/girl/name-ranking/	benesse
2020	F	48	菫	すみれ			46位	https://st.benesse.ne.jp/ninshin/name/2020/girl/name-ranking/	benesse
2020	F	48	美結	みゆ			33位	https://st.benesse.ne.jp/ninshin/name/2020/girl/name-ranking/	benesse
2020	F	50	菜月	なつき			64位	https://st.benesse.ne.jp/ninshin/name/2020/girl/name-ranking/	benesse
2020	F	51	ひなた	ひなた			45位	https://st.benesse.ne.jp/ninshin/name/2020/girl/name-ranking/	benesse
2020	F	52	結	ゆい			43位	https://st.benesse.ne.jp/ninshin/name/2020/girl/name-ranking/	benesse
2020	F	53	愛莉	あいり			33位	https://st.benesse.ne.jp/ninshin/name/2020/girl/name-ranking/	benesse
2020	F	54	陽咲	ひなた			113位	https://st.benesse.ne.jp/ninshin/name/2020/girl/name-ranking/	benesse
2020	F	55	蘭	らん			42位	https://st.benesse.ne.jp/ninshin/name/2020/girl/name-ranking/	benesse
2020	F	55	紗良	さら			77位	https://st.benesse.ne.jp/ninshin/name/2020/girl/name-ranking/	benesse
2020	F	57	咲希	さき			31位	https://st.benesse.ne.jp/ninshin/name/2020/girl/name-ranking/	benesse
2020	F	57	ひまり	ひまり			37位	https://st.benesse.ne.jp/ninshin/name/2020/girl/name-ranking/	benesse
2020	F	59	桜	さくら			51位	https://st.benesse.ne.jp/ninshin/name/2020/girl/name-ranking/	benesse
2020	F	59	依茉	えま			106位	https://st.benesse.ne.jp/ninshin/name/2020/girl/name-ranking/	benesse
2020	F	61	七海	ななみ			53位	https://st.benesse.ne.jp/ninshin/name/2020/girl/name-ranking/	benesse
2020	F	62	百花	ももか			84位	https://st.benesse.ne.jp/ninshin/name/2020/girl/name-ranking/	benesse
2020	F	63	玲奈	れな			54位	https://st.benesse.ne.jp/ninshin/name/2020/girl/name-ranking/	benesse
2020	F	64	紗奈	さな			60位	https://st.benesse.ne.jp/ninshin/name/2020/girl/name-ranking/	benesse
2020	F	65	詩乃	しの			69位	https://st.benesse.ne.jp/ninshin/name/2020/girl/name-ranking/	benesse
2020	F	66	美琴	みこと			49位	https://st.benesse.ne.jp/ninshin/name/2020/girl/name-ranking/	benesse
2020	F	67	柚月	ゆづき			94位	https://st.benesse.ne.jp/ninshin/name/2020/girl/name-ranking/	benesse
2020	F	68	光莉	ひかり			58位	https://st.benesse.ne.jp/ninshin/name/2020/girl/name-ranking/	benesse
2020	F	69	雫	しずく			74位	https://st.benesse.ne.jp/ninshin/name/2020/girl/name-ranking/	benesse
2020	F	70	華	はな			67位	https://st.benesse.ne.jp/ninshin/name/2020/girl/name-ranking/	benesse
2020	F	70	明莉	あかり			67位	https://st.benesse.ne.jp/ninshin/name/2020/girl/name-ranking/	benesse
2020	F	70	心晴	こはる			52位	https://st.benesse.ne.jp/ninshin/name/2020/girl/name-ranking/	benesse
2020	F	73	碧	あおい			113位	https://st.benesse.ne.jp/ninshin/name/2020/girl/name-ranking/	benesse
2020	F	74	莉愛	りあ			76位	https://st.benesse.ne.jp/ninshin/name/2020/girl/name-ranking/	benesse
2020	F	74	美羽	みう			81位	https://st.benesse.ne.jp/ninshin/name/2020/girl/name-ranking/	benesse
2020	F	76	葉月	はづき			69位	https://st.benesse.ne.jp/ninshin/name/2020/girl/name-ranking/	benesse
2020	F	77	すず	すず			101位	https://st.benesse.ne.jp/ninshin/name/2020/girl/name-ranking/	benesse
2020	F	78	怜奈	れいな			83位	https://st.benesse.ne.jp/ninshin/name/2020/girl/name-ranking/	benesse
2020	F	79	栞奈	かんな			71位	https://st.benesse.ne.jp/ninshin/name/2020/girl/name-ranking/	benesse
2020	F	80	結心	ゆい			79位	https://st.benesse.ne.jp/ninshin/name/2020/girl/name-ranking/	benesse
2020	F	80	彩羽	いろは			90位	https://st.benesse.ne.jp/ninshin/name/2020/girl/name-ranking/	benesse
2020	F	82	柚花	ゆずか			106位	https://st.benesse.ne.jp/ninshin/name/2020/girl/name-ranking/	benesse
2020	F	82	日葵	ひまり			106位	https://st.benesse.ne.jp/ninshin/name/2020/girl/name-ranking/	benesse
2020	F	84	いろは	いろは			93位	https://st.benesse.ne.jp/ninshin/name/2020/girl/name-ranking/	benesse
2020	F	85	葵衣	あおい			110位	https://st.benesse.ne.jp/ninshin/name/2020/girl/name-ranking/	benesse
2020	F	86	莉帆	りほ			110位	https://st.benesse.ne.jp/ninshin/name/2020/girl/name-ranking/	benesse
2020	F	86	音羽	おとは			118位	https://st.benesse.ne.jp/ninshin/name/2020/girl/name-ranking/	benesse
2020	F	86	咲花	えみか			50位	https://st.benesse.ne.jp/ninshin/name/2020/girl/name-ranking/	benesse
2020	F	86	乃愛	のあ			86位	https://st.benesse.ne.jp/ninshin/name/2020/girl/name-ranking/	benesse
2020	F	90	夏帆	かほ			86位	https://st.benesse.ne.jp/ninshin/name/2020/girl/name-ranking/	benesse
2020	F	90	咲那	さな			126位	https://st.benesse.ne.jp/ninshin/name/2020/girl/name-ranking/	benesse
2020	F	90	美咲	みさき			74位	https://st.benesse.ne.jp/ninshin/name/2020/girl/name-ranking/	benesse
2020	F	93	和奏	わかな			77位	https://st.benesse.ne.jp/ninshin/name/2020/girl/name-ranking/	benesse
2020	F	93	すみれ	すみれ			57位	https://st.benesse.ne.jp/ninshin/name/2020/girl/name-ranking/	benesse
2020	F	95	翠	すい			145位	https://st.benesse.ne.jp/ninshin/name/2020/girl/name-ranking/	benesse
2020	F	96	凪紗	なぎさ			276位	https://st.benesse.ne.jp/ninshin/name/2020/girl/name-ranking/	benesse
2020	F	97	心遥	こはる			205位	https://st.benesse.ne.jp/ninshin/name/2020/girl/name-ranking/	benesse
2020	F	97	唯愛	ゆあ			113位	https://st.benesse.ne.jp/ninshin/name/2020/girl/name-ranking/	benesse
2020	F	97	優月	ゆづき			92位	https://st.benesse.ne.jp/ninshin/name/2020/girl/name-ranking/	benesse
2020	F	100	柚羽	ゆずは			147位	https://st.benesse.ne.jp/ninshin/name/2020/girl/name-ranking/	benesse
2020	F	100	心音	ここね			116位	https://st.benesse.ne.jp/ninshin/name/2020/girl/name-ranking/	benesse
2020	F	100	心咲	みさき			100位	https://st.benesse.ne.jp/ninshin/name/2020/girl/name-ranking/	benesse
2020	F	100	穂香	ほのか			106位	https://st.benesse.ne.jp/ninshin/name/2020/girl/name-ranking/	benesse
2020	F	100	千晴	ちはる			131位	https://st.benesse.ne.jp/ninshin/name/2020/girl/name-ranking/	benesse
2021	M	1	蓮	れん			1位	https://st.benesse.ne.jp/ninshin/name/2021/boy/name-ranking/	benesse
2021	M	2	陽翔	はると			2位	https://st.benesse.ne.jp/ninshin/name/2021/boy/name-ranking/	benesse
2021	M	3	蒼	あおい			3位	https://st.benesse.ne.jp/ninshin/name/2021/boy/name-ranking/	benesse
2021	M	4	樹	いつき			4位	https://st.benesse.ne.jp/ninshin/name/2021/boy/name-ranking/	benesse
2021	M	5	湊	みなと			5位	https://st.benesse.ne.jp/ninshin/name/2021/boy/name-ranking/	benesse
2021	M	5	朝陽	あさひ			9位	https://st.benesse.ne.jp/ninshin/name/2021/boy/name-ranking/	benesse
2021	M	7	碧	あお			13位	https://st.benesse.ne.jp/ninshin/name/2021/boy/name-ranking/	benesse
2021	M	8	大翔	ひろと			7位	https://st.benesse.ne.jp/ninshin/name/2021/boy/name-ranking/	benesse
2021	M	9	律	りつ			8位	https://st.benesse.ne.jp/ninshin/name/2021/boy/name-ranking/	benesse
2021	M	10	暖	だん			17位	https://st.benesse.ne.jp/ninshin/name/2021/boy/name-ranking/	benesse
2021	M	11	伊織	いおり			16位	https://st.benesse.ne.jp/ninshin/name/2021/boy/name-ranking/	benesse
2021	M	12	陽向	ひなた			21位	https://st.benesse.ne.jp/ninshin/name/2021/boy/name-ranking/	benesse
2021	M	13	颯真	そうま			12位	https://st.benesse.ne.jp/ninshin/name/2021/boy/name-ranking/	benesse
2021	M	14	湊斗	みなと			11位	https://st.benesse.ne.jp/ninshin/name/2021/boy/name-ranking/	benesse
2021	M	15	悠真	ゆうま			6位	https://st.benesse.ne.jp/ninshin/name/2021/boy/name-ranking/	benesse
2021	M	16	蒼空	そら			40位	https://st.benesse.ne.jp/ninshin/name/2021/boy/name-ranking/	benesse
2021	M	17	大和	やまと			15位	https://st.benesse.ne.jp/ninshin/name/2021/boy/name-ranking/	benesse
2021	M	18	結翔	ゆいと			10位	https://st.benesse.ne.jp/ninshin/name/2021/boy/name-ranking/	benesse
2021	M	19	陽太	ひなた			14位	https://st.benesse.ne.jp/ninshin/name/2021/boy/name-ranking/	benesse
2021	M	20	颯	はやて			19位	https://st.benesse.ne.jp/ninshin/name/2021/boy/name-ranking/	benesse
2021	M	21	陽	はる			27位	https://st.benesse.ne.jp/ninshin/name/2021/boy/name-ranking/	benesse
2021	M	22	陸	りく			28位	https://st.benesse.ne.jp/ninshin/name/2021/boy/name-ranking/	benesse
2021	M	23	凪	なぎ			26位	https://st.benesse.ne.jp/ninshin/name/2021/boy/name-ranking/	benesse
2021	M	24	陽大	ひなた			17位	https://st.benesse.ne.jp/ninshin/name/2021/boy/name-ranking/	benesse
2021	M	25	蒼大	そうた			22位	https://st.benesse.ne.jp/ninshin/name/2021/boy/name-ranking/	benesse
2021	M	26	朔	さく			25位	https://st.benesse.ne.jp/ninshin/name/2021/boy/name-ranking/	benesse
2021	M	27	琉生	るい			41位	https://st.benesse.ne.jp/ninshin/name/2021/boy/name-ranking/	benesse
2021	M	28	新	あらた			20位	https://st.benesse.ne.jp/ninshin/name/2021/boy/name-ranking/	benesse
2021	M	29	悠人	ゆうと			22位	https://st.benesse.ne.jp/ninshin/name/2021/boy/name-ranking/	benesse
2021	M	30	一颯	いぶき			59位	https://st.benesse.ne.jp/ninshin/name/2021/boy/name-ranking/	benesse
2021	M	31	悠	ゆう			24位	https://st.benesse.ne.jp/ninshin/name/2021/boy/name-ranking/	benesse
2021	M	32	陽斗	はると			29位	https://st.benesse.ne.jp/ninshin/name/2021/boy/name-ranking/	benesse
2021	M	33	碧人	あおと			43位	https://st.benesse.ne.jp/ninshin/name/2021/boy/name-ranking/	benesse
2021	M	33	蒼真	そうま			34位	https://st.benesse.ne.jp/ninshin/name/2021/boy/name-ranking/	benesse
2021	M	35	悠斗	ゆうと			31位	https://st.benesse.ne.jp/ninshin/name/2021/boy/name-ranking/	benesse
2021	M	36	晴	はる			36位	https://st.benesse.ne.jp/ninshin/name/2021/boy/name-ranking/	benesse
2021	M	37	旭	あさひ			32位	https://st.benesse.ne.jp/ninshin/name/2021/boy/name-ranking/	benesse
2021	M	38	結斗	ゆいと			39位	https://st.benesse.ne.jp/ninshin/name/2021/boy/name-ranking/	benesse
2021	M	39	颯太	そうた			35位	https://st.benesse.ne.jp/ninshin/name/2021/boy/name-ranking/	benesse
2021	M	39	奏汰	かなた			32位	https://st.benesse.ne.jp/ninshin/name/2021/boy/name-ranking/	benesse
2021	M	41	怜	れい			47位	https://st.benesse.ne.jp/ninshin/name/2021/boy/name-ranking/	benesse
2021	M	41	碧斗	あおと			66位	https://st.benesse.ne.jp/ninshin/name/2021/boy/name-ranking/	benesse
2021	M	43	奏太	そうた			30位	https://st.benesse.ne.jp/ninshin/name/2021/boy/name-ranking/	benesse
2021	M	44	岳	がく			36位	https://st.benesse.ne.jp/ninshin/name/2021/boy/name-ranking/	benesse
2021	M	45	律希	りつき			51位	https://st.benesse.ne.jp/ninshin/name/2021/boy/name-ranking/	benesse
2021	M	46	海翔	かいと			46位	https://st.benesse.ne.jp/ninshin/name/2021/boy/name-ranking/	benesse
2021	M	46	大晴	たいせい			54位	https://st.benesse.ne.jp/ninshin/name/2021/boy/name-ranking/	benesse
2021	M	48	颯人	はやと			43位	https://st.benesse.ne.jp/ninshin/name/2021/boy/name-ranking/	benesse
2021	M	48	晴翔	はると			61位	https://st.benesse.ne.jp/ninshin/name/2021/boy/name-ranking/	benesse
2021	M	50	葵	あおい			38位	https://st.benesse.ne.jp/ninshin/name/2021/boy/name-ranking/	benesse
2021	M	51	陸斗	りくと			42位	https://st.benesse.ne.jp/ninshin/name/2021/boy/name-ranking/	benesse
2021	M	51	海斗	かいと			63位	https://st.benesse.ne.jp/ninshin/name/2021/boy/name-ranking/	benesse
2021	M	53	楓	かえで			64位	https://st.benesse.ne.jp/ninshin/name/2021/boy/name-ranking/	benesse
2021	M	54	悠翔	はると			53位	https://st.benesse.ne.jp/ninshin/name/2021/boy/name-ranking/	benesse
2021	M	55	櫂	かい			52位	https://st.benesse.ne.jp/ninshin/name/2021/boy/name-ranking/	benesse
2021	M	56	悠生	ゆうせい			55位	https://st.benesse.ne.jp/ninshin/name/2021/boy/name-ranking/	benesse
2021	M	57	絢斗	あやと			48位	https://st.benesse.ne.jp/ninshin/name/2021/boy/name-ranking/	benesse
2021	M	58	遥斗	はると			62位	https://st.benesse.ne.jp/ninshin/name/2021/boy/name-ranking/	benesse
2021	M	59	湊翔	みなと			76位	https://st.benesse.ne.jp/ninshin/name/2021/boy/name-ranking/	benesse
2021	M	59	仁	じん			56位	https://st.benesse.ne.jp/ninshin/name/2021/boy/name-ranking/	benesse
2021	M	59	蒼生	あおい			59位	https://st.benesse.ne.jp/ninshin/name/2021/boy/name-ranking/	benesse
2021	M	62	大智	だいち			48位	https://st.benesse.ne.jp/ninshin/name/2021/boy/name-ranking/	benesse
2021	M	63	颯汰	そうた			72位	https://st.benesse.ne.jp/ninshin/name/2021/boy/name-ranking/	benesse
2021	M	64	蒼太	そうた			65位	https://st.benesse.ne.jp/ninshin/name/2021/boy/name-ranking/	benesse
2021	M	65	伊吹	いぶき			140位	https://st.benesse.ne.jp/ninshin/name/2021/boy/name-ranking/	benesse
2021	M	66	翔	しょう			57位	https://st.benesse.ne.jp/ninshin/name/2021/boy/name-ranking/	benesse
2021	M	67	光	ひかる			87位	https://st.benesse.ne.jp/ninshin/name/2021/boy/name-ranking/	benesse
2021	M	68	慧	けい			67位	https://st.benesse.ne.jp/ninshin/name/2021/boy/name-ranking/	benesse
2021	M	69	壮真	そうま			68位	https://st.benesse.ne.jp/ninshin/name/2021/boy/name-ranking/	benesse
2021	M	70	慶	けい			83位	https://st.benesse.ne.jp/ninshin/name/2021/boy/name-ranking/	benesse
2021	M	70	奏多	かなた			57位	https://st.benesse.ne.jp/ninshin/name/2021/boy/name-ranking/	benesse
2021	M	72	颯斗	はやと			70位	https://st.benesse.ne.jp/ninshin/name/2021/boy/name-ranking/	benesse
2021	M	73	光希	こうき			100位	https://st.benesse.ne.jp/ninshin/name/2021/boy/name-ranking/	benesse
2021	M	74	凌久	りく			83位	https://st.benesse.ne.jp/ninshin/name/2021/boy/name-ranking/	benesse
2021	M	75	蒼翔	あおと			127位	https://st.benesse.ne.jp/ninshin/name/2021/boy/name-ranking/	benesse
2021	M	76	瑛太	えいた			45位	https://st.benesse.ne.jp/ninshin/name/2021/boy/name-ranking/	benesse
2021	M	77	悠希	はるき			79位	https://st.benesse.ne.jp/ninshin/name/2021/boy/name-ranking/	benesse
2021	M	77	楓真	ふうま			127位	https://st.benesse.ne.jp/ninshin/name/2021/boy/name-ranking/	benesse
2021	M	79	蒼人	あおと			86位	https://st.benesse.ne.jp/ninshin/name/2021/boy/name-ranking/	benesse
2021	M	80	歩	あゆむ			79位	https://st.benesse.ne.jp/ninshin/name/2021/boy/name-ranking/	benesse
2021	M	81	理人	りひと			74位	https://st.benesse.ne.jp/ninshin/name/2021/boy/name-ranking/	benesse
2021	M	81	空	そら			96位	https://st.benesse.ne.jp/ninshin/name/2021/boy/name-ranking/	benesse
2021	M	83	太陽	たいよう			90位	https://st.benesse.ne.jp/ninshin/name/2021/boy/name-ranking/	benesse
2021	M	84	迅	じん			96位	https://st.benesse.ne.jp/ninshin/name/2021/boy/name-ranking/	benesse
2021	M	85	結仁	ゆいと			140位	https://st.benesse.ne.jp/ninshin/name/2021/boy/name-ranking/	benesse
2021	M	86	湊人	みなと			119位	https://st.benesse.ne.jp/ninshin/name/2021/boy/name-ranking/	benesse
2021	M	86	煌	こう			74位	https://st.benesse.ne.jp/ninshin/name/2021/boy/name-ranking/	benesse
2021	M	86	大雅	たいが			69位	https://st.benesse.ne.jp/ninshin/name/2021/boy/name-ranking/	benesse
2021	M	89	陸人	りくと			99位	https://st.benesse.ne.jp/ninshin/name/2021/boy/name-ranking/	benesse
2021	M	90	奏翔	かなと			87位	https://st.benesse.ne.jp/ninshin/name/2021/boy/name-ranking/	benesse
2021	M	91	翼	つばさ			89位	https://st.benesse.ne.jp/ninshin/name/2021/boy/name-ranking/	benesse
2021	M	91	結人	ゆいと			78位	https://st.benesse.ne.jp/ninshin/name/2021/boy/name-ranking/	benesse
2021	M	91	蒼士	そうし			72位	https://st.benesse.ne.jp/ninshin/name/2021/boy/name-ranking/	benesse
2021	M	94	湊太	そうた			79位	https://st.benesse.ne.jp/ninshin/name/2021/boy/name-ranking/	benesse
2021	M	95	湊大	そうた			83位	https://st.benesse.ne.jp/ninshin/name/2021/boy/name-ranking/	benesse
2021	M	96	佑	たすく			114位	https://st.benesse.ne.jp/ninshin/name/2021/boy/name-ranking/	benesse
2021	M	96	理玖	りく			153位	https://st.benesse.ne.jp/ninshin/name/2021/boy/name-ranking/	benesse
2021	M	96	廉	れん			116位	https://st.benesse.ne.jp/ninshin/name/2021/boy/name-ranking/	benesse
2021	M	96	桔平	きっぺい			110位	https://st.benesse.ne.jp/ninshin/name/2021/boy/name-ranking/	benesse
2021	M	96	健人	けんと			71位	https://st.benesse.ne.jp/ninshin/name/2021/boy/name-ranking/	benesse
2021	M	96	善	ぜん			90位	https://st.benesse.ne.jp/ninshin/name/2021/boy/name-ranking/	benesse
2021	F	1	陽葵	ひまり			1位	https://st.benesse.ne.jp/ninshin/name/2021/girl/name-ranking/	benesse
2021	F	1	紬	つむぎ			5位	https://st.benesse.ne.jp/ninshin/name/2021/girl/name-ranking/	benesse
2021	F	3	凛	りん			8位	https://st.benesse.ne.jp/ninshin/name/2021/girl/name-ranking/	benesse
2021	F	4	芽依	めい			4位	https://st.benesse.ne.jp/ninshin/name/2021/girl/name-ranking/	benesse
2021	F	5	葵	あおい			6位	https://st.benesse.ne.jp/ninshin/name/2021/girl/name-ranking/	benesse
2021	F	6	陽菜	ひな			7位	https://st.benesse.ne.jp/ninshin/name/2021/girl/name-ranking/	benesse
2021	F	7	澪	みお			10位	https://st.benesse.ne.jp/ninshin/name/2021/girl/name-ranking/	benesse
2021	F	8	莉子	りこ			3位	https://st.benesse.ne.jp/ninshin/name/2021/girl/name-ranking/	benesse
2021	F	9	結菜	ゆいな			2位	https://st.benesse.ne.jp/ninshin/name/2021/girl/name-ranking/	benesse
2021	F	10	杏	あん			15位	https://st.benesse.ne.jp/ninshin/name/2021/girl/name-ranking/	benesse
2021	F	11	結月	ゆづき			9位	https://st.benesse.ne.jp/ninshin/name/2021/girl/name-ranking/	benesse
2021	F	12	咲良	さくら			11位	https://st.benesse.ne.jp/ninshin/name/2021/girl/name-ranking/	benesse
2021	F	13	琴葉	ことは			20位	https://st.benesse.ne.jp/ninshin/name/2021/girl/name-ranking/	benesse
2021	F	14	結衣	ゆい			12位	https://st.benesse.ne.jp/ninshin/name/2021/girl/name-ranking/	benesse
2021	F	15	彩葉	いろは			19位	https://st.benesse.ne.jp/ninshin/name/2021/girl/name-ranking/	benesse
2021	F	16	結愛	ゆあ			13位	https://st.benesse.ne.jp/ninshin/name/2021/girl/name-ranking/	benesse
2021	F	17	詩	うた			17位	https://st.benesse.ne.jp/ninshin/name/2021/girl/name-ranking/	benesse
2021	F	18	咲茉	えま			30位	https://st.benesse.ne.jp/ninshin/name/2021/girl/name-ranking/	benesse
2021	F	19	心春	こはる			26位	https://st.benesse.ne.jp/ninshin/name/2021/girl/name-ranking/	benesse
2021	F	20	凪	なぎ			20位	https://st.benesse.ne.jp/ninshin/name/2021/girl/name-ranking/	benesse
2021	F	21	美月	みつき			14位	https://st.benesse.ne.jp/ninshin/name/2021/girl/name-ranking/	benesse
2021	F	22	凜	りん			22位	https://st.benesse.ne.jp/ninshin/name/2021/girl/name-ranking/	benesse
2021	F	23	美桜	みお			16位	https://st.benesse.ne.jp/ninshin/name/2021/girl/name-ranking/	benesse
2021	F	24	紬希	つむぎ			36位	https://st.benesse.ne.jp/ninshin/name/2021/girl/name-ranking/	benesse
2021	F	25	楓	かえで			29位	https://st.benesse.ne.jp/ninshin/name/2021/girl/name-ranking/	benesse
2021	F	26	芽生	めい			23位	https://st.benesse.ne.jp/ninshin/name/2021/girl/name-ranking/	benesse
2021	F	27	さくら	さくら			27位	https://st.benesse.ne.jp/ninshin/name/2021/girl/name-ranking/	benesse
2021	F	28	莉緒	りお			38位	https://st.benesse.ne.jp/ninshin/name/2021/girl/name-ranking/	benesse
2021	F	28	花	はな			25位	https://st.benesse.ne.jp/ninshin/name/2021/girl/name-ranking/	benesse
2021	F	30	莉央	りお			45位	https://st.benesse.ne.jp/ninshin/name/2021/girl/name-ranking/	benesse
2021	F	30	陽菜乃	ひなの			37位	https://st.benesse.ne.jp/ninshin/name/2021/girl/name-ranking/	benesse
2021	F	32	柚葉	ゆずは			32位	https://st.benesse.ne.jp/ninshin/name/2021/girl/name-ranking/	benesse
2021	F	33	朱莉	あかり			18位	https://st.benesse.ne.jp/ninshin/name/2021/girl/name-ranking/	benesse
2021	F	34	心陽	こはる			28位	https://st.benesse.ne.jp/ninshin/name/2021/girl/name-ranking/	benesse
2021	F	35	心結	みゆ			31位	https://st.benesse.ne.jp/ninshin/name/2021/girl/name-ranking/	benesse
2021	F	36	一花	いちか			33位	https://st.benesse.ne.jp/ninshin/name/2021/girl/name-ranking/	benesse
2021	F	37	花音	かのん			34位	https://st.benesse.ne.jp/ninshin/name/2021/girl/name-ranking/	benesse
2021	F	38	杏奈	あんな			24位	https://st.benesse.ne.jp/ninshin/name/2021/girl/name-ranking/	benesse
2021	F	39	柚希	ゆずき			42位	https://st.benesse.ne.jp/ninshin/name/2021/girl/name-ranking/	benesse
2021	F	40	翠	すい			95位	https://st.benesse.ne.jp/ninshin/name/2021/girl/name-ranking/	benesse
2021	F	41	美結	みゆ			48位	https://st.benesse.ne.jp/ninshin/name/2021/girl/name-ranking/	benesse
2021	F	42	蘭	らん			55位	https://st.benesse.ne.jp/ninshin/name/2021/girl/name-ranking/	benesse
2021	F	43	依茉	えま			59位	https://st.benesse.ne.jp/ninshin/name/2021/girl/name-ranking/	benesse
2021	F	44	雫	しずく			69位	https://st.benesse.ne.jp/ninshin/name/2021/girl/name-ranking/	benesse
2021	F	45	光莉	ひかり			68位	https://st.benesse.ne.jp/ninshin/name/2021/girl/name-ranking/	benesse
2021	F	45	紗菜	さな			45位	https://st.benesse.ne.jp/ninshin/name/2021/girl/name-ranking/	benesse
2021	F	47	鈴	すず			40位	https://st.benesse.ne.jp/ninshin/name/2021/girl/name-ranking/	benesse
2021	F	47	ひなた	ひなた			51位	https://st.benesse.ne.jp/ninshin/name/2021/girl/name-ranking/	benesse
2021	F	47	紗奈	さな			64位	https://st.benesse.ne.jp/ninshin/name/2021/girl/name-ranking/	benesse
2021	F	50	一華	いちか			39位	https://st.benesse.ne.jp/ninshin/name/2021/girl/name-ranking/	benesse
2021	F	51	結	ゆい			52位	https://st.benesse.ne.jp/ninshin/name/2021/girl/name-ranking/	benesse
2021	F	52	凪咲	なぎさ			111位	https://st.benesse.ne.jp/ninshin/name/2021/girl/name-ranking/	benesse
2021	F	53	乃愛	のあ			86位	https://st.benesse.ne.jp/ninshin/name/2021/girl/name-ranking/	benesse
2021	F	54	ひかり	ひかり			41位	https://st.benesse.ne.jp/ninshin/name/2021/girl/name-ranking/	benesse
2021	F	55	琴音	ことね			35位	https://st.benesse.ne.jp/ninshin/name/2021/girl/name-ranking/	benesse
2021	F	56	詩乃	しの			65位	https://st.benesse.ne.jp/ninshin/name/2021/girl/name-ranking/	benesse
2021	F	57	碧	あおい			73位	https://st.benesse.ne.jp/ninshin/name/2021/girl/name-ranking/	benesse
2021	F	58	菫	すみれ			48位	https://st.benesse.ne.jp/ninshin/name/2021/girl/name-ranking/	benesse
2021	F	59	和花	わか			47位	https://st.benesse.ne.jp/ninshin/name/2021/girl/name-ranking/	benesse
2021	F	59	あかり	あかり			44位	https://st.benesse.ne.jp/ninshin/name/2021/girl/name-ranking/	benesse
2021	F	61	華	はな			70位	https://st.benesse.ne.jp/ninshin/name/2021/girl/name-ranking/	benesse
2021	F	61	百花	ももか			62位	https://st.benesse.ne.jp/ninshin/name/2021/girl/name-ranking/	benesse
2021	F	63	陽咲	ひなた			54位	https://st.benesse.ne.jp/ninshin/name/2021/girl/name-ranking/	benesse
2021	F	63	莉愛	りあ			74位	https://st.benesse.ne.jp/ninshin/name/2021/girl/name-ranking/	benesse
2021	F	65	菜月	なつき			50位	https://st.benesse.ne.jp/ninshin/name/2021/girl/name-ranking/	benesse
2021	F	66	咲希	さき			57位	https://st.benesse.ne.jp/ninshin/name/2021/girl/name-ranking/	benesse
2021	F	67	心晴	こはる			70位	https://st.benesse.ne.jp/ninshin/name/2021/girl/name-ranking/	benesse
2021	F	68	すず	すず			77位	https://st.benesse.ne.jp/ninshin/name/2021/girl/name-ranking/	benesse
2021	F	68	紗良	さら			55位	https://st.benesse.ne.jp/ninshin/name/2021/girl/name-ranking/	benesse
2021	F	70	桜	さくら			59位	https://st.benesse.ne.jp/ninshin/name/2021/girl/name-ranking/	benesse
2021	F	71	明莉	あかり			70位	https://st.benesse.ne.jp/ninshin/name/2021/girl/name-ranking/	benesse
2021	F	72	風花	ふうか			134位	https://st.benesse.ne.jp/ninshin/name/2021/girl/name-ranking/	benesse
2021	F	73	美羽	みう			74位	https://st.benesse.ne.jp/ninshin/name/2021/girl/name-ranking/	benesse
2021	F	74	葉月	はづき			76位	https://st.benesse.ne.jp/ninshin/name/2021/girl/name-ranking/	benesse
2021	F	74	愛莉	あいり			53位	https://st.benesse.ne.jp/ninshin/name/2021/girl/name-ranking/	benesse
2021	F	74	愛茉	えま			160位	https://st.benesse.ne.jp/ninshin/name/2021/girl/name-ranking/	benesse
2021	F	77	莉帆	りほ			86位	https://st.benesse.ne.jp/ninshin/name/2021/girl/name-ranking/	benesse
2021	F	77	ひまり	ひまり			57位	https://st.benesse.ne.jp/ninshin/name/2021/girl/name-ranking/	benesse
2021	F	77	愛菜	まな			43位	https://st.benesse.ne.jp/ninshin/name/2021/girl/name-ranking/	benesse
2021	F	80	柚月	ゆづき			67位	https://st.benesse.ne.jp/ninshin/name/2021/girl/name-ranking/	benesse
2021	F	81	玲奈	れな			63位	https://st.benesse.ne.jp/ninshin/name/2021/girl/name-ranking/	benesse
2021	F	82	希帆	きほ			154位	https://st.benesse.ne.jp/ninshin/name/2021/girl/name-ranking/	benesse
2021	F	82	凪紗	なぎさ			96位	https://st.benesse.ne.jp/ninshin/name/2021/girl/name-ranking/	benesse
2021	F	84	結葵	ゆあ			127位	https://st.benesse.ne.jp/ninshin/name/2021/girl/name-ranking/	benesse
2021	F	84	結心	ゆい			80位	https://st.benesse.ne.jp/ninshin/name/2021/girl/name-ranking/	benesse
2021	F	86	彩羽	いろは			80位	https://st.benesse.ne.jp/ninshin/name/2021/girl/name-ranking/	benesse
2021	F	86	日葵	ひまり			82位	https://st.benesse.ne.jp/ninshin/name/2021/girl/name-ranking/	benesse
2021	F	88	彩心	あこ			130位	https://st.benesse.ne.jp/ninshin/name/2021/girl/name-ranking/	benesse
2021	F	89	実桜	みお			134位	https://st.benesse.ne.jp/ninshin/name/2021/girl/name-ranking/	benesse
2021	F	89	美琴	みこと			66位	https://st.benesse.ne.jp/ninshin/name/2021/girl/name-ranking/	benesse
2021	F	91	すみれ	すみれ			93位	https://st.benesse.ne.jp/ninshin/name/2021/girl/name-ranking/	benesse
2021	F	91	七海	ななみ			61位	https://st.benesse.ne.jp/ninshin/name/2021/girl/name-ranking/	benesse
2021	F	93	柚花	ゆずか			82位	https://st.benesse.ne.jp/ninshin/name/2021/girl/name-ranking/	benesse
2021	F	94	咲	さき			106位	https://st.benesse.ne.jp/ninshin/name/2021/girl/name-ranking/	benesse
2021	F	94	千晴	ちはる			100位	https://st.benesse.ne.jp/ninshin/name/2021/girl/name-ranking/	benesse
2021	F	96	夏帆	かほ			90位	https://st.benesse.ne.jp/ninshin/name/2021/girl/name-ranking/	benesse
2021	F	97	陽	はる			124位	https://st.benesse.ne.jp/ninshin/name/2021/girl/name-ranking/	benesse
2021	F	97	乙葉	おとは			116位	https://st.benesse.ne.jp/ninshin/name/2021/girl/name-ranking/	benesse
2021	F	97	心音	ここね			100位	https://st.benesse.ne.jp/ninshin/name/2021/girl/name-ranking/	benesse
2021	F	100	咲花	えみか			86位	https://st.benesse.ne.jp/ninshin/name/2021/girl/name-ranking/	benesse
2021	F	100	つむぎ	つむぎ			114位	https://st.benesse.ne.jp/ninshin/name/2021/girl/name-ranking/	benesse
2021	F	100	日和	ひより			134位	https://st.benesse.ne.jp/ninshin/name/2021/girl/name-ranking/	benesse
2022	M	1	碧	あお			7位	https://st.benesse.ne.jp/ninshin/name/2022/boy/name-ranking/	benesse
2022	M	2	陽翔	はると			2位	https://st.benesse.ne.jp/ninshin/name/2022/boy/name-ranking/	benesse
2022	M	3	蒼	あおい			3位	https://st.benesse.ne.jp/ninshin/name/2022/boy/name-ranking/	benesse
2022	M	4	朝陽	あさひ			5位	https://st.benesse.ne.jp/ninshin/name/2022/boy/name-ranking/	benesse
2022	M	5	蓮	れん			1位	https://st.benesse.ne.jp/ninshin/name/2022/boy/name-ranking/	benesse
2022	M	6	湊	みなと			5位	https://st.benesse.ne.jp/ninshin/name/2022/boy/name-ranking/	benesse
2022	M	7	結翔	ゆいと			18位	https://st.benesse.ne.jp/ninshin/name/2022/boy/name-ranking/	benesse
2022	M	8	悠真	ゆうま			15位	https://st.benesse.ne.jp/ninshin/name/2022/boy/name-ranking/	benesse
2022	M	9	陽向	ひなた			12位	https://st.benesse.ne.jp/ninshin/name/2022/boy/name-ranking/	benesse
2022	M	9	樹	いつき			4位	https://st.benesse.ne.jp/ninshin/name/2022/boy/name-ranking/	benesse
2022	M	11	律	りつ			9位	https://st.benesse.ne.jp/ninshin/name/2022/boy/name-ranking/	benesse
2022	M	12	暖	だん			10位	https://st.benesse.ne.jp/ninshin/name/2022/boy/name-ranking/	benesse
2022	M	13	大翔	ひろと			8位	https://st.benesse.ne.jp/ninshin/name/2022/boy/name-ranking/	benesse
2022	M	14	颯真	そうま			13位	https://st.benesse.ne.jp/ninshin/name/2022/boy/name-ranking/	benesse
2022	M	15	大和	やまと			17位	https://st.benesse.ne.jp/ninshin/name/2022/boy/name-ranking/	benesse
2022	M	16	凪	なぎ			23位	https://st.benesse.ne.jp/ninshin/name/2022/boy/name-ranking/	benesse
2022	M	17	蒼空	そら			16位	https://st.benesse.ne.jp/ninshin/name/2022/boy/name-ranking/	benesse
2022	M	18	伊織	いおり			11位	https://st.benesse.ne.jp/ninshin/name/2022/boy/name-ranking/	benesse
2022	M	19	湊斗	みなと			14位	https://st.benesse.ne.jp/ninshin/name/2022/boy/name-ranking/	benesse
2022	M	20	陽	はる			21位	https://st.benesse.ne.jp/ninshin/name/2022/boy/name-ranking/	benesse
2022	M	21	琉生	るい			27位	https://st.benesse.ne.jp/ninshin/name/2022/boy/name-ranking/	benesse
2022	M	22	朔	さく			26位	https://st.benesse.ne.jp/ninshin/name/2022/boy/name-ranking/	benesse
2022	M	23	颯	はやて			20位	https://st.benesse.ne.jp/ninshin/name/2022/boy/name-ranking/	benesse
2022	M	24	晴	はる			36位	https://st.benesse.ne.jp/ninshin/name/2022/boy/name-ranking/	benesse
2022	M	25	陽大	ひなた			24位	https://st.benesse.ne.jp/ninshin/name/2022/boy/name-ranking/	benesse
2022	M	26	陽斗	はると			32位	https://st.benesse.ne.jp/ninshin/name/2022/boy/name-ranking/	benesse
2022	M	27	陽太	ひなた			19位	https://st.benesse.ne.jp/ninshin/name/2022/boy/name-ranking/	benesse
2022	M	27	新	あらた			28位	https://st.benesse.ne.jp/ninshin/name/2022/boy/name-ranking/	benesse
2022	M	29	碧人	あおと			33位	https://st.benesse.ne.jp/ninshin/name/2022/boy/name-ranking/	benesse
2022	M	30	蒼大	そうた			25位	https://st.benesse.ne.jp/ninshin/name/2022/boy/name-ranking/	benesse
2022	M	31	陸	りく			22位	https://st.benesse.ne.jp/ninshin/name/2022/boy/name-ranking/	benesse
2022	M	31	悠	ゆう			31位	https://st.benesse.ne.jp/ninshin/name/2022/boy/name-ranking/	benesse
2022	M	33	旭	あさひ			37位	https://st.benesse.ne.jp/ninshin/name/2022/boy/name-ranking/	benesse
2022	M	34	悠人	ゆうと			29位	https://st.benesse.ne.jp/ninshin/name/2022/boy/name-ranking/	benesse
2022	M	35	結斗	ゆいと			38位	https://st.benesse.ne.jp/ninshin/name/2022/boy/name-ranking/	benesse
2022	M	36	碧斗	あおと			41位	https://st.benesse.ne.jp/ninshin/name/2022/boy/name-ranking/	benesse
2022	M	37	蒼真	そうま			33位	https://st.benesse.ne.jp/ninshin/name/2022/boy/name-ranking/	benesse
2022	M	38	大雅	たいが			86位	https://st.benesse.ne.jp/ninshin/name/2022/boy/name-ranking/	benesse
2022	M	39	悠翔	はると			54位	https://st.benesse.ne.jp/ninshin/name/2022/boy/name-ranking/	benesse
2022	M	40	奏汰	かなた			39位	https://st.benesse.ne.jp/ninshin/name/2022/boy/name-ranking/	benesse
2022	M	41	岳	がく			44位	https://st.benesse.ne.jp/ninshin/name/2022/boy/name-ranking/	benesse
2022	M	42	颯太	そうた			39位	https://st.benesse.ne.jp/ninshin/name/2022/boy/name-ranking/	benesse
2022	M	43	湊翔	みなと			59位	https://st.benesse.ne.jp/ninshin/name/2022/boy/name-ranking/	benesse
2022	M	44	悠斗	ゆうと			35位	https://st.benesse.ne.jp/ninshin/name/2022/boy/name-ranking/	benesse
2022	M	45	大晴	たいせい			46位	https://st.benesse.ne.jp/ninshin/name/2022/boy/name-ranking/	benesse
2022	M	46	晴翔	はると			48位	https://st.benesse.ne.jp/ninshin/name/2022/boy/name-ranking/	benesse
2022	M	47	葵	あおい			50位	https://st.benesse.ne.jp/ninshin/name/2022/boy/name-ranking/	benesse
2022	M	48	律希	りつき			45位	https://st.benesse.ne.jp/ninshin/name/2022/boy/name-ranking/	benesse
2022	M	49	悠生	ゆうせい			56位	https://st.benesse.ne.jp/ninshin/name/2022/boy/name-ranking/	benesse
2022	M	49	一颯	いぶき			30位	https://st.benesse.ne.jp/ninshin/name/2022/boy/name-ranking/	benesse
2022	M	51	怜	れい			41位	https://st.benesse.ne.jp/ninshin/name/2022/boy/name-ranking/	benesse
2022	M	52	奏翔	かなと			90位	https://st.benesse.ne.jp/ninshin/name/2022/boy/name-ranking/	benesse
2022	M	53	琥太郎	こたろう			186位	https://st.benesse.ne.jp/ninshin/name/2022/boy/name-ranking/	benesse
2022	M	53	颯人	はやと			48位	https://st.benesse.ne.jp/ninshin/name/2022/boy/name-ranking/	benesse
2022	M	55	海翔	かいと			46位	https://st.benesse.ne.jp/ninshin/name/2022/boy/name-ranking/	benesse
2022	M	56	絢斗	あやと			57位	https://st.benesse.ne.jp/ninshin/name/2022/boy/name-ranking/	benesse
2022	M	57	楓	かえで			53位	https://st.benesse.ne.jp/ninshin/name/2022/boy/name-ranking/	benesse
2022	M	57	櫂	かい			55位	https://st.benesse.ne.jp/ninshin/name/2022/boy/name-ranking/	benesse
2022	M	59	蒼生	あおい			59位	https://st.benesse.ne.jp/ninshin/name/2022/boy/name-ranking/	benesse
2022	M	60	楓真	ふうま			77位	https://st.benesse.ne.jp/ninshin/name/2022/boy/name-ranking/	benesse
2022	M	60	海斗	かいと			51位	https://st.benesse.ne.jp/ninshin/name/2022/boy/name-ranking/	benesse
2022	M	62	陸斗	りくと			51位	https://st.benesse.ne.jp/ninshin/name/2022/boy/name-ranking/	benesse
2022	M	63	奏太	かなた			43位	https://st.benesse.ne.jp/ninshin/name/2022/boy/name-ranking/	benesse
2022	M	64	仁	じん			59位	https://st.benesse.ne.jp/ninshin/name/2022/boy/name-ranking/	benesse
2022	M	65	大河	たいが			121位	https://st.benesse.ne.jp/ninshin/name/2022/boy/name-ranking/	benesse
2022	M	66	湊大	そうた			95位	https://st.benesse.ne.jp/ninshin/name/2022/boy/name-ranking/	benesse
2022	M	66	蒼翔	あおと			75位	https://st.benesse.ne.jp/ninshin/name/2022/boy/name-ranking/	benesse
2022	M	68	柊	しゅう			114位	https://st.benesse.ne.jp/ninshin/name/2022/boy/name-ranking/	benesse
2022	M	69	善	ぜん			96位	https://st.benesse.ne.jp/ninshin/name/2022/boy/name-ranking/	benesse
2022	M	70	翔	しょう			66位	https://st.benesse.ne.jp/ninshin/name/2022/boy/name-ranking/	benesse
2022	M	71	颯汰	そうた			63位	https://st.benesse.ne.jp/ninshin/name/2022/boy/name-ranking/	benesse
2022	M	71	奏多	かなた			70位	https://st.benesse.ne.jp/ninshin/name/2022/boy/name-ranking/	benesse
2022	M	73	颯斗	はやと			72位	https://st.benesse.ne.jp/ninshin/name/2022/boy/name-ranking/	benesse
2022	M	74	壮真	そうま			69位	https://st.benesse.ne.jp/ninshin/name/2022/boy/name-ranking/	benesse
2022	M	75	凌久	りく			74位	https://st.benesse.ne.jp/ninshin/name/2022/boy/name-ranking/	benesse
2022	M	76	千颯	ちはや			158位	https://st.benesse.ne.jp/ninshin/name/2022/boy/name-ranking/	benesse
2022	M	77	怜央	れお			158位	https://st.benesse.ne.jp/ninshin/name/2022/boy/name-ranking/	benesse
2022	M	77	遥斗	はると			58位	https://st.benesse.ne.jp/ninshin/name/2022/boy/name-ranking/	benesse
2022	M	77	空	そら			81位	https://st.benesse.ne.jp/ninshin/name/2022/boy/name-ranking/	benesse
2022	M	80	理人	りひと			81位	https://st.benesse.ne.jp/ninshin/name/2022/boy/name-ranking/	benesse
2022	M	81	歩	あゆむ			80位	https://st.benesse.ne.jp/ninshin/name/2022/boy/name-ranking/	benesse
2022	M	81	迅	じん			84位	https://st.benesse.ne.jp/ninshin/name/2022/boy/name-ranking/	benesse
2022	M	83	虎太郎	こたろう			411位	https://st.benesse.ne.jp/ninshin/name/2022/boy/name-ranking/	benesse
2022	M	84	結仁	ゆいと			85位	https://st.benesse.ne.jp/ninshin/name/2022/boy/name-ranking/	benesse
2022	M	84	光希	こうき			73位	https://st.benesse.ne.jp/ninshin/name/2022/boy/name-ranking/	benesse
2022	M	84	千隼	ちはや			179位	https://st.benesse.ne.jp/ninshin/name/2022/boy/name-ranking/	benesse
2022	M	87	悠陽	ゆうひ			107位	https://st.benesse.ne.jp/ninshin/name/2022/boy/name-ranking/	benesse
2022	M	88	大智	だいち			62位	https://st.benesse.ne.jp/ninshin/name/2022/boy/name-ranking/	benesse
2022	M	89	伊吹	いぶき			65位	https://st.benesse.ne.jp/ninshin/name/2022/boy/name-ranking/	benesse
2022	M	89	瑛太	えいた			76位	https://st.benesse.ne.jp/ninshin/name/2022/boy/name-ranking/	benesse
2022	M	89	蒼士	そうし			91位	https://st.benesse.ne.jp/ninshin/name/2022/boy/name-ranking/	benesse
2022	M	92	理仁	りひと			102位	https://st.benesse.ne.jp/ninshin/name/2022/boy/name-ranking/	benesse
2022	M	93	結人	ゆいと			91位	https://st.benesse.ne.jp/ninshin/name/2022/boy/name-ranking/	benesse
2022	M	94	湊音	みなと			147位	https://st.benesse.ne.jp/ninshin/name/2022/boy/name-ranking/	benesse
2022	M	95	奏斗	かなと			105位	https://st.benesse.ne.jp/ninshin/name/2022/boy/name-ranking/	benesse
2022	M	96	陽葵	ひなた			107位	https://st.benesse.ne.jp/ninshin/name/2022/boy/name-ranking/	benesse
2022	M	96	凌空	りく			147位	https://st.benesse.ne.jp/ninshin/name/2022/boy/name-ranking/	benesse
2022	M	96	理玖	りく			96位	https://st.benesse.ne.jp/ninshin/name/2022/boy/name-ranking/	benesse
2022	M	96	想	そう			193位	https://st.benesse.ne.jp/ninshin/name/2022/boy/name-ranking/	benesse
2022	M	100	響	ひびき			125位	https://st.benesse.ne.jp/ninshin/name/2022/boy/name-ranking/	benesse
2022	M	100	蒼太	そうた			64位	https://st.benesse.ne.jp/ninshin/name/2022/boy/name-ranking/	benesse
2022	F	1	陽葵	ひまり			1位	https://st.benesse.ne.jp/ninshin/name/2022/girl/name-ranking/	benesse
2022	F	2	凛	りん			3位	https://st.benesse.ne.jp/ninshin/name/2022/girl/name-ranking/	benesse
2022	F	3	結菜	ゆいな			9位	https://st.benesse.ne.jp/ninshin/name/2022/girl/name-ranking/	benesse
2022	F	4	芽依	めい			4位	https://st.benesse.ne.jp/ninshin/name/2022/girl/name-ranking/	benesse
2022	F	5	詩	うた			17位	https://st.benesse.ne.jp/ninshin/name/2022/girl/name-ranking/	benesse
2022	F	6	陽菜	ひな			6位	https://st.benesse.ne.jp/ninshin/name/2022/girl/name-ranking/	benesse
2022	F	7	葵	あおい			5位	https://st.benesse.ne.jp/ninshin/name/2022/girl/name-ranking/	benesse
2022	F	8	莉子	りこ			8位	https://st.benesse.ne.jp/ninshin/name/2022/girl/name-ranking/	benesse
2022	F	9	紬	つむぎ			1位	https://st.benesse.ne.jp/ninshin/name/2022/girl/name-ranking/	benesse
2022	F	10	咲茉	えま			18位	https://st.benesse.ne.jp/ninshin/name/2022/girl/name-ranking/	benesse
2022	F	11	結愛	ゆあ			16位	https://st.benesse.ne.jp/ninshin/name/2022/girl/name-ranking/	benesse
2022	F	12	澪	みお			7位	https://st.benesse.ne.jp/ninshin/name/2022/girl/name-ranking/	benesse
2022	F	13	結月	ゆづき			11位	https://st.benesse.ne.jp/ninshin/name/2022/girl/name-ranking/	benesse
2022	F	14	杏	あん			10位	https://st.benesse.ne.jp/ninshin/name/2022/girl/name-ranking/	benesse
2022	F	15	咲良	さくら			12位	https://st.benesse.ne.jp/ninshin/name/2022/girl/name-ranking/	benesse
2022	F	16	翠	すい			40位	https://st.benesse.ne.jp/ninshin/name/2022/girl/name-ranking/	benesse
2022	F	17	琴葉	ことは			13位	https://st.benesse.ne.jp/ninshin/name/2022/girl/name-ranking/	benesse
2022	F	18	結衣	ゆい			14位	https://st.benesse.ne.jp/ninshin/name/2022/girl/name-ranking/	benesse
2022	F	19	彩葉	いろは			15位	https://st.benesse.ne.jp/ninshin/name/2022/girl/name-ranking/	benesse
2022	F	20	心春	こはる			19位	https://st.benesse.ne.jp/ninshin/name/2022/girl/name-ranking/	benesse
2022	F	21	美桜	みお			23位	https://st.benesse.ne.jp/ninshin/name/2022/girl/name-ranking/	benesse
2022	F	22	凪	なぎ			20位	https://st.benesse.ne.jp/ninshin/name/2022/girl/name-ranking/	benesse
2022	F	23	柚葉	ゆずは			32位	https://st.benesse.ne.jp/ninshin/name/2022/girl/name-ranking/	benesse
2022	F	24	心陽	こはる			34位	https://st.benesse.ne.jp/ninshin/name/2022/girl/name-ranking/	benesse
2022	F	25	莉緒	りお			28位	https://st.benesse.ne.jp/ninshin/name/2022/girl/name-ranking/	benesse
2022	F	26	莉央	りお			30位	https://st.benesse.ne.jp/ninshin/name/2022/girl/name-ranking/	benesse
2022	F	27	朱莉	あかり			33位	https://st.benesse.ne.jp/ninshin/name/2022/girl/name-ranking/	benesse
2022	F	28	美月	みつき			21位	https://st.benesse.ne.jp/ninshin/name/2022/girl/name-ranking/	benesse
2022	F	29	凜	りん			22位	https://st.benesse.ne.jp/ninshin/name/2022/girl/name-ranking/	benesse
2022	F	29	さくら	さくら			27位	https://st.benesse.ne.jp/ninshin/name/2022/girl/name-ranking/	benesse
2022	F	29	凪咲	なぎさ			52位	https://st.benesse.ne.jp/ninshin/name/2022/girl/name-ranking/	benesse
2022	F	32	心結	みゆ			35位	https://st.benesse.ne.jp/ninshin/name/2022/girl/name-ranking/	benesse
2022	F	33	芽生	めい			26位	https://st.benesse.ne.jp/ninshin/name/2022/girl/name-ranking/	benesse
2022	F	34	依茉	えま			43位	https://st.benesse.ne.jp/ninshin/name/2022/girl/name-ranking/	benesse
2022	F	35	杏奈	あんな			38位	https://st.benesse.ne.jp/ninshin/name/2022/girl/name-ranking/	benesse
2022	F	36	陽菜乃	ひなの			30位	https://st.benesse.ne.jp/ninshin/name/2022/girl/name-ranking/	benesse
2022	F	36	紗奈	さな			47位	https://st.benesse.ne.jp/ninshin/name/2022/girl/name-ranking/	benesse
2022	F	38	光莉	ひかり			45位	https://st.benesse.ne.jp/ninshin/name/2022/girl/name-ranking/	benesse
2022	F	39	楓	かえで			25位	https://st.benesse.ne.jp/ninshin/name/2022/girl/name-ranking/	benesse
2022	F	40	愛茉	えま			74位	https://st.benesse.ne.jp/ninshin/name/2022/girl/name-ranking/	benesse
2022	F	40	紗菜	さな			45位	https://st.benesse.ne.jp/ninshin/name/2022/girl/name-ranking/	benesse
2022	F	42	花	はな			28位	https://st.benesse.ne.jp/ninshin/name/2022/girl/name-ranking/	benesse
2022	F	43	蘭	らん			42位	https://st.benesse.ne.jp/ninshin/name/2022/girl/name-ranking/	benesse
2022	F	44	陽咲	ひなた			63位	https://st.benesse.ne.jp/ninshin/name/2022/girl/name-ranking/	benesse
2022	F	44	一華	いちか			50位	https://st.benesse.ne.jp/ninshin/name/2022/girl/name-ranking/	benesse
2022	F	46	花音	かのん			37位	https://st.benesse.ne.jp/ninshin/name/2022/girl/name-ranking/	benesse
2022	F	47	ひなた	ひなた			47位	https://st.benesse.ne.jp/ninshin/name/2022/girl/name-ranking/	benesse
2022	F	47	紬希	つむぎ			24位	https://st.benesse.ne.jp/ninshin/name/2022/girl/name-ranking/	benesse
2022	F	49	琴音	ことね			55位	https://st.benesse.ne.jp/ninshin/name/2022/girl/name-ranking/	benesse
2022	F	50	莉愛	りあ			63位	https://st.benesse.ne.jp/ninshin/name/2022/girl/name-ranking/	benesse
2022	F	50	風花	ふうか			72位	https://st.benesse.ne.jp/ninshin/name/2022/girl/name-ranking/	benesse
2022	F	52	一花	いちか			36位	https://st.benesse.ne.jp/ninshin/name/2022/girl/name-ranking/	benesse
2022	F	53	心晴	こはる			67位	https://st.benesse.ne.jp/ninshin/name/2022/girl/name-ranking/	benesse
2022	F	54	柚希	ゆずき			39位	https://st.benesse.ne.jp/ninshin/name/2022/girl/name-ranking/	benesse
2022	F	55	美結	みゆ			41位	https://st.benesse.ne.jp/ninshin/name/2022/girl/name-ranking/	benesse
2022	F	56	和花	わか			59位	https://st.benesse.ne.jp/ninshin/name/2022/girl/name-ranking/	benesse
2022	F	57	詩乃	しの			56位	https://st.benesse.ne.jp/ninshin/name/2022/girl/name-ranking/	benesse
2022	F	57	凪紗	なぎさ			82位	https://st.benesse.ne.jp/ninshin/name/2022/girl/name-ranking/	benesse
2022	F	59	乃愛	のあ			53位	https://st.benesse.ne.jp/ninshin/name/2022/girl/name-ranking/	benesse
2022	F	60	茉白	ましろ			186位	https://st.benesse.ne.jp/ninshin/name/2022/girl/name-ranking/	benesse
2022	F	61	鈴	すず			47位	https://st.benesse.ne.jp/ninshin/name/2022/girl/name-ranking/	benesse
2022	F	62	百花	ももか			61位	https://st.benesse.ne.jp/ninshin/name/2022/girl/name-ranking/	benesse
2022	F	63	結	ゆい			51位	https://st.benesse.ne.jp/ninshin/name/2022/girl/name-ranking/	benesse
2022	F	64	雫	しずく			44位	https://st.benesse.ne.jp/ninshin/name/2022/girl/name-ranking/	benesse
2022	F	65	碧	あおい			57位	https://st.benesse.ne.jp/ninshin/name/2022/girl/name-ranking/	benesse
2022	F	66	ひかり	ひかり			54位	https://st.benesse.ne.jp/ninshin/name/2022/girl/name-ranking/	benesse
2022	F	66	結葵	ゆあ			84位	https://st.benesse.ne.jp/ninshin/name/2022/girl/name-ranking/	benesse
2022	F	68	桜	さくら			70位	https://st.benesse.ne.jp/ninshin/name/2022/girl/name-ranking/	benesse
2022	F	68	あかり	あかり			59位	https://st.benesse.ne.jp/ninshin/name/2022/girl/name-ranking/	benesse
2022	F	70	柚乃	ゆの			107位	https://st.benesse.ne.jp/ninshin/name/2022/girl/name-ranking/	benesse
2022	F	71	紗良	さら			68位	https://st.benesse.ne.jp/ninshin/name/2022/girl/name-ranking/	benesse
2022	F	72	愛莉	あいり			74位	https://st.benesse.ne.jp/ninshin/name/2022/girl/name-ranking/	benesse
2022	F	72	咲那	さな			126位	https://st.benesse.ne.jp/ninshin/name/2022/girl/name-ranking/	benesse
2022	F	74	明莉	あかり			71位	https://st.benesse.ne.jp/ninshin/name/2022/girl/name-ranking/	benesse
2022	F	75	結心	ゆな			84位	https://st.benesse.ne.jp/ninshin/name/2022/girl/name-ranking/	benesse
2022	F	76	菜月	なつき			65位	https://st.benesse.ne.jp/ninshin/name/2022/girl/name-ranking/	benesse
2022	F	77	永茉	えま			118位	https://st.benesse.ne.jp/ninshin/name/2022/girl/name-ranking/	benesse
2022	F	77	七海	ななみ			91位	https://st.benesse.ne.jp/ninshin/name/2022/girl/name-ranking/	benesse
2022	F	79	葵衣	あおい			111位	https://st.benesse.ne.jp/ninshin/name/2022/girl/name-ranking/	benesse
2022	F	80	愛菜	まな			77位	https://st.benesse.ne.jp/ninshin/name/2022/girl/name-ranking/	benesse
2022	F	81	絃葉	いとは			177位	https://st.benesse.ne.jp/ninshin/name/2022/girl/name-ranking/	benesse
2022	F	81	咲希	さき			66位	https://st.benesse.ne.jp/ninshin/name/2022/girl/name-ranking/	benesse
2022	F	83	ひまり	ひまり			77位	https://st.benesse.ne.jp/ninshin/name/2022/girl/name-ranking/	benesse
2022	F	83	すず	すず			68位	https://st.benesse.ne.jp/ninshin/name/2022/girl/name-ranking/	benesse
2022	F	85	菫	すみれ			58位	https://st.benesse.ne.jp/ninshin/name/2022/girl/name-ranking/	benesse
2022	F	86	彩羽	いろは			86位	https://st.benesse.ne.jp/ninshin/name/2022/girl/name-ranking/	benesse
2022	F	86	美羽	みう			73位	https://st.benesse.ne.jp/ninshin/name/2022/girl/name-ranking/	benesse
2022	F	88	渚	なぎさ			111位	https://st.benesse.ne.jp/ninshin/name/2022/girl/name-ranking/	benesse
2022	F	89	玲奈	れな			81位	https://st.benesse.ne.jp/ninshin/name/2022/girl/name-ranking/	benesse
2022	F	89	結乃	ゆの			143位	https://st.benesse.ne.jp/ninshin/name/2022/girl/name-ranking/	benesse
2022	F	91	紬葵	つむぎ			103位	https://st.benesse.ne.jp/ninshin/name/2022/girl/name-ranking/	benesse
2022	F	92	柚月	ゆづき			80位	https://st.benesse.ne.jp/ninshin/name/2022/girl/name-ranking/	benesse
2022	F	92	柚羽	ゆずは			137位	https://st.benesse.ne.jp/ninshin/name/2022/girl/name-ranking/	benesse
2022	F	92	六花	りっか			126位	https://st.benesse.ne.jp/ninshin/name/2022/girl/name-ranking/	benesse
2022	F	92	恵茉	えま			121位	https://st.benesse.ne.jp/ninshin/name/2022/girl/name-ranking/	benesse
2022	F	96	絃	いと			103位	https://st.benesse.ne.jp/ninshin/name/2022/girl/name-ranking/	benesse
2022	F	96	ひより	ひより			137位	https://st.benesse.ne.jp/ninshin/name/2022/girl/name-ranking/	benesse
2022	F	96	実桜	みお			89位	https://st.benesse.ne.jp/ninshin/name/2022/girl/name-ranking/	benesse
2022	F	99	梨乃	りの			118位	https://st.benesse.ne.jp/ninshin/name/2022/girl/name-ranking/	benesse
2022	F	99	華	はな			61位	https://st.benesse.ne.jp/ninshin/name/2022/girl/name-ranking/	benesse
2023	M	1	蓮	れん			5位	https://st.benesse.ne.jp/ninshin/name/2023/boy/name-ranking/	benesse
2023	M	2	碧	あお			1位	https://st.benesse.ne.jp/ninshin/name/2023/boy/name-ranking/	benesse
2023	M	3	陽翔	はると			2位	https://st.benesse.ne.jp/ninshin/name/2023/boy/name-ranking/	benesse
2023	M	4	湊	みなと			6位	https://st.benesse.ne.jp/ninshin/name/2023/boy/name-ranking/	benesse
2023	M	5	蒼	あおい			3位	https://st.benesse.ne.jp/ninshin/name/2023/boy/name-ranking/	benesse
2023	M	6	朝陽	あさひ			4位	https://st.benesse.ne.jp/ninshin/name/2023/boy/name-ranking/	benesse
2023	M	7	凪	なぎ			16位	https://st.benesse.ne.jp/ninshin/name/2023/boy/name-ranking/	benesse
2023	M	8	湊斗	みなと			19位	https://st.benesse.ne.jp/ninshin/name/2023/boy/name-ranking/	benesse
2023	M	9	暖	だん			12位	https://st.benesse.ne.jp/ninshin/name/2023/boy/name-ranking/	benesse
2023	M	10	律	りつ			11位	https://st.benesse.ne.jp/ninshin/name/2023/boy/name-ranking/	benesse
2023	M	11	蒼空	そら			17位	https://st.benesse.ne.jp/ninshin/name/2023/boy/name-ranking/	benesse
2023	M	12	結翔	ゆいと			7位	https://st.benesse.ne.jp/ninshin/name/2023/boy/name-ranking/	benesse
2023	M	13	颯真	そうま			14位	https://st.benesse.ne.jp/ninshin/name/2023/boy/name-ranking/	benesse
2023	M	14	樹	いつき			9位	https://st.benesse.ne.jp/ninshin/name/2023/boy/name-ranking/	benesse
2023	M	15	陽向	ひなた			9位	https://st.benesse.ne.jp/ninshin/name/2023/boy/name-ranking/	benesse
2023	M	15	颯	そう			23位	https://st.benesse.ne.jp/ninshin/name/2023/boy/name-ranking/	benesse
2023	M	17	大和	やまと			15位	https://st.benesse.ne.jp/ninshin/name/2023/boy/name-ranking/	benesse
2023	M	18	伊織	いおり			18位	https://st.benesse.ne.jp/ninshin/name/2023/boy/name-ranking/	benesse
2023	M	19	悠真	ゆうま			8位	https://st.benesse.ne.jp/ninshin/name/2023/boy/name-ranking/	benesse
2023	M	20	琉生	るい			21位	https://st.benesse.ne.jp/ninshin/name/2023/boy/name-ranking/	benesse
2023	M	21	大翔	ひろと			13位	https://st.benesse.ne.jp/ninshin/name/2023/boy/name-ranking/	benesse
2023	M	22	陽	はる			20位	https://st.benesse.ne.jp/ninshin/name/2023/boy/name-ranking/	benesse
2023	M	23	朔	さく			22位	https://st.benesse.ne.jp/ninshin/name/2023/boy/name-ranking/	benesse
2023	M	24	旭	あさひ			33位	https://st.benesse.ne.jp/ninshin/name/2023/boy/name-ranking/	benesse
2023	M	25	新	あらた			27位	https://st.benesse.ne.jp/ninshin/name/2023/boy/name-ranking/	benesse
2023	M	26	想	そう			96位	https://st.benesse.ne.jp/ninshin/name/2023/boy/name-ranking/	benesse
2023	M	27	陽大	ひなた			25位	https://st.benesse.ne.jp/ninshin/name/2023/boy/name-ranking/	benesse
2023	M	28	蒼大	そうた			30位	https://st.benesse.ne.jp/ninshin/name/2023/boy/name-ranking/	benesse
2023	M	29	碧人	あおと			29位	https://st.benesse.ne.jp/ninshin/name/2023/boy/name-ranking/	benesse
2023	M	30	颯太	そうた			42位	https://st.benesse.ne.jp/ninshin/name/2023/boy/name-ranking/	benesse
2023	M	31	碧斗	あおと			36位	https://st.benesse.ne.jp/ninshin/name/2023/boy/name-ranking/	benesse
2023	M	32	陽太	ひなた			27位	https://st.benesse.ne.jp/ninshin/name/2023/boy/name-ranking/	benesse
2023	M	33	結斗	ゆいと			35位	https://st.benesse.ne.jp/ninshin/name/2023/boy/name-ranking/	benesse
2023	M	33	晴	はる			24位	https://st.benesse.ne.jp/ninshin/name/2023/boy/name-ranking/	benesse
2023	M	35	陽斗	はると			26位	https://st.benesse.ne.jp/ninshin/name/2023/boy/name-ranking/	benesse
2023	M	36	悠人	ゆうと			34位	https://st.benesse.ne.jp/ninshin/name/2023/boy/name-ranking/	benesse
2023	M	37	律希	りつき			48位	https://st.benesse.ne.jp/ninshin/name/2023/boy/name-ranking/	benesse
2023	M	38	蒼真	そうま			37位	https://st.benesse.ne.jp/ninshin/name/2023/boy/name-ranking/	benesse
2023	M	39	陸	りく			31位	https://st.benesse.ne.jp/ninshin/name/2023/boy/name-ranking/	benesse
2023	M	40	一颯	いぶき			49位	https://st.benesse.ne.jp/ninshin/name/2023/boy/name-ranking/	benesse
2023	M	41	悠	ゆう			31位	https://st.benesse.ne.jp/ninshin/name/2023/boy/name-ranking/	benesse
2023	M	42	湊翔	みなと			43位	https://st.benesse.ne.jp/ninshin/name/2023/boy/name-ranking/	benesse
2023	M	42	大晴	たいせい			45位	https://st.benesse.ne.jp/ninshin/name/2023/boy/name-ranking/	benesse
2023	M	44	蒼翔	あおと			66位	https://st.benesse.ne.jp/ninshin/name/2023/boy/name-ranking/	benesse
2023	M	45	悠翔	ゆうと			39位	https://st.benesse.ne.jp/ninshin/name/2023/boy/name-ranking/	benesse
2023	M	46	晴翔	はると			46位	https://st.benesse.ne.jp/ninshin/name/2023/boy/name-ranking/	benesse
2023	M	47	楓真	ふうま			60位	https://st.benesse.ne.jp/ninshin/name/2023/boy/name-ranking/	benesse
2023	M	48	奏汰	かなた			40位	https://st.benesse.ne.jp/ninshin/name/2023/boy/name-ranking/	benesse
2023	M	48	蒼生	あおい			59位	https://st.benesse.ne.jp/ninshin/name/2023/boy/name-ranking/	benesse
2023	M	50	奏太	かなた			63位	https://st.benesse.ne.jp/ninshin/name/2023/boy/name-ranking/	benesse
2023	M	51	海翔	かいと			55位	https://st.benesse.ne.jp/ninshin/name/2023/boy/name-ranking/	benesse
2023	M	52	楓	かえで			57位	https://st.benesse.ne.jp/ninshin/name/2023/boy/name-ranking/	benesse
2023	M	53	悠生	ゆうせい			49位	https://st.benesse.ne.jp/ninshin/name/2023/boy/name-ranking/	benesse
2023	M	54	悠斗	ゆうと			44位	https://st.benesse.ne.jp/ninshin/name/2023/boy/name-ranking/	benesse
2023	M	55	悠陽	ゆうひ			87位	https://st.benesse.ne.jp/ninshin/name/2023/boy/name-ranking/	benesse
2023	M	56	湊音	みなと			94位	https://st.benesse.ne.jp/ninshin/name/2023/boy/name-ranking/	benesse
2023	M	56	岳	がく			41位	https://st.benesse.ne.jp/ninshin/name/2023/boy/name-ranking/	benesse
2023	M	58	柊	しゅう			68位	https://st.benesse.ne.jp/ninshin/name/2023/boy/name-ranking/	benesse
2023	M	59	理玖	りく			96位	https://st.benesse.ne.jp/ninshin/name/2023/boy/name-ranking/	benesse
2023	M	60	湊大	そうた			66位	https://st.benesse.ne.jp/ninshin/name/2023/boy/name-ranking/	benesse
2023	M	61	奏多	かなた			71位	https://st.benesse.ne.jp/ninshin/name/2023/boy/name-ranking/	benesse
2023	M	62	櫂	かい			57位	https://st.benesse.ne.jp/ninshin/name/2023/boy/name-ranking/	benesse
2023	M	62	怜	れい			51位	https://st.benesse.ne.jp/ninshin/name/2023/boy/name-ranking/	benesse
2023	M	62	空	そら			77位	https://st.benesse.ne.jp/ninshin/name/2023/boy/name-ranking/	benesse
2023	M	62	壮真	そうま			74位	https://st.benesse.ne.jp/ninshin/name/2023/boy/name-ranking/	benesse
2023	M	66	葵	あおい			47位	https://st.benesse.ne.jp/ninshin/name/2023/boy/name-ranking/	benesse
2023	M	67	千颯	ちはや			76位	https://st.benesse.ne.jp/ninshin/name/2023/boy/name-ranking/	benesse
2023	M	68	陸斗	りくと			62位	https://st.benesse.ne.jp/ninshin/name/2023/boy/name-ranking/	benesse
2023	M	68	奏翔	かなと			52位	https://st.benesse.ne.jp/ninshin/name/2023/boy/name-ranking/	benesse
2023	M	70	遥斗	はると			77位	https://st.benesse.ne.jp/ninshin/name/2023/boy/name-ranking/	benesse
2023	M	71	翔	しょう			70位	https://st.benesse.ne.jp/ninshin/name/2023/boy/name-ranking/	benesse
2023	M	71	颯汰	そうた			71位	https://st.benesse.ne.jp/ninshin/name/2023/boy/name-ranking/	benesse
2023	M	73	絢斗	あやと			56位	https://st.benesse.ne.jp/ninshin/name/2023/boy/name-ranking/	benesse
2023	M	74	翠	すい			130位	https://st.benesse.ne.jp/ninshin/name/2023/boy/name-ranking/	benesse
2023	M	74	仁	じん			64位	https://st.benesse.ne.jp/ninshin/name/2023/boy/name-ranking/	benesse
2023	M	76	伊吹	いぶき			89位	https://st.benesse.ne.jp/ninshin/name/2023/boy/name-ranking/	benesse
2023	M	77	琉翔	るいと			102位	https://st.benesse.ne.jp/ninshin/name/2023/boy/name-ranking/	benesse
2023	M	78	陽奏	ひなた			111位	https://st.benesse.ne.jp/ninshin/name/2023/boy/name-ranking/	benesse
2023	M	78	歩	あゆむ			81位	https://st.benesse.ne.jp/ninshin/name/2023/boy/name-ranking/	benesse
2023	M	78	怜央	れお			77位	https://st.benesse.ne.jp/ninshin/name/2023/boy/name-ranking/	benesse
2023	M	81	蒼太	そうた			100位	https://st.benesse.ne.jp/ninshin/name/2023/boy/name-ranking/	benesse
2023	M	82	颯人	はやと			53位	https://st.benesse.ne.jp/ninshin/name/2023/boy/name-ranking/	benesse
2023	M	83	海斗	かいと			60位	https://st.benesse.ne.jp/ninshin/name/2023/boy/name-ranking/	benesse
2023	M	84	凛	りん			196位	https://st.benesse.ne.jp/ninshin/name/2023/boy/name-ranking/	benesse
2023	M	84	凌久	りく			75位	https://st.benesse.ne.jp/ninshin/name/2023/boy/name-ranking/	benesse
2023	M	86	理仁	りひと			92位	https://st.benesse.ne.jp/ninshin/name/2023/boy/name-ranking/	benesse
2023	M	86	颯斗	はやと			73位	https://st.benesse.ne.jp/ninshin/name/2023/boy/name-ranking/	benesse
2023	M	88	善	ぜん			69位	https://st.benesse.ne.jp/ninshin/name/2023/boy/name-ranking/	benesse
2023	M	89	叶翔	かなと			108位	https://st.benesse.ne.jp/ninshin/name/2023/boy/name-ranking/	benesse
2023	M	89	千隼	ちはや			84位	https://st.benesse.ne.jp/ninshin/name/2023/boy/name-ranking/	benesse
2023	M	89	蒼人	あおと			139位	https://st.benesse.ne.jp/ninshin/name/2023/boy/name-ranking/	benesse
2023	M	92	理人	りひと			80位	https://st.benesse.ne.jp/ninshin/name/2023/boy/name-ranking/	benesse
2023	M	92	昴	すばる			161位	https://st.benesse.ne.jp/ninshin/name/2023/boy/name-ranking/	benesse
2023	M	92	瑛太	えいた			89位	https://st.benesse.ne.jp/ninshin/name/2023/boy/name-ranking/	benesse
2023	M	95	蒼士	そうし			89位	https://st.benesse.ne.jp/ninshin/name/2023/boy/name-ranking/	benesse
2023	M	96	慶	けい			117位	https://st.benesse.ne.jp/ninshin/name/2023/boy/name-ranking/	benesse
2023	M	96	絃	いと			146位	https://st.benesse.ne.jp/ninshin/name/2023/boy/name-ranking/	benesse
2023	M	96	大智	だいち			88位	https://st.benesse.ne.jp/ninshin/name/2023/boy/name-ranking/	benesse
2023	M	96	太陽	たいよう			109位	https://st.benesse.ne.jp/ninshin/name/2023/boy/name-ranking/	benesse
2023	M	100	湊太	そうた			111位	https://st.benesse.ne.jp/ninshin/name/2023/boy/name-ranking/	benesse
2023	M	100	結人	ゆいと			93位	https://st.benesse.ne.jp/ninshin/name/2023/boy/name-ranking/	benesse
2023	F	1	陽葵	ひまり			1位	https://st.benesse.ne.jp/ninshin/name/2023/girl/name-ranking/	benesse
2023	F	2	凛	りん			2位	https://st.benesse.ne.jp/ninshin/name/2023/girl/name-ranking/	benesse
2023	F	3	翠	すい			16位	https://st.benesse.ne.jp/ninshin/name/2023/girl/name-ranking/	benesse
2023	F	4	紬	つむぎ			9位	https://st.benesse.ne.jp/ninshin/name/2023/girl/name-ranking/	benesse
2023	F	5	結菜	ゆいな			3位	https://st.benesse.ne.jp/ninshin/name/2023/girl/name-ranking/	benesse
2023	F	6	陽菜	ひな			6位	https://st.benesse.ne.jp/ninshin/name/2023/girl/name-ranking/	benesse
2023	F	7	芽依	めい			4位	https://st.benesse.ne.jp/ninshin/name/2023/girl/name-ranking/	benesse
2023	F	8	葵	あおい			7位	https://st.benesse.ne.jp/ninshin/name/2023/girl/name-ranking/	benesse
2023	F	9	結愛	ゆあ			11位	https://st.benesse.ne.jp/ninshin/name/2023/girl/name-ranking/	benesse
2023	F	10	莉子	りこ			8位	https://st.benesse.ne.jp/ninshin/name/2023/girl/name-ranking/	benesse
2023	F	10	咲茉	えま			10位	https://st.benesse.ne.jp/ninshin/name/2023/girl/name-ranking/	benesse
2023	F	12	澪	みお			12位	https://st.benesse.ne.jp/ninshin/name/2023/girl/name-ranking/	benesse
2023	F	13	琴葉	ことは			17位	https://st.benesse.ne.jp/ninshin/name/2023/girl/name-ranking/	benesse
2023	F	14	杏	あん			14位	https://st.benesse.ne.jp/ninshin/name/2023/girl/name-ranking/	benesse
2023	F	15	結月	ゆづき			13位	https://st.benesse.ne.jp/ninshin/name/2023/girl/name-ranking/	benesse
2023	F	16	彩葉	いろは			19位	https://st.benesse.ne.jp/ninshin/name/2023/girl/name-ranking/	benesse
2023	F	17	咲良	さくら			15位	https://st.benesse.ne.jp/ninshin/name/2023/girl/name-ranking/	benesse
2023	F	18	紬希	つむぎ			47位	https://st.benesse.ne.jp/ninshin/name/2023/girl/name-ranking/	benesse
2023	F	19	心陽	こはる			24位	https://st.benesse.ne.jp/ninshin/name/2023/girl/name-ranking/	benesse
2023	F	20	詩	うた			5位	https://st.benesse.ne.jp/ninshin/name/2023/girl/name-ranking/	benesse
2023	F	21	凪	なぎ			22位	https://st.benesse.ne.jp/ninshin/name/2023/girl/name-ranking/	benesse
2023	F	22	結衣	ゆい			18位	https://st.benesse.ne.jp/ninshin/name/2023/girl/name-ranking/	benesse
2023	F	23	美桜	みお			21位	https://st.benesse.ne.jp/ninshin/name/2023/girl/name-ranking/	benesse
2023	F	24	紗菜	さな			40位	https://st.benesse.ne.jp/ninshin/name/2023/girl/name-ranking/	benesse
2023	F	25	紬葵	つむぎ			91位	https://st.benesse.ne.jp/ninshin/name/2023/girl/name-ranking/	benesse
2023	F	26	凜	りん			29位	https://st.benesse.ne.jp/ninshin/name/2023/girl/name-ranking/	benesse
2023	F	26	心春	こはる			20位	https://st.benesse.ne.jp/ninshin/name/2023/girl/name-ranking/	benesse
2023	F	28	凪咲	なぎさ			29位	https://st.benesse.ne.jp/ninshin/name/2023/girl/name-ranking/	benesse
2023	F	29	莉緒	りお			25位	https://st.benesse.ne.jp/ninshin/name/2023/girl/name-ranking/	benesse
2023	F	30	莉央	りお			26位	https://st.benesse.ne.jp/ninshin/name/2023/girl/name-ranking/	benesse
2023	F	30	柚葉	ゆずは			23位	https://st.benesse.ne.jp/ninshin/name/2023/girl/name-ranking/	benesse
2023	F	32	芽生	めい			33位	https://st.benesse.ne.jp/ninshin/name/2023/girl/name-ranking/	benesse
2023	F	33	風花	ふうか			50位	https://st.benesse.ne.jp/ninshin/name/2023/girl/name-ranking/	benesse
2023	F	34	依茉	えま			34位	https://st.benesse.ne.jp/ninshin/name/2023/girl/name-ranking/	benesse
2023	F	35	陽菜乃	ひなの			36位	https://st.benesse.ne.jp/ninshin/name/2023/girl/name-ranking/	benesse
2023	F	36	紗奈	さな			36位	https://st.benesse.ne.jp/ninshin/name/2023/girl/name-ranking/	benesse
2023	F	37	一華	いちか			44位	https://st.benesse.ne.jp/ninshin/name/2023/girl/name-ranking/	benesse
2023	F	38	美月	みつき			28位	https://st.benesse.ne.jp/ninshin/name/2023/girl/name-ranking/	benesse
2023	F	39	楓	かえで			39位	https://st.benesse.ne.jp/ninshin/name/2023/girl/name-ranking/	benesse
2023	F	40	茉白	ましろ			60位	https://st.benesse.ne.jp/ninshin/name/2023/girl/name-ranking/	benesse
2023	F	41	心晴	こはる			53位	https://st.benesse.ne.jp/ninshin/name/2023/girl/name-ranking/	benesse
2023	F	41	心結	みゆ			32位	https://st.benesse.ne.jp/ninshin/name/2023/girl/name-ranking/	benesse
2023	F	43	蘭	らん			43位	https://st.benesse.ne.jp/ninshin/name/2023/girl/name-ranking/	benesse
2023	F	43	さくら	さくら			29位	https://st.benesse.ne.jp/ninshin/name/2023/girl/name-ranking/	benesse
2023	F	43	乃愛	のあ			59位	https://st.benesse.ne.jp/ninshin/name/2023/girl/name-ranking/	benesse
2023	F	46	朱莉	あかり			27位	https://st.benesse.ne.jp/ninshin/name/2023/girl/name-ranking/	benesse
2023	F	47	愛茉	えま			40位	https://st.benesse.ne.jp/ninshin/name/2023/girl/name-ranking/	benesse
2023	F	48	絃葉	いとは			81位	https://st.benesse.ne.jp/ninshin/name/2023/girl/name-ranking/	benesse
2023	F	49	莉愛	りあ			50位	https://st.benesse.ne.jp/ninshin/name/2023/girl/name-ranking/	benesse
2023	F	49	光莉	ひかり			38位	https://st.benesse.ne.jp/ninshin/name/2023/girl/name-ranking/	benesse
2023	F	49	柚乃	ゆの			70位	https://st.benesse.ne.jp/ninshin/name/2023/girl/name-ranking/	benesse
2023	F	52	結	ゆい			63位	https://st.benesse.ne.jp/ninshin/name/2023/girl/name-ranking/	benesse
2023	F	52	凪紗	なぎさ			57位	https://st.benesse.ne.jp/ninshin/name/2023/girl/name-ranking/	benesse
2023	F	54	美結	みゆ			55位	https://st.benesse.ne.jp/ninshin/name/2023/girl/name-ranking/	benesse
2023	F	55	鈴	すず			61位	https://st.benesse.ne.jp/ninshin/name/2023/girl/name-ranking/	benesse
2023	F	56	琴音	ことね			49位	https://st.benesse.ne.jp/ninshin/name/2023/girl/name-ranking/	benesse
2023	F	57	菫	すみれ			85位	https://st.benesse.ne.jp/ninshin/name/2023/girl/name-ranking/	benesse
2023	F	57	杏奈	あんな			35位	https://st.benesse.ne.jp/ninshin/name/2023/girl/name-ranking/	benesse
2023	F	59	雫	しずく			64位	https://st.benesse.ne.jp/ninshin/name/2023/girl/name-ranking/	benesse
2023	F	59	咲那	さな			72位	https://st.benesse.ne.jp/ninshin/name/2023/girl/name-ranking/	benesse
2023	F	59	ひなた	ひなた			47位	https://st.benesse.ne.jp/ninshin/name/2023/girl/name-ranking/	benesse
2023	F	62	花	はな			42位	https://st.benesse.ne.jp/ninshin/name/2023/girl/name-ranking/	benesse
2023	F	62	花音	かのん			46位	https://st.benesse.ne.jp/ninshin/name/2023/girl/name-ranking/	benesse
2023	F	64	陽咲	ひなた			44位	https://st.benesse.ne.jp/ninshin/name/2023/girl/name-ranking/	benesse
2023	F	64	紗良	さら			71位	https://st.benesse.ne.jp/ninshin/name/2023/girl/name-ranking/	benesse
2023	F	64	柚希	ゆずき			54位	https://st.benesse.ne.jp/ninshin/name/2023/girl/name-ranking/	benesse
2023	F	67	明莉	あかり			74位	https://st.benesse.ne.jp/ninshin/name/2023/girl/name-ranking/	benesse
2023	F	68	一花	いちか			52位	https://st.benesse.ne.jp/ninshin/name/2023/girl/name-ranking/	benesse
2023	F	69	百花	ももか			62位	https://st.benesse.ne.jp/ninshin/name/2023/girl/name-ranking/	benesse
2023	F	70	陽彩	ひいろ			142位	https://st.benesse.ne.jp/ninshin/name/2023/girl/name-ranking/	benesse
2023	F	71	桜	さくら			68位	https://st.benesse.ne.jp/ninshin/name/2023/girl/name-ranking/	benesse
2023	F	72	詩乃	しの			57位	https://st.benesse.ne.jp/ninshin/name/2023/girl/name-ranking/	benesse
2023	F	72	柚羽	ゆずは			92位	https://st.benesse.ne.jp/ninshin/name/2023/girl/name-ranking/	benesse
2023	F	74	和花	わか			56位	https://st.benesse.ne.jp/ninshin/name/2023/girl/name-ranking/	benesse
2023	F	75	ひかり	ひかり			66位	https://st.benesse.ne.jp/ninshin/name/2023/girl/name-ranking/	benesse
2023	F	76	茉莉	まつり			101位	https://st.benesse.ne.jp/ninshin/name/2023/girl/name-ranking/	benesse
2023	F	77	碧	あお			65位	https://st.benesse.ne.jp/ninshin/name/2023/girl/name-ranking/	benesse
2023	F	78	葉月	はづき			117位	https://st.benesse.ne.jp/ninshin/name/2023/girl/name-ranking/	benesse
2023	F	78	愛菜	まな			80位	https://st.benesse.ne.jp/ninshin/name/2023/girl/name-ranking/	benesse
2023	F	78	菜月	なつき			76位	https://st.benesse.ne.jp/ninshin/name/2023/girl/name-ranking/	benesse
2023	F	78	すず	すず			83位	https://st.benesse.ne.jp/ninshin/name/2023/girl/name-ranking/	benesse
2023	F	82	柚月	ゆづき			92位	https://st.benesse.ne.jp/ninshin/name/2023/girl/name-ranking/	benesse
2023	F	83	六花	りっか			92位	https://st.benesse.ne.jp/ninshin/name/2023/girl/name-ranking/	benesse
2023	F	84	結葵	ゆあ			66位	https://st.benesse.ne.jp/ninshin/name/2023/girl/name-ranking/	benesse
2023	F	85	玲奈	れな			89位	https://st.benesse.ne.jp/ninshin/name/2023/girl/name-ranking/	benesse
2023	F	86	涼葉	すずは			160位	https://st.benesse.ne.jp/ninshin/name/2023/girl/name-ranking/	benesse
2023	F	87	彩心	あこ			122位	https://st.benesse.ne.jp/ninshin/name/2023/girl/name-ranking/	benesse
2023	F	88	瑠花	るか			113位	https://st.benesse.ne.jp/ninshin/name/2023/girl/name-ranking/	benesse
2023	F	89	絃	いと			96位	https://st.benesse.ne.jp/ninshin/name/2023/girl/name-ranking/	benesse
2023	F	89	彩羽	いろは			86位	https://st.benesse.ne.jp/ninshin/name/2023/girl/name-ranking/	benesse
2023	F	89	音羽	おとは			101位	https://st.benesse.ne.jp/ninshin/name/2023/girl/name-ranking/	benesse
2023	F	92	結乃	ゆの			89位	https://st.benesse.ne.jp/ninshin/name/2023/girl/name-ranking/	benesse
2023	F	93	結心	ゆな			75位	https://st.benesse.ne.jp/ninshin/name/2023/girl/name-ranking/	benesse
2023	F	93	依采	いと			173位	https://st.benesse.ne.jp/ninshin/name/2023/girl/name-ranking/	benesse
2023	F	93	咲奈	さな			134位	https://st.benesse.ne.jp/ninshin/name/2023/girl/name-ranking/	benesse
2023	F	93	咲凪	さな			153位	https://st.benesse.ne.jp/ninshin/name/2023/girl/name-ranking/	benesse
2023	F	97	七海	ななみ			77位	https://st.benesse.ne.jp/ninshin/name/2023/girl/name-ranking/	benesse
2023	F	97	永茉	えま			77位	https://st.benesse.ne.jp/ninshin/name/2023/girl/name-ranking/	benesse
2023	F	99	望愛	のあ			138位	https://st.benesse.ne.jp/ninshin/name/2023/girl/name-ranking/	benesse
2023	F	100	凪沙	なぎさ			115位	https://st.benesse.ne.jp/ninshin/name/2023/girl/name-ranking/	benesse
2023	F	100	美琴	みこと			125位	https://st.benesse.ne.jp/ninshin/name/2023/girl/name-ranking/	benesse
2024	M	1	碧	あお			2位	https://st.benesse.ne.jp/ninshin/name/2024/boy/name-ranking/	benesse
2024	M	2	蓮	れん			1位	https://st.benesse.ne.jp/ninshin/name/2024/boy/name-ranking/	benesse
2024	M	3	凪	なぎ			7位	https://st.benesse.ne.jp/ninshin/name/2024/boy/name-ranking/	benesse
2024	M	4	陽翔	はると			3位	https://st.benesse.ne.jp/ninshin/name/2024/boy/name-ranking/	benesse
2024	M	5	湊	みなと			4位	https://st.benesse.ne.jp/ninshin/name/2024/boy/name-ranking/	benesse
2024	M	6	朝陽	あさひ			6位	https://st.benesse.ne.jp/ninshin/name/2024/boy/name-ranking/	benesse
2024	M	7	暖	だん			9位	https://st.benesse.ne.jp/ninshin/name/2024/boy/name-ranking/	benesse
2024	M	8	蒼空	そら			11位	https://st.benesse.ne.jp/ninshin/name/2024/boy/name-ranking/	benesse
2024	M	9	結翔	ゆいと			12位	https://st.benesse.ne.jp/ninshin/name/2024/boy/name-ranking/	benesse
2024	M	10	律	りつ			10位	https://st.benesse.ne.jp/ninshin/name/2024/boy/name-ranking/	benesse
2024	M	11	陽向	ひなた			15位	https://st.benesse.ne.jp/ninshin/name/2024/boy/name-ranking/	benesse
2024	M	12	湊斗	みなと			8位	https://st.benesse.ne.jp/ninshin/name/2024/boy/name-ranking/	benesse
2024	M	13	颯	そう			15位	https://st.benesse.ne.jp/ninshin/name/2024/boy/name-ranking/	benesse
2024	M	14	颯真	そうま			13位	https://st.benesse.ne.jp/ninshin/name/2024/boy/name-ranking/	benesse
2024	M	15	琉生	るい			20位	https://st.benesse.ne.jp/ninshin/name/2024/boy/name-ranking/	benesse
2024	M	16	蒼	あおい			5位	https://st.benesse.ne.jp/ninshin/name/2024/boy/name-ranking/	benesse
2024	M	17	悠真	ゆうま			19位	https://st.benesse.ne.jp/ninshin/name/2024/boy/name-ranking/	benesse
2024	M	18	晴	はる			33位	https://st.benesse.ne.jp/ninshin/name/2024/boy/name-ranking/	benesse
2024	M	19	伊織	いおり			18位	https://st.benesse.ne.jp/ninshin/name/2024/boy/name-ranking/	benesse
2024	M	20	陽	はる			22位	https://st.benesse.ne.jp/ninshin/name/2024/boy/name-ranking/	benesse
2024	M	21	朔	さく			23位	https://st.benesse.ne.jp/ninshin/name/2024/boy/name-ranking/	benesse
2024	M	22	樹	いつき			14位	https://st.benesse.ne.jp/ninshin/name/2024/boy/name-ranking/	benesse
2024	M	23	大和	やまと			17位	https://st.benesse.ne.jp/ninshin/name/2024/boy/name-ranking/	benesse
2024	M	24	陽大	ひなた			27位	https://st.benesse.ne.jp/ninshin/name/2024/boy/name-ranking/	benesse
2024	M	25	大翔	ひろと			21位	https://st.benesse.ne.jp/ninshin/name/2024/boy/name-ranking/	benesse
2024	M	26	旭	あさひ			24位	https://st.benesse.ne.jp/ninshin/name/2024/boy/name-ranking/	benesse
2024	M	27	湊翔	みなと			42位	https://st.benesse.ne.jp/ninshin/name/2024/boy/name-ranking/	benesse
2024	M	28	碧斗	あおと			31位	https://st.benesse.ne.jp/ninshin/name/2024/boy/name-ranking/	benesse
2024	M	29	颯太	そうた			30位	https://st.benesse.ne.jp/ninshin/name/2024/boy/name-ranking/	benesse
2024	M	30	蒼大	そうた			28位	https://st.benesse.ne.jp/ninshin/name/2024/boy/name-ranking/	benesse
2024	M	31	千颯	ちはや			67位	https://st.benesse.ne.jp/ninshin/name/2024/boy/name-ranking/	benesse
2024	M	32	律希	りつき			37位	https://st.benesse.ne.jp/ninshin/name/2024/boy/name-ranking/	benesse
2024	M	33	一颯	いぶき			40位	https://st.benesse.ne.jp/ninshin/name/2024/boy/name-ranking/	benesse
2024	M	34	蒼真	そうま			38位	https://st.benesse.ne.jp/ninshin/name/2024/boy/name-ranking/	benesse
2024	M	35	陽太	ひなた			32位	https://st.benesse.ne.jp/ninshin/name/2024/boy/name-ranking/	benesse
2024	M	36	新	あらた			25位	https://st.benesse.ne.jp/ninshin/name/2024/boy/name-ranking/	benesse
2024	M	36	翠	すい			74位	https://st.benesse.ne.jp/ninshin/name/2024/boy/name-ranking/	benesse
2024	M	38	葵	あおい			66位	https://st.benesse.ne.jp/ninshin/name/2024/boy/name-ranking/	benesse
2024	M	39	藍	らん			181位	https://st.benesse.ne.jp/ninshin/name/2024/boy/name-ranking/	benesse
2024	M	40	楓真	ふうま			47位	https://st.benesse.ne.jp/ninshin/name/2024/boy/name-ranking/	benesse
2024	M	40	想	そう			26位	https://st.benesse.ne.jp/ninshin/name/2024/boy/name-ranking/	benesse
2024	M	42	悠	ゆう			41位	https://st.benesse.ne.jp/ninshin/name/2024/boy/name-ranking/	benesse
2024	M	43	奏汰	かなた			48位	https://st.benesse.ne.jp/ninshin/name/2024/boy/name-ranking/	benesse
2024	M	44	陽斗	はると			35位	https://st.benesse.ne.jp/ninshin/name/2024/boy/name-ranking/	benesse
2024	M	45	悠人	ゆうと			36位	https://st.benesse.ne.jp/ninshin/name/2024/boy/name-ranking/	benesse
2024	M	46	颯汰	そうた			71位	https://st.benesse.ne.jp/ninshin/name/2024/boy/name-ranking/	benesse
2024	M	47	蒼生	あおい			48位	https://st.benesse.ne.jp/ninshin/name/2024/boy/name-ranking/	benesse
2024	M	48	岳	がく			56位	https://st.benesse.ne.jp/ninshin/name/2024/boy/name-ranking/	benesse
2024	M	48	海翔	かいと			51位	https://st.benesse.ne.jp/ninshin/name/2024/boy/name-ranking/	benesse
2024	M	50	櫂	かい			62位	https://st.benesse.ne.jp/ninshin/name/2024/boy/name-ranking/	benesse
2024	M	50	理玖	りく			59位	https://st.benesse.ne.jp/ninshin/name/2024/boy/name-ranking/	benesse
2024	M	52	陸	りく			39位	https://st.benesse.ne.jp/ninshin/name/2024/boy/name-ranking/	benesse
2024	M	53	仁	じん			74位	https://st.benesse.ne.jp/ninshin/name/2024/boy/name-ranking/	benesse
2024	M	53	碧人	あおと			29位	https://st.benesse.ne.jp/ninshin/name/2024/boy/name-ranking/	benesse
2024	M	53	大晴	たいせい			42位	https://st.benesse.ne.jp/ninshin/name/2024/boy/name-ranking/	benesse
2024	M	56	理仁	りひと			86位	https://st.benesse.ne.jp/ninshin/name/2024/boy/name-ranking/	benesse
2024	M	57	悠陽	ゆうひ			55位	https://st.benesse.ne.jp/ninshin/name/2024/boy/name-ranking/	benesse
2024	M	58	怜	れい			62位	https://st.benesse.ne.jp/ninshin/name/2024/boy/name-ranking/	benesse
2024	M	59	奏翔	かなと			68位	https://st.benesse.ne.jp/ninshin/name/2024/boy/name-ranking/	benesse
2024	M	60	奏太	かなた			50位	https://st.benesse.ne.jp/ninshin/name/2024/boy/name-ranking/	benesse
2024	M	61	湊音	みなと			56位	https://st.benesse.ne.jp/ninshin/name/2024/boy/name-ranking/	benesse
2024	M	61	柊	しゅう			58位	https://st.benesse.ne.jp/ninshin/name/2024/boy/name-ranking/	benesse
2024	M	63	琉翔	るいと			77位	https://st.benesse.ne.jp/ninshin/name/2024/boy/name-ranking/	benesse
2024	M	63	晴翔	はると			46位	https://st.benesse.ne.jp/ninshin/name/2024/boy/name-ranking/	benesse
2024	M	65	千隼	ちはや			89位	https://st.benesse.ne.jp/ninshin/name/2024/boy/name-ranking/	benesse
2024	M	66	結斗	ゆいと			33位	https://st.benesse.ne.jp/ninshin/name/2024/boy/name-ranking/	benesse
2024	M	67	晴琉	はる			136位	https://st.benesse.ne.jp/ninshin/name/2024/boy/name-ranking/	benesse
2024	M	68	太陽	たいよう			96位	https://st.benesse.ne.jp/ninshin/name/2024/boy/name-ranking/	benesse
2024	M	69	悠翔	はると			45位	https://st.benesse.ne.jp/ninshin/name/2024/boy/name-ranking/	benesse
2024	M	69	悠斗	ゆうと			54位	https://st.benesse.ne.jp/ninshin/name/2024/boy/name-ranking/	benesse
2024	M	69	空	そら			62位	https://st.benesse.ne.jp/ninshin/name/2024/boy/name-ranking/	benesse
2024	M	72	海斗	かいと			83位	https://st.benesse.ne.jp/ninshin/name/2024/boy/name-ranking/	benesse
2024	M	73	湊大	そうた			60位	https://st.benesse.ne.jp/ninshin/name/2024/boy/name-ranking/	benesse
2024	M	73	奏多	かなた			61位	https://st.benesse.ne.jp/ninshin/name/2024/boy/name-ranking/	benesse
2024	M	75	陽奏	ひなた			78位	https://st.benesse.ne.jp/ninshin/name/2024/boy/name-ranking/	benesse
2024	M	75	悠生	ゆうせい			53位	https://st.benesse.ne.jp/ninshin/name/2024/boy/name-ranking/	benesse
2024	M	77	翔	しょう			71位	https://st.benesse.ne.jp/ninshin/name/2024/boy/name-ranking/	benesse
2024	M	78	颯斗	はやと			86位	https://st.benesse.ne.jp/ninshin/name/2024/boy/name-ranking/	benesse
2024	M	78	楓	かえで			52位	https://st.benesse.ne.jp/ninshin/name/2024/boy/name-ranking/	benesse
2024	M	80	悠月	ゆづき			119位	https://st.benesse.ne.jp/ninshin/name/2024/boy/name-ranking/	benesse
2024	M	80	叶翔	かなと			89位	https://st.benesse.ne.jp/ninshin/name/2024/boy/name-ranking/	benesse
2024	M	82	遥斗	はると			70位	https://st.benesse.ne.jp/ninshin/name/2024/boy/name-ranking/	benesse
2024	M	82	蒼翔	あおと			44位	https://st.benesse.ne.jp/ninshin/name/2024/boy/name-ranking/	benesse
2024	M	84	凌空	りく			128位	https://st.benesse.ne.jp/ninshin/name/2024/boy/name-ranking/	benesse
2024	M	84	絢斗	あやと			73位	https://st.benesse.ne.jp/ninshin/name/2024/boy/name-ranking/	benesse
2024	M	86	朔久	さく			103位	https://st.benesse.ne.jp/ninshin/name/2024/boy/name-ranking/	benesse
2024	M	86	奏	かなで			103位	https://st.benesse.ne.jp/ninshin/name/2024/boy/name-ranking/	benesse
2024	M	88	陽琉	はる			130位	https://st.benesse.ne.jp/ninshin/name/2024/boy/name-ranking/	benesse
2024	M	88	颯人	はやと			82位	https://st.benesse.ne.jp/ninshin/name/2024/boy/name-ranking/	benesse
2024	M	90	伊吹	いぶき			76位	https://st.benesse.ne.jp/ninshin/name/2024/boy/name-ranking/	benesse
2024	M	91	陸斗	りくと			68位	https://st.benesse.ne.jp/ninshin/name/2024/boy/name-ranking/	benesse
2024	M	91	理人	りひと			92位	https://st.benesse.ne.jp/ninshin/name/2024/boy/name-ranking/	benesse
2024	M	91	奏斗	かなと			103位	https://st.benesse.ne.jp/ninshin/name/2024/boy/name-ranking/	benesse
2024	M	94	昴	すばる			92位	https://st.benesse.ne.jp/ninshin/name/2024/boy/name-ranking/	benesse
2024	M	95	薫	かおる			108位	https://st.benesse.ne.jp/ninshin/name/2024/boy/name-ranking/	benesse
2024	M	96	航	わたる			133位	https://st.benesse.ne.jp/ninshin/name/2024/boy/name-ranking/	benesse
2024	M	96	蒼人	あおと			89位	https://st.benesse.ne.jp/ninshin/name/2024/boy/name-ranking/	benesse
2024	M	98	旭陽	あさひ			112位	https://st.benesse.ne.jp/ninshin/name/2024/boy/name-ranking/	benesse
2024	M	98	然	ぜん			103位	https://st.benesse.ne.jp/ninshin/name/2024/boy/name-ranking/	benesse
2024	M	100	朔空	さく			114位	https://st.benesse.ne.jp/ninshin/name/2024/boy/name-ranking/	benesse
2024	F	1	凛	りん			2位	https://st.benesse.ne.jp/ninshin/name/2024/girl/name-ranking/	benesse
2024	F	2	陽葵	ひまり			1位	https://st.benesse.ne.jp/ninshin/name/2024/girl/name-ranking/	benesse
2024	F	3	翠	すい			3位	https://st.benesse.ne.jp/ninshin/name/2024/girl/name-ranking/	benesse
2024	F	4	芽依	めい			7位	https://st.benesse.ne.jp/ninshin/name/2024/girl/name-ranking/	benesse
2024	F	5	紬	つむぎ			4位	https://st.benesse.ne.jp/ninshin/name/2024/girl/name-ranking/	benesse
2024	F	6	葵	あおい			8位	https://st.benesse.ne.jp/ninshin/name/2024/girl/name-ranking/	benesse
2024	F	7	杏	あん			14位	https://st.benesse.ne.jp/ninshin/name/2024/girl/name-ranking/	benesse
2024	F	8	結菜	ゆいな			5位	https://st.benesse.ne.jp/ninshin/name/2024/girl/name-ranking/	benesse
2024	F	9	澪	みお			12位	https://st.benesse.ne.jp/ninshin/name/2024/girl/name-ranking/	benesse
2024	F	9	琴葉	ことは			13位	https://st.benesse.ne.jp/ninshin/name/2024/girl/name-ranking/	benesse
2024	F	11	結月	ゆづき			15位	https://st.benesse.ne.jp/ninshin/name/2024/girl/name-ranking/	benesse
2024	F	12	陽菜	ひな			6位	https://st.benesse.ne.jp/ninshin/name/2024/girl/name-ranking/	benesse
2024	F	13	結愛	ゆあ			9位	https://st.benesse.ne.jp/ninshin/name/2024/girl/name-ranking/	benesse
2024	F	14	莉子	りこ			10位	https://st.benesse.ne.jp/ninshin/name/2024/girl/name-ranking/	benesse
2024	F	15	彩葉	いろは			16位	https://st.benesse.ne.jp/ninshin/name/2024/girl/name-ranking/	benesse
2024	F	16	凪	なぎ			21位	https://st.benesse.ne.jp/ninshin/name/2024/girl/name-ranking/	benesse
2024	F	17	咲茉	えま			10位	https://st.benesse.ne.jp/ninshin/name/2024/girl/name-ranking/	benesse
2024	F	18	紗菜	さな			24位	https://st.benesse.ne.jp/ninshin/name/2024/girl/name-ranking/	benesse
2024	F	19	凪咲	なぎさ			28位	https://st.benesse.ne.jp/ninshin/name/2024/girl/name-ranking/	benesse
2024	F	20	紬希	つむぎ			18位	https://st.benesse.ne.jp/ninshin/name/2024/girl/name-ranking/	benesse
2024	F	21	美桜	みお			23位	https://st.benesse.ne.jp/ninshin/name/2024/girl/name-ranking/	benesse
2024	F	22	咲良	さくら			17位	https://st.benesse.ne.jp/ninshin/name/2024/girl/name-ranking/	benesse
2024	F	22	心陽	こはる			19位	https://st.benesse.ne.jp/ninshin/name/2024/girl/name-ranking/	benesse
2024	F	24	芽生	めい			32位	https://st.benesse.ne.jp/ninshin/name/2024/girl/name-ranking/	benesse
2024	F	24	心春	こはる			26位	https://st.benesse.ne.jp/ninshin/name/2024/girl/name-ranking/	benesse
2024	F	26	紗奈	さな			36位	https://st.benesse.ne.jp/ninshin/name/2024/girl/name-ranking/	benesse
2024	F	27	茉白	ましろ			40位	https://st.benesse.ne.jp/ninshin/name/2024/girl/name-ranking/	benesse
2024	F	28	乃愛	のあ			43位	https://st.benesse.ne.jp/ninshin/name/2024/girl/name-ranking/	benesse
2024	F	29	詩	うた			20位	https://st.benesse.ne.jp/ninshin/name/2024/girl/name-ranking/	benesse
2024	F	29	紬葵	つむぎ			25位	https://st.benesse.ne.jp/ninshin/name/2024/girl/name-ranking/	benesse
2024	F	31	柚葉	ゆずは			30位	https://st.benesse.ne.jp/ninshin/name/2024/girl/name-ranking/	benesse
2024	F	32	結衣	ゆい			22位	https://st.benesse.ne.jp/ninshin/name/2024/girl/name-ranking/	benesse
2024	F	32	愛茉	えま			47位	https://st.benesse.ne.jp/ninshin/name/2024/girl/name-ranking/	benesse
2024	F	34	絃葉	いとは			48位	https://st.benesse.ne.jp/ninshin/name/2024/girl/name-ranking/	benesse
2024	F	35	蘭	らん			43位	https://st.benesse.ne.jp/ninshin/name/2024/girl/name-ranking/	benesse
2024	F	36	心晴	こはる			41位	https://st.benesse.ne.jp/ninshin/name/2024/girl/name-ranking/	benesse
2024	F	37	凪紗	なぎさ			52位	https://st.benesse.ne.jp/ninshin/name/2024/girl/name-ranking/	benesse
2024	F	38	咲那	さな			59位	https://st.benesse.ne.jp/ninshin/name/2024/girl/name-ranking/	benesse
2024	F	39	陽菜乃	ひなの			35位	https://st.benesse.ne.jp/ninshin/name/2024/girl/name-ranking/	benesse
2024	F	40	美月	みつき			38位	https://st.benesse.ne.jp/ninshin/name/2024/girl/name-ranking/	benesse
2024	F	40	柚乃	ゆの			49位	https://st.benesse.ne.jp/ninshin/name/2024/girl/name-ranking/	benesse
2024	F	42	琴音	ことね			56位	https://st.benesse.ne.jp/ninshin/name/2024/girl/name-ranking/	benesse
2024	F	43	一華	いちか			37位	https://st.benesse.ne.jp/ninshin/name/2024/girl/name-ranking/	benesse
2024	F	43	さくら	さくら			43位	https://st.benesse.ne.jp/ninshin/name/2024/girl/name-ranking/	benesse
2024	F	45	心結	みゆ			41位	https://st.benesse.ne.jp/ninshin/name/2024/girl/name-ranking/	benesse
2024	F	46	風花	ふうか			33位	https://st.benesse.ne.jp/ninshin/name/2024/girl/name-ranking/	benesse
2024	F	47	莉愛	りあ			49位	https://st.benesse.ne.jp/ninshin/name/2024/girl/name-ranking/	benesse
2024	F	48	楓	かえで			39位	https://st.benesse.ne.jp/ninshin/name/2024/girl/name-ranking/	benesse
2024	F	49	陽咲	ひなた			64位	https://st.benesse.ne.jp/ninshin/name/2024/girl/name-ranking/	benesse
2024	F	49	朱莉	あかり			46位	https://st.benesse.ne.jp/ninshin/name/2024/girl/name-ranking/	benesse
2024	F	51	凜	りん			26位	https://st.benesse.ne.jp/ninshin/name/2024/girl/name-ranking/	benesse
2024	F	52	花	はな			62位	https://st.benesse.ne.jp/ninshin/name/2024/girl/name-ranking/	benesse
2024	F	53	莉緒	りお			29位	https://st.benesse.ne.jp/ninshin/name/2024/girl/name-ranking/	benesse
2024	F	54	光莉	ひかり			49位	https://st.benesse.ne.jp/ninshin/name/2024/girl/name-ranking/	benesse
2024	F	54	杏奈	あんな			57位	https://st.benesse.ne.jp/ninshin/name/2024/girl/name-ranking/	benesse
2024	F	56	六花	りっか			83位	https://st.benesse.ne.jp/ninshin/name/2024/girl/name-ranking/	benesse
2024	F	57	花音	かのん			62位	https://st.benesse.ne.jp/ninshin/name/2024/girl/name-ranking/	benesse
2024	F	58	陽彩	ひいろ			70位	https://st.benesse.ne.jp/ninshin/name/2024/girl/name-ranking/	benesse
2024	F	59	依茉	えま			34位	https://st.benesse.ne.jp/ninshin/name/2024/girl/name-ranking/	benesse
2024	F	60	莉央	りお			30位	https://st.benesse.ne.jp/ninshin/name/2024/girl/name-ranking/	benesse
2024	F	61	結葵	ゆあ			84位	https://st.benesse.ne.jp/ninshin/name/2024/girl/name-ranking/	benesse
2024	F	62	百花	ももか			69位	https://st.benesse.ne.jp/ninshin/name/2024/girl/name-ranking/	benesse
2024	F	63	詩葉	うたは			107位	https://st.benesse.ne.jp/ninshin/name/2024/girl/name-ranking/	benesse
2024	F	64	依采	いと			93位	https://st.benesse.ne.jp/ninshin/name/2024/girl/name-ranking/	benesse
2024	F	64	咲凪	さな			93位	https://st.benesse.ne.jp/ninshin/name/2024/girl/name-ranking/	benesse
2024	F	64	結	ゆい			52位	https://st.benesse.ne.jp/ninshin/name/2024/girl/name-ranking/	benesse
2024	F	67	茉莉	まつり			76位	https://st.benesse.ne.jp/ninshin/name/2024/girl/name-ranking/	benesse
2024	F	67	雫	しずく			59位	https://st.benesse.ne.jp/ninshin/name/2024/girl/name-ranking/	benesse
2024	F	69	愛菜	まな			78位	https://st.benesse.ne.jp/ninshin/name/2024/girl/name-ranking/	benesse
2024	F	70	永茉	えま			97位	https://st.benesse.ne.jp/ninshin/name/2024/girl/name-ranking/	benesse
2024	F	71	藍	らん			155位	https://st.benesse.ne.jp/ninshin/name/2024/girl/name-ranking/	benesse
2024	F	71	咲奈	さな			93位	https://st.benesse.ne.jp/ninshin/name/2024/girl/name-ranking/	benesse
2024	F	73	菫	すみれ			57位	https://st.benesse.ne.jp/ninshin/name/2024/girl/name-ranking/	benesse
2024	F	74	一花	いちか			68位	https://st.benesse.ne.jp/ninshin/name/2024/girl/name-ranking/	benesse
2024	F	75	彩羽	いろは			89位	https://st.benesse.ne.jp/ninshin/name/2024/girl/name-ranking/	benesse
2024	F	75	碧	あお			77位	https://st.benesse.ne.jp/ninshin/name/2024/girl/name-ranking/	benesse
2024	F	75	柚希	ゆずき			64位	https://st.benesse.ne.jp/ninshin/name/2024/girl/name-ranking/	benesse
2024	F	78	結乃	ゆの			92位	https://st.benesse.ne.jp/ninshin/name/2024/girl/name-ranking/	benesse
2024	F	78	実桜	みお			102位	https://st.benesse.ne.jp/ninshin/name/2024/girl/name-ranking/	benesse
2024	F	78	美結	みゆ			54位	https://st.benesse.ne.jp/ninshin/name/2024/girl/name-ranking/	benesse
2024	F	81	鈴	すず			55位	https://st.benesse.ne.jp/ninshin/name/2024/girl/name-ranking/	benesse
2024	F	82	ひなた	ひなた			59位	https://st.benesse.ne.jp/ninshin/name/2024/girl/name-ranking/	benesse
2024	F	83	すず	すず			78位	https://st.benesse.ne.jp/ninshin/name/2024/girl/name-ranking/	benesse
2024	F	83	桜都	おと			161位	https://st.benesse.ne.jp/ninshin/name/2024/girl/name-ranking/	benesse
2024	F	83	明莉	あかり			67位	https://st.benesse.ne.jp/ninshin/name/2024/girl/name-ranking/	benesse
2024	F	83	紗良	さら			64位	https://st.benesse.ne.jp/ninshin/name/2024/girl/name-ranking/	benesse
2024	F	87	和花	わか			74位	https://st.benesse.ne.jp/ninshin/name/2024/girl/name-ranking/	benesse
2024	F	87	ひかり	ひかり			75位	https://st.benesse.ne.jp/ninshin/name/2024/girl/name-ranking/	benesse
2024	F	87	凪沙	なぎさ			100位	https://st.benesse.ne.jp/ninshin/name/2024/girl/name-ranking/	benesse
2024	F	90	涼葉	すずは			86位	https://st.benesse.ne.jp/ninshin/name/2024/girl/name-ranking/	benesse
2024	F	90	絃	いと			89位	https://st.benesse.ne.jp/ninshin/name/2024/girl/name-ranking/	benesse
2024	F	90	柚月	ゆづき			82位	https://st.benesse.ne.jp/ninshin/name/2024/girl/name-ranking/	benesse
2024	F	93	音羽	おとは			89位	https://st.benesse.ne.jp/ninshin/name/2024/girl/name-ranking/	benesse
2024	F	94	詩乃	しの			72位	https://st.benesse.ne.jp/ninshin/name/2024/girl/name-ranking/	benesse
2024	F	94	芽郁	めい			183位	https://st.benesse.ne.jp/ninshin/name/2024/girl/name-ranking/	benesse
2024	F	96	椿	つばき			127位	https://st.benesse.ne.jp/ninshin/name/2024/girl/name-ranking/	benesse
2024	F	97	華	はな			148位	https://st.benesse.ne.jp/ninshin/name/2024/girl/name-ranking/	benesse
2024	F	98	晴	はる			175位	https://st.benesse.ne.jp/ninshin/name/2024/girl/name-ranking/	benesse
2024	F	98	悠乃	ゆの			118位	https://st.benesse.ne.jp/ninshin/name/2024/girl/name-ranking/	benesse
2024	F	98	望愛	のあ			99位	https://st.benesse.ne.jp/ninshin/name/2024/girl/name-ranking/	benesse
2025	M	1	碧	あお			1位	https://st.benesse.ne.jp/ninshin/name/2025/boy/name-ranking/	benesse
2025	M	2	湊	みなと			5位	https://st.benesse.ne.jp/ninshin/name/2025/boy/name-ranking/	benesse
2025	M	3	陽翔	はると			4位	https://st.benesse.ne.jp/ninshin/name/2025/boy/name-ranking/	benesse
2025	M	4	朝陽	あさひ			6位	https://st.benesse.ne.jp/ninshin/name/2025/boy/name-ranking/	benesse
2025	M	5	蓮	れん			2位	https://st.benesse.ne.jp/ninshin/name/2025/boy/name-ranking/	benesse
2025	M	6	結翔	ゆいと			9位	https://st.benesse.ne.jp/ninshin/name/2025/boy/name-ranking/	benesse
2025	M	7	凪	なぎ			3位	https://st.benesse.ne.jp/ninshin/name/2025/boy/name-ranking/	benesse
2025	M	8	晴	はる			18位	https://st.benesse.ne.jp/ninshin/name/2025/boy/name-ranking/	benesse
2025	M	9	蒼空	そら			8位	https://st.benesse.ne.jp/ninshin/name/2025/boy/name-ranking/	benesse
2025	M	10	律	りつ			10位	https://st.benesse.ne.jp/ninshin/name/2025/boy/name-ranking/	benesse
2025	M	10	湊斗	みなと			12位	https://st.benesse.ne.jp/ninshin/name/2025/boy/name-ranking/	benesse
2025	M	12	颯真	そうま			14位	https://st.benesse.ne.jp/ninshin/name/2025/boy/name-ranking/	benesse
2025	M	13	朔	さく			21位	https://st.benesse.ne.jp/ninshin/name/2025/boy/name-ranking/	benesse
2025	M	14	暖	だん			7位	https://st.benesse.ne.jp/ninshin/name/2025/boy/name-ranking/	benesse
2025	M	15	琉生	るい			15位	https://st.benesse.ne.jp/ninshin/name/2025/boy/name-ranking/	benesse
2025	M	16	陽向	ひなた			11位	https://st.benesse.ne.jp/ninshin/name/2025/boy/name-ranking/	benesse
2025	M	17	樹	いつき			22位	https://st.benesse.ne.jp/ninshin/name/2025/boy/name-ranking/	benesse
2025	M	18	颯	そう			13位	https://st.benesse.ne.jp/ninshin/name/2025/boy/name-ranking/	benesse
2025	M	19	陽	はる			20位	https://st.benesse.ne.jp/ninshin/name/2025/boy/name-ranking/	benesse
2025	M	20	大和	やまと			23位	https://st.benesse.ne.jp/ninshin/name/2025/boy/name-ranking/	benesse
2025	M	21	伊織	いおり			19位	https://st.benesse.ne.jp/ninshin/name/2025/boy/name-ranking/	benesse
2025	M	22	悠真	ゆうま			17位	https://st.benesse.ne.jp/ninshin/name/2025/boy/name-ranking/	benesse
2025	M	23	蒼	あお			16位	https://st.benesse.ne.jp/ninshin/name/2025/boy/name-ranking/	benesse
2025	M	24	大翔	ひろと			25位	https://st.benesse.ne.jp/ninshin/name/2025/boy/name-ranking/	benesse
2025	M	25	湊翔	みなと			27位	https://st.benesse.ne.jp/ninshin/name/2025/boy/name-ranking/	benesse
2025	M	26	藍	らん			39位	https://st.benesse.ne.jp/ninshin/name/2025/boy/name-ranking/	benesse
2025	M	27	陽大	ひなた			24位	https://st.benesse.ne.jp/ninshin/name/2025/boy/name-ranking/	benesse
2025	M	28	千颯	ちはや			31位	https://st.benesse.ne.jp/ninshin/name/2025/boy/name-ranking/	benesse
2025	M	29	碧斗	あおと			28位	https://st.benesse.ne.jp/ninshin/name/2025/boy/name-ranking/	benesse
2025	M	30	陽斗	はると			44位	https://st.benesse.ne.jp/ninshin/name/2025/boy/name-ranking/	benesse
2025	M	30	蒼真	そうま			34位	https://st.benesse.ne.jp/ninshin/name/2025/boy/name-ranking/	benesse
2025	M	32	一颯	いぶき			33位	https://st.benesse.ne.jp/ninshin/name/2025/boy/name-ranking/	benesse
2025	M	33	旭	あさひ			26位	https://st.benesse.ne.jp/ninshin/name/2025/boy/name-ranking/	benesse
2025	M	34	翠	すい			36位	https://st.benesse.ne.jp/ninshin/name/2025/boy/name-ranking/	benesse
2025	M	35	律希	りつき			32位	https://st.benesse.ne.jp/ninshin/name/2025/boy/name-ranking/	benesse
2025	M	36	大晴	たいせい			53位	https://st.benesse.ne.jp/ninshin/name/2025/boy/name-ranking/	benesse
2025	M	37	陽太	ひなた			35位	https://st.benesse.ne.jp/ninshin/name/2025/boy/name-ranking/	benesse
2025	M	37	仁	じん			53位	https://st.benesse.ne.jp/ninshin/name/2025/boy/name-ranking/	benesse
2025	M	39	颯太	そうた			29位	https://st.benesse.ne.jp/ninshin/name/2025/boy/name-ranking/	benesse
2025	M	40	千隼	ちはや			65位	https://st.benesse.ne.jp/ninshin/name/2025/boy/name-ranking/	benesse
2025	M	40	奏汰	かなた			43位	https://st.benesse.ne.jp/ninshin/name/2025/boy/name-ranking/	benesse
2025	M	40	蒼大	そうた			30位	https://st.benesse.ne.jp/ninshin/name/2025/boy/name-ranking/	benesse
2025	M	43	櫂	かい			50位	https://st.benesse.ne.jp/ninshin/name/2025/boy/name-ranking/	benesse
2025	M	43	葵	あおい			38位	https://st.benesse.ne.jp/ninshin/name/2025/boy/name-ranking/	benesse
2025	M	45	悠陽	ゆうひ			57位	https://st.benesse.ne.jp/ninshin/name/2025/boy/name-ranking/	benesse
2025	M	46	理玖	りく			50位	https://st.benesse.ne.jp/ninshin/name/2025/boy/name-ranking/	benesse
2025	M	47	奏翔	かなと			59位	https://st.benesse.ne.jp/ninshin/name/2025/boy/name-ranking/	benesse
2025	M	48	新	あらた			36位	https://st.benesse.ne.jp/ninshin/name/2025/boy/name-ranking/	benesse
2025	M	49	想	そう			40位	https://st.benesse.ne.jp/ninshin/name/2025/boy/name-ranking/	benesse
2025	M	50	岳	がく			48位	https://st.benesse.ne.jp/ninshin/name/2025/boy/name-ranking/	benesse
2025	M	50	蒼生	あおい			47位	https://st.benesse.ne.jp/ninshin/name/2025/boy/name-ranking/	benesse
2025	M	52	善	ぜん			101位	https://st.benesse.ne.jp/ninshin/name/2025/boy/name-ranking/	benesse
2025	M	53	奏多	かなた			73位	https://st.benesse.ne.jp/ninshin/name/2025/boy/name-ranking/	benesse
2025	M	53	晴翔	はると			63位	https://st.benesse.ne.jp/ninshin/name/2025/boy/name-ranking/	benesse
2025	M	55	柊	しゅう			61位	https://st.benesse.ne.jp/ninshin/name/2025/boy/name-ranking/	benesse
2025	M	56	悠	ゆう			42位	https://st.benesse.ne.jp/ninshin/name/2025/boy/name-ranking/	benesse
2025	M	57	奏太	かなた			60位	https://st.benesse.ne.jp/ninshin/name/2025/boy/name-ranking/	benesse
2025	M	58	結斗	ゆいと			66位	https://st.benesse.ne.jp/ninshin/name/2025/boy/name-ranking/	benesse
2025	M	58	碧人	あおと			53位	https://st.benesse.ne.jp/ninshin/name/2025/boy/name-ranking/	benesse
2025	M	60	海翔	かいと			48位	https://st.benesse.ne.jp/ninshin/name/2025/boy/name-ranking/	benesse
2025	M	60	蒼翔	あおと			82位	https://st.benesse.ne.jp/ninshin/name/2025/boy/name-ranking/	benesse
2025	M	62	湊音	みなと			61位	https://st.benesse.ne.jp/ninshin/name/2025/boy/name-ranking/	benesse
2025	M	63	理仁	りひと			56位	https://st.benesse.ne.jp/ninshin/name/2025/boy/name-ranking/	benesse
2025	M	64	颯汰	そうた			46位	https://st.benesse.ne.jp/ninshin/name/2025/boy/name-ranking/	benesse
2025	M	65	楓真	ふうま			40位	https://st.benesse.ne.jp/ninshin/name/2025/boy/name-ranking/	benesse
2025	M	65	湊大	みなと			73位	https://st.benesse.ne.jp/ninshin/name/2025/boy/name-ranking/	benesse
2025	M	67	琉翔	るいと			63位	https://st.benesse.ne.jp/ninshin/name/2025/boy/name-ranking/	benesse
2025	M	68	絢斗	あやと			84位	https://st.benesse.ne.jp/ninshin/name/2025/boy/name-ranking/	benesse
2025	M	68	悠人	ゆうと			45位	https://st.benesse.ne.jp/ninshin/name/2025/boy/name-ranking/	benesse
2025	M	70	陽奏	ひなた			75位	https://st.benesse.ne.jp/ninshin/name/2025/boy/name-ranking/	benesse
2025	M	70	伊吹	いぶき			90位	https://st.benesse.ne.jp/ninshin/name/2025/boy/name-ranking/	benesse
2025	M	70	然	ぜん			98位	https://st.benesse.ne.jp/ninshin/name/2025/boy/name-ranking/	benesse
2025	M	73	晴琉	はる			67位	https://st.benesse.ne.jp/ninshin/name/2025/boy/name-ranking/	benesse
2025	M	74	陸	りく			52位	https://st.benesse.ne.jp/ninshin/name/2025/boy/name-ranking/	benesse
2025	M	75	遥斗	はると			82位	https://st.benesse.ne.jp/ninshin/name/2025/boy/name-ranking/	benesse
2025	M	75	叶翔	かなと			80位	https://st.benesse.ne.jp/ninshin/name/2025/boy/name-ranking/	benesse
2025	M	75	悠生	ゆうせい			75位	https://st.benesse.ne.jp/ninshin/name/2025/boy/name-ranking/	benesse
2025	M	78	悠斗	ゆうと			69位	https://st.benesse.ne.jp/ninshin/name/2025/boy/name-ranking/	benesse
2025	M	78	千紘	ちひろ			141位	https://st.benesse.ne.jp/ninshin/name/2025/boy/name-ranking/	benesse
2025	M	80	海斗	かいと			72位	https://st.benesse.ne.jp/ninshin/name/2025/boy/name-ranking/	benesse
2025	M	81	理人	りひと			91位	https://st.benesse.ne.jp/ninshin/name/2025/boy/name-ranking/	benesse
2025	M	82	怜央	れお			114位	https://st.benesse.ne.jp/ninshin/name/2025/boy/name-ranking/	benesse
2025	M	83	陽琉	はる			88位	https://st.benesse.ne.jp/ninshin/name/2025/boy/name-ranking/	benesse
2025	M	83	翔	しょう			77位	https://st.benesse.ne.jp/ninshin/name/2025/boy/name-ranking/	benesse
2025	M	83	壮真	そうま			104位	https://st.benesse.ne.jp/ninshin/name/2025/boy/name-ranking/	benesse
2025	M	86	颯人	はやと			88位	https://st.benesse.ne.jp/ninshin/name/2025/boy/name-ranking/	benesse
2025	M	86	慶	けい			141位	https://st.benesse.ne.jp/ninshin/name/2025/boy/name-ranking/	benesse
2025	M	88	凌久	りく			101位	https://st.benesse.ne.jp/ninshin/name/2025/boy/name-ranking/	benesse
2025	M	88	旭陽	あさひ			98位	https://st.benesse.ne.jp/ninshin/name/2025/boy/name-ranking/	benesse
2025	M	88	楓	かえで			78位	https://st.benesse.ne.jp/ninshin/name/2025/boy/name-ranking/	benesse
2025	M	91	怜	れい			58位	https://st.benesse.ne.jp/ninshin/name/2025/boy/name-ranking/	benesse
2025	M	92	耀	よう			184位	https://st.benesse.ne.jp/ninshin/name/2025/boy/name-ranking/	benesse
2025	M	92	陸斗	りくと			91位	https://st.benesse.ne.jp/ninshin/name/2025/boy/name-ranking/	benesse
2025	M	94	咲翔	さくと			119位	https://st.benesse.ne.jp/ninshin/name/2025/boy/name-ranking/	benesse
2025	M	94	結仁	ゆいと			112位	https://st.benesse.ne.jp/ninshin/name/2025/boy/name-ranking/	benesse
2025	M	94	悠翔	はると			69位	https://st.benesse.ne.jp/ninshin/name/2025/boy/name-ranking/	benesse
2025	M	94	太陽	たいよう			68位	https://st.benesse.ne.jp/ninshin/name/2025/boy/name-ranking/	benesse
2025	M	98	琉叶	るか			107位	https://st.benesse.ne.jp/ninshin/name/2025/boy/name-ranking/	benesse
2025	M	98	颯斗	はやと			78位	https://st.benesse.ne.jp/ninshin/name/2025/boy/name-ranking/	benesse
2025	M	98	慧	けい			114位	https://st.benesse.ne.jp/ninshin/name/2025/boy/name-ranking/	benesse
2025	F	1	翠	すい			3位	https://st.benesse.ne.jp/ninshin/name/2025/girl/name-ranking/	benesse
2025	F	2	陽葵	ひまり			2位	https://st.benesse.ne.jp/ninshin/name/2025/girl/name-ranking/	benesse
2025	F	3	凛	りん			1位	https://st.benesse.ne.jp/ninshin/name/2025/girl/name-ranking/	benesse
2025	F	4	芽依	めい			4位	https://st.benesse.ne.jp/ninshin/name/2025/girl/name-ranking/	benesse
2025	F	5	陽菜	ひな			12位	https://st.benesse.ne.jp/ninshin/name/2025/girl/name-ranking/	benesse
2025	F	6	葵	あおい			6位	https://st.benesse.ne.jp/ninshin/name/2025/girl/name-ranking/	benesse
2025	F	7	琴葉	ことは			9位	https://st.benesse.ne.jp/ninshin/name/2025/girl/name-ranking/	benesse
2025	F	8	紬	つむぎ			5位	https://st.benesse.ne.jp/ninshin/name/2025/girl/name-ranking/	benesse
2025	F	9	結月	ゆづき			11位	https://st.benesse.ne.jp/ninshin/name/2025/girl/name-ranking/	benesse
2025	F	10	澪	みお			9位	https://st.benesse.ne.jp/ninshin/name/2025/girl/name-ranking/	benesse
2025	F	10	結菜	ゆいな			8位	https://st.benesse.ne.jp/ninshin/name/2025/girl/name-ranking/	benesse
2025	F	12	茉白	ましろ			27位	https://st.benesse.ne.jp/ninshin/name/2025/girl/name-ranking/	benesse
2025	F	13	結愛	ゆあ			13位	https://st.benesse.ne.jp/ninshin/name/2025/girl/name-ranking/	benesse
2025	F	14	心陽	こはる			22位	https://st.benesse.ne.jp/ninshin/name/2025/girl/name-ranking/	benesse
2025	F	15	彩葉	いろは			15位	https://st.benesse.ne.jp/ninshin/name/2025/girl/name-ranking/	benesse
2025	F	16	紬希	つむぎ			20位	https://st.benesse.ne.jp/ninshin/name/2025/girl/name-ranking/	benesse
2025	F	17	咲茉	えま			17位	https://st.benesse.ne.jp/ninshin/name/2025/girl/name-ranking/	benesse
2025	F	18	美桜	みお			21位	https://st.benesse.ne.jp/ninshin/name/2025/girl/name-ranking/	benesse
2025	F	19	杏	あん			7位	https://st.benesse.ne.jp/ninshin/name/2025/girl/name-ranking/	benesse
2025	F	20	咲良	さくら			22位	https://st.benesse.ne.jp/ninshin/name/2025/girl/name-ranking/	benesse
2025	F	21	莉子	りこ			14位	https://st.benesse.ne.jp/ninshin/name/2025/girl/name-ranking/	benesse
2025	F	22	凪	なぎ			16位	https://st.benesse.ne.jp/ninshin/name/2025/girl/name-ranking/	benesse
2025	F	22	紬葵	つむぎ			29位	https://st.benesse.ne.jp/ninshin/name/2025/girl/name-ranking/	benesse
2025	F	24	紗菜	さな			18位	https://st.benesse.ne.jp/ninshin/name/2025/girl/name-ranking/	benesse
2025	F	25	結衣	ゆい			32位	https://st.benesse.ne.jp/ninshin/name/2025/girl/name-ranking/	benesse
2025	F	26	詩	うた			29位	https://st.benesse.ne.jp/ninshin/name/2025/girl/name-ranking/	benesse
2025	F	26	心春	こはる			24位	https://st.benesse.ne.jp/ninshin/name/2025/girl/name-ranking/	benesse
2025	F	28	絃葉	いとは			34位	https://st.benesse.ne.jp/ninshin/name/2025/girl/name-ranking/	benesse
2025	F	29	凪咲	なぎさ			19位	https://st.benesse.ne.jp/ninshin/name/2025/girl/name-ranking/	benesse
2025	F	30	蘭	らん			35位	https://st.benesse.ne.jp/ninshin/name/2025/girl/name-ranking/	benesse
2025	F	31	柚葉	ゆずは			31位	https://st.benesse.ne.jp/ninshin/name/2025/girl/name-ranking/	benesse
2025	F	32	芽生	めい			24位	https://st.benesse.ne.jp/ninshin/name/2025/girl/name-ranking/	benesse
2025	F	33	愛茉	えま			32位	https://st.benesse.ne.jp/ninshin/name/2025/girl/name-ranking/	benesse
2025	F	34	陽菜乃	ひなの			39位	https://st.benesse.ne.jp/ninshin/name/2025/girl/name-ranking/	benesse
2025	F	35	雫	しずく			67位	https://st.benesse.ne.jp/ninshin/name/2025/girl/name-ranking/	benesse
2025	F	36	紗奈	さな			26位	https://st.benesse.ne.jp/ninshin/name/2025/girl/name-ranking/	benesse
2025	F	37	桜都	おと			83位	https://st.benesse.ne.jp/ninshin/name/2025/girl/name-ranking/	benesse
2025	F	38	凪紗	なぎさ			37位	https://st.benesse.ne.jp/ninshin/name/2025/girl/name-ranking/	benesse
2025	F	39	結	ゆい			64位	https://st.benesse.ne.jp/ninshin/name/2025/girl/name-ranking/	benesse
2025	F	39	一華	いちか			43位	https://st.benesse.ne.jp/ninshin/name/2025/girl/name-ranking/	benesse
2025	F	41	風花	ふうか			46位	https://st.benesse.ne.jp/ninshin/name/2025/girl/name-ranking/	benesse
2025	F	42	美月	みつき			40位	https://st.benesse.ne.jp/ninshin/name/2025/girl/name-ranking/	benesse
2025	F	43	凜	りん			51位	https://st.benesse.ne.jp/ninshin/name/2025/girl/name-ranking/	benesse
2025	F	44	乃愛	のあ			28位	https://st.benesse.ne.jp/ninshin/name/2025/girl/name-ranking/	benesse
2025	F	45	桜	さくら			101位	https://st.benesse.ne.jp/ninshin/name/2025/girl/name-ranking/	benesse
2025	F	46	咲那	さな			38位	https://st.benesse.ne.jp/ninshin/name/2025/girl/name-ranking/	benesse
2025	F	46	心晴	こはる			36位	https://st.benesse.ne.jp/ninshin/name/2025/girl/name-ranking/	benesse
2025	F	48	柚乃	ゆの			40位	https://st.benesse.ne.jp/ninshin/name/2025/girl/name-ranking/	benesse
2025	F	48	心結	みゆ			45位	https://st.benesse.ne.jp/ninshin/name/2025/girl/name-ranking/	benesse
2025	F	50	莉緒	りお			53位	https://st.benesse.ne.jp/ninshin/name/2025/girl/name-ranking/	benesse
2025	F	50	さくら	さくら			43位	https://st.benesse.ne.jp/ninshin/name/2025/girl/name-ranking/	benesse
2025	F	52	朱莉	あかり			49位	https://st.benesse.ne.jp/ninshin/name/2025/girl/name-ranking/	benesse
2025	F	52	結葵	ゆあ			61位	https://st.benesse.ne.jp/ninshin/name/2025/girl/name-ranking/	benesse
2025	F	52	花音	かのん			57位	https://st.benesse.ne.jp/ninshin/name/2025/girl/name-ranking/	benesse
2025	F	52	陽彩	ひいろ			58位	https://st.benesse.ne.jp/ninshin/name/2025/girl/name-ranking/	benesse
2025	F	56	茉莉	まつり			67位	https://st.benesse.ne.jp/ninshin/name/2025/girl/name-ranking/	benesse
2025	F	56	心都	こと			156位	https://st.benesse.ne.jp/ninshin/name/2025/girl/name-ranking/	benesse
2025	F	58	琴音	ことね			42位	https://st.benesse.ne.jp/ninshin/name/2025/girl/name-ranking/	benesse
2025	F	59	依茉	えま			59位	https://st.benesse.ne.jp/ninshin/name/2025/girl/name-ranking/	benesse
2025	F	60	杏奈	あんな			54位	https://st.benesse.ne.jp/ninshin/name/2025/girl/name-ranking/	benesse
2025	F	60	光莉	ひかり			54位	https://st.benesse.ne.jp/ninshin/name/2025/girl/name-ranking/	benesse
2025	F	60	彩羽	いろは			75位	https://st.benesse.ne.jp/ninshin/name/2025/girl/name-ranking/	benesse
2025	F	60	花	はな			52位	https://st.benesse.ne.jp/ninshin/name/2025/girl/name-ranking/	benesse
2025	F	64	咲奈	さな			71位	https://st.benesse.ne.jp/ninshin/name/2025/girl/name-ranking/	benesse
2025	F	65	詩葉	うたは			63位	https://st.benesse.ne.jp/ninshin/name/2025/girl/name-ranking/	benesse
2025	F	66	莉愛	りあ			47位	https://st.benesse.ne.jp/ninshin/name/2025/girl/name-ranking/	benesse
2025	F	67	美琴	みこと			132位	https://st.benesse.ne.jp/ninshin/name/2025/girl/name-ranking/	benesse
2025	F	68	晴	はる			98位	https://st.benesse.ne.jp/ninshin/name/2025/girl/name-ranking/	benesse
2025	F	69	六花	りっか			56位	https://st.benesse.ne.jp/ninshin/name/2025/girl/name-ranking/	benesse
2025	F	69	実桜	みお			78位	https://st.benesse.ne.jp/ninshin/name/2025/girl/name-ranking/	benesse
2025	F	69	紗良	さら			83位	https://st.benesse.ne.jp/ninshin/name/2025/girl/name-ranking/	benesse
2025	F	72	咲凪	さな			64位	https://st.benesse.ne.jp/ninshin/name/2025/girl/name-ranking/	benesse
2025	F	72	一花	いちか			74位	https://st.benesse.ne.jp/ninshin/name/2025/girl/name-ranking/	benesse
2025	F	72	百花	ももか			62位	https://st.benesse.ne.jp/ninshin/name/2025/girl/name-ranking/	benesse
2025	F	75	涼葉	すずは			90位	https://st.benesse.ne.jp/ninshin/name/2025/girl/name-ranking/	benesse
2025	F	76	莉央	りお			60位	https://st.benesse.ne.jp/ninshin/name/2025/girl/name-ranking/	benesse
2025	F	76	天音	あまね			103位	https://st.benesse.ne.jp/ninshin/name/2025/girl/name-ranking/	benesse
2025	F	76	楓	かえで			48位	https://st.benesse.ne.jp/ninshin/name/2025/girl/name-ranking/	benesse
2025	F	79	柚希	ゆずき			75位	https://st.benesse.ne.jp/ninshin/name/2025/girl/name-ranking/	benesse
2025	F	80	永茉	えま			70位	https://st.benesse.ne.jp/ninshin/name/2025/girl/name-ranking/	benesse
2025	F	80	陽咲	ひなた			49位	https://st.benesse.ne.jp/ninshin/name/2025/girl/name-ranking/	benesse
2025	F	82	菫	すみれ			73位	https://st.benesse.ne.jp/ninshin/name/2025/girl/name-ranking/	benesse
2025	F	82	明莉	あかり			83位	https://st.benesse.ne.jp/ninshin/name/2025/girl/name-ranking/	benesse
2025	F	84	虹心	にこ			139位	https://st.benesse.ne.jp/ninshin/name/2025/girl/name-ranking/	benesse
2025	F	85	音羽	おとは			93位	https://st.benesse.ne.jp/ninshin/name/2025/girl/name-ranking/	benesse
2025	F	86	ひまり	ひまり			131位	https://st.benesse.ne.jp/ninshin/name/2025/girl/name-ranking/	benesse
2025	F	87	望愛	のあ			98位	https://st.benesse.ne.jp/ninshin/name/2025/girl/name-ranking/	benesse
2025	F	87	瑠花	るか			106位	https://st.benesse.ne.jp/ninshin/name/2025/girl/name-ranking/	benesse
2025	F	89	ひなた	ひなた			82位	https://st.benesse.ne.jp/ninshin/name/2025/girl/name-ranking/	benesse
2025	F	90	依采	いと			64位	https://st.benesse.ne.jp/ninshin/name/2025/girl/name-ranking/	benesse
2025	F	90	藍	らん			71位	https://st.benesse.ne.jp/ninshin/name/2025/girl/name-ranking/	benesse
2025	F	92	結乃	ゆの			78位	https://st.benesse.ne.jp/ninshin/name/2025/girl/name-ranking/	benesse
2025	F	93	双葉	ふたば			141位	https://st.benesse.ne.jp/ninshin/name/2025/girl/name-ranking/	benesse
2025	F	93	碧	あおい			75位	https://st.benesse.ne.jp/ninshin/name/2025/girl/name-ranking/	benesse
2025	F	95	咲舞	えま			113位	https://st.benesse.ne.jp/ninshin/name/2025/girl/name-ranking/	benesse
2025	F	95	凪沙	なぎさ			87位	https://st.benesse.ne.jp/ninshin/name/2025/girl/name-ranking/	benesse
2025	F	95	美羽	みう			141位	https://st.benesse.ne.jp/ninshin/name/2025/girl/name-ranking/	benesse
2025	F	98	菜月	なつき			147位	https://st.benesse.ne.jp/ninshin/name/2025/girl/name-ranking/	benesse
2025	F	98	咲来	さら			189位	https://st.benesse.ne.jp/ninshin/name/2025/girl/name-ranking/	benesse
2025	F	98	千晴	ちはる			118位	https://st.benesse.ne.jp/ninshin/name/2025/girl/name-ranking/	benesse
2025	F	98	柚羽	ゆずは			129位	https://st.benesse.ne.jp/ninshin/name/2025/girl/name-ranking/	benesse
2025	F	98	日葵	ひまり			147位	https://st.benesse.ne.jp/ninshin/name/2025/girl/name-ranking/	benesse
